NOM;LIBELLE;TYPE;FORMAT;LGT;DECI;MINI;MAXI;DEFAUT;FILTRE;CONTROLE;REPORT;TRAIT;LGLIBELLE;TITRE01;TITRE02;TITRE03;TITRE04;DATCRE;UTILCRE;DATMOD;UTILMOD;MODIF;SITE;DUPLICAT;DESCRIPT;RGPD
"INITIALE";"Initiales de l'employé";"U";"X";4;0;" ";" ";" ";256;" ";" ";"*0";0;"Initiales";" ";" ";" ";12/07/2013;"*DIC";13/10/2025;"*DIC";"0";" ";"0";" ";"0"
"ANALYT";"Suivi en analytique";"A";"X";1;0;" ";" ";" ";256;" ";" ";"*0";0;"Suivi analytique";" ";" ";" ";14/02/2013;"*DIC";13/10/2025;"*DIC";"0";" ";"1";" ";"0"
"CLE_POP";"Population";"A";"X";40;0;" ";" ";" ";256;" ";" ";"*3";0;" ";" ";" ";" ";30/06/2010;"*AS";13/10/2025;"*DIC";"0";" ";"1";" ";"0"
"AREMPL";"A remplacer";"Z";"X";1;0;"0";"9";"5";256;" ";" ";"*0";0;"A remplacer";" ";" ";" ";25/06/1991;"*DIC";13/10/2025;"*DIC";"0";" ";"1";" ";"0"
"ATTRIB";"Code attribution";"A";"X";10;0;" ";" ";" ";256;" ";" ";"*0";0;"Code attribution";" ";" ";" ";25/06/1991;"*DIC";13/10/2025;"*DIC";"0";" ";"1";" ";"0"
"BASECONT";"Base du contrat";"T";"I";6;2;" ";" ";" ";256;" ";" ";"*0";0;"Base du contrat";" ";" ";" ";29/12/2006;"*DIC";13/10/2025;"*DIC";"0";" ";"1";" ";"0"
"BASEDROG";"Base dérogée contrat";"T";"I";6;2;" ";" ";" ";256;" ";" ";"*0";0;"Base dérogée contrat";" ";" ";" ";29/12/2006;"*DIC";13/10/2025;"*DIC";"0";" ";"1";" ";"0"
"BASEMAXI";"Base maxi contrat";"T";"I";6;2;" ";" ";" ";256;" ";" ";"*0";0;"Base maxi contrat";" ";" ";" ";29/12/2006;"*DIC";13/10/2025;"*DIC";"0";" ";"1";" ";"0"
"BASEMINI";"Base mini contrat";"T";"I";6;2;" ";" ";" ";256;" ";" ";"*0";0;"Base mini contrat";" ";" ";" ";29/12/2006;"*DIC";13/10/2025;"*DIC";"0";" ";"1";" ";"0"
"BESOIN";"Code besoin";"A";"X";10;0;" ";" ";" ";256;" ";" ";"*0";0;"Code besoin";" ";" ";" ";08/03/2013;"*DIC";13/10/2025;"*DIC";"0";" ";"1";" ";"0"
"CALEND";"Code calendrier";"A";"X";10;0;" ";" ";" ";256;" ";" ";"*0";0;" ";" ";" ";" ";29/09/2003;"*DIC";13/10/2025;"*DIC";"0";" ";"1";" ";"0"
"CALENDSUI";"Code calendrier sur J+1";"A";"X";10;0;" ";" ";" ";256;" ";" ";"*0";0;" ";" ";" ";" ";12/02/2009;"*DIC";13/10/2025;"*DIC";"0";" ";"1";" ";"0"
"LIBCOURT";"Libellé court";"U";"X";20;0;" ";" ";" ";256;" ";" ";"*0";0;" ";" ";" ";" ";01/01/1900;" ";13/10/2025;"*DIC";"0";" ";"1";" ";"0"
"CALPL";"Calendrier de planification";"A";"X";10;0;" ";" ";" ";256;" ";" ";"*0";0;"Calendrier de planific";" ";" ";" ";24/09/1996;"*DIC";13/10/2025;"*DIC";"0";" ";"1";" ";"0"
"CATALOGUE";"Appartenance au catalogue";"A";"X";1;0;" ";" ";" ";256;" ";" ";"*0";0;"Catalogue";" ";" ";" ";08/03/2013;"*DIC";13/10/2025;"*DIC";"0";" ";"1";" ";"0"
"CHMAXI";"Charge maxi du poste";"N";"L";9;0;" ";" ";" ";256;" ";" ";"*0";0;"Charge maxi";" ";" ";" ";29/12/2006;"*DIC";13/10/2025;"*DIC";"0";" ";"1";" ";"0"
"CHMINI";"Charge mini du poste";"N";"L";9;0;" ";" ";" ";256;" ";" ";"*0";0;"Charge mini";" ";" ";" ";29/12/2006;"*DIC";13/10/2025;"*DIC";"0";" ";"1";" ";"0"
"CLE_POPAFF";"Population d'affectation";"A";"X";40;0;" ";" ";" ";256;" ";" ";"*3";0;" ";" ";" ";" ";30/06/2010;"*AS";13/10/2025;"*DIC";"0";" ";"1";" ";"0"
"CNAUTEUR";"Auteur de la demande";"A";"X";10;0;" ";" ";" ";256;" ";" ";"*0";0;" ";" ";" ";" ";06/01/2014;"*DIC";13/10/2025;"*DIC";"0";" ";"1";" ";"0"
"CNDATDEB";"Date de début de la demande";"D";"X";10;0;" ";" ";" ";256;" ";" ";"*0";0;" ";" ";" ";" ";06/01/2014;"*DIC";13/10/2025;"*DIC";"0";" ";"1";" ";"0"
"CNDATFIN";"Date de fin de la demande";"D";"X";10;0;" ";" ";" ";256;" ";" ";"*0";0;" ";" ";" ";" ";06/01/2014;"*DIC";13/10/2025;"*DIC";"0";" ";"1";" ";"0"
"CNFONCT";"Code fonction de la demande";"A";"X";4;0;" ";" ";" ";256;" ";" ";"*0";0;" ";" ";" ";" ";06/01/2014;"*DIC";13/10/2025;"*DIC";"0";" ";"1";" ";"0"
"CNMESS";"Numero message contraintes";"N";"I";2;0;" ";" ";" ";256;" ";" ";"*3";0;" ";" ";" ";" ";24/11/2004;"*DIC";13/10/2025;"*DIC";"0";" ";"1";" ";"0"
"CNMOTIF";"Motif de la demande";"A";"X";10;0;" ";" ";" ";256;" ";" ";"*0";0;" ";" ";" ";" ";06/01/2014;"*DIC";13/10/2025;"*DIC";"0";" ";"1";" ";"0"
"CNNBERR";"Nombre d'err contraintes";"N";"I";2;0;" ";" ";" ";256;" ";" ";"*3";0;" ";" ";" ";" ";24/11/2004;"*DIC";13/10/2025;"*DIC";"0";" ";"1";" ";"0"
"CNORIG";"Code origine de la demande";"A";"X";4;0;" ";" ";" ";256;" ";" ";"*0";0;" ";" ";" ";" ";24/11/2004;"*DIC";13/10/2025;"*DIC";"0";" ";"1";" ";"0"
"CNRETOUR";"Code retour contraintes";"N";"I";2;0;" ";" ";" ";256;" ";" ";"*3";0;" ";" ";" ";" ";24/11/2004;"*DIC";13/10/2025;"*DIC";"0";" ";"1";" ";"0"
"CODECRIT";"Code critère";"A";"X";10;0;" ";" ";" ";256;" ";" ";"*0";0;"Qualif du poste";" ";" ";" ";29/12/2006;"*DIC";13/10/2025;"*DIC";"0";" ";"1";" ";"0"
"CODEFAM";"Code famille";"A";"X";10;0;" ";" ";" ";256;" ";" ";"*0";0;"Code de la famille";" ";" ";" ";03/06/2022;"*DIC";13/10/2025;"*DIC";"0";" ";"1";" ";"0"
"CODELIEU";"Lieu du poste";"A";"X";10;0;" ";" ";" ";256;" ";" ";"*0";0;"Lieu du poste";" ";" ";" ";29/12/2006;"*DIC";13/10/2025;"*DIC";"0";" ";"1";" ";"0"
"CODEQUAL";"Qualification du poste";"A";"X";10;0;" ";" ";" ";256;" ";" ";"*0";0;"Qualif du poste";" ";" ";" ";29/12/2006;"*DIC";13/10/2025;"*DIC";"0";" ";"1";" ";"0"
"CODEQUART";"Code quart";"A";"X";10;0;" ";" ";" ";256;" ";" ";"*0";0;"Code quart";" ";" ";" ";03/06/2022;"*DIC";13/10/2025;"*DIC";"0";" ";"1";" ";"0"
"CODETHOR";"Type horaire";"A";"X";10;0;" ";" ";" ";256;" ";" ";"*0";0;"Type horaire";" ";" ";" ";03/06/2022;"*DIC";13/10/2025;"*DIC";"0";" ";"1";" ";"0"
"CODTRAI";"Code traitement de la plage";"A";"X";2;0;" ";" ";" ";256;" ";" ";"*0";0;" ";" ";" ";" ";25/02/1992;"*DIC";13/10/2025;"*DIC";"0";" ";"1";" ";"0"
"COUPMAX";"Durée maximum de la coupure";"T";"I";6;2;" ";" ";" ";256;" ";" ";"*0";0;"Coupure maximum";" ";" ";" ";25/06/1991;"*DIC";13/10/2025;"*DIC";"0";" ";"1";" ";"0"
"COUPMIN";"Durée minimum de la coupure";"T";"I";6;2;" ";" ";" ";256;" ";" ";"*0";0;"Coupure minimum";" ";" ";" ";25/06/1991;"*DIC";13/10/2025;"*DIC";"0";" ";"1";" ";"0"
"CREUX";"Privilégier les creux";"A";"X";1;0;" ";" ";" ";256;" ";" ";"*0";0;"Privilégier les creux";" ";" ";" ";24/09/1996;"*DIC";13/10/2025;"*DIC";"0";" ";"1";" ";"0"
"CTRHOR";"Durée du cycle contractuel";"N";"L";4;0;" ";" ";" ";256;" ";" ";"*0";0;"Durée cy contractuel";" ";" ";" ";01/12/2000;"*DIC";13/10/2025;"*DIC";"0";" ";"1";" ";"0"
"CTRHORA";"Code horaire du contrat";"A";"X";10;0;" ";" ";" ";256;" ";" ";"*0";0;"Code horaire contrat";" ";" ";" ";01/12/2000;"*DIC";13/10/2025;"*DIC";"0";" ";"1";" ";"0"
"CTRHORH";"Durée hebdo cycle contractuel";"N";"I";2;0;" ";" ";" ";256;" ";" ";"*0";0;"Durée hebdo cy contrac";" ";" ";" ";01/12/2000;"*DIC";13/10/2025;"*DIC";"0";" ";"1";" ";"0"
"CTRLGCY";"Longueur du cycle contractuel";"N";"I";2;0;" ";" ";" ";256;" ";" ";"*0";0;"Lg cycle contractuel";" ";" ";" ";01/12/2000;"*DIC";13/10/2025;"*DIC";"0";" ";"1";" ";"0"
"CTRPRECY";"Théorique profil contractuel";"N";"I";2;0;" ";" ";" ";256;" ";" ";"*0";0;"Théo profil contractue";" ";" ";" ";01/12/2000;"*DIC";13/10/2025;"*DIC";"0";" ";"1";" ";"0"
"CTRPROCY";"Profil horaire contractuel";"A";"X";10;0;" ";" ";" ";256;" ";" ";"*0";0;"Profil contractuel";" ";" ";" ";01/12/2000;"*DIC";13/10/2025;"*DIC";"0";" ";"1";" ";"0"
"CTRRG";"Rang code horaire contrat";"N";"I";3;0;" ";" ";" ";256;" ";" ";"*0";0;"Rang horaire contrat";" ";" ";" ";01/12/2000;"*DIC";13/10/2025;"*DIC";"0";" ";"1";" ";"0"
"DATBUTEE";"Date limite de calcul";"D";"X";10;0;" ";" ";" ";256;" ";" ";"*0";0;"Date limite de calcul";" ";" ";" ";14/09/2011;"*DIC";13/10/2025;"*DIC";"0";" ";"1";" ";"0"
"DATCARENCE";"Date délai de carence";"D";"X";10;0;" ";" ";" ";256;" ";" ";"*9";0;"Date délai de carence";" ";" ";" ";14/09/2011;"*DIC";13/10/2025;"*DIC";"0";" ";"1";" ";"0"
"DATCTRPRE";"Date période d'emploi précédente";"D";"X";10;0;" ";" ";" ";256;" ";" ";"*0";0;" ";" ";" ";" ";03/02/2009;"*DIC";13/10/2025;"*DIC";"0";" ";"1";" ";"0"
"DATCTRSUI";"Date période d'emploi suivante";"D";"X";10;0;" ";" ";" ";256;" ";" ";"*0";0;" ";" ";" ";" ";03/02/2009;"*DIC";13/10/2025;"*DIC";"0";" ";"1";" ";"0"
"DATDANN";"Date début annualisation";"D";"X";10;0;" ";" ";" ";256;" ";" ";"*0";0;" ";" ";" ";" ";27/01/2003;"JYC";13/10/2025;"*DIC";"0";" ";"1";" ";"0"
"DATDEB";"Date de début";"D";"X";10;0;" ";" ";" ";256;" ";" ";"*0";0;"Début de contrat";" ";" ";" ";01/12/2000;"*DIC";13/10/2025;"*DIC";"0";" ";"1";" ";"0"
"DATDEBUT";"Date de début";"D";"X";10;0;" ";" ";" ";256;" ";" ";"*0";0;"Date de début";" ";" ";" ";29/12/2006;"*DIC";13/10/2025;"*DIC";"0";" ";"1";" ";"0"
"DATDEM";"Date de la demande";"D";"X";10;0;" ";" ";" ";256;" ";" ";"*0";0;"Date de la demande";" ";" ";" ";19/07/2007;"*DIC";13/10/2025;"*DIC";"0";" ";"1";" ";"0"
"DATE";"Date";"D";"X";10;0;" ";" ";" ";256;" ";" ";"*0";0;"Date";" ";" ";" ";25/06/1991;"*DIC";13/10/2025;"*DIC";"0";" ";"1";" ";"0"
"DATE_COUT";"Date d'effet";"D";"X";10;0;" ";" ";" ";256;" ";" ";"*0";0;" ";" ";" ";" ";03/01/2017;"*DIC";13/10/2025;"*DIC";"0";" ";"1";" ";"0"
"DATE_DEB";"Date de début de l'activité";"D";"X";10;0;" ";" ";" ";256;" ";" ";"*3";0;" ";" ";" ";" ";30/06/2010;"*AS";13/10/2025;"*DIC";"0";" ";"1";" ";"0"
"DATE_FIN";"Date de fin de l'activité";"D";"X";10;0;" ";" ";" ";256;" ";" ";"*3";0;" ";" ";" ";" ";30/06/2010;"*AS";13/10/2025;"*DIC";"0";" ";"1";" ";"0"
"DATE_INT1";"Date interface 1";"D";"X";10;0;" ";" ";" ";256;" ";" ";"*3";0;" ";" ";" ";" ";30/06/2010;"*AS";13/10/2025;"*DIC";"0";" ";"1";" ";"0"
"DATE_INT2";"Date interface 2";"D";"X";10;0;" ";" ";" ";256;" ";" ";"*3";0;" ";" ";" ";" ";30/06/2010;"*AS";13/10/2025;"*DIC";"0";" ";"1";" ";"0"
"E2CIVILITE";"Civilité";"A";"X";1;0;" ";" ";" ";256;" ";" ";"*0";0;"Civilité";" ";" ";" ";25/06/1991;"*DIC";13/10/2025;"*DIC";"0";" ";"1";" ";"0"
"DATCST";"Date de constatation";"D";"X";10;0;" ";" ";" ";256;" ";" ";"*0";0;" ";" ";" ";" ";20/07/2016;"*DIC";13/10/2025;"*DIC";"0";" ";"1";" ";"0"
"DATE_INT3";"Date interface 3";"D";"X";10;0;" ";" ";" ";256;" ";" ";"*3";0;" ";" ";" ";" ";30/06/2010;"*AS";13/10/2025;"*DIC";"0";" ";"1";" ";"0"
"DATE_INT4";"Date interface 4";"D";"X";10;0;" ";" ";" ";256;" ";" ";"*3";0;" ";" ";" ";" ";30/06/2010;"*AS";13/10/2025;"*DIC";"0";" ";"1";" ";"0"
"DATE_JOUR";"Date de référence";"D";"X";10;0;" ";" ";" ";256;" ";" ";"*0";0;" ";" ";" ";" ";30/06/2010;"*AS";13/10/2025;"*DIC";"0";" ";"1";" ";"0"
"DATE_VAL1";"Date de la validation niveau 1";"D";"X";10;0;" ";" ";" ";256;" ";" ";"*3";0;" ";" ";" ";" ";30/06/2010;"*AS";13/10/2025;"*DIC";"0";" ";"1";" ";"0"
"DATE_VAL2";"Date de la validation niveau 2";"D";"X";10;0;" ";" ";" ";256;" ";" ";"*3";0;" ";" ";" ";" ";30/06/2010;"*AS";13/10/2025;"*DIC";"0";" ";"1";" ";"0"
"DATE_VAL3";"Date de la validation niveau 3";"D";"X";10;0;" ";" ";" ";256;" ";" ";"*3";0;" ";" ";" ";" ";30/06/2010;"*AS";13/10/2025;"*DIC";"0";" ";"1";" ";"0"
"DATEFFET";"Date d'effet";"D";"X";10;0;" ";" ";" ";256;" ";" ";"*0";0;"Début d'effet";" ";" ";" ";01/01/1900;" ";13/10/2025;"*DIC";"0";" ";"1";" ";"0"
"DATFANN";"Date fin annualisation";"D";"X";10;0;" ";" ";" ";256;" ";" ";"*0";0;" ";" ";" ";" ";27/01/2003;"JYC";13/10/2025;"*DIC";"0";" ";"1";" ";"0"
"DATFIN";"Date de fin";"D";"X";10;0;" ";" ";" ";256;" ";" ";"*0";0;"Fin de contrat";" ";" ";" ";01/12/2000;"*DIC";13/10/2025;"*DIC";"0";" ";"1";" ";"0"
"DATJOU";"Date du jour";"D";"X";10;0;" ";" ";" ";256;" ";" ";"*0";0;" ";" ";" ";" ";27/01/2003;"JYC";13/10/2025;"*DIC";"0";" ";"1";" ";"0"
"DATMOD";"Date de dernière modification";"D";"X";10;0;" ";" ";" ";256;" ";" ";"*0";0;" ";" ";" ";" ";30/06/2010;"*AS";13/10/2025;"*DIC";"0";" ";"1";" ";"0"
"DATPESSAI";"Date de fin période d'essai";"D";"X";10;0;" ";" ";" ";256;" ";" ";"*0";0;"Fin période d'essai";" ";" ";" ";01/01/1900;" ";13/10/2025;"*DIC";"0";" ";"1";" ";"0"
"DATPRE";"Date précédente";"D";"X";10;0;" ";" ";" ";256;" ";" ";"*0";0;" ";" ";" ";" ";05/10/1992;"*DIC";13/10/2025;"*DIC";"0";" ";"1";" ";"0"
"DATREP";"Date de reprise du travail";"D";"X";10;0;" ";" ";" ";256;" ";" ";"*0";0;" ";" ";" ";" ";20/07/2016;"*DIC";13/10/2025;"*DIC";"0";" ";"1";" ";"0"
"DATSUI";"Date suivante";"D";"X";10;0;" ";" ";" ";256;" ";" ";"*0";0;" ";" ";" ";" ";05/10/1992;"*DIC";13/10/2025;"*DIC";"0";" ";"1";" ";"0"
"DATTRAI";"Date de traitement";"D";"X";10;0;" ";" ";" ";256;" ";" ";"*0";0;"Date traitement";" ";" ";" ";30/06/1994;"*DIC";13/10/2025;"*DIC";"0";" ";"1";" ";"0"
"DATTRV";"Date du dernier jour travaillé";"D";"X";10;0;" ";" ";" ";256;" ";" ";"*0";0;" ";" ";" ";" ";20/07/2016;"*DIC";13/10/2025;"*DIC";"0";" ";"1";" ";"0"
"DATVISA";"Dernière date visa";"D";"X";10;0;" ";" ";" ";256;" ";" ";"*3";0;" ";" ";" ";" ";30/06/2010;"*AS";13/10/2025;"*DIC";"0";" ";"1";" ";"0"
"DEBNUIT";"Heure de début de nuit";"T";"I";6;2;" ";" ";" ";256;" ";" ";"*0";0;"Début de nuit";" ";" ";" ";25/06/1991;"*DIC";13/10/2025;"*DIC";"0";" ";"1";" ";"0"
"DISPO";"Code dispo";"Z";"X";1;0;"0";"9";"5";256;" ";" ";"*0";0;"Code dispo";" ";" ";" ";25/06/1991;"*DIC";13/10/2025;"*DIC";"0";" ";"1";" ";"0"
"DURAFF";"Durée affectation";"T";"L";9;2;" ";" ";" ";256;" ";" ";"*0";0;"Durée affectation";" ";" ";" ";25/05/2012;"*DIC";13/10/2025;"*DIC";"0";" ";"1";" ";"0"
"DUREE";"Durée de présence";"T";"I";6;2;" ";" ";" ";256;" ";" ";"*0";0;"Duree de presence";" ";" ";" ";24/09/1996;"*DIC";13/10/2025;"*DIC";"0";" ";"1";" ";"0"
"DUREECOEF";"Durée ou coëf pénibilité";"N";"L";8;2;" ";" ";" ";256;" ";" ";"*0";0;" ";" ";" ";" ";18/02/2015;"*DIC";13/10/2025;"*DIC";"0";" ";"1";" ";"0"
"DUREEPENIB";"Durée de pénibilité";"T";"L";9;2;" ";" ";" ";256;" ";" ";"*0";0;"Durée de pénibilité";" ";" ";" ";18/02/2015;"*DIC";13/10/2025;"*DIC";"0";" ";"1";" ";"0"
"DXDEBPER";"Date de début de période";"D";"X";10;0;" ";" ";" ";256;" ";" ";"*0";0;"Date de début de pério";" ";" ";" ";29/12/2006;"*DIC";13/10/2025;"*DIC";"0";" ";"1";" ";"0"
"DXFINPER";"Date de fin de période";"D";"X";10;0;" ";" ";" ";256;" ";" ";"*0";0;"Date de fin de période";" ";" ";" ";29/12/2006;"*DIC";13/10/2025;"*DIC";"0";" ";"1";" ";"0"
"E1INTERIM";"Intérimaire";"A";"X";1;0;" ";" ";" ";256;" ";" ";"*0";0;"Intérimaire";" ";" ";" ";25/06/1991;"*DIC";13/10/2025;"*DIC";"0";" ";"1";" ";"0"
"E1RAISONCL";"Code raison";"A";"X";2;0;" ";" ";" ";256;"L";" ";"*0";20;"Code raison";" ";" ";" ";25/06/1991;"*DIC";13/10/2025;"*DIC";"0";" ";"1";" ";"0"
"E1SOCINTE";"Société d'intérim";"A";"X";4;0;" ";" ";" ";256;"L";" ";"*0";20;"Société d'intérim";" ";" ";" ";25/06/1991;"*DIC";13/10/2025;"*DIC";"0";" ";"1";" ";"0"
"E2ADRESSE1";"Adresse partie 1";"U";"X";40;0;" ";" ";" ";256;" ";" ";"*0";0;"Adresse partie 1";" ";" ";" ";25/06/1991;"*DIC";13/10/2025;"*DIC";"0";" ";"1";" ";"0"
"E2ADRESSE2";"Adresse partie 2";"U";"X";40;0;" ";" ";" ";256;" ";" ";"*0";0;"Adresse partie 2";" ";" ";" ";25/06/1991;"*DIC";13/10/2025;"*DIC";"0";" ";"1";" ";"0"
"E2CODPOST";"Code postal";"A";"X";10;0;" ";" ";" ";256;" ";" ";"*0";0;"Code postal";" ";" ";" ";17/04/2015;"*DIC";13/10/2025;"*DIC";"0";" ";"1";" ";"0"
"E2DATEANC";"Date d'ancienneté";"D";"X";10;0;" ";" ";" ";256;" ";" ";"*0";0;"Dat.anciennet";" ";" ";" ";27/02/1996;"CV";13/10/2025;"*DIC";"0";" ";"1";" ";"0"
"E2DATEREC";"Date de recrutement";"D";"X";10;0;" ";" ";" ";256;" ";" ";"*0";0;"Dat.anciennet";" ";" ";" ";27/02/1996;"CV";13/10/2025;"*DIC";"0";" ";"1";" ";"0"
"E2LIEUNAI";"Lieu de naissance";"U";"X";40;0;" ";" ";" ";256;" ";" ";"*0";0;"Lieu de naissance";" ";" ";" ";25/06/1991;"*DIC";13/10/2025;"*DIC";"0";" ";"1";" ";"0"
"E2NATION";"Nationalité";"A";"X";4;0;" ";" ";" ";256;"L";" ";"*0";20;"Nationalité";" ";" ";" ";25/06/1991;"*DIC";13/10/2025;"*DIC";"0";" ";"1";" ";"0"
"E2SITUMARI";"Situation maritale";"A";"X";2;0;" ";" ";" ";256;"L";" ";"*0";20;"Situation maritale";" ";" ";" ";25/06/1991;"*DIC";13/10/2025;"*DIC";"0";" ";"1";" ";"0"
"E2TELEPHO1";"Téléphone 1";"U";"X";40;0;" ";" ";" ";256;" ";" ";"*0";0;"Téléphone 1";" ";" ";" ";25/06/1991;"*DIC";13/10/2025;"*DIC";"0";" ";"1";" ";"0"
"E2TELEPHO2";"Téléphone 2";"U";"X";40;0;" ";" ";" ";256;" ";" ";"*0";0;"Téléphone 2";" ";" ";" ";25/06/1991;"*DIC";13/10/2025;"*DIC";"0";" ";"1";" ";"0"
"E2TELEPHO3";"Téléphone 3";"U";"X";40;0;" ";" ";" ";256;" ";" ";"*0";0;"Téléphone 3";" ";" ";" ";25/06/1991;"*DIC";13/10/2025;"*DIC";"0";" ";"1";" ";"0"
"ECRCRE";"Ecrétage du crédit";"T";"I";6;2;" ";" ";" ";256;" ";" ";"*0";0;"Ecrétage crédit";" ";" ";" ";25/06/1991;"*DIC";13/10/2025;"*DIC";"0";" ";"1";" ";"0"
"ECRJOU";"Ecrétage de la présence";"T";"I";6;2;" ";" ";" ";256;" ";" ";"*0";0;"Ecrétage jour";" ";" ";" ";25/06/1991;"*DIC";13/10/2025;"*DIC";"0";" ";"1";" ";"0"
"ENFACHARGE";"Enfant à charge";"Z";"X";1;0;"0";"1";"1";256;" ";" ";"*0";0;"Enfant à charge";" ";" ";" ";25/06/1991;"*DIC";13/10/2025;"*DIC";"0";" ";"1";" ";"0"
"ENFDATENAI";"Date de naissance enfant";"D";"X";10;0;" ";" ";" ";256;" ";" ";"*0";0;"Dat.anciennet";" ";" ";" ";27/02/1996;"CV";13/10/2025;"*DIC";"0";" ";"1";" ";"0"
"ENFHANDI";"Handicap enfant";"Z";"X";1;0;"0";"1";"0";256;" ";" ";"*0";0;"Handicap enfant";" ";" ";" ";25/06/1991;"*DIC";13/10/2025;"*DIC";"0";" ";"1";" ";"0"
"ENFNOM";"Nom de l'enfant";"U";"X";40;0;" ";" ";" ";256;" ";" ";"*0";0;"Nom de l'enfant";" ";" ";" ";25/06/1991;"*DIC";13/10/2025;"*DIC";"0";" ";"1";" ";"1"
"EVCODEEVT";"Code événement";"A";"X";20;0;" ";" ";" ";256;" ";" ";"*3";0;" ";" ";" ";" ";22/05/2007;"*DIC";13/10/2025;"*DIC";"0";" ";"1";" ";"0"
"EVDATDEB";"Date début";"D";"X";10;0;" ";" ";" ";256;" ";" ";"*0";0;" ";" ";" ";" ";22/05/2007;"*DIC";13/10/2025;"*DIC";"0";" ";"1";" ";"0"
"EVDATFIN";"Date fin";"D";"X";10;0;" ";" ";" ";256;" ";" ";"*0";0;" ";" ";" ";" ";22/05/2007;"*DIC";13/10/2025;"*DIC";"0";" ";"1";" ";"0"
"EVDATLIM";"Date limite d'inscription";"D";"X";10;0;" ";" ";" ";256;" ";" ";"*0";0;" ";" ";" ";" ";17/06/2014;"*DIC";13/10/2025;"*DIC";"0";" ";"1";" ";"0"
"EVDUREEH";"Durée en heure";"T";"L";9;2;"0";" ";"0";256;" ";" ";"*0";0;" ";" ";" ";" ";22/05/2007;"*DIC";13/10/2025;"*DIC";"0";" ";"1";" ";"0"
"EVDUREEJ";"Durée en jour";"N";"L";9;2;"0";" ";"0";256;" ";" ";"*0";0;" ";" ";" ";" ";22/05/2007;"*DIC";13/10/2025;"*DIC";"0";" ";"1";" ";"0"
"EVENEMENT";"Type d'événement";"A";"X";10;0;" ";" ";" ";256;" ";" ";"*3";0;" ";" ";" ";" ";30/06/2010;"*AS";13/10/2025;"*DIC";"0";" ";"1";" ";"0"
"EVLIBEVT";"Libellé événement";"U";"X";40;0;" ";" ";" ";256;" ";" ";"*0";0;" ";" ";" ";" ";22/05/2007;"*DIC";13/10/2025;"*DIC";"0";" ";"1";" ";"0"
"EVLIBOCCU";"Libellé occurrence";"U";"X";40;0;" ";" ";" ";256;" ";" ";"*0";0;" ";" ";" ";" ";22/05/2007;"*DIC";13/10/2025;"*DIC";"0";" ";"1";" ";"0"
"EVNBINSC";"Nombre d'inscrits";"N";"L";4;0;"0";" ";"0";256;" ";" ";"*0";0;" ";" ";" ";" ";22/05/2007;"*DIC";13/10/2025;"*DIC";"0";" ";"1";" ";"0"
"E2DATENAI";"Date de naissance";"D";"X";10;0;" ";" ";" ";256;" ";" ";"*0";0;"Dat.anciennet";" ";" ";" ";27/02/1996;"CV";13/10/2025;"*DIC";"0";" ";"1";" ";"0"
"ECART";"Ecart";"T";"L";6;2;" ";" ";" ";256;" ";" ";"*3";0;" ";" ";" ";" ";30/06/2010;"*AS";13/10/2025;"*DIC";"0";" ";"1";" ";"0"
"EVNBMAX";"Nombre de places";"N";"L";4;0;"0";" ";"0";256;" ";" ";"*0";0;" ";" ";" ";" ";22/05/2007;"*DIC";13/10/2025;"*DIC";"0";" ";"1";" ";"0"
"EVORDRE";"Ordre";"A";"X";4;0;" ";" ";" ";256;" ";" ";"*0";0;" ";" ";" ";" ";22/05/2007;"*DIC";13/10/2025;"*DIC";"0";" ";"1";" ";"0"
"EVTDEF";"Evénement par défaut";"A";"X";10;0;" ";" ";" ";256;" ";" ";"*3";0;" ";" ";" ";" ";30/06/2010;"*AS";13/10/2025;"*DIC";"0";" ";"1";" ";"0"
"EXPRBES";"Mode d'expression du besoin";"A";"X";1;0;" ";" ";" ";256;" ";" ";"*0";0;"Exp du besoin";" ";" ";" ";29/12/2006;"*DIC";13/10/2025;"*DIC";"0";" ";"1";" ";"0"
"FACTEUR";"Facteur de pénibilité";"A";"X";10;0;" ";" ";" ";256;" ";" ";"*0";0;"Facteur de pénibilité";" ";" ";" ";16/03/2015;"*DIC";13/10/2025;"*DIC";"0";" ";"1";" ";"0"
"FAMILLE";"Famille de motif";"A";"X";2;0;" ";" ";" ";256;" ";" ";"*0";0;"Famille de motif";" ";" ";" ";25/06/1991;"*DIC";13/10/2025;"*DIC";"0";" ";"1";" ";"0"
"FCTCORR";"Fonction de correction";"A";"X";4;0;" ";" ";" ";256;" ";" ";"*0";0;"Fonction de correction";" ";" ";" ";22/05/2018;"*DIC";13/10/2025;"*DIC";"0";" ";"1";" ";"0"
"FILTRE";"Filtre d'autorisation";"N";"I";5;0;" ";" ";" ";256;" ";" ";"*0";0;"Filtre";" ";" ";" ";14/10/1998;"*DIC";13/10/2025;"*DIC";"0";" ";"1";" ";"0"
"FINPOST";"Temps de fin de poste";"T";"L";9;2;" ";" ";" ";256;" ";" ";"*0";0;"Fin de poste";" ";" ";" ";29/12/2006;"*DIC";13/10/2025;"*DIC";"0";" ";"1";" ";"0"
"FIXE";"Affectation figée";"Z";"X";1;0;" ";" ";" ";256;" ";" ";"*0";0;"Affectation figée";" ";" ";" ";28/08/2009;"*DIC";13/10/2025;"*DIC";"0";" ";"1";" ";"0"
"FLGVIRTU";"Secteur virtuel";"N";"L";2;0;" ";" ";" ";256;" ";" ";"*0";0;"Secteur virtuel";" ";" ";" ";29/12/2006;"*DIC";13/10/2025;"*DIC";"0";" ";"1";" ";"0"
"FONCTION";"Fonction Self";"A";"X";4;0;" ";" ";" ";256;" ";" ";"*0";0;"Fonction WEB";" ";" ";" ";19/07/2007;"*DIC";13/10/2025;"*DIC";"0";" ";"1";" ";"0"
"FRONTAL";"Numéro de frontal";"A";"X";2;0;"01";"20";" ";256;" ";" ";"*0";0;"Numéro de frontal";" ";" ";" ";14/05/1992;"*DIC";13/10/2025;"*DIC";"0";" ";"1";" ";"0"
"GRAVITE";"Niveau de gravité des anomalies";"A";"X";1;0;" ";" ";" ";256;" ";" ";"*0";0;"Gravité";" ";" ";" ";30/06/1994;"*DIC";13/10/2025;"*DIC";"0";" ";"1";" ";"0"
"STATUT";"Etat de la journée";"Z";"X";1;0;" ";" ";" ";256;" ";" ";"*0";0;"Statut";" ";" ";" ";20/10/2017;"*DIC";13/10/2025;"*DIC";"0";" ";"1";" ";"0"
"GROUPH";"Groupe hiérarchique";"A";"X";10;0;" ";" ";" ";256;" ";" ";"*3";0;"Groupe";" ";" ";" ";20/06/2001;"HQS";13/10/2025;"*DIC";"0";" ";"1";" ";"0"
"HDEB";"Heure de début";"A";"X";4;0;" ";" ";" ";256;" ";" ";"*0";0;"Heure de début";" ";" ";" ";29/12/2006;"*DIC";13/10/2025;"*DIC";"0";" ";"1";" ";"0"
"HDEBUT";"Heure de début";"A";"X";4;0;" ";" ";" ";256;" ";" ";"*0";0;"Heure de début";" ";" ";" ";29/12/2006;"*DIC";13/10/2025;"*DIC";"0";" ";"1";" ";"0"
"HEURE";"Heure du pointage";"Z";"X";4;0;" ";" ";" ";256;" ";" ";"*0";0;"Heure du pointage";" ";" ";" ";24/09/1996;"*DIC";13/10/2025;"*DIC";"0";" ";"1";" ";"0"
"HEURE_DEB";"Heure de début de l'activité";"T";"I";6;2;" ";" ";" ";256;" ";" ";"*3";0;" ";" ";" ";" ";30/06/2010;"*AS";13/10/2025;"*DIC";"0";" ";"1";" ";"0"
"HEURE_FIN";"Heure de fin de l'activité";"T";"I";6;2;" ";" ";" ";256;" ";" ";"*3";0;" ";" ";" ";" ";30/06/2010;"*AS";13/10/2025;"*DIC";"0";" ";"1";" ";"0"
"HFIN";"Heure de fin";"A";"X";4;0;" ";" ";" ";256;" ";" ";"*0";0;"Heure de fin";" ";" ";" ";29/12/2006;"*DIC";13/10/2025;"*DIC";"0";" ";"1";" ";"0"
"HIABS";"Absence dans l'intervalle d'ANALYSE";"T";"I";6;2;" ";" ";"000000000000";256;" ";" ";"*0";0;" ";" ";" ";" ";21/10/1991;"*DIC";13/10/2025;"*DIC";"0";" ";"1";" ";"0"
"HIEVED";"Code événement du dernier pointage";"A";"X";2;0;" ";" ";" ";256;" ";" ";"*0";0;" ";" ";" ";" ";05/12/1994;"HQS";13/10/2025;"*DIC";"0";" ";"1";" ";"0"
"HIEVEP";"Code événement du premier pointage";"A";"X";2;0;" ";" ";" ";256;" ";" ";"*0";0;" ";" ";" ";" ";05/12/1994;"HQS";13/10/2025;"*DIC";"0";" ";"1";" ";"0"
"HIIMPD";"Imputation du dernier pointage";"A";"X";16;0;" ";" ";" ";256;" ";" ";"*0";0;" ";" ";" ";" ";05/12/1994;"HQS";13/10/2025;"*DIC";"0";" ";"1";" ";"0"
"HIIMPP";"Imputation du premier pointage";"A";"X";16;0;" ";" ";" ";256;" ";" ";"*0";0;" ";" ";" ";" ";05/12/1994;"HQS";13/10/2025;"*DIC";"0";" ";"1";" ";"0"
"HIJOUR";"Durée de la journée";"N";"I";6;0;" ";" ";" ";256;" ";" ";"*0";0;"Durée de la journée";" ";" ";" ";29/12/2006;"*DIC";13/10/2025;"*DIC";"0";" ";"1";" ";"0"
"HILECD";"Lecteur du dernier pointage";"A";"X";10;0;" ";" ";" ";256;" ";" ";"*0";0;" ";" ";" ";" ";05/12/1994;"HQS";13/10/2025;"*DIC";"0";" ";"1";" ";"0"
"HILECP";"Lecteur du premier pointage";"A";"X";10;0;" ";" ";" ";256;" ";" ";"*0";0;" ";" ";" ";" ";05/12/1994;"HQS";13/10/2025;"*DIC";"0";" ";"1";" ";"0"
"HIPOIN";"Nombre de pointages dans la plage";"N";"I";2;0;" ";" ";" ";256;" ";" ";"*0";0;" ";" ";" ";" ";25/02/1992;"*DIC";13/10/2025;"*DIC";"0";" ";"1";" ";"0"
"HORCODE";"Code horaire";"A";"X";10;0;" ";" ";" ";256;" ";" ";"*0";0;"Code horaire";" ";" ";" ";25/06/1991;"*DIC";13/10/2025;"*DIC";"0";" ";"1";" ";"0"
"HORCYCLE";"Durée totale du cycle en heures";"T";"L";7;2;" ";" ";" ";256;" ";" ";"*0";0;"Durée du cycle";" ";" ";" ";14/10/1998;"*DIC";13/10/2025;"*DIC";"0";" ";"1";" ";"0"
"HORHEB";"Durée hebdomadaire du cycle en heures";"T";"I";6;2;" ";" ";" ";256;" ";" ";"*0";0;"Durée hebdo cycle";" ";" ";" ";14/10/1998;"*DIC";13/10/2025;"*DIC";"0";" ";"1";" ";"0"
"HORSECT";"Code section";"A";"X";40;0;" ";" ";" ";280;" ";" ";"*0";0;"Section";" ";" ";" ";27/06/1991;"*DIC";13/10/2025;"*DIC";"0";" ";"1";" ";"0"
"HORTYPE";"Type de l'horaire";"A";"X";10;0;" ";" ";" ";256;" ";" ";"*0";0;"Type de l'horaire";" ";" ";" ";01/04/2010;"*DIC";13/10/2025;"*DIC";"0";" ";"1";" ";"0"
"HRADEB";"Début de plage d'activité";"T";"I";6;2;" ";" ";" ";256;" ";" ";"*0";0;" ";" ";" ";" ";29/09/2003;"*DIC";13/10/2025;"*DIC";"0";" ";"1";" ";"0"
"HRAFIN";"Fin de plage d'activité";"T";"I";6;2;" ";" ";" ";256;" ";" ";"*0";0;" ";" ";" ";" ";29/09/2003;"*DIC";13/10/2025;"*DIC";"0";" ";"1";" ";"0"
"HREDEB";"Heure de début de plage";"T";"I";6;2;" ";" ";" ";256;" ";" ";"*0";0;" ";" ";" ";" ";25/02/1992;"*DIC";13/10/2025;"*DIC";"0";" ";"1";" ";"0"
"HREFIN";"Heure de fin de plage";"T";"I";6;2;" ";" ";" ";256;" ";" ";"*0";0;" ";" ";" ";" ";25/02/1992;"*DIC";13/10/2025;"*DIC";"0";" ";"1";" ";"0"
"HRETRAI";"Heure de traitement";"T";"I";6;2;" ";" ";" ";256;" ";" ";"*0";0;"Heure de traitement";" ";" ";" ";24/09/1996;"*DIC";13/10/2025;"*DIC";"0";" ";"1";" ";"0"
"HRMIDI";"Heure de mi-journée";"T";"I";6;2;" ";" ";" ";256;" ";" ";"*0";0;"Mi-journée";" ";" ";" ";19/02/1992;"*DIC";13/10/2025;"*DIC";"0";" ";"1";" ";"0"
"HXDEBPER";"Heure de début de période";"T";"L";6;2;" ";" ";" ";256;" ";" ";"*0";0;"Heure de début de péri";" ";" ";" ";29/12/2006;"*DIC";13/10/2025;"*DIC";"0";" ";"1";" ";"0"
"HXFINPER";"Heure de fin de période";"T";"L";6;2;" ";" ";" ";256;" ";" ";"*0";0;"Heure de fin de périod";" ";" ";" ";29/12/2006;"*DIC";13/10/2025;"*DIC";"0";" ";"1";" ";"0"
"HXNUIT";"Présence pointée de nuit";"T";"I";6;2;" ";" ";"000000000000";256;" ";" ";"*0";0;" ";" ";" ";" ";18/10/1991;"*DIC";13/10/2025;"*DIC";"0";" ";"1";" ";"0"
"HXPOIN";"Présence pointée";"T";"I";6;2;" ";" ";"000000000000";256;" ";" ";"*0";0;" ";" ";" ";" ";18/10/1991;"*DIC";13/10/2025;"*DIC";"0";" ";"1";" ";"0"
"IDPOINT";"Position";"N";"L";9;0;"0";"999999999";" ";256;" ";" ";"*0";0;"Position";" ";" ";" ";25/01/2019;"*DIC";13/10/2025;"*DIC";"0";" ";"1";" ";"0"
"IMP";"Mode implicite (AT)";"A";"X";1;0;" ";" ";" ";256;" ";" ";"*3";0;" ";" ";" ";" ";30/06/2010;"*AS";13/10/2025;"*DIC";"0";" ";"1";" ";"0"
"IMPUT";"Code imputation";"A";"X";16;0;" ";" ";" ";256;" ";" ";"*0";0;"Code imputation";" ";" ";" ";24/09/1996;"*DIC";13/10/2025;"*DIC";"0";" ";"1";" ";"0"
"INTERIM";"Interimaire";"Z";"X";1;0;"0";"9";"5";256;" ";" ";"*0";0;"Interimaire";" ";" ";" ";25/06/1991;"*DIC";13/10/2025;"*DIC";"0";" ";"1";" ";"0"
"JOUR";"Numéro de jour dans la semaine";"A";"X";1;0;" ";" ";" ";256;" ";" ";"*0";0;"Jour de la semaine";" ";" ";" ";25/06/1991;"*DIC";13/10/2025;"*DIC";"0";" ";"1";" ";"0"
"JOURAPPLIC";"Jours d'application";"A";"X";7;0;" ";" ";" ";256;" ";" ";"*0";0;"Jour d'application";" ";" ";" ";07/04/2017;"*DIC";13/10/2025;"*DIC";"0";" ";"1";" ";"0"
"LANGUE";"Code langue";"A";"X";1;0;" ";" ";" ";256;" ";" ";"*0";0;"Code langue";" ";" ";" ";25/06/1991;"*DIC";13/10/2025;"*DIC";"0";" ";"1";" ";"0"
"LECTEUR";"Code lecteur";"A";"X";10;0;" ";" ";" ";256;" ";" ";"*0";0;"Code lecteur";" ";" ";" ";24/09/1996;"*DIC";13/10/2025;"*DIC";"0";" ";"1";" ";"0"
"HISENS";"Sens du premier pointage";"N";"I";2;0;" ";" ";" ";256;" ";" ";"*0";0;" ";" ";" ";" ";25/02/1992;"*DIC";13/10/2025;"*DIC";"0";" ";"1";" ";"0"
"LGCYCLE";"Longueur du cycle en jours";"N";"I";3;0;" ";" ";" ";256;" ";" ";"*0";0;"Longueur du cycle";" ";" ";" ";14/10/1998;"*DIC";13/10/2025;"*DIC";"0";" ";"1";" ";"0"
"MATRI";"Code matricule";"A";"X";10;0;" ";" ";" ";256;" ";" ";"*0";0;"Matricule";" ";" ";" ";25/06/1991;"*DIC";13/10/2025;"*DIC";"0";" ";"1";" ";"0"
"MATRICE";"Matrice de pénibilité";"A";"X";10;0;" ";" ";" ";256;" ";" ";"*0";0;"Matrice de pénibilité";" ";" ";" ";16/03/2015;"*DIC";13/10/2025;"*DIC";"0";" ";"1";" ";"0"
"MATRIREF";"Code matricule ref";"A";"X";10;0;" ";" ";" ";256;" ";" ";"*0";0;"Code matricule ref";" ";" ";" ";25/06/1991;"*DIC";13/10/2025;"*DIC";"0";" ";"1";" ";"0"
"MODE_TRV";"Mode de travail J/S/M";"A";"X";1;0;" ";" ";" ";256;" ";" ";"*3";0;" ";" ";" ";" ";30/06/2010;"*AS";13/10/2025;"*DIC";"0";" ";"1";" ";"0"
"MODLEC";"Mode de lecture";"A";"X";1;0;" ";" ";" ";256;" ";" ";"*0";0;"Mode de lecture";" ";" ";" ";24/09/1996;"*DIC";13/10/2025;"*DIC";"0";" ";"1";" ";"0"
"MODMIN";"Gestion horaires minutes";"A";"X";1;0;" ";" ";" ";256;" ";" ";"*0";0;"Gestion horaires minut";" ";" ";" ";24/09/1996;"*DIC";13/10/2025;"*DIC";"0";" ";"1";" ";"0"
"MOTIDUR";"Durée de l'activité";"T";"L";7;2;" ";" ";" ";256;" ";" ";"*3";0;"Durée de l'activité";" ";" ";" ";20/09/1991;"PAT";13/10/2025;"*DIC";"0";" ";"1";" ";"0"
"MOTIF";"Code motif";"A";"X";10;0;" ";" ";" ";256;" ";" ";"*3";0;"Code motif";" ";" ";" ";25/06/1991;"*DIC";13/10/2025;"*DIC";"0";" ";"1";" ";"0"
"MOTIFINI";"Code motif initial";"A";"X";10;0;" ";" ";" ";256;" ";" ";"*0";0;"Code motif initial";" ";" ";" ";23/01/2014;"*DIC";13/10/2025;"*DIC";"0";" ";"1";" ";"0"
"MOTIFJUS";"Motif de justification";"A";"X";2;0;" ";" ";" ";256;" ";" ";"*0";0;"Motif de justification";" ";" ";" ";01/01/1900;" ";13/10/2025;"*DIC";"0";" ";"1";" ";"0"
"MOTIFREP";"Motif de reprise";"A";"X";2;0;" ";" ";" ";256;" ";" ";"*0";0;"Motif de reprise";" ";" ";" ";20/07/2016;"*DIC";13/10/2025;"*DIC";"0";" ";"1";" ";"0"
"MOTYPE";"Type de motif";"A";"X";1;0;" ";" ";" ";256;" ";" ";"*0";0;"Type de motif";" ";" ";" ";25/06/1991;"*DIC";13/10/2025;"*DIC";"0";" ";"1";" ";"0"
"MOYCYCLE";"Moyenne du cycle";"T";"L";6;2;" ";" ";" ";256;" ";" ";"*0";0;"Moyenne du cycle";" ";" ";" ";04/03/2009;"*DIC";13/10/2025;"*DIC";"0";" ";"1";" ";"0"
"NIVEAUC";"Niveau de compétence (domaine TEMP)";"A";"X";1;0;" ";" ";" ";256;" ";" ";"*0";0;"Niveau de compétence";" ";" ";" ";07/11/2016;"*DIC";13/10/2025;"*DIC";"0";" ";"1";" ";"0"
"NBRPENIB";"Nombre d'exposition";"N";"L";9;2;" ";" ";" ";256;" ";" ";"*9";0;"Nombre d'exposition";" ";" ";" ";18/02/2015;"*DIC";13/10/2025;"*DIC";"0";" ";"1";" ";"0"
"NOMINT1";"Flag interface 1";"A";"X";10;0;" ";" ";" ";256;" ";" ";"*3";0;" ";" ";" ";" ";30/06/2010;"*AS";13/10/2025;"*DIC";"0";" ";"1";" ";"0"
"NOMINT2";"Flag interface 2";"A";"X";10;0;" ";" ";" ";256;" ";" ";"*3";0;" ";" ";" ";" ";30/06/2010;"*AS";13/10/2025;"*DIC";"0";" ";"1";" ";"0"
"NOMINT3";"Flag interface 3";"A";"X";10;0;" ";" ";" ";256;" ";" ";"*3";0;" ";" ";" ";" ";30/06/2010;"*AS";13/10/2025;"*DIC";"0";" ";"1";" ";"0"
"NOMINT4";"Flag interface 4";"A";"X";10;0;" ";" ";" ";256;" ";" ";"*3";0;" ";" ";" ";" ";30/06/2010;"*AS";13/10/2025;"*DIC";"0";" ";"1";" ";"0"
"NOVAC";"Numéro de vacation";"N";"I";2;0;" ";" ";" ";256;" ";" ";"*0";0;"No de vacation";" ";" ";" ";29/12/2006;"*DIC";13/10/2025;"*DIC";"0";" ";"1";" ";"0"
"NUMCONTRAT";"Numéro de contrat";"A";"X";20;0;" ";" ";" ";256;" ";" ";"*0";0;"Numéro de contrat";" ";" ";" ";01/01/1900;" ";13/10/2025;"*DIC";"0";" ";"1";" ";"0"
"NUMSEM";"Numéro de semaine";"Z";"X";2;0;" ";" ";" ";256;" ";" ";"*0";0;"Numéro de semaine";" ";" ";" ";25/06/1991;"*DIC";13/10/2025;"*DIC";"0";" ";"1";" ";"0"
"NXACT";"Nombre d'activités";"N";"I";2;0;" ";" ";"000000000000";256;" ";" ";"*3";0;" ";" ";" ";" ";18/10/1991;"*DIC";13/10/2025;"*DIC";"0";" ";"1";" ";"0"
"NXANNEE";"Nombre d'années";"N";"L";9;0;" ";" ";" ";256;" ";" ";"*0";0;"Nombre d'années";" ";" ";" ";29/12/2006;"*DIC";13/10/2025;"*DIC";"0";" ";"1";" ";"0"
"NXCRPL";"Nombre de créneaux";"N";"I";2;0;" ";" ";"000000000000";256;" ";" ";"*3";0;" ";" ";" ";" ";08/03/2013;"*DIC";13/10/2025;"*DIC";"0";" ";"1";" ";"0"
"NXSITU";"Nombre de situations";"N";"I";2;0;" ";" ";"000000000000";256;" ";" ";"*3";0;" ";" ";" ";" ";02/08/2019;"*DIC";13/10/2025;"*DIC";"0";" ";"1";" ";"0"
"NXENFT";"Nombre d'enfants";"N";"I";2;0;" ";" ";"000000000000";256;" ";" ";"*3";0;" ";" ";" ";" ";08/03/2013;"*DIC";13/10/2025;"*DIC";"0";" ";"1";" ";"0"
"NXEVEN";"Nombre d'événements";"N";"I";3;0;" ";" ";"000000000000";256;" ";" ";"*3";0;" ";" ";" ";" ";28/09/2009;"*DIC";13/10/2025;"*DIC";"0";" ";"1";" ";"0"
"NXHEURE";"Nombre d'heures";"T";"L";9;2;" ";" ";" ";256;" ";" ";"*0";0;"Nombre d'heures";" ";" ";" ";29/12/2006;"*DIC";13/10/2025;"*DIC";"0";" ";"1";" ";"0"
"NXPER";"Nombre de périodes d'emploi";"N";"I";2;0;" ";" ";"000000000000";256;" ";" ";"*3";0;" ";" ";" ";" ";02/08/2019;"*DIC";13/10/2025;"*DIC";"0";" ";"1";" ";"0"
"NXPLAG";"Plages attendues";"N";"I";2;0;" ";" ";"000000000000";256;" ";" ";"*2";0;" ";" ";" ";" ";24/11/2004;"*DIC";13/10/2025;"*DIC";"0";" ";"1";" ";"0"
"NXPOIN";"Nombre de pointages";"N";"I";2;0;" ";" ";"000000000000";256;" ";" ";"*0";0;" ";" ";" ";" ";18/10/1991;"*DIC";13/10/2025;"*DIC";"0";" ";"1";" ";"0"
"NXPOST";"Nombre de postes par jour";"N";"I";6;0;" ";" ";" ";256;" ";" ";"*0";0;"Nombre de postes";" ";" ";" ";29/12/2006;"*DIC";13/10/2025;"*DIC";"0";" ";"1";" ";"0"
"NXSEMAIN";"Nombre de semaines";"N";"L";9;0;" ";" ";" ";256;" ";" ";"*0";0;"Nombre de semaines";" ";" ";" ";29/12/2006;"*DIC";13/10/2025;"*DIC";"0";" ";"1";" ";"0"
"NXWACT";"Nombre de demandes";"N";"I";2;0;" ";" ";" ";256;" ";" ";"*0";0;"Créateur";" ";" ";" ";19/07/2007;"*DIC";13/10/2025;"*DIC";"0";" ";"1";" ";"0"
"OCCU";"Code occu";"A";"X";10;0;" ";" ";" ";256;" ";" ";"*0";0;"Code occu";" ";" ";" ";25/06/1991;"*DIC";13/10/2025;"*DIC";"0";" ";"1";" ";"0"
"ORDRE";"Ordre";"A";"X";4;0;" ";" ";" ";256;" ";" ";"*3";0;" ";" ";" ";" ";30/06/2010;"*AS";13/10/2025;"*DIC";"0";" ";"1";" ";"0"
"PAIRUB";"Rubrique de paie";"A";"X";4;0;" ";" ";" ";256;" ";" ";"*0";0;"Rubrique de paie";" ";" ";" ";25/06/1991;"*DIC";13/10/2025;"*DIC";"0";" ";"1";" ";"0"
"PENIBILITE";"Pénibilité du poste";"N";"L";9;0;" ";" ";" ";256;" ";" ";"*0";0;"Pénibilité du poste";" ";" ";" ";29/12/2006;"*DIC";13/10/2025;"*DIC";"0";" ";"1";" ";"0"
"PERALERTE";"Periode d'alerte";"A";"X";2;0;" ";" ";" ";256;" ";" ";"*0";0;"Periode d'alerte";" ";" ";" ";25/06/1991;"*DIC";13/10/2025;"*DIC";"0";" ";"1";" ";"0"
"PERVALID";"Periode de validité";"A";"X";2;0;" ";" ";" ";256;" ";" ";"*0";0;"Periode de validité";" ";" ";" ";25/06/1991;"*DIC";13/10/2025;"*DIC";"0";" ";"1";" ";"0"
"PLAGEDYN";"Plages dynamiques";"N";"I";6;0;" ";" ";" ";256;" ";" ";"*0";0;"Plages dynamiques";" ";" ";" ";09/11/2005;"*DIC";13/10/2025;"*DIC";"0";" ";"1";" ";"0"
"PLANIF";"Affectation possible";"A";"X";1;0;" ";" ";" ";256;" ";" ";"*0";0;"Affectation possible";" ";" ";" ";14/02/2013;"*DIC";13/10/2025;"*DIC";"0";" ";"1";" ";"0"
"PLANNUEL";"Régime d'annualisation";"A";"X";10;0;" ";" ";" ";256;" ";" ";"*0";0;"Régime d'annualisation";" ";" ";" ";01/12/2000;"*DIC";13/10/2025;"*DIC";"0";" ";"1";" ";"0"
"POSTE";"Code du poste";"A";"X";10;0;" ";" ";" ";256;" ";" ";"*0";0;"Code du poste";" ";" ";" ";08/03/2013;"*DIC";13/10/2025;"*DIC";"0";" ";"1";" ";"0"
"POURCENT";"Pourcentage du temps de présence";"N";"L";4;2;" ";" ";" ";256;" ";" ";"*3";0;" ";" ";" ";" ";30/06/2010;"*AS";13/10/2025;"*DIC";"0";" ";"1";" ";"0"
"PRECYCLE";"Durée de la journée/cycle";"T";"I";6;2;" ";" ";" ";256;" ";" ";"*0";0;"Durée jour/cycle";" ";" ";" ";14/10/1998;"*DIC";13/10/2025;"*DIC";"0";" ";"1";" ";"0"
"PREMAXI";"Présence maximum";"T";"I";6;2;" ";" ";" ";256;" ";" ";"*0";0;"Présence maximum";" ";" ";" ";25/06/1991;"*DIC";13/10/2025;"*DIC";"0";" ";"1";" ";"0"
"PREMINI";"Présence minimum";"T";"I";6;2;" ";" ";" ";256;" ";" ";"*0";0;"Présence minimum";" ";" ";" ";25/06/1991;"*DIC";13/10/2025;"*DIC";"0";" ";"1";" ";"0"
"PRETHEO";"Présence théorique";"T";"I";6;2;" ";" ";" ";256;" ";" ";"*0";0;"Présence théorique";" ";" ";" ";25/06/1991;"*DIC";13/10/2025;"*DIC";"0";" ";"1";" ";"0"
"PRIORITE";"Code priorité";"Z";"X";1;0;"0";"9";"5";256;" ";" ";"*0";0;"Priorité / Férié";" ";" ";" ";25/06/1991;"*DIC";13/10/2025;"*DIC";"0";" ";"1";" ";"0"
"PRIORITEP";"Priorité Poste";"N";"L";9;0;" ";" ";" ";256;" ";" ";"*0";0;"Charge maxi";" ";" ";" ";29/12/2006;"*DIC";13/10/2025;"*DIC";"0";" ";"1";" ";"0"
"PRISPOST";"Temps de prise de poste";"T";"L";9;2;" ";" ";" ";256;" ";" ";"*0";0;"Début de poste";" ";" ";" ";29/12/2006;"*DIC";13/10/2025;"*DIC";"0";" ";"1";" ";"0"
"PROCYCLE";"Profil du cycle";"A";"X";10;0;" ";" ";" ";256;" ";" ";"*0";0;"Profil du cycle";" ";" ";" ";14/10/1998;"*DIC";13/10/2025;"*DIC";"0";" ";"1";" ";"0"
"NXMOIS";"Nombre de mois";"N";"L";9;0;" ";" ";" ";256;" ";" ";"*0";0;"Nombre de mois";" ";" ";" ";29/12/2006;"*DIC";13/10/2025;"*DIC";"0";" ";"1";" ";"0"
"PROFIL";"Code profil horaire";"A";"X";10;0;" ";" ";" ";256;" ";" ";"*0";0;"Profil horaire";" ";" ";" ";25/06/1991;"*DIC";13/10/2025;"*DIC";"0";" ";"1";" ";"0"
"PTTHEO1";"Pointage théorique 1";"T";"I";6;2;" ";" ";" ";256;" ";" ";"*0";0;"Pt théorique 1";" ";" ";" ";25/06/1991;"*DIC";13/10/2025;"*DIC";"0";" ";"1";" ";"0"
"PTTHEO2";"Pointage théorique 2";"T";"I";6;2;" ";" ";" ";256;" ";" ";"*0";0;"Pt théorique 2";" ";" ";" ";25/06/1991;"*DIC";13/10/2025;"*DIC";"0";" ";"1";" ";"0"
"PTTHEO3";"Pointage théorique 3";"T";"I";6;2;" ";" ";" ";256;" ";" ";"*0";0;"Pt théorique 3";" ";" ";" ";25/06/1991;"*DIC";13/10/2025;"*DIC";"0";" ";"1";" ";"0"
"REDUIT";"Code réduit";"A";"X";1;0;" ";" ";" ";256;" ";" ";"*0";0;"Code réduit";" ";" ";" ";25/06/1991;"*DIC";13/10/2025;"*DIC";"0";" ";"1";" ";"0"
"REGLESIMU";"Règle de simulation";"A";"X";10;0;" ";" ";" ";256;" ";" ";"*0";0;" ";" ";" ";" ";03/01/2014;"*DIC";13/10/2025;"*DIC";"0";" ";"1";" ";"0"
"REMPLACANT";"Indicateur remplaçant";"A";"X";1;0;" ";" ";" ";256;" ";" ";"*0";0;"Indicateur remplaçant";" ";" ";" ";03/07/2013;"*DIC";13/10/2025;"*DIC";"0";" ";"1";" ";"0"
"REMPLACE";"Indicateur remplace";"A";"X";1;0;" ";" ";" ";256;" ";" ";"*0";0;"Indicateur remplace";" ";" ";" ";03/07/2013;"*DIC";13/10/2025;"*DIC";"0";" ";"1";" ";"0"
"RENDEMENT";"Rendement du poste";"N";"L";9;0;" ";" ";" ";256;" ";" ";"*0";0;"Rendement du poste";" ";" ";" ";29/12/2006;"*DIC";13/10/2025;"*DIC";"0";" ";"1";" ";"0"
"REPARTI";"Code répartition analytique";"A";"X";10;0;" ";" ";" ";256;" ";" ";"*0";0;"Code répartition";" ";" ";" ";14/05/1992;"*DIC";13/10/2025;"*DIC";"0";" ";"1";" ";"0"
"SAISIEHR";"Saisie des heures";"Z";"X";1;0;"0";"9";"5";256;" ";" ";"*0";0;"Saisie des heures";" ";" ";" ";25/06/1991;"*DIC";13/10/2025;"*DIC";"0";" ";"1";" ";"0"
"SECTAFF";"Section d'affectation";"A";"X";40;0;" ";" ";" ";256;" ";" ";"*0";0;" ";" ";" ";" ";24/11/2004;"*DIC";13/10/2025;"*DIC";"0";" ";"1";" ";"0"
"SECTION";"Section d'imputation";"A";"X";10;0;" ";" ";" ";256;" ";" ";"*0";0;"Section d'origine";" ";" ";" ";27/06/1991;"*DIC";13/10/2025;"*DIC";"0";" ";"1";" ";"0"
"SECTORI";"Section d'origine";"A";"X";40;0;" ";" ";" ";256;" ";" ";"*0";0;" ";" ";" ";" ";24/11/2004;"*DIC";13/10/2025;"*DIC";"0";" ";"1";" ";"0"
"SENS";"Sens du pointage";"A";"X";1;0;" ";" ";" ";256;" ";" ";"*0";0;"Sens du pointage";" ";" ";" ";24/09/1996;"*DIC";13/10/2025;"*DIC";"0";" ";"1";" ";"0"
"SIMUPENIB";"Simulation de pénibilité";"A";"X";1;0;" ";" ";" ";256;" ";" ";"*0";0;"Simulation de pénibili";" ";" ";" ";16/03/2015;"*DIC";13/10/2025;"*DIC";"0";" ";"1";" ";"0"
"SITE";"Site par défaut";"A";"X";5;0;" ";" ";" ";256;" ";" ";"*0";0;"Site par défaut";" ";" ";" ";06/04/2010;"*DIC";13/10/2025;"*DIC";"0";" ";"1";" ";"0"
"SORTAUT1";"Sortie automatique 1";"T";"I";6;2;" ";" ";" ";256;" ";" ";"*0";0;"Sortie autom. 1";" ";" ";" ";25/06/1991;"*DIC";13/10/2025;"*DIC";"0";" ";"1";" ";"0"
"SORTAUT2";"Sortie automatique 2";"T";"I";6;2;" ";" ";" ";256;" ";" ";"*0";0;"Sortie autom. 2";" ";" ";" ";25/06/1991;"*DIC";13/10/2025;"*DIC";"0";" ";"1";" ";"0"
"SOUSEFFR";"Pourcentage sous-effectif";"N";"I";2;0;" ";" ";" ";256;" ";" ";"*0";0;"% souseffectif";" ";" ";" ";01/10/2014;"*DIC";13/10/2025;"*DIC";"0";" ";"1";" ";"0"
"SUREFF";"Sureffectif";"A";"X";1;0;" ";" ";" ";256;" ";" ";"*0";0;"Sureffectif";" ";" ";" ";24/09/1996;"*DIC";13/10/2025;"*DIC";"0";" ";"1";" ";"0"
"VALORIS";"Code valorisation";"A";"X";1;0;" ";" ";" ";256;" ";" ";"*0";0;"Code valorisation";" ";" ";" ";20/09/1991;"PAT";13/10/2025;"*DIC";"0";" ";"1";" ";"0"
"SYNCHRO";"Profil synchronisé";"N";"I";6;0;" ";" ";" ";256;" ";" ";"*0";0;"Profil synchronisé";" ";" ";" ";29/11/2017;"*DIC";13/10/2025;"*DIC";"0";" ";"1";" ";"0"
"TAUX1";"Taux 1";"N";"L";9;2;" ";" ";"000000000000";256;" ";" ";"*0";0;"Taux 1";" ";" ";" ";03/01/2017;"*DIC";13/10/2025;"*DIC";"0";" ";"1";" ";"0"
"TAUX2";"Taux 2";"N";"L";9;2;" ";" ";"000000000000";256;" ";" ";"*0";0;"Taux 2";" ";" ";" ";03/01/2017;"*DIC";13/10/2025;"*DIC";"0";" ";"1";" ";"0"
"TAUX3";"Taux 3";"N";"L";9;2;" ";" ";"000000000000";256;" ";" ";"*0";0;"Taux 3";" ";" ";" ";03/01/2017;"*DIC";13/10/2025;"*DIC";"0";" ";"1";" ";"0"
"TOTCYCLE";"Durée du cycle";"T";"L";6;2;" ";" ";" ";256;" ";" ";"*0";0;"Durée du cycle";" ";" ";" ";04/03/2009;"*DIC";13/10/2025;"*DIC";"0";" ";"1";" ";"0"
"TPRISPOST";"Type de début de poste";"N";"I";4;0;" ";" ";"000000000000";496;" ";" ";"*0";0;"Type début de poste";" ";" ";" ";26/07/2007;"*DIC";13/10/2025;"*DIC";"0";" ";"1";" ";"0"
"TPS_IMPUTE";"Compteur de temps déclaré";"T";"L";6;2;" ";" ";" ";256;" ";" ";"*3";0;" ";" ";" ";" ";30/06/2010;"*AS";13/10/2025;"*DIC";"0";" ";"1";" ";"0"
"TPS_PRES";"Compteur de présence";"T";"L";6;2;" ";" ";" ";256;" ";" ";"*3";0;" ";" ";" ";" ";30/06/2010;"*AS";13/10/2025;"*DIC";"0";" ";"1";" ";"0"
"TYPEFOR";"Type de formulaire";"A";"X";2;0;" ";" ";" ";256;" ";" ";"*0";0;"Type de formulaire";" ";" ";" ";19/07/2007;"*DIC";13/10/2025;"*DIC";"0";" ";"1";" ";"0"
"TYPEPLAN";"Type de planification";"A";"X";1;0;" ";" ";"0";256;"L";" ";"*0";0;"Type de planification";" ";" ";" ";16/12/2009;"*DIC";13/10/2025;"*DIC";"0";" ";"1";" ";"0"
"TYPERESS";"Type de ressource";"A";"X";1;0;" ";" ";" ";256;" ";" ";"*0";0;"Type de ressource";" ";" ";" ";16/03/2015;"*DIC";13/10/2025;"*DIC";"0";" ";"1";" ";"0"
"TYPEVE";"Type d'événement";"Z";"X";2;0;" ";" ";" ";256;" ";" ";"*0";0;"Type evenement";" ";" ";" ";24/09/1996;"*DIC";13/10/2025;"*DIC";"0";" ";"1";" ";"0"
"TYPEXPO";"Type d'exposition";"A";"X";1;0;" ";" ";" ";256;" ";" ";"*0";0;" ";" ";" ";" ";18/02/2015;"*DIC";13/10/2025;"*DIC";"0";" ";"1";" ";"0"
"TYPE_FRAIS";"Indicateur de frais";"A";"X";10;0;" ";" ";" ";256;" ";" ";"*3";0;"Type frais";" ";" ";" ";30/01/2019;"*DIC";13/10/2025;"*DIC";"0";" ";"1";" ";"0"
"TYPJOU";"Type de jour";"A";"X";1;0;" ";" ";" ";256;" ";" ";"*0";0;"Type de jour";" ";" ";" ";25/06/1991;"*DIC";13/10/2025;"*DIC";"0";" ";"1";" ";"0"
"TYPMAT";"Type d'arrêt";"A";"X";2;0;" ";" ";" ";256;"L";" ";"*0";0;"Type d'arrêt";" ";" ";" ";19/02/2014;"*DIC";13/10/2025;"*DIC";"0";" ";"1";" ";"0"
"TYPPLA";"Type de plage";"A";"X";1;0;" ";" ";" ";256;" ";" ";"*0";0;" ";" ";" ";" ";25/02/1992;"*DIC";13/10/2025;"*DIC";"0";" ";"1";" ";"0"
"TYP_GEST";"Type de gestion (AT)";"A";"X";2;0;" ";" ";" ";256;" ";" ";"*3";0;" ";" ";" ";" ";30/06/2010;"*AS";13/10/2025;"*DIC";"0";" ";"1";" ";"0"
"UNITPENIB";"Unité de pénibilité";"A";"X";1;0;" ";" ";" ";256;" ";" ";"*0";0;"Unité de pénibilité";" ";" ";" ";16/03/2015;"*DIC";13/10/2025;"*DIC";"0";" ";"1";" ";"0"
"UNITTRV";"Unité de travail";"A";"X";10;0;" ";" ";" ";256;" ";" ";"*0";0;" ";" ";" ";" ";21/01/2015;"*DIC";13/10/2025;"*DIC";"0";" ";"1";" ";"0"
"UTIL";"Utilisateur par défaut";"A";"X";10;0;" ";" ";" ";256;" ";" ";"*0";0;"Utilisateur par défaut";" ";" ";" ";06/04/2010;"*DIC";13/10/2025;"*DIC";"0";" ";"1";" ";"0"
"UTILCRE";"Créateur";"A";"X";10;0;" ";" ";" ";256;" ";" ";"*0";0;"Créateur";" ";" ";" ";26/07/2007;"*DIC";13/10/2025;"*DIC";"0";" ";"1";" ";"0"
"UTILMOD";"Auteur de la modification";"A";"X";10;0;" ";" ";" ";256;" ";" ";"*3";0;"Auteur";" ";" ";" ";24/11/2004;"*DIC";13/10/2025;"*DIC";"0";" ";"1";" ";"0"
"UTILVISA";"Dernier utilisateur visa";"A";"X";10;0;" ";" ";" ";256;" ";" ";"*3";0;" ";" ";" ";" ";30/06/2010;"*AS";13/10/2025;"*DIC";"0";" ";"1";" ";"0"
"UTL_VAL1";"Utilisateur ayant validé en niveau 1";"A";"X";10;0;" ";" ";" ";256;" ";" ";"*3";0;" ";" ";" ";" ";30/06/2010;"*AS";13/10/2025;"*DIC";"0";" ";"1";" ";"0"
"UTL_VAL2";"Utilisateur ayant validé en niveau 2";"A";"X";10;0;" ";" ";" ";256;" ";" ";"*3";0;" ";" ";" ";" ";30/06/2010;"*AS";13/10/2025;"*DIC";"0";" ";"1";" ";"0"
"UTL_VAL3";"Utilisateur ayant validé en niveau 3";"A";"X";10;0;" ";" ";" ";256;" ";" ";"*3";0;" ";" ";" ";" ";30/06/2010;"*AS";13/10/2025;"*DIC";"0";" ";"1";" ";"0"
"UTPS";"Unité de temps";"A";"X";1;0;" ";" ";" ";256;" ";" ";"*0";0;"Unité de temps";" ";" ";" ";29/12/2006;"*DIC";13/10/2025;"*DIC";"0";" ";"1";" ";"0"
"VALDFT";"Valeur par défaut";"T";"L";6;2;" ";" ";" ";256;" ";" ";"*0";0;"Valeur par défaut";" ";" ";" ";07/09/2009;"*DIC";13/10/2025;"*DIC";"0";" ";"1";" ";"0"
"VALEUR01";"Valeur 01";"A";"X";40;0;" ";" ";" ";256;" ";" ";"*3";0;" ";" ";" ";" ";30/06/2010;"*AS";13/10/2025;"*DIC";"0";" ";"1";" ";"0"
"VALEUR02";"Valeur 02";"A";"X";40;0;" ";" ";" ";256;" ";" ";"*3";0;" ";" ";" ";" ";30/06/2010;"*AS";13/10/2025;"*DIC";"0";" ";"1";" ";"0"
"VALEUR03";"Valeur 03";"A";"X";40;0;" ";" ";" ";256;" ";" ";"*3";0;" ";" ";" ";" ";30/06/2010;"*AS";13/10/2025;"*DIC";"0";" ";"1";" ";"0"
"VALEUR04";"Valeur 04";"A";"X";40;0;" ";" ";" ";256;" ";" ";"*3";0;" ";" ";" ";" ";30/06/2010;"*AS";13/10/2025;"*DIC";"0";" ";"1";" ";"0"
"VALEUR05";"Valeur 05";"A";"X";40;0;" ";" ";" ";256;" ";" ";"*3";0;" ";" ";" ";" ";30/06/2010;"*AS";13/10/2025;"*DIC";"0";" ";"1";" ";"0"
"VALEUR06";"Valeur 06";"A";"X";40;0;" ";" ";" ";256;" ";" ";"*3";0;" ";" ";" ";" ";30/06/2010;"*AS";13/10/2025;"*DIC";"0";" ";"1";" ";"0"
"TXRECOUV";"Taux de recouvrement du créneau";"N";"I";6;2;" ";" ";" ";256;" ";" ";"*0";0;"Taux de recouvrement;";" ";" ";" ";01/01/1900;" ";13/10/2025;"*DIC";"0";" ";"1";" ";"0"
"VALEUR07";"Valeur 07";"A";"X";40;0;" ";" ";" ";256;" ";" ";"*3";0;" ";" ";" ";" ";30/06/2010;"*AS";13/10/2025;"*DIC";"0";" ";"1";" ";"0"
"VALEUR08";"Valeur 08";"A";"X";40;0;" ";" ";" ";256;" ";" ";"*3";0;" ";" ";" ";" ";30/06/2010;"*AS";13/10/2025;"*DIC";"0";" ";"1";" ";"0"
"VALEUR09";"Valeur 09";"A";"X";40;0;" ";" ";" ";256;" ";" ";"*3";0;" ";" ";" ";" ";30/06/2010;"*AS";13/10/2025;"*DIC";"0";" ";"1";" ";"0"
"VALEUR10";"Valeur 10";"A";"X";40;0;" ";" ";" ";256;" ";" ";"*3";0;" ";" ";" ";" ";30/06/2010;"*AS";13/10/2025;"*DIC";"0";" ";"1";" ";"0"
"ABREV";"Abrev occu";"A";"X";3;0;" ";" ";" ";256;" ";" ";"*0";0;"Abrev occu";" ";" ";" ";25/06/1991;"*DIC";13/10/2025;"*DIC";"0";" ";"1";" ";"0"
"ABREVP";"Abrev poste";"U";"X";5;0;" ";" ";" ";256;" ";" ";"*0";0;"Abrev poste";" ";" ";" ";05/09/2022;"*DIC";13/10/2025;"*DIC";"0";" ";"1";" ";"0"
"ABSENM";"Durée de l'absence matin";"T";"I";6;2;" ";" ";" ";256;" ";" ";"*0";0;"Absence matin";" ";" ";" ";25/06/1991;"*DIC";13/10/2025;"*DIC";"0";" ";"1";" ";"0"
"ABSENS";"Durée de l'absence soir";"T";"I";6;2;" ";" ";" ";256;" ";" ";"*0";0;"Absence soir";" ";" ";" ";25/06/1991;"*DIC";13/10/2025;"*DIC";"0";" ";"1";" ";"0"
"ACTIVITE";"Code activité";"A";"X";10;0;" ";" ";" ";256;" ";" ";"*0";0;"Code activité";" ";" ";" ";08/03/2013;"*DIC";13/10/2025;"*DIC";"0";" ";"1";" ";"0"
"AFFICH";"Code affichage";"N";"I";2;0;" ";" ";" ";256;" ";" ";"*0";0;"Code affic";" ";" ";" ";25/06/1991;"*DIC";13/10/2025;"*DIC";"0";" ";"1";" ";"0"
"AFFMAXI";"Durée d'affectation maximum";"T";"L";9;2;" ";" ";" ";256;" ";" ";"*0";0;"Affectation maxi";" ";" ";" ";29/12/2006;"*DIC";13/10/2025;"*DIC";"0";" ";"1";" ";"0"
"AFFMINI";"Durée d'affectation minimum";"T";"L";9;2;" ";" ";" ";256;" ";" ";"*0";0;"Affectation mini";" ";" ";" ";29/12/2006;"*DIC";13/10/2025;"*DIC";"0";" ";"1";" ";"0"
"DUREE_EVE";"Durée de l'activité";"T";"L";4;2;" ";" ";" ";256;" ";" ";"*3";0;" ";" ";" ";" ";30/06/2010;"*AS";13/10/2025;"*DIC";"0";" ";"1";" ";"0"
"VALID";"Validite du motif";"A";"X";4;0;" ";" ";" ";256;" ";" ";"*0";0;"Validité du motif";" ";" ";" ";14/10/1998;"*DIC";13/10/2025;"*DIC";"0";" ";"1";" ";"0"
"VALIDE";"Affectation validée";"Z";"X";1;0;" ";" ";" ";256;" ";" ";"*0";0;"Affectation validée";" ";" ";" ";28/08/2009;"*DIC";13/10/2025;"*DIC";"0";" ";"1";" ";"0"
"VALMAX";"Valeur maximum autorisée";"T";"L";6;2;" ";" ";" ";256;" ";" ";"*0";0;"Valeur maximum";" ";" ";" ";25/06/1991;"*DIC";13/10/2025;"*DIC";"0";" ";"1";" ";"0"
"VALMIN";"Valeur minimum autorisée";"T";"L";6;2;" ";" ";" ";256;" ";" ";"*0";0;"Valeur minimum";" ";" ";" ";25/06/1991;"*DIC";13/10/2025;"*DIC";"0";" ";"1";" ";"0"
"VALTRT2";"Valeur 2 associée au code traitement";"T";"I";6;2;" ";" ";" ";256;" ";" ";"*0";0;" ";" ";" ";" ";25/02/1992;"*DIC";13/10/2025;"*DIC";"0";" ";"1";" ";"0"
"VALTRT3";"Valeur 3 associée au code traitement";"T";"I";6;2;" ";" ";" ";256;" ";" ";"*0";0;" ";" ";" ";" ";11/01/2011;"*DIC";13/10/2025;"*DIC";"0";" ";"1";" ";"0"
"VIRTUEL";"Provisoire";"Z";"X";1;0;" ";" ";" ";256;" ";" ";"*0";0;"Provisoire";" ";" ";" ";05/06/2015;"*DIC";13/10/2025;"*DIC";"0";" ";"1";" ";"0"
"VISA1";"Flag visa anomalie 1";"A";"X";1;0;" ";" ";" ";256;" ";" ";"*3";0;" ";" ";" ";" ";30/06/2010;"*AS";13/10/2025;"*DIC";"0";" ";"1";" ";"0"
"VISA2";"Flag visa anomalie 2";"A";"X";1;0;" ";" ";" ";256;" ";" ";"*3";0;" ";" ";" ";" ";30/06/2010;"*AS";13/10/2025;"*DIC";"0";" ";"1";" ";"0"
"VISA3";"Flag visa anomalie 3";"A";"X";1;0;" ";" ";" ";256;" ";" ";"*3";0;" ";" ";" ";" ";30/06/2010;"*AS";13/10/2025;"*DIC";"0";" ";"1";" ";"0"
"VISA5";"Flag visa anomalie 5";"A";"X";1;0;" ";" ";" ";256;" ";" ";"*3";0;" ";" ";" ";" ";30/06/2010;"*AS";13/10/2025;"*DIC";"0";" ";"1";" ";"0"
"VISITEREP";"Visite médicale de reprise";"A";"X";1;0;" ";" ";" ";256;" ";" ";"*0";0;"Visite médicale de rep";" ";" ";" ";10/10/2016;"*DIC";13/10/2025;"*DIC";"0";" ";"1";" ";"0"
"PARTPLAG";"Participation à la plage";"A";"X";1;0;" ";" ";" ";256;" ";" ";"*0";0;"Participation à la pla";" ";" ";" ";29/06/2018;"*DIC";13/10/2025;"*DIC";"0";" ";"1";" ";"0"
"PARTVAC";"Participation à la vacation";"A";"X";1;0;" ";" ";" ";256;" ";" ";"*0";0;"Particip. à la vac.";" ";" ";" ";10/07/2018;"*DIC";13/10/2025;"*DIC";"0";" ";"1";" ";"0"
"CLICHE";"Duplicata ou non";"A";"X";1;0;" ";" ";" ";256;" ";" ";"*0";0;"Duplicata ou non";" ";" ";" ";10/07/2018;"*DIC";13/10/2025;"*DIC";"0";" ";"1";" ";"0"
"SYNOPTIC";"Gestion des absences pour synoptique";"A";"X";1;0;"0";"1";"0";256;" ";" ";"*0";0;"Abs. pour synoptique";" ";" ";" ";10/07/2018;"*DIC";13/10/2025;"*DIC";"0";" ";"1";" ";"0"
"ALIAS";"Alias du poste";"A";"X";21;0;" ";" ";" ";256;" ";" ";"*0";0;"Alias du poste";" ";" ";" ";29/12/2006;"*DIC";13/10/2025;"*DIC";"0";" ";"1";" ";"0"
"COEFFPENIB";"Coefficient de pénibilité";"N";"L";9;2;" ";" ";" ";256;" ";" ";"*0";0;"Coefficient de pénibil";" ";" ";" ";18/02/2015;"*DIC";13/10/2025;"*DIC";"0";" ";"1";" ";"0"
"DATADMPRE";"Date contrat admin précédente";"D";"X";10;0;" ";" ";" ";256;" ";" ";"*0";0;" ";" ";" ";" ";03/02/2009;"*DIC";13/10/2025;"*DIC";"0";" ";"1";" ";"0"
"DATOUV";"Date d'ouverture fiche individuelle";"D";"X";10;0;" ";" ";" ";256;" ";" ";"*0";0;"Date d'ouverture";" ";" ";" ";25/06/1991;"*DIC";13/10/2025;"*DIC";"0";" ";"1";" ";"0"
"E2PAYSNAI";"Pays de naissance";"A";"X";4;0;" ";" ";" ";256;"L";" ";"*0";20;"Pays de naissance";" ";" ";" ";25/06/1991;"*DIC";13/10/2025;"*DIC";"0";" ";"1";" ";"0"
"ENFPRENOM";"Prénom de l'enfant";"U";"X";40;0;" ";" ";" ";256;" ";" ";"*0";0;"Prénom de l'enfant";" ";" ";" ";25/06/1991;"*DIC";13/10/2025;"*DIC";"0";" ";"1";" ";"1"
"HFPLDER";"Heure fin plage débordement";"A";"X";1;0;" ";" ";" ";256;" ";" ";"*0";0;"Heure fin plage débord";" ";" ";" ";24/09/1996;"*DIC";13/10/2025;"*DIC";"0";" ";"1";" ";"0"
"HIPRE";"Présence dans l'intervalle d'ANALYSE";"T";"I";6;2;" ";" ";" ";256;" ";" ";"*0";0;" ";" ";" ";" ";25/02/1992;"*DIC";13/10/2025;"*DIC";"0";" ";"1";" ";"0"
"HORCHOISI";"Affectation temps choisi";"A";"X";1;0;" ";" ";" ";256;" ";" ";"*0";0;"Temps choisi";" ";" ";" ";10/11/2016;"*DIC";13/10/2025;"*DIC";"0";" ";"1";" ";"0"
"MAXAFFECT";"Durée maximum d'affectation au poste";"T";"I";6;2;" ";" ";"000000000000";256;" ";" ";"*0";0;" ";" ";" ";" ";07/11/2016;"*DIC";13/10/2025;"*DIC";"0";" ";"1";" ";"0"
"NXCTA";"Nombre de contrats administratifs";"N";"I";2;0;" ";" ";"000000000000";256;" ";" ";"*3";0;" ";" ";" ";" ";02/08/2019;"*DIC";13/10/2025;"*DIC";"0";" ";"1";" ";"0"
"PTTHEO4";"Pointage théorique 4";"T";"I";6;2;" ";" ";" ";256;" ";" ";"*0";0;"Pt théorique 4";" ";" ";" ";25/06/1991;"*DIC";13/10/2025;"*DIC";"0";" ";"1";" ";"0"
"SUREFFR";"Pourcentage sureffectif";"N";"I";2;0;" ";" ";" ";256;" ";" ";"*0";0;"% sureffectif";" ";" ";" ";01/10/2014;"*DIC";13/10/2025;"*DIC";"0";" ";"1";" ";"0"
"TFINPOST";"Type de fin de poste";"N";"I";4;0;" ";" ";"000000000000";496;" ";" ";"*0";0;"Type fin de poste";" ";" ";" ";26/07/2007;"*DIC";13/10/2025;"*DIC";"0";" ";"1";" ";"0"
"ABSENJ";"Durée de l'absence jour";"T";"I";6;2;" ";" ";" ";256;" ";" ";"*0";0;"Absence jou";" ";" ";" ";25/06/1991;"*DIC";13/10/2025;"*DIC";"0";" ";"1";" ";"0"
"VALTRT1";"Valeur 1 associée au code traitement";"T";"I";6;2;" ";" ";" ";256;" ";" ";"*0";0;" ";" ";" ";" ";25/02/1992;"*DIC";13/10/2025;"*DIC";"0";" ";"1";" ";"0"
"RANG";"Rang dans le code horaire";"N";"I";3;0;"000000000001";"000000000400";"000000000001";448;" ";" ";"*0";0;"Rang";" ";" ";" ";25/06/1991;"*DIC";13/10/2025;"*DIC";"0";" ";"1";" ";"0"
"TYPCTRA";"Type de contrat admin./période d'emploi";"A";"X";4;0;" ";" ";" ";256;"L";" ";"*0";0;"Type de pér. d'emp.";" ";" ";" ";01/12/2000;"*DIC";13/10/2025;"*DIC";"0";" ";"1";" ";"0"
"VISA4";"Flag visa anomalie 4";"A";"X";1;0;" ";" ";" ";256;" ";" ";"*3";0;" ";" ";" ";" ";30/06/2010;"*AS";13/10/2025;"*DIC";"0";" ";"1";" ";"0"
"ARCHIV";"Indicateur d'archivage";"A";"X";1;0;" ";" ";" ";256;" ";" ";"*0";0;"Code archivage";" ";" ";" ";25/06/1991;"*DIC";13/10/2025;"*DIC";"0";" ";"1";" ";"0"
"CYCCODE";"Code du cycle de travail";"A";"X";10;0;" ";" ";" ";256;" ";" ";"*0";0;"Code du cycle de trava";" ";" ";" ";15/07/2024;"*DIC";13/10/2025;"*DIC";"0";" ";"1";" ";"0"
"IJRSDONDIV";"Don absences global";"N";"I";6;1;" ";" ";" ";496;" ";"IJRSDONDIV";"V3";0;" ";" ";" ";" ";01/12/2017;"HQS";01/01/1900;" ";"0";" ";"1";" ";"0"
"IJRFRRCPM1";"Date de perte";"D";"X";10;0;" ";" ";" ";496;" ";"IJRFRRCPM1";"V3";0;" ";" ";" ";" ";07/02/2025;"111111";06/03/2025;"111111";"0";" ";"1";"%Maladie -1an";"0"
"IMIMINOCP";"Acquisition CP";"Z";"X";1;0;" ";" ";" ";511;"L9";" ";"C3";20;" ";" ";" ";" ";07/02/2025;"111111";01/01/1900;" ";"0";" ";"1";" ";"0"
"IDIDCANC5";"Droit congé ancienneté 5 ""régime 1""";"N";"I";4;1;" ";" ";" ";511;" ";" ";"C3";0;" ";" ";" ";" ";29/04/2019;"111111";09/08/2019;"111111";"0";"0";"1";" ";"0"
"IHIMAIN3";"Nb jours maintien 3";"N";"I";3;0;" ";" ";" ";511;" ";" ";"C3";0;" ";" ";" ";" ";28/02/2025;"111111";01/01/1900;" ";"0";" ";"1";" ";"0"
"ICITAUX";"Taux";"N";"I";6;2;" ";" ";" ";511;" ";" ";"C2";0;" ";" ";" ";" ";08/08/2013;"HQS";26/02/2025;"222222";"0";" ";"0";" ";"0"
"IHISHSMTX1";"Seuil HS taux 1";"T";"I";6;2;" ";" ";" ";511;" ";" ";"C3";0;" ";" ";" ";" ";19/02/2025;"111111";01/01/1900;" ";"0";" ";"1";" ";"0"
"IJQHCNMAPA";"HC payées non majorées";"T";"I";6;2;" ";" ";" ";496;" ";" ";"V3";0;" ";" ";" ";" ";08/11/2019;"111111";11/03/2025;"##########";"0";" ";"1";" ";"0"
"IEICOEFFIC";"Coefficient";"A";"X";3;0;" ";" ";" ";511;"L1";" ";"C3";20;" ";" ";" ";" ";08/08/2013;"HQS";30/11/2015;"HQS";"0";"0";"1";" ";"0"
"IJRSGCONGE";"Solde global des congés";"N";"I";6;2;" ";" ";" ";496;" ";"IJRSGCONGE";"V3";0;" ";" ";" ";" ";01/12/2017;"HQS";12/08/2019;"111111";"0";"0";"1";" ";"0"
"IJRNBRSEMN";"Nombre de semaines de nuit";"N";"I";2;0;" ";" ";"000000000000";511;" ";"IJRNBRSEMN";"V3";0;" ";" ";" ";" ";03/07/2015;"HQS";12/08/2019;"111111";"0";"0";"1";" ";"0"
"IJRNBTRAVS";"Nombre de jours travaillés par semaine";"N";"I";3;0;" ";" ";"000000000000";496;" ";"IJRNBTRAVS";"V3";0;" ";" ";" ";" ";05/03/2008;"HQS";05/03/2008;"HQS";"0";" ";"1";" ";"0"
"IJRNJTRAVH";"Nbre de jours travaillés hebdomadaires";"N";"I";4;1;" ";" ";"000000000000";496;" ";"IJRNJTRAVH";"V3";0;"Nb jrs pres. he";" ";" ";" ";03/06/2003;"HQS";12/08/2019;"111111";"0";"0";"1";" ";"0"
"IJRNJTRAVM";"Nbre de jours travaillés mensuel";"N";"I";4;1;" ";" ";"000000000000";480;" ";"IJRNJTRAVM";"V3";0;"Nbre jours trav. mois";" ";" ";" ";15/05/2003;"FBR";20/04/2023;"111111";"0";" ";"1";" ";"0"
"IJRREP35H";"Nombres d'heures repos hebdo";"T";"I";6;2;" ";" ";" ";496;" ";"IJRREP35H";"V3";0;" ";" ";" ";" ";26/04/2019;"111111";01/01/1900;" ";"0";" ";"1";" ";"0"
"IJRNNUITRA";"Nbre de nuits travaillées annuel";"N";"I";5;1;" ";" ";"000000000000";496;" ";"IJRNNUITRA";"V3";0;"Nb nuits trav a";" ";" ";" ";11/06/2003;"BO";12/08/2019;"111111";"0";"0";"1";" ";"0"
"VALMODX";"Valeur de modulation";"T";"I";5;2;" ";" ";" ";496;" ";" ";"C2";0;"Modulation";" ";" ";" ";05/02/1993;"DRHU";31/05/2001;" ";"0";" ";"1";" ";"0"
"IMISTATUT";"HQ Calendar - Statut du RDV";"A";"X";10;0;" ";" ";" ";480;"L9";" ";"C2";20;" ";" ";" ";" ";20/02/2025;"HQS";04/04/2025;"111111";"0";"0";"0";" ";"0"
"IJRNDIMTRA";"Nbre de dimanche travaillés annuel";"N";"I";5;1;" ";" ";"000000000000";496;" ";"IJRNDIMTRA";"V3";0;"Nb dim trav an";" ";" ";" ";11/06/2003;"BO";12/08/2019;"111111";"0";"0";"1";" ";"0"
"IJRNJFETRA";"Nbre de fériés travaillés annuel";"N";"I";5;1;" ";" ";"000000000000";496;" ";"IJRNJFETRA";"V3";0;"Nb feries trav";" ";" ";" ";11/06/2003;"BO";12/08/2019;"111111";"0";"0";"1";" ";"0"
"IJRMDCSE4";"Droit mensuel M-4 (H)";"T";"I";6;2;" ";" ";" ";504;" ";"IJRMDCSE4";"V3";0;" ";" ";" ";" ";18/03/2019;"111111";01/01/1900;" ";"0";" ";"1";" ";"0"
"IJRMDCSE5";"Droit mensuel M-5 (H)";"T";"I";6;2;" ";" ";" ";504;" ";"IJRMDCSE5";"V3";0;" ";" ";" ";" ";18/03/2019;"111111";01/01/1900;" ";"0";" ";"1";" ";"0"
"IJRSNBJRTT";"Solde RTT (J)";"N";"I";6;1;" ";" ";" ";480;" ";"IJRSNBJRTT";"V3";0;" ";" ";" ";" ";01/12/2017;"HQS";12/08/2019;"111111";"0";"0";"1";" ";"0"
"IDIMABSM3";"Maxi absence maladie seuil 3";"N";"I";5;1;" ";" ";" ";511;" ";" ";"C3";0;" ";" ";" ";" ";06/04/2023;"111111";01/01/1900;" ";"0";" ";"1";" ";"0"
"IDIVMCOANT";"Congé anticipé";"A";"X";10;0;" ";" ";" ";511;"II";" ";"C2";0;" ";" ";" ";" ";30/09/2003;"HQS";09/08/2019;"111111";"0";"0";"1";" ";"0"
"IDIMAJOCSE";"Taux de majoration maxi droit CSE";"N";"I";3;1;"000000000000";" ";"000000000000";511;" ";" ";"C3";0;" ";" ";" ";" ";27/05/2019;"111111";01/01/1900;" ";"0";" ";"1";" ";"0"
"IDIMINLEGA";"Seuil minimum légal temps partiel";"T";"I";6;2;"000000000000";" ";"000000000000";511;" ";" ";"C3";0;" ";" ";" ";" ";26/06/2013;"HQS";01/01/1900;" ";"0";"0";"1";" ";"0"
"IDISACQRTT";"Seuil RTT";"T";"I";6;2;"000000000000";" ";"000000000000";511;" ";" ";"C3";0;" ";" ";" ";" ";01/09/2009;"HQS";09/08/2019;"111111";"0";"0";"1";" ";"0"
"IJRCCORELI";"Pris reliquat CP";"N";"I";6;1;" ";" ";" ";496;" ";"IJRCCORELI";"V3";0;" ";" ";" ";" ";07/02/2025;"111111";11/03/2025;"##########";"0";" ";"1";" ";"0"
"IJRDCOPRIN";"Droit CP";"N";"I";6;1;" ";" ";" ";496;" ";"IJRDCOPRIN";"V3";0;" ";" ";" ";" ";01/12/2017;"HQS";11/03/2025;"##########";"0";" ";"1";" ";"0"
"IDISANCMA2";"Seuil ancienneté 2 maladie";"N";"I";3;0;" ";" ";" ";511;" ";" ";"C3";0;" ";" ";" ";" ";06/04/2023;"111111";01/01/1900;" ";"0";" ";"1";" ";"0"
"IDISANCMA3";"Seuil ancienneté 3 maladie";"N";"I";3;0;" ";" ";" ";511;" ";" ";"C3";0;" ";" ";" ";" ";06/04/2023;"111111";01/01/1900;" ";"0";" ";"1";" ";"0"
"IDISANNC1";"Seuil ancienneté 1 ""régime 2""";"N";"I";3;0;" ";" ";" ";511;" ";" ";"C3";0;" ";" ";" ";" ";29/04/2019;"111111";30/04/2019;"HQS";"0";"0";"1";" ";"0"
"IDISANNC2";"Seuil ancienneté 2 ""régime 2""";"N";"I";3;0;" ";" ";" ";511;" ";" ";"C3";0;" ";" ";" ";" ";29/04/2019;"111111";30/04/2019;"HQS";"0";"0";"1";" ";"0"
"IDISANNC3";"Seuil ancienneté 3 ""régime 2""";"N";"I";3;0;" ";" ";" ";511;" ";" ";"C3";0;" ";" ";" ";" ";29/04/2019;"111111";30/04/2019;"HQS";"0";"0";"1";" ";"0"
"IDISANNC6";"Seuil ancienneté 6 ""régime 2""";"N";"I";3;0;" ";" ";" ";511;" ";" ";"C3";0;" ";" ";" ";" ";29/04/2019;"111111";30/04/2019;"HQS";"0";"0";"1";" ";"0"
"IDISCONTHS";"Contingent HS";"T";"I";6;2;"000000000000";" ";"000000000000";511;" ";" ";"C3";0;"Contingent HS";" ";" ";" ";12/06/2003;"HQS";09/08/2019;"111111";"0";"0";"1";" ";"0"
"IJQNTICKRE";"Ticket Restaurant";"N";"I";2;0;" ";" ";"000000000000";496;" ";" ";"V3";0;" ";" ";" ";" ";03/05/2005;"HQS";12/08/2019;"111111";"0";"0";"1";" ";"0"
"IJQNPREQUN";"Prime nuit";"N";"I";2;0;" ";" ";"000000000000";496;" ";" ";"V3";0;"Prime nuit";" ";" ";" ";25/09/1996;"ADMI";12/08/2019;"111111";"0";"0";"1";" ";"0"
"IJQNPRISPE";"Prime spécifique";"N";"I";2;0;" ";" ";"000000000000";496;" ";" ";"V3";0;" ";" ";" ";" ";30/09/2003;"HQS";01/01/1900;" ";"0";" ";"1";" ";"0"
"IDISMXTHEB";"Total maximum hebdomadaire légal";"T";"I";6;2;" ";" ";" ";511;" ";" ";"C2";0;" ";" ";" ";" ";30/09/2003;"HQS";12/08/2019;"111111";"0";"0";"1";" ";"0"
"IDISRPEP";"Nbre de jours de repos annuels";"N";"I";4;1;"000000000000";" ";"000000000000";496;" ";" ";"C3";0;" ";" ";" ";" ";16/05/2023;"111111";01/01/1900;" ";"0";" ";"1";"%Forfait jours : nombre de jour de repos";"0"
"IJRMTCSE";"Transfert mensuel (H)";"T";"I";6;2;" ";" ";" ";504;" ";"IJRMTCSE";"V3";0;" ";" ";" ";" ";18/03/2019;"111111";01/01/1900;" ";"0";" ";"1";" ";"0"
"IDISRTTEMP";"Nombre de jours RTT employeur";"N";"I";2;0;"000000000000";" ";"000000000000";511;" ";" ";"C3";0;"Nbr Jours RTT";" ";" ";" ";16/06/2003;"LF";12/08/2019;"111111";"0";"0";"1";" ";"0"
"IDITICKETS";"Gestion tickets restaurant";"Z";"X";1;0;" ";" ";"0";511;"L";" ";"C3";30;" ";" ";" ";" ";04/03/2008;"HQS";30/11/2015;"HQS";"0";"0";"1";" ";"0"
"IHIHCTAUX2";"Heures compl. taux 2 (%)";"N";"I";2;0;" ";" ";" ";511;" ";" ";"C3";0;" ";" ";" ";" ";19/02/2025;"111111";01/01/1900;" ";"0";" ";"1";" ";"0"
"IDIVHORCOH";"Horaire hebdo temps plein";"T";"I";6;2;" ";" ";" ";511;" ";" ";"C2";0;"Horaire collect";" ";" ";" ";12/06/2003;"HQS";09/08/2019;"111111";"0";"0";"1";" ";"0"
"IDIVMCOFRA";"Congé fractionnement";"A";"X";10;0;" ";" ";" ";511;"II";" ";"C2";0;" ";" ";" ";" ";31/08/2009;"HQS";09/08/2019;"111111";"0";"0";"1";" ";"0"
"IDIVMCOREL";"Reliquat congé payé";"A";"X";10;0;" ";" ";" ";511;"II";" ";"C2";0;" ";" ";" ";" ";30/09/2003;"HQS";09/08/2019;"111111";"0";"0";"1";" ";"0"
"IDIVMOMIBL";"Motif mission du lendemain badgée";"A";"X";10;0;" ";" ";" ";511;"II";" ";"C2";0;" ";" ";" ";" ";23/03/2005;"HQS";09/08/2019;"111111";"0";"0";"1";" ";"0"
"IDIVMOMISB";"Motif mission badgée";"A";"X";10;0;" ";" ";" ";511;"II";" ";"C2";0;" ";" ";" ";" ";30/09/2003;"HQS";09/08/2019;"111111";"0";"0";"1";" ";"0"
"IDIVMOTHSR";"Motif récupération HS / HC";"A";"X";10;0;" ";" ";" ";511;"II";" ";"C2";0;" ";" ";" ";" ";30/09/2003;"HQS";08/11/2019;"111111";"0";" ";"1";" ";"0"
"IDIVMRCREC";"Motif récupération RC";"A";"X";10;0;" ";" ";" ";511;"II";" ";"C2";0;" ";" ";" ";" ";30/09/2003;"HQS";09/08/2019;"111111";"0";"0";"1";" ";"0"
"IDIVMRTTSA";"Motif RTT salarié";"A";"X";10;0;" ";" ";" ";511;"II";" ";"C2";0;" ";" ";" ";" ";30/09/2003;"HQS";09/08/2019;"111111";"0";"0";"1";" ";"0"
"IDIVOBJTHA";"Théorie annuelle";"T";"L";8;2;"000000000000";" ";"000000000000";511;" ";" ";"C3";0;"Théorie annue";" ";" ";" ";12/06/2003;"LF";09/08/2019;"111111";"0";"0";"1";" ";"0"
"IEIACTI";"Employé géré en activité";"A";"X";1;0;" ";" ";"0";511;"L";" ";"C3";20;" ";" ";" ";" ";23/11/2020;"111111";01/01/1900;" ";"0";" ";"1";" ";"0"
"IEICATEGOR";"Catégorie";"A";"X";4;0;" ";" ";"0";511;"L";" ";"C3";20;"Catégorie";" ";" ";" ";27/02/1996;"CV";30/11/2015;"HQS";"0";"0";"1";" ";"0"
"IEICODEGRP";"Code groupe";"N";"I";4;0;" ";" ";"000000000000";511;" ";" ";"C3";0;"Code groupe";" ";" ";" ";08/06/2000;"HQS";25/06/2013;"HQS";"0";"0";"1";" ";"0"
"IEQECARANN";"Ecart annuel";"T";"L";8;2;" ";" ";"000000000000";480;" ";" ";"V3";0;" ";" ";" ";" ";20/03/2009;"HQS";12/08/2019;"111111";"0";"0";"1";" ";"0"
"IEQPRNJTRA";"Nbre de jours travaillés annuel prév.";"N";"I";5;1;" ";" ";"000000000000";496;" ";" ";"V3";0;" ";" ";" ";" ";20/03/2007;"HQS";09/08/2019;"111111";"0";"0";"1";" ";"0"
"IEQSDELCSE";"Solde délégation CSE";"T";"L";6;2;" ";" ";"000000000000";480;" ";" ";"V3";0;" ";" ";" ";" ";25/07/2018;"HQS";31/07/2018;"HQS";"0";"0";"1";" ";"0"
"IEQSHSMRE1";"Solde prévisionnel 1 HS à recup.";"T";"L";8;2;" ";" ";" ";504;" ";" ";"V3";0;" ";" ";" ";" ";17/11/2016;"HQS";01/01/1900;" ";"0";" ";"1";" ";"0"
"IEQSHSMRE2";"Solde prévisionnel 2 HS à recup.";"T";"L";8;2;" ";" ";" ";504;" ";" ";"V3";0;" ";" ";" ";" ";17/11/2016;"HQS";01/01/1900;" ";"0";" ";"1";" ";"0"
"IEQSPRTTJO";"Solde prévisionnel RTT en jour";"N";"I";6;1;" ";" ";" ";480;" ";" ";"V3";0;" ";" ";" ";" ";01/12/2017;"HQS";01/01/1900;" ";"0";" ";"1";" ";"0"
"IEQTTREFFA";"Temps de travail effectif annuel";"T";"L";8;2;" ";" ";"000000000000";480;" ";" ";"V3";0;" ";" ";" ";" ";03/05/2005;"HQS";15/11/2005;"HQS";"0";" ";"1";" ";"0"
"IGIREFRTT";"Date de référence RTT (JJMM)";"A";"X";4;0;" ";" ";" ";511;" ";" ";"C3";0;" ";" ";" ";" ";24/06/2013;"HQS";09/08/2019;"111111";"0";"0";"1";" ";"0"
"IHIDEREPOS";"Dérogation repos quotidien";"A";"X";1;0;"0";"1";" ";511;"C";" ";"C2";0;" ";" ";" ";" ";03/04/2023;"222222";01/01/1900;" ";"0";" ";"1";"%Cet indicateur permet d'alimenter un compteur de récupération lorsque le repos quotidien n'est pas respecté en cas d'urgence";"0"
"IJIACOPRIN";"Gestion acquis congé payé";"Z";"X";1;0;"0";"1";"0";511;"C";" ";"C2";0;" ";" ";" ";" ";31/08/2009;"HQS";09/08/2019;"111111";"0";"0";"1";" ";"0"
"IHIEQALT";"Equipes successives alternantes";"A";"X";1;0;"0";"1";" ";511;"C";" ";"C2";0;" ";" ";" ";" ";05/12/2017;"HQS";01/01/1900;" ";"0";" ";"1";" ";"0"
"IHINFORFJ";"Forfait jour CSE";"Z";"X";1;0;"0";"1";"0";511;"C";" ";"C2";0;" ";" ";" ";" ";17/12/2018;"111111";11/01/2023;"111111";"0";" ";"1";" ";"0"
"IHINPRIST";"Prime de poste";"Z";"X";1;0;"0";"1";"0";448;"C";" ";"C2";0;" ";" ";" ";" ";05/04/2023;"111111";30/05/2023;"111111";"0";" ";"1";"%Prime quotidienne calculée en fonction du cycle horaire";"0"
"IHISEUILHS";"Seuil paiement des HS";"T";"I";6;2;" ";" ";" ";511;" ";" ";"C3";0;" ";" ";" ";" ";08/11/2019;"111111";08/11/2019;"111111";"0";" ";"1";" ";"0"
"IHISPRIST";"Seuil déclenchement prime de poste";"T";"I";6;2;" ";" ";" ";511;" ";" ";"C2";0;" ";" ";" ";" ";05/04/2023;"111111";30/05/2023;"111111";"0";" ";"1";"%Permet de déclencher la prime de poste quotidienne en fonction d'un temps de travail minimum attendu";"0"
"IHIDRJTRAV";"Acquis congé payé";"N";"I";4;2;" ";" ";" ";511;" ";" ";"C3";0;" ";" ";" ";" ";13/07/2018;"#000000001";08/11/2019;"111111";"0";" ";"1";" ";"0"
"IJICDPLAFO";"Crédit maximum";"T";"L";8;2;"000000000000";"000000059940";"000000000000";511;" ";" ";"C2";0;"Crédit maximum..";" ";" ";" ";27/02/1996;"BM";09/08/2019;"111111";"0";"0";"1";" ";"0"
"IJRMDCSE7";"Droit mensuel M-7 (H)";"T";"I";6;2;" ";" ";" ";504;" ";"IJRMDCSE7";"V3";0;" ";" ";" ";" ";18/03/2019;"111111";01/01/1900;" ";"0";" ";"1";" ";"0"
"IJRMDCSE8";"Droit mensuel M-8 (H)";"T";"I";6;2;" ";" ";" ";504;" ";"IJRMDCSE8";"V3";0;" ";" ";" ";" ";18/03/2019;"111111";01/01/1900;" ";"0";" ";"1";" ";"0"
"IJRMDCSE9";"Droit mensuel M-9 (H)";"T";"I";6;2;" ";" ";" ";504;" ";"IJRMDCSE9";"V3";0;" ";" ";" ";" ";18/03/2019;"111111";01/01/1900;" ";"0";" ";"1";" ";"0"
"IJRMPCSE";"Pris mensuel (H)";"T";"I";6;2;" ";" ";" ";504;" ";"IJRMPCSE";"V3";0;" ";" ";" ";" ";18/03/2019;"111111";01/01/1900;" ";"0";" ";"1";" ";"0"
"IJIEMPLOI";"Emploi occupé";"A";"X";10;0;" ";" ";" ";511;"L1";" ";"C3";20;" ";" ";" ";" ";12/10/2016;"HQS";24/01/2018;"HQS";"0";"0";"1";" ";"0"
"IJICDPLANC";"Crédit minimum";"T";"L";8;2;"-00000059940";"000000000000";"000000000000";511;" ";" ";"C2";0;"Crédit minimum.";" ";" ";" ";21/01/2003;"ADMI";09/08/2019;"111111";"0";"0";"1";" ";"0"
"IJIDACSEM";"Droit annuel mandat theo CSE (H)";"T";"L";6;2;" ";" ";" ";504;" ";" ";"C3";0;" ";" ";" ";" ";09/01/2019;"111111";08/11/2019;"111111";"0";" ";"1";" ";"0"
"IJIDACSET";"Droit annuel théorique CSE (H)";"T";"L";6;2;" ";" ";" ";504;" ";" ";"C3";0;" ";" ";" ";" ";25/09/2018;"HQS";08/11/2019;"111111";"0";" ";"1";" ";"0"
"IJIDATDDFS";"Date début de mandat délégation DFS";"D";"X";10;0;" ";" ";" ";511;" ";" ";"C3";0;" ";" ";" ";" ";21/11/2017;"HQS";09/08/2019;"111111";"0";"0";"1";" ";"0"
"IJIDATDEDS";"Date début de mandat délégation DS";"D";"X";10;0;" ";" ";" ";511;" ";" ";"C3";0;" ";" ";" ";" ";21/11/2017;"HQS";09/08/2019;"111111";"0";"0";"1";" ";"0"
"IJIDATFDDS";"Fin de mandat délégation DS";"D";"X";10;0;" ";" ";" ";511;" ";" ";"C3";0;" ";" ";" ";" ";21/11/2017;"HQS";24/01/2018;"HQS";"0";"0";"1";" ";"0"
"IJIDATFDFS";"Fin de mandat délégation DFS";"D";"X";10;0;" ";" ";" ";511;" ";" ";"C3";0;" ";" ";" ";" ";21/11/2017;"HQS";01/01/1900;" ";"0";"0";"1";" ";"0"
"IJIDDELDFS";"Droit délégation DFS";"T";"I";6;2;" ";" ";" ";511;" ";" ";"C3";0;" ";" ";" ";" ";01/12/2017;"HQS";09/08/2019;"111111";"0";"0";"1";" ";"0"
"IJIDDELEDS";"Droit délégation DS";"T";"I";6;2;" ";" ";" ";511;" ";" ";"C3";0;" ";" ";" ";" ";01/12/2017;"HQS";09/08/2019;"111111";"0";"0";"1";" ";"0"
"IJIDFIN";"Fin de mandat délégation CSE";"D";"X";10;0;" ";" ";" ";504;" ";" ";"C2";0;" ";" ";" ";" ";18/07/2018;"HQS";08/11/2019;"111111";"0";" ";"1";" ";"0"
"IJIEXTRACT";"Indicateur extraction population";"Z";"X";1;0;"0";"1";"0";511;" ";" ";"C2";0;" ";" ";" ";" ";08/08/2013;"HQS";08/08/2013;"HQS";"0";"0";"1";" ";"0"
"IJIGBADGEA";"Badgeant";"Z";"X";1;0;"0";"1";"0";511;"C";" ";"C2";0;"Badgeant";" ";" ";" ";15/05/2003;"FBR";09/08/2019;"111111";"0";"0";"1";" ";"0"
"IJIGCDTYPP";"Période de traitement";"Z";"X";1;0;" ";" ";"0";511;"L";" ";"C2";20;"traitement";" ";" ";" ";23/06/2003;"LF";09/08/2019;"111111";"0";"0";"1";" ";"0"
"IJIGCREDEB";"Autorisation Crédit/Débit";"Z";"X";1;0;"0";"1";"0";511;"C";" ";"C2";0;"Autorisation D/C.";" ";" ";" ";23/03/1995;"HQS";23/11/2020;"111111";"0";" ";"1";" ";"0"
"IJIGHSUPPR";"Modalité HS/HC";"Z";"X";1;0;" ";" ";"0";511;"L";" ";"C2";20;"HS récuprées";" ";" ";" ";15/05/2003;"FBR";31/05/2023;"111111";"0";"0";"1";" ";"0"
"IJIGRETETR";"Droit au RTT";"Z";"X";1;0;" ";" ";" ";511;"L";" ";"C2";20;"Droit RTT";" ";" ";" ";15/05/2003;"FBR";09/08/2019;"111111";"0";"0";"1";" ";"0"
"IJIGTICKRE";"Droit tickets restaurant";"Z";"X";1;0;"0";"1";"0";511;"C";" ";"C2";0;" ";" ";" ";" ";11/10/2005;"HQS";09/08/2019;"111111";"0";"0";"1";" ";"0"
"IJIM2PRENB";"Motif présence non badgée";"A";"X";10;0;" ";" ";" ";511;"II";" ";"C0";0;"Motif de crédit";" ";" ";" ";03/06/2003;"HQS";30/08/2018;"333333";"0";"0";"1";" ";"0"
"ISIAGECSUP";"Age d'acquisition congé supplémentaire";"N";"I";2;0;" ";" ";" ";511;" ";" ";"C3";0;" ";" ";" ";" ";10/02/2025;"111111";01/01/1900;" ";"0";" ";"1";" ";"0"
"IJRPRETHEM";"Théorie période";"T";"L";8;2;" ";" ";"000000000000";480;" ";"IJRPRETHEM";"V3";0;"Théorie mois";" ";" ";" ";15/05/2003;"FBR";12/08/2019;"111111";"0";"0";"1";" ";"0"
"IJRPREVEIL";"Présence de la veille";"T";"I";6;2;" ";" ";"000000000000";256;" ";"IJQPRELEND";"V3";0;" ";" ";" ";" ";26/09/1996;"HQ";17/01/2006;"HQS";"0";" ";"1";" ";"0"
"IJRRCNUIT";"Solde du RC de nuit";"T";"L";8;2;" ";" ";"000000000000";496;" ";"IJRRCNUIT";"V3";0;" ";" ";" ";" ";03/07/2015;"HQS";12/08/2019;"111111";"0";"0";"1";" ";"0"
"IMICODPLAN";"Code sur planning";"X";"X";10;0;" ";" ";" ";448;" ";" ";"C2";0;" ";" ";" ";" ";10/02/2025;"111111";01/01/1900;" ";"0";" ";"1";" ";"0"
"ISIDCANC1";"Droit congés ancienneté 1 ""RÉGIME 1""";"N";"I";4;1;" ";" ";" ";511;" ";" ";"C3";0;" ";" ";" ";" ";10/02/2025;"111111";01/01/1900;" ";"0";" ";"1";" ";"0"
"ISIDCANC2";"Droit congés ancienneté 2 ""RÉGIME 1""";"N";"I";4;1;" ";" ";" ";511;" ";" ";"C3";0;" ";" ";" ";" ";10/02/2025;"111111";01/01/1900;" ";"0";" ";"1";" ";"0"
"IDIEFFECTI";"Effectif";"Z";"X";1;0;" ";" ";"0";511;"L";" ";"C2";20;" ";" ";" ";" ";02/07/2015;"HQS";30/11/2015;"HQS";"0";"0";"1";" ";"0"
"IJRMDCSE";"Droit mensuel (H)";"T";"I";6;2;" ";" ";" ";504;" ";"IJRMDCSE";"V3";0;" ";" ";" ";" ";18/03/2019;"111111";01/01/1900;" ";"0";" ";"1";" ";"0"
"IJRRRCP2M1";"Congé reporté (2ème maladie -1 an)";"N";"I";6;1;" ";" ";" ";496;" ";"IJRRRCP2M1";"V3";0;" ";" ";" ";" ";07/02/2025;"111111";06/03/2025;"111111";"0";" ";"1";" ";"0"
"IJIMIAPRNB";"Minimum pour crédit ou débit";"T";"I";5;2;" ";" ";"000000000000";511;" ";" ";"C2";0;"Mini pour crédi";" ";" ";" ";03/06/2003;"HQS";09/08/2019;"111111";"0";"0";"1";" ";"0"
"IJINIMPUTA";"Nombre d imputations (MAJ par AIBANA)";"N";"I";2;0;" ";" ";" ";511;" ";" ";"C0";0;"Imputation";" ";" ";" ";24/01/1997;"HQ";11/09/2000;"HQS";"0";" ";"1";" ";"0"
"IJINPASLEC";"Nombre de passages au lecteur";"N";"I";2;0;" ";" ";"000000000000";511;" ";" ";"C0";0;" ";" ";" ";" ";16/11/2005;"HQS";25/06/2013;"HQS";"0";"0";"1";" ";"0"
"IJIREGCPAN";"Régime des congés d'ancienneté";"Z";"X";1;0;" ";" ";"0";511;"L";" ";"C2";20;" ";" ";" ";" ";29/04/2019;"111111";23/11/2020;"111111";"0";"0";"1";" ";"0"
"IJIVAPRENB";"Valeur du crédit ou du débit";"T";"I";5;2;" ";" ";"000000000000";511;" ";" ";"C2";0;"Val cred";" ";" ";" ";11/06/2003;"BO";09/08/2019;"111111";"0";"0";"1";" ";"0"
"IJIVCONTRA";"Contrat hebdomadaire";"T";"I";6;2;" ";" ";"000000000000";511;" ";" ";"C2";0;"Durée du contrat";" ";" ";" ";27/02/1996;"BM";25/06/2013;"HQS";"0";"0";"1";" ";"0"
"IJIVMINBAD";"Valeur minimum de badgeages";"N";"I";2;0;"000000000000";"000000000010";"000000000000";511;" ";" ";"C2";0;"Nb min badgeages";" ";" ";" ";29/10/1991;"PAT";25/06/2013;"HQS";"0";"0";"1";" ";"0"
"IJIVMOTFOR";"Motif de forfait temps";"A";"X";10;0;" ";" ";" ";511;"II";" ";"C0";0;"Motif de crédit";" ";" ";" ";20/06/1996;"ADMI";30/08/2018;"333333";"0";"0";"1";" ";"0"
"IJQABSENTJ";"Absence totale jour";"T";"I";6;2;" ";" ";" ";496;" ";" ";"V3";0;"Absence";" ";" ";" ";12/12/2002;"JYC";01/01/1900;" ";"0";" ";"1";" ";"0"
"IJQABSPLF1";"Absence 1ère plage";"T";"I";6;2;" ";" ";"000000000000";496;" ";" ";"V2";0;"Absence plage mat";" ";" ";" ";22/05/2003;"FBR";09/08/2019;"111111";"0";"0";"1";" ";"0"
"IJQABSPLF2";"Absence 2ème plage";"T";"I";6;2;" ";" ";"000000000000";496;" ";" ";"V2";0;"Absence plage soi";" ";" ";" ";22/05/2003;"FBR";09/08/2019;"111111";"0";"0";"1";" ";"0"
"IJQABSPLFJ";"Total absences plages";"T";"I";6;2;" ";" ";"000000000000";496;" ";" ";"V3";0;"Abs.plage fixe jo";" ";" ";" ";12/06/2003;"HQS";09/08/2019;"111111";"0";"0";"1";" ";"0"
"IJQABSPLFT";"Absence plages fixes jour";"T";"I";6;2;" ";" ";"000000000000";496;" ";" ";"V2";0;"Heures retenues";" ";" ";" ";26/02/1996;"CV";07/05/1996;"HQ";"0";" ";"1";" ";"0"
"IEQSPRCHSM";"Solde COR prévisionnel";"T";"I";6;2;" ";" ";"000000000000";480;" ";" ";"V3";0;" ";" ";" ";" ";29/01/2007;"HQS";27/06/2025;"111111";"0";" ";"1";" ";"0"
"IJQARCHSMA";"COR acquis";"T";"I";6;2;" ";" ";"000000000000";496;" ";" ";"V3";0;"RC acquis";" ";" ";" ";25/09/1996;"ADMI";09/08/2019;"111111";"0";"0";"1";" ";"0"
"IJQBHORVAJ";"Heures totales";"T";"I";6;2;" ";" ";"000000000000";496;" ";" ";"V3";0;"Heures totales ..";" ";" ";" ";17/10/1991;"PAT";09/08/2019;"111111";"0";"0";"1";" ";"0"
"IJQBHRSSUP";"Base HS jour";"T";"I";6;2;" ";" ";"000000000000";496;" ";" ";"V3";0;"Base HS du jour .";" ";" ";" ";26/02/1996;"BM";22/05/1997;"HQS";"0";" ";"1";" ";"0"
"IDISANC2";"Seuil ancienneté 2 ""régime 1""";"N";"I";3;0;" ";" ";" ";511;" ";" ";"C3";0;" ";" ";" ";" ";29/04/2019;"111111";30/04/2019;"HQS";"0";"0";"1";" ";"0"
"IDISANC3";"Seuil ancienneté 3 ""régime 1""";"N";"I";3;0;" ";" ";" ";511;" ";" ";"C3";0;" ";" ";" ";" ";29/04/2019;"111111";30/04/2019;"HQS";"0";"0";"1";" ";"0"
"IDISANC4";"Seuil ancienneté 4 ""régime 1""";"N";"I";3;0;" ";" ";" ";511;" ";" ";"C3";0;" ";" ";" ";" ";29/04/2019;"111111";30/04/2019;"HQS";"0";"0";"1";" ";"0"
"IDISANC5";"Seuil ancienneté 5 ""régime 1""";"N";"I";3;0;" ";" ";" ";511;" ";" ";"C3";0;" ";" ";" ";" ";29/04/2019;"111111";30/04/2019;"HQS";"0";"0";"1";" ";"0"
"IDISANC6";"Seuil ancienneté 6 ""régime 1""";"N";"I";3;0;" ";" ";" ";511;" ";" ";"C3";0;" ";" ";" ";" ";29/04/2019;"111111";30/04/2019;"HQS";"0";"0";"1";" ";"0"
"IDISANCMA1";"Seuil ancienneté 1 maladie";"N";"I";3;0;" ";" ";" ";511;" ";" ";"C3";0;" ";" ";" ";" ";06/04/2023;"111111";01/01/1900;" ";"0";" ";"1";" ";"0"
"IJQPAUSE5J";"Pause 5%";"T";"I";6;2;" ";" ";" ";496;" ";" ";"C0";0;" ";" ";" ";" ";16/08/2018;"111111";12/08/2019;"111111";"0";"0";"0";" ";"0"
"IJQCREDEBJ";"Crédit/Débit du jour";"T";"I";6;2;" ";" ";"000000000000";496;" ";" ";"V3";0;"Crédit du jour ..";" ";" ";" ";17/10/1991;"PAT";09/08/2019;"111111";"0";"0";"1";" ";"0"
"IJQDEBADGT";"Dernier badgeage théorique";"T";"I";6;2;" ";" ";" ";256;" ";" ";"V3";0;" ";" ";" ";" ";02/10/2003;"HQS";01/01/1900;" ";"0";" ";"1";" ";"0"
"IHIHSTAUX2";"HS taux 2 (%)";"N";"I";2;0;" ";" ";" ";511;" ";" ";"C3";0;" ";" ";" ";" ";19/02/2025;"111111";01/01/1900;" ";"0";" ";"1";" ";"0"
"IJQDEBADGV";"Dernier badgeage validé";"T";"I";6;2;" ";" ";"000000000000";480;" ";" ";"V2";0;"Dernier badgeage";" ";" ";" ";14/05/2003;"FBR";01/01/1900;" ";"0";" ";"1";" ";"0"
"IJRSAMEAPR";"Calcul interm nbr. samedi a prendre.";"N";"I";2;0;" ";" ";"000000000000";496;" ";"IJRSAMEAPR";"V3";0;" ";" ";" ";" ";09/05/2011;"HQS";12/08/2019;"111111";"0";"0";"1";" ";"0"
"IJRSCENFMA";"Solde congé enfant malade";"N";"I";6;1;" ";" ";" ";496;" ";"IJRSCENFMA";"V3";0;" ";" ";" ";" ";01/12/2017;"HQS";01/01/1900;" ";"0";" ";"1";" ";"0"
"IJRSCOANCI";"Solde congé ancienneté";"N";"I";6;1;" ";" ";" ";496;" ";"IJRSCOANCI";"V3";0;" ";" ";" ";" ";01/12/2017;"HQS";01/01/1900;" ";"0";" ";"1";" ";"0"
"IJRSCOFRAC";"Solde congé fractionnement";"N";"I";6;1;" ";" ";" ";496;" ";"IJRSCOFRAC";"V3";0;" ";" ";" ";" ";01/12/2017;"HQS";01/01/1900;" ";"0";" ";"1";" ";"0"
"IJQDEBORDT";"Présence badgée hors plage totale";"T";"I";6;2;" ";" ";"000000000000";496;" ";" ";"V2";0;"Débordement";" ";" ";" ";26/02/1996;"CV";07/05/1996;"HQ";"0";" ";"1";" ";"0"
"IJQECARTHE";"Ecart hebdo / horaire de référence";"T";"I";6;2;" ";" ";"000000000000";496;" ";" ";"V3";0;" ";" ";" ";" ";01/09/2009;"HQS";01/01/1900;" ";"0";"0";"1";" ";"0"
"IJQECPAUMA";"Ecart pause première plage";"T";"I";6;2;" ";" ";" ";480;" ";" ";"V3";0;" ";" ";" ";" ";01/12/2017;"HQS";09/08/2019;"111111";"0";"0";"1";" ";"0"
"IJQECPAUMI";"Valeur intermed. écart pause méridienne";"T";"I";6;2;" ";" ";"000000000000";480;" ";" ";"V2";0;"Ecart pause DJ";" ";" ";" ";15/05/2003;"FBR";01/01/1900;" ";"0";" ";"1";" ";"0"
"IJQECPAUSM";"Ecart pause déjeuner";"T";"I";6;2;" ";" ";"000000000000";480;" ";" ";"V3";0;" ";" ";" ";" ";18/04/2005;"HQS";09/08/2019;"111111";"0";"0";"1";" ";"0"
"IJQECPAUSO";"Ecart pause seconde plage";"T";"I";6;2;" ";" ";" ";480;" ";" ";"V3";0;" ";" ";" ";" ";01/12/2017;"HQS";09/08/2019;"111111";"0";"0";"1";" ";"0"
"IJQENTREE2";"Entrée 2 plage dynamique";"T";"I";6;2;" ";" ";" ";496;" ";" ";"C0";0;" ";" ";" ";" ";07/08/2018;"111111";14/08/2018;"111111";"0";"0";"1";" ";"0"
"IJQENTREE3";"Entrée 3 plage dynamique";"T";"I";6;2;" ";" ";" ";496;" ";" ";"C0";0;" ";" ";" ";" ";07/08/2018;"111111";14/08/2018;"111111";"0";"0";"1";" ";"0"
"IJQENTREE4";"Entrée 4 plage dynamique";"T";"I";6;2;" ";" ";" ";496;" ";" ";"C0";0;" ";" ";" ";" ";07/08/2018;"111111";14/08/2018;"111111";"0";"0";"1";" ";"0"
"IJQENTREE1";"Entrée 1 plage dynamique";"T";"I";6;2;" ";" ";" ";496;" ";" ";"C0";0;" ";" ";" ";" ";07/08/2018;"111111";14/08/2018;"111111";"0";"0";"1";" ";"0"
"IJQFMILPDJ";"Flag pause mérid. prés. h.s.bad. lend.";"N";"I";2;0;" ";" ";"000000000000";496;" ";" ";"V2";0;"Ind repas mission";" ";" ";" ";11/06/2003;"BO";09/08/2019;"111111";"0";"0";"1";" ";"0"
"IJQFMISBAD";"Flag présence hors site badgée";"N";"I";2;0;" ";" ";"000000000000";496;" ";" ";"V2";0;"Indic. mission badgé";" ";" ";" ";26/05/2003;"HQS";01/01/1900;" ";"0";" ";"1";" ";"0"
"IJQFMISPDJ";"Flag pause médienne mission";"N";"I";2;0;" ";" ";"000000000000";480;" ";" ";"V2";0;"Ind repas mission";" ";" ";" ";15/05/2003;"FBR";15/05/2003;"FBR";"0";" ";"1";" ";"0"
"IJQHANAVEN";"Temps analytique à ventiler";"T";"I";6;2;" ";" ";" ";496;" ";" ";"V3";0;" ";" ";" ";" ";01/12/2017;"HQS";01/01/1900;" ";"0";" ";"1";" ";"0"
"IJQHDIMTRA";"Heures de dimanche";"T";"I";6;2;" ";" ";"000000000000";496;" ";" ";"V3";0;"Heures dimanche";" ";" ";" ";25/09/1996;"ADMI";09/08/2019;"111111";"0";"0";"1";" ";"0"
"IJQHECRETJ";"Heures écrêtées";"T";"I";6;2;" ";" ";"000000000000";496;" ";" ";"V3";0;"Heures ecretées";" ";" ";" ";13/11/1995;"CV";09/08/2019;"111111";"0";"0";"1";" ";"0"
"IJQHECRETP";"Heures écrêtées Crédit/Débit";"T";"L";8;2;" ";" ";"000000000000";496;" ";" ";"V3";0;"Ecretage périod";" ";" ";" ";26/02/1996;"BM";09/08/2019;"111111";"0";"0";"1";" ";"0"
"IJQNUIPEN";"Heures de nuit pour pénibilité";"T";"I";6;2;" ";" ";" ";496;" ";" ";"V2";0;" ";" ";" ";" ";05/12/2017;"HQS";01/01/1900;" ";"0";" ";"1";" ";"0"
"IJQHEXCEDJ";"Heures totales excédentaires";"T";"I";6;2;" ";" ";"000000000000";496;" ";" ";"V3";0;"heures excedentai";" ";" ";" ";12/06/2003;"HQS";09/08/2019;"111111";"0";"0";"1";" ";"0"
"IJQHJFTRAV";"Heures fériées";"T";"I";6;2;" ";" ";"000000000000";496;" ";" ";"V3";0;"Heures feriees";" ";" ";" ";25/09/1996;"ADMI";09/08/2019;"111111";"0";"0";"1";" ";"0"
"IJQHMISSJE";"Durée mission jour en cours";"T";"I";6;2;" ";" ";"000000000000";496;" ";" ";"V3";0;" ";" ";" ";" ";30/03/2005;"HQS";01/01/1900;" ";"0";" ";"1";" ";"0"
"IJQHMISSLE";"Durée mission du lendemain";"T";"I";6;2;" ";" ";"000000000000";496;" ";" ";"V3";0;" ";" ";" ";" ";30/03/2005;"HQS";01/01/1900;" ";"0";" ";"1";" ";"0"
"IJQHNUITBA";"Heures de nuit";"T";"I";6;2;" ";" ";"000000000000";496;" ";" ";"V2";0;"Heures de nuit ..";" ";" ";" ";17/10/1991;"PAT";09/08/2019;"111111";"0";"0";"1";" ";"0"
"IJQHNUITTO";"Heures de nuit payées";"T";"I";6;2;" ";" ";"000000000000";480;" ";" ";"V3";0;"H. nuit payées";" ";" ";" ";15/05/2003;"FBR";09/08/2019;"111111";"0";"0";"1";" ";"0"
"IJQHRSBADG";"Heures badgées au lecteur";"T";"I";6;2;" ";" ";"000000000000";496;" ";" ";"V3";0;"Heures badgées";" ";" ";" ";04/07/1996;"HQ";15/11/2005;"HQS";"0";" ";"1";" ";"0"
"IJQMODL";"Modèle activité à appliquer";"A";"X";10;0;" ";" ";" ";480;" ";" ";"V3";0;" ";" ";" ";" ";23/11/2020;"111111";01/01/1900;" ";"0";" ";"1";" ";"0"
"IJQMVTENT1";"Mouvement entree1";"T";"I";6;2;" ";" ";"000000000000";496;" ";" ";"V2";0;" ";" ";" ";" ";20/03/2007;"HQS";01/01/1900;" ";"0";" ";"1";" ";"0"
"IJQMVTENT2";"Mouvement entree2";"T";"I";6;2;" ";" ";"000000000000";496;" ";" ";"V2";0;" ";" ";" ";" ";20/03/2007;"HQS";01/01/1900;" ";"0";" ";"1";" ";"0"
"IJQMVTENT3";"Mouvement entree3";"T";"I";6;2;" ";" ";"000000000000";496;" ";" ";"V2";0;" ";" ";" ";" ";20/03/2007;"HQS";01/01/1900;" ";"0";" ";"1";" ";"0"
"IJQMVTENT4";"Mouvement entree4";"T";"I";6;2;" ";" ";"000000000000";496;" ";" ";"V2";0;" ";" ";" ";" ";20/03/2007;"HQS";01/01/1900;" ";"0";" ";"1";" ";"0"
"IJQMVTENT5";"Mouvement entree5";"T";"I";6;2;" ";" ";"000000000000";496;" ";" ";"V2";0;" ";" ";" ";" ";20/03/2007;"HQS";01/01/1900;" ";"0";" ";"1";" ";"0"
"IJQMVTSOR1";"Mouvement sortie1";"T";"I";6;2;" ";" ";"000000000000";496;" ";" ";"V2";0;" ";" ";" ";" ";20/03/2007;"HQS";01/01/1900;" ";"0";" ";"1";" ";"0"
"IJQMVTSOR2";"Mouvement sortie2";"T";"I";6;2;" ";" ";"000000000000";496;" ";" ";"V2";0;" ";" ";" ";" ";20/03/2007;"HQS";01/01/1900;" ";"0";" ";"1";" ";"0"
"IJQMVTSOR3";"Mouvement sortie3";"T";"I";6;2;" ";" ";"000000000000";496;" ";" ";"V2";0;" ";" ";" ";" ";20/03/2007;"HQS";01/01/1900;" ";"0";" ";"1";" ";"0"
"TEMISS";"Indicateur pour repas mission";"Z";"X";1;0;"0";"1";"0";496;" ";" ";"V2";0;" ";" ";" ";" ";04/10/1996;"HQ";04/10/1996;"HQ";"0";" ";"1";" ";"0"
"IDIVPLFTHA";"Plafond théorique annuel FJ";"N";"I";6;2;" ";" ";" ";511;" ";" ";"C3";0;" ";" ";" ";" ";07/02/2025;"111111";01/01/1900;" ";"0";" ";"1";" ";"0"
"IDIDDEBCCN";"Début nouvelle CCN métallurgie";"D";"X";10;0;" ";" ";" ";511;" ";" ";"C3";0;" ";" ";" ";" ";29/03/2023;"HQS";01/01/1900;" ";"0";" ";"1";"%Date de début d'application de la nouvelle CCN Métallurgie";"0"
"IDIANC3";"Ancienneté 3";"N";"I";3;0;" ";" ";" ";511;" ";" ";"C3";0;" ";" ";" ";" ";28/02/2025;"111111";01/01/1900;" ";"0";" ";"1";" ";"0"
"IDIMAIN1";"Nb jours maintien 1";"N";"I";3;0;" ";" ";" ";511;" ";" ";"C3";0;" ";" ";" ";" ";28/02/2025;"111111";01/01/1900;" ";"0";" ";"1";" ";"0"
"IDIVMCOPRI";"Congé payé";"A";"X";10;0;" ";" ";" ";511;"II";" ";"C2";0;" ";" ";" ";" ";30/09/2003;"HQS";09/08/2019;"111111";"0";"0";"1";" ";"0"
"IEICTRANNU";"Contrat annuel";"T";"L";8;2;" ";" ";" ";511;" ";" ";"C3";0;"Contrat annuel";" ";" ";" ";14/05/2003;"FBR";25/06/2013;"HQS";"0";"0";"1";" ";"0"
"IEQJTEAFJ";"NbJ prév. travail effectif annuels FJ";"N";"I";6;2;" ";" ";" ";511;" ";" ";"V3";0;" ";" ";" ";" ";07/02/2025;"111111";01/01/1900;" ";"0";" ";"1";" ";"0"
"IJRBHORVAH";"Heures totales hebdomadaires";"T";"I";6;2;" ";" ";"000000000000";480;" ";"IJRBHORVAH";"V3";0;"Total hebdo";" ";" ";" ";15/05/2003;"FBR";12/08/2019;"111111";"0";"0";"1";" ";"0"
"IJRBHORVHR";"Report base HV hebdo";"T";"I";6;2;" ";" ";"000000000000";496;" ";"IJRBHORVAH";"V3";0;"Cumul période heb";" ";" ";" ";13/06/2003;"LF";15/11/2005;"HQS";"0";" ";"1";" ";"0"
"IJRBHORVMR";"Report base HV mensuelle";"T";"L";8;2;" ";" ";"000000000000";496;" ";"IJRTTREFFM";"V3";0;"Cumul période";" ";" ";" ";13/06/2003;"LF";13/06/2003;"LF";"0";" ";"1";" ";"0"
"IJRBHORVPR";"Report base HV période de la veille";"T";"L";8;2;" ";" ";"000000000000";496;" ";"IJRBHORVAP";"V3";0;"Cumul période";" ";" ";" ";26/02/1996;"BM";20/05/1997;"HQS";"0";" ";"1";" ";"0"
"IEIDATEIA";"Date du dernier entretien individuel";"D";"X";10;0;" ";" ";" ";511;" ";" ";"C3";0;" ";" ";" ";" ";30/01/2015;"HQS";30/01/2015;"HQS";"0";"0";"0";" ";"0"
"IDIVMCSUP";"Motif congé supplémentaire";"A";"X";10;0;" ";" ";" ";511;"II";" ";"C3";0;" ";" ";" ";" ";10/02/2025;"111111";01/01/1900;" ";"0";" ";"1";" ";"0"
"IDIOUVERTU";"Ouverture hebdomadaire";"Z";"X";1;0;" ";" ";"0";511;"L";" ";"C2";20;" ";" ";" ";" ";03/07/2015;"HQS";30/11/2015;"HQS";"0";"0";"0";" ";"0"
"IEIDATELOC";"Date de fin de location";"D";"X";10;0;" ";" ";" ";511;" ";" ";"C3";0;" ";" ";" ";" ";08/08/2013;"HQS";01/01/1900;" ";"0";"0";"1";" ";"0"
"IEIDCPAN";"Droit CPAN acquis";"N";"I";2;0;" ";" ";" ";511;" ";" ";"C0";0;" ";" ";" ";" ";30/03/2023;"111111";04/04/2023;"111111";"0";" ";"1";"%Stocke les droits CPAN acquis avant l'entrée en vigueur de la nouvelle CCN";"0"
"IEIFREQVMR";"Fréquence visite médicale renforcée";"N";"I";2;0;" ";" ";" ";511;" ";" ";"C3";0;" ";" ";" ";" ";23/11/2020;"111111";01/01/1900;" ";"0";" ";"1";" ";"0"
"IEIPRTNIV2";"Protecsys niveau 2";"A";"X";30;0;" ";" ";" ";511;"L";" ";"C3";20;" ";" ";" ";" ";30/03/2007;"HQS";17/11/2016;"HQS";"0";"0";"1";" ";"0"
"IEIMAXANNU";"Maximum annuel";"T";"L";8;2;" ";" ";" ";511;" ";" ";"C3";0;" ";" ";" ";" ";29/01/2007;"HQS";25/06/2013;"HQS";"0";"0";"1";" ";"0"
"IEIMAXHEBD";"Maximum hebdomadaire";"T";"I";6;2;" ";" ";" ";511;" ";" ";"C3";0;" ";" ";" ";" ";29/01/2007;"HQS";25/06/2013;"HQS";"0";"0";"1";" ";"0"
"IDIDCANC2";"Droit congé ancienneté 2 ""régime 1""";"N";"I";4;1;" ";" ";" ";511;" ";" ";"C3";0;" ";" ";" ";" ";29/04/2019;"111111";09/08/2019;"111111";"0";"0";"1";" ";"0"
"IEIMODELE";"Modèle de véhicule";"A";"X";10;0;" ";" ";" ";511;"L1";" ";"C3";20;" ";" ";" ";" ";08/08/2013;"HQS";30/11/2015;"HQS";"0";"0";"1";" ";"0"
"IEIPRTNIV3";"Protecsys niveau 3";"A";"X";30;0;" ";" ";" ";511;"L";" ";"C3";20;" ";" ";" ";" ";30/03/2007;"HQS";17/11/2016;"HQS";"0";"0";"1";" ";"0"
"IJQMVTSOR5";"Mouvement sortie5";"T";"I";6;2;" ";" ";"000000000000";496;" ";" ";"V2";0;" ";" ";" ";" ";20/03/2007;"HQS";01/01/1900;" ";"0";" ";"1";" ";"0"
"IJQNABSEN1";"Nombre d absences matin";"N";"I";2;0;" ";" ";"000000000000";496;" ";" ";"V3";0;" ";" ";" ";" ";26/02/1996;"BM";13/10/1997;"HQS";"0";" ";"1";" ";"0"
"IMIGHRPAYE";"Participe aux heures payées";"Z";"X";1;0;"0";"1";"0";511;"C";" ";"C2";0;" ";" ";" ";" ";21/07/2015;"HQS";12/08/2019;"111111";"0";"0";"1";" ";"0"
"IJQNABSEN2";"Nombre d absences après-midi";"N";"I";2;0;" ";" ";"000000000000";496;" ";" ";"V3";0;" ";" ";" ";" ";26/02/1996;"BM";13/10/1997;"HQS";"0";" ";"1";" ";"0"
"IJQNABSENT";"Nombre d absences totales";"N";"I";2;0;" ";" ";"000000000000";496;" ";" ";"V3";0;"Nb d' absences T";" ";" ";" ";26/02/1996;"BM";07/05/1996;"HQ";"0";" ";"1";" ";"0"
"IDIMAIN2";"Nb jours maintien 2";"N";"I";3;0;" ";" ";" ";511;" ";" ";"C3";0;" ";" ";" ";" ";28/02/2025;"111111";01/01/1900;" ";"0";" ";"1";" ";"0"
"ITQJJF";"Jour jour férié";"A";"X";3;0;" ";" ";" ";480;" ";" ";"V3";0;" ";" ";" ";" ";07/02/2025;"111111";01/01/1900;" ";"0";" ";"1";" ";"0"
"IHIMAIN4";"Nb jours maintien 4";"N";"I";3;0;" ";" ";" ";511;" ";" ";"C3";0;" ";" ";" ";" ";28/02/2025;"111111";01/01/1900;" ";"0";" ";"1";" ";"0"
"IDIMOTJF";"Motif jour férié";"A";"X";10;0;" ";" ";" ";480;"II";" ";"C2";0;" ";" ";" ";" ";17/02/2025;"111111";01/01/1900;" ";"0";" ";"1";" ";"0"
"IDIMOTJFT";"Motif jour férié travaillé";"A";"X";10;0;" ";" ";" ";480;"II";" ";"C2";0;" ";" ";" ";" ";17/02/2025;"111111";01/01/1900;" ";"0";" ";"1";" ";"0"
"ITCHEHS";"Durée de chevauchement HS";"T";"I";6;2;" ";" ";" ";256;" ";" ";"V3";0;" ";" ";" ";" ";17/02/2025;"222222";01/01/1900;" ";"0";" ";"1";" ";"0"
"ITCHEHP";"Durée de chevauchement Heure base payée";"T";"I";6;2;" ";" ";" ";256;" ";" ";"V3";0;" ";" ";" ";" ";17/02/2025;"222222";01/01/1900;" ";"0";" ";"1";" ";"0"
"IJRDURMOTH";"Durée des motifs hebdomadaire";"T";"I";6;2;" ";" ";"000000000000";496;" ";"IJRDURMOTH";"V3";0;" ";" ";" ";" ";23/08/2018;"111111";01/01/1900;" ";"0";"0";"1";" ";"0"
"IJRECARANN";"Solde contrat";"T";"L";8;2;" ";" ";"000000000000";496;" ";"IJRECARANN";"V3";0;"Ecart annuel";" ";" ";" ";11/06/2003;"BO";12/08/2019;"111111";"0";"0";"1";" ";"0"
"IJRF2PBHSL";"Flag prés. b.h.s. du lendemain (N2)";"Z";"X";1;0;"0";"9";"0";496;" ";"IJRF2PBHSL";"V2";0;" ";" ";" ";" ";11/06/2003;"BO";01/01/1900;" ";"0";" ";"1";" ";"0"
"IEQSPRJCET";"Solde prévisionnel CET en jours";"N";"I";6;1;" ";" ";" ";480;" ";" ";"V3";0;" ";" ";" ";" ";01/12/2017;"HQS";01/01/1900;" ";"0";" ";"1";" ";"0"
"IJQMVTSOR4";"Mouvement sortie4";"T";"I";6;2;" ";" ";"000000000000";496;" ";" ";"V2";0;" ";" ";" ";" ";20/03/2007;"HQS";01/01/1900;" ";"0";" ";"1";" ";"0"
"IJRF3PBHSL";"Flag prés. b.h.s. du lendemain (N3)";"Z";"X";1;0;"0";"9";"0";496;" ";"IJRF3PBHSL";"V3";0;" ";" ";" ";" ";22/03/2005;"HQS";01/01/1900;" ";"0";" ";"1";" ";"0"
"IJRF3PRBHS";"Flag prés. b. h.s. sur x jours (N3)";"Z";"X";1;0;"0";"9";"0";496;" ";"IJRF3PRBHS";"V3";0;" ";" ";" ";" ";22/03/2005;"HQS";01/01/1900;" ";"0";" ";"1";" ";"0"
"IJRFFINPER";"Flag fin de période horaire variable";"N";"I";2;0;" ";" ";"000000000000";496;" ";"IJRFFINPER";"V3";0;"Indicateur fin pé";" ";" ";" ";20/06/1996;"ADMI";20/06/1996;"ADMI";"0";" ";"1";" ";"0"
"IJICATEGOR";"Catégorie";"A";"X";4;0;" ";" ";"0";511;"L";" ";"C3";20;" ";" ";" ";" ";23/10/2009;"HQS";09/08/2019;"111111";"0";"0";"1";" ";"0"
"IJQNABSPFI";"Nombre de retards jour";"N";"I";2;0;" ";" ";"000000000000";480;" ";" ";"V2";0;"Nbre retards jour";" ";" ";" ";15/05/2003;"FBR";12/08/2019;"111111";"0";"0";"1";" ";"0"
"IJQNACTIVJ";"Nombre d activités";"N";"I";2;0;" ";" ";"000000000000";496;" ";" ";"V3";0;" ";" ";" ";" ";26/02/1996;"BM";13/10/1997;"HQS";"0";" ";"1";" ";"0"
"IJQNBADGEA";"Nombre de badgeages";"N";"I";2;0;"000000000000";"000000000010";" ";496;" ";" ";"V2";0;"Nombre de badgeages";" ";" ";" ";26/02/1996;"BM";08/11/2019;"111111";"0";" ";"1";" ";"0"
"IJQENTREE7";"Entrée 7 plage dynamique";"T";"I";6;2;" ";" ";" ";496;" ";" ";"C0";0;" ";" ";" ";" ";07/08/2018;"111111";14/08/2018;"111111";"0";"0";"1";" ";"0"
"IJQENTREE6";"Entrée 6 plage dynamique";"T";"I";6;2;" ";" ";" ";496;" ";" ";"C0";0;" ";" ";" ";" ";07/08/2018;"111111";14/08/2018;"111111";"0";"0";"1";" ";"0"
"IJQNJTRAVJ";"Nombre de jours travaillés jour";"N";"I";4;1;" ";" ";"000000000000";496;" ";" ";"V3";0;"Nb jrs travaill";" ";" ";" ";19/06/2003;"LF";01/01/1900;" ";"0";" ";"1";" ";"0"
"IJQNPANINU";"Panier nuit";"N";"I";2;0;" ";" ";"000000000000";496;" ";" ";"V3";0;"Panier nuit";" ";" ";" ";22/05/2003;"FBR";01/01/1900;" ";"0";" ";"1";" ";"0"
"IJQNPREQUJ";"Prime jour";"N";"I";2;0;" ";" ";"000000000000";496;" ";" ";"V3";0;"Prime jour";" ";" ";" ";25/09/1996;"ADMI";12/08/2019;"111111";"0";"0";"1";" ";"0"
"IJQPAUMERI";"Pause déjeuner";"T";"I";6;2;" ";" ";"000000000000";480;" ";" ";"V3";0;" ";" ";" ";" ";18/04/2005;"HQS";12/08/2019;"111111";"0";"0";"1";" ";"0"
"IJQPAUMINT";"Valeur interméd. abs. plage pause mérid.";"T";"I";6;2;" ";" ";"000000000000";480;" ";" ";"V2";0;"Absence plage DJ";" ";" ";" ";14/05/2003;"FBR";01/01/1900;" ";"0";" ";"1";" ";"0"
"IJQPAUPPLA";"Pause premiere plage";"T";"I";6;2;" ";" ";"000000000000";496;" ";" ";"V3";0;" ";" ";" ";" ";19/03/2007;"HQS";01/01/1900;" ";"0";" ";"1";" ";"0"
"IJQPAUS5TH";"Pause 5% théorique";"T";"I";6;2;" ";" ";" ";496;" ";" ";"V3";0;" ";" ";" ";" ";16/08/2018;"111111";12/08/2019;"111111";"0";"0";"1";" ";"0"
"IJQPAUSPLA";"Pause seconde plage";"T";"I";6;2;" ";" ";"000000000000";496;" ";" ";"V3";0;" ";" ";" ";" ";19/03/2007;"HQS";01/01/1900;" ";"0";" ";"1";" ";"0"
"IJQPAUSSOI";"Pause seconde plage";"T";"I";6;2;" ";" ";"000000000000";480;" ";" ";"V2";0;" ";" ";" ";" ";19/03/2007;"HQS";12/08/2019;"111111";"0";"0";"1";" ";"0"
"IJQPLGAPM";"Durée des plages après-midi";"T";"I";6;2;" ";" ";" ";496;" ";" ";"V3";0;" ";" ";" ";" ";08/08/2018;"111111";01/01/1900;" ";"0";"0";"0";" ";"0"
"IJQPREJENC";"Présence jour en cours";"T";"I";6;2;" ";" ";"000000000000";256;" ";" ";"V2";0;" ";" ";" ";" ";26/09/1996;"HQ";27/09/1996;"ADMI";"0";" ";"1";" ";"0"
"IJQPRELEND";"Présence du lendemain";"T";"I";6;2;" ";" ";"000000000000";256;" ";" ";"V2";0;" ";" ";" ";" ";26/09/1996;"HQ";22/05/1997;" ";"0";" ";"1";" ";"0"
"IJQPRESBA1";"Présence badgée matin";"T";"I";6;2;" ";" ";"000000000000";496;" ";" ";"V2";0;"Présence matin";" ";" ";" ";29/02/1996;"GB";07/05/1996;"HQ";"0";" ";"1";" ";"0"
"IJRASCSE";"Solde annuel (H)";"T";"L";6;2;" ";" ";" ";504;" ";"IJRASCSE";"V3";0;" ";" ";" ";" ";18/07/2018;"HQS";25/07/2018;"HQS";"0";"0";"1";" ";"0"
"ICIGRPEMPL";"Groupe d'emploi";"A";"X";1;0;" ";" ";" ";511;"L1";" ";"C3";30;" ";" ";" ";" ";06/04/2023;"222222";01/01/1900;" ";"0";"0";"1";" ";"0"
"ICINUMCONT";"N° de contrat (Peoplenet)";"N";"I";2;0;" ";" ";"000000000000";511;" ";" ";"C3";0;" ";" ";" ";" ";02/09/2009;"HQS";25/06/2013;"HQS";"0";"0";"1";" ";"0"
"ICIPERIODE";"Date de fin de période d'essai";"D";"X";10;0;" ";" ";" ";511;" ";" ";"C3";0;" ";" ";" ";" ";08/08/2013;"HQS";01/01/1900;" ";"0";"0";"0";" ";"0"
"ICRSJFTRAV";"Seuil jours fériés travaillés";"N";"I";2;0;" ";" ";"000000000000";511;" ";" ";"C3";0;"Jours fériés";" ";" ";" ";02/01/2003;"RD";25/06/2013;"HQS";"0";"0";"1";" ";"0"
"ICRSNUITTR";"Seuil nuits travaillée";"N";"I";2;0;" ";" ";"000000000000";511;" ";" ";"C3";0;"Nuits de travail";" ";" ";" ";02/01/2003;"RD";25/06/2013;"HQS";"0";"0";"1";" ";"0"
"IJRHEHPV";"Chevauchement Heure base payée veille";"T";"I";6;2;" ";" ";" ";256;" ";"IJRHEHPV";"V3";0;" ";" ";" ";" ";17/02/2025;"222222";01/01/1900;" ";"0";" ";"1";" ";"0"
"ICRSWETRAV";"Seuil Nombre Week-end travaillés";"N";"I";2;0;" ";" ";"000000000000";511;" ";" ";"C3";0;"Week End";" ";" ";" ";02/01/2003;"RD";25/06/2013;"HQS";"0";"0";"1";" ";"0"
"IDIACTBAD";"Activité badgée au lecteur";"A";"X";10;0;" ";" ";" ";511;"II";" ";"C2";0;" ";" ";" ";" ";29/09/2009;"HQS";30/08/2018;"333333";"0";"0";"1";" ";"0"
"IDICALFRAC";"Calcul Congés fractionnement";"Z";"X";1;0;"0";"1";"0";511;"C";" ";"C3";0;" ";" ";" ";" ";26/06/2013;"HQS";29/03/2019;"111111";"0";"0";"1";" ";"0"
"IDIDATPEHS";"Début période HS payées avant fin cycle";"D";"X";10;0;" ";" ";" ";511;" ";" ";"C3";0;" ";" ";" ";" ";08/11/2019;"111111";01/01/1900;" ";"0";" ";"1";" ";"0"
"IDIDCANC1";"Droit congé ancienneté 1 ""régime 1""";"N";"I";4;1;" ";" ";" ";511;" ";" ";"C3";0;" ";" ";" ";" ";29/04/2019;"111111";09/08/2019;"111111";"0";"0";"1";" ";"0"
"IDIDCANC3";"Droit congé ancienneté 3 ""régime 1""";"N";"I";4;1;" ";" ";" ";511;" ";" ";"C3";0;" ";" ";" ";" ";29/04/2019;"111111";09/08/2019;"111111";"0";"0";"1";" ";"0"
"IJQPRESBA2";"Présence badgée après-midi";"T";"I";6;2;" ";" ";"000000000000";496;" ";" ";"V2";0;"Présence a.midi";" ";" ";" ";29/02/1996;"GB";07/05/1996;"HQ";"0";" ";"1";" ";"0"
"IJQNPANIJR";"Panier jour";"N";"I";2;0;" ";" ";"000000000000";496;" ";" ";"V3";0;"Panier jour";" ";" ";" ";22/05/2003;"FBR";01/01/1900;" ";"0";" ";"1";" ";"0"
"IJQPRESBAJ";"Présence badgée";"T";"I";6;2;" ";" ";"000000000000";496;" ";" ";"V2";0;"Présence badgée";" ";" ";" ";21/01/2003;"ADMI";12/08/2019;"111111";"0";"0";"1";" ";"0"
"IJQPRESBAV";"Présence badgée validée";"T";"I";6;2;" ";" ";"000000000000";496;" ";" ";"V3";0;" ";" ";" ";" ";06/06/2003;"BO";01/01/1900;" ";"0";" ";"1";" ";"0"
"IJQPRESEFF";"Base calcul des pauses pour h effectives";"T";"I";6;2;" ";" ";"000000000000";496;" ";" ";"V3";0;" ";" ";" ";" ";08/04/2008;"HQS";01/01/1900;" ";"0";" ";"1";" ";"0"
"IJQPRESNBJ";"Activités créditées";"T";"I";6;2;" ";" ";"000000000000";480;" ";" ";"V3";0;"H non badg. cred";" ";" ";" ";15/05/2003;"FBR";12/08/2019;"111111";"0";"0";"1";" ";"0"
"IJQPRIHOST";"Prime de poste";"N";"I";2;0;" ";" ";"000000000000";496;" ";" ";"V3";0;" ";" ";" ";" ";05/04/2023;"111111";05/04/2023;"111111";"0";" ";"1";" ";"0"
"IJQTT";"Compteur télétravail";"N";"I";4;1;" ";" ";" ";496;" ";" ";"V3";0;" ";" ";" ";" ";23/11/2020;"111111";23/11/2020;"111111";"0";" ";"1";" ";"0"
"IJQTTEFFEJ";"Heures effectives";"T";"I";6;2;" ";" ";"000000000000";480;" ";" ";"V3";0;"Travail eff. jour";" ";" ";" ";15/05/2003;"FBR";12/08/2019;"111111";"0";"0";"1";" ";"0"
"IJQVIDEBOR";"VI - Présence badgée hors plage totale";"T";"I";6;2;" ";" ";"000000000000";256;" ";" ";"V2";0;"Débordement";" ";" ";" ";29/02/1996;"GB";07/05/1996;" ";"0";" ";"1";" ";"0"
"TEP2";"Deuxième pause";"T";"I";6;2;" ";" ";"000000000000";496;" ";" ";"V2";0;"Pause nø 2";" ";" ";" ";21/06/1996;"ADMI";04/10/1996;" ";"0";" ";"1";" ";"0"
"TEP3";"Troisième pause";"T";"I";6;2;" ";" ";"000000000000";496;" ";" ";"V2";0;"Pause nø 3";" ";" ";" ";21/06/1996;"ADMI";04/10/1996;" ";"0";" ";"1";" ";"0"
"IJRABSPLFH";"Total absences plages hebdomadaires";"T";"I";6;2;" ";" ";"000000000000";480;" ";"IJRABSPLFH";"V3";0;"Retenues hebdo";" ";" ";" ";03/06/2003;"HQS";12/08/2019;"111111";"0";"0";"1";" ";"0"
"IPIVHFISRM";"Fin sans retour mission";"T";"I";6;2;" ";" ";"000000000000";511;" ";" ";"C2";0;"Fin s ret";" ";" ";" ";26/09/1996;"ADMI";12/08/2019;"111111";"0";"0";"1";" ";"0"
"IPIVMINBAD";"Nbre minimum de badgeages";"N";"I";2;0;"000000000000";"000000000010";"000000000000";511;" ";" ";"C2";0;"Nbre mini badge";" ";" ";" ";14/05/2003;"FBR";12/08/2019;"111111";"0";"0";"1";" ";"0"
"IDIDCANC4";"Droit congé ancienneté 4 ""régime 1""";"N";"I";4;1;" ";" ";" ";511;" ";" ";"C3";0;" ";" ";" ";" ";29/04/2019;"111111";09/08/2019;"111111";"0";"0";"1";" ";"0"
"IDIDCANC6";"Droit congé ancienneté 6 ""régime 1""";"N";"I";4;1;" ";" ";" ";511;" ";" ";"C3";0;" ";" ";" ";" ";29/04/2019;"111111";09/08/2019;"111111";"0";"0";"1";" ";"0"
"IDIDCANNC1";"Droit congé ancienneté 1 ""régime 2""";"N";"I";4;1;" ";" ";" ";511;" ";" ";"C3";0;" ";" ";" ";" ";29/04/2019;"111111";12/08/2019;"111111";"0";"0";"1";" ";"0"
"IPIVMIPANB";"Minimum pour crédit ou débit";"T";"I";5;2;" ";" ";"000000000000";511;" ";" ";"C2";0;"Mini. Cré";" ";" ";" ";27/02/1996;"CV";12/08/2019;"111111";"0";"0";"1";" ";"0"
"IPIVMISSDV";"Début mission sur départ la veille";"T";"I";6;2;" ";" ";"000000000000";511;" ";" ";"C2";0;" ";" ";" ";" ";23/03/2005;"HQS";12/08/2019;"111111";"0";"0";"1";" ";"0"
"IPIVMOPANB";"Motif de crédit ou débit";"A";"X";10;0;" ";" ";" ";511;"II";" ";"C2";0;"Motif Cré";" ";" ";" ";27/02/1996;"CV";12/08/2019;"111111";"0";"0";"1";" ";"0"
"ISIACTI";"Section gérée en activité";"A";"X";1;0;" ";" ";"0";511;"L";" ";"C3";20;" ";" ";" ";" ";23/11/2020;"111111";04/12/2020;"111111";"0";"0";"1";" ";"0"
"TEANOM";"Indicateur pour positionnement anomalie";"Z";"X";1;0;"0";"1";"0";496;" ";" ";"V3";0;" ";" ";" ";" ";04/10/1996;"HQ";04/10/1996;"HQ";"0";" ";"1";" ";"0"
"ITQTRCSCET";"Controle transfert CSUP en CET";"N";"I";2;0;" ";" ";" ";448;" ";" ";"V3";0;" ";" ";" ";" ";10/02/2025;"111111";01/01/1900;" ";"0";" ";"1";" ";"0"
"IDIANC2";"Ancienneté 2";"N";"I";3;0;" ";" ";" ";511;" ";" ";"C3";0;" ";" ";" ";" ";28/02/2025;"111111";01/01/1900;" ";"0";" ";"1";" ";"0"
"IDIANC4";"Ancienneté 4";"N";"I";3;0;" ";" ";" ";511;" ";" ";"C3";0;" ";" ";" ";" ";28/02/2025;"111111";01/01/1900;" ";"0";" ";"1";" ";"0"
"TEDJACTB";"Indicateur pour activité badgée";"Z";"X";1;0;"0";"1";"0";496;" ";" ";"V2";0;" ";" ";" ";" ";11/06/2003;"BO";01/01/1900;" ";"0";" ";"1";" ";"0"
"IDINBRSAMD";"Nombre de congés samedi à prendre";"N";"I";2;0;"000000000000";" ";"000000000000";511;" ";" ";"C3";0;" ";" ";" ";" ";15/04/2011;"HQS";09/08/2019;"111111";"0";"0";"1";" ";"0"
"IJRABSPLFM";"Total absences plages période";"T";"I";6;2;" ";" ";"000000000000";480;" ";"IJRABSPLFM";"V3";0;"retenues mois";" ";" ";" ";15/05/2003;"FBR";12/08/2019;"111111";"0";"0";"1";" ";"0"
"IJRACRTTJM";"RTT acquis mensuel (J)";"N";"L";6;3;" ";" ";"000000000000";480;" ";"IJRACRTTJM";"V3";0;" ";" ";" ";" ";28/09/2009;"HQS";12/08/2019;"111111";"0";"0";"1";" ";"0"
"IJRAPCSE";"Pris annuel (H)";"T";"L";6;2;" ";" ";" ";504;" ";"IJRAPCSE";"V3";0;" ";" ";" ";" ";18/07/2018;"HQS";25/07/2018;"HQS";"0";"0";"1";" ";"0"
"IJRAPCSEF";"Pris CSE (forfait jour)";"N";"I";6;2;" ";" ";" ";504;" ";"IJRAPCSEF";"V3";0;" ";" ";" ";" ";18/03/2019;"111111";01/01/1900;" ";"0";" ";"1";" ";"0"
"IJRASCSEF";"Solde CSE (forfait jour)";"N";"I";6;2;" ";" ";" ";504;" ";"IJRASCSEF";"V3";0;" ";" ";" ";" ";18/03/2019;"111111";01/01/1900;" ";"0";" ";"1";" ";"0"
"IJRATCSE";"Transfert annuel (H)";"T";"L";6;2;" ";" ";" ";504;" ";"IJRATCSE";"V3";0;" ";" ";" ";" ";18/07/2018;"HQS";25/07/2018;"HQS";"0";"0";"1";" ";"0"
"IJRATCSEF";"Transfert CSE (forfait jour)";"N";"I";6;2;" ";" ";" ";504;" ";"IJRATCSEF";"V3";0;" ";" ";" ";" ";18/03/2019;"111111";01/01/1900;" ";"0";" ";"1";" ";"0"
"IJQSORTIE2";"Sortie 2 plage dynamique";"T";"I";6;2;" ";" ";" ";496;" ";" ";"C0";0;" ";" ";" ";" ";07/08/2018;"111111";14/08/2018;"111111";"0";"0";"1";" ";"0"
"IJQSORTIE3";"Sortie 3 plage dynamique";"T";"I";6;2;" ";" ";" ";496;" ";" ";"C0";0;" ";" ";" ";" ";07/08/2018;"111111";14/08/2018;"111111";"0";"0";"1";" ";"0"
"IJQSORTIE4";"Sortie 4 plage dynamique";"T";"I";6;2;" ";" ";" ";496;" ";" ";"C0";0;" ";" ";" ";" ";07/08/2018;"111111";14/08/2018;"111111";"0";"0";"1";" ";"0"
"IJQSORTIE5";"Sortie 5 plage dynamique";"T";"I";6;2;" ";" ";" ";496;" ";" ";"C0";0;" ";" ";" ";" ";07/08/2018;"111111";14/08/2018;"111111";"0";"0";"1";" ";"0"
"IJQSORTIE6";"Sortie 6 plage dynamique";"T";"I";6;2;" ";" ";" ";496;" ";" ";"C0";0;" ";" ";" ";" ";07/08/2018;"111111";14/08/2018;"111111";"0";"0";"1";" ";"0"
"IJQSORTIE1";"Sortie 1 plage dynamique";"T";"I";6;2;" ";" ";" ";496;" ";" ";"C0";0;" ";" ";" ";" ";07/08/2018;"111111";14/08/2018;"111111";"0";"0";"1";" ";"0"
"IJRBHSMPAH";"Base HS";"T";"I";6;2;" ";" ";"000000000000";496;" ";"IJRBHSMPAH";"V3";0;"Base HS hebdo";" ";" ";" ";26/02/1996;"BM";12/08/2019;"111111";"0";"0";"1";" ";"0"
"IJRBRCHSMH";"Base RC";"T";"I";6;2;" ";" ";" ";496;" ";"IJRBRCHSMH";"V3";0;"Base RC hebdo .";" ";" ";" ";26/02/1996;"BM";12/08/2019;"111111";"0";"0";"1";" ";"0"
"IJRCDCUMAF";"C/D cumulé affichage lecteur";"T";"L";8;2;" ";" ";"000000000000";511;" ";"IJRCREDEBC";"V3";0;"Report crédit ...";" ";" ";" ";21/06/1996;"ADMI";25/06/2013;"HQS";"0";"0";"1";" ";"0"
"IDIGDEBCRE";"Crédit cumulé permanent";"Z";"X";1;0;"0";"1";"0";511;"C";" ";"C3";0;" ";" ";" ";" ";30/09/2003;"HQS";09/08/2019;"111111";"0";"0";"1";" ";"0"
"IEIDIVER01";"Divers";"X";"X";30;0;" ";" ";" ";511;" ";" ";"C3";0;"Divers";" ";" ";" ";13/06/2003;"LF";25/06/2013;"HQS";"0";"0";"1";" ";"0"
"IEIDVISITE";"Date de la dernière visite médicale";"D";"X";10;0;" ";" ";" ";511;" ";" ";"C0";0;" ";" ";" ";" ";01/09/2009;"HQS";23/11/2020;"111111";"0";" ";"1";" ";"0"
"IEIEMPRESS";"Géré dans Ressources";"Z";"X";1;0;" ";" ";" ";511;"L";" ";"C2";10;" ";" ";" ";" ";17/08/2018;"111111";09/08/2019;"111111";"0";"0";"0";" ";"0"
"IHIANC2";"Ancienneté 2";"N";"I";3;0;" ";" ";" ";511;" ";" ";"C3";0;" ";" ";" ";" ";28/02/2025;"111111";01/01/1900;" ";"0";" ";"1";" ";"0"
"IDIMAIN4";"Nb jours maintien 4";"N";"I";3;0;" ";" ";" ";511;" ";" ";"C3";0;" ";" ";" ";" ";28/02/2025;"111111";01/01/1900;" ";"0";" ";"1";" ";"0"
"IHIANC4";"Ancienneté 4";"N";"I";3;0;" ";" ";" ";511;" ";" ";"C3";0;" ";" ";" ";" ";28/02/2025;"111111";01/01/1900;" ";"0";" ";"1";" ";"0"
"IEQSPGCON2";"Solde prév. global des congés période 2";"N";"I";6;1;" ";" ";"000000000000";496;" ";" ";"V3";0;" ";" ";" ";" ";01/12/2017;"HQS";01/01/1900;" ";"0";"0";"1";" ";"0"
"IEQSPRTTHE";"Solde prévisionnel RTT en heures";"T";"L";6;2;" ";" ";"000000000000";480;" ";" ";"V3";0;" ";" ";" ";" ";28/04/2005;"HQS";13/01/2021;"111111";"0";" ";"1";" ";"0"
"IJIM1PRENB";"Motif de crédit ou débit";"A";"X";10;0;" ";" ";" ";511;"II";" ";"C2";0;"Motif de crédit";" ";" ";" ";03/06/2003;"HQS";09/08/2019;"111111";"0";"0";"1";" ";"0"
"IJQHS1COMP";"Hrs complémentaires majorées payées Tx 1";"T";"I";6;2;" ";" ";" ";496;" ";" ";"V3";0;" ";" ";" ";" ";03/09/2009;"HQS";08/11/2019;"111111";"0";" ";"1";" ";"0"
"IJQHSAMTRA";"Heures de samedi";"T";"I";6;2;" ";" ";"000000000000";496;" ";" ";"V3";0;" ";" ";" ";" ";05/03/2008;"HQS";09/08/2019;"111111";"0";"0";"1";" ";"0"
"IJQHSMAPAA";"Heures supplémentaires 25% annuelles";"T";"L";6;2;" ";" ";"000000000000";496;" ";" ";"V3";0;" ";" ";" ";" ";26/04/2005;"HQS";09/08/2019;"111111";"0";"0";"1";" ";"0"
"IJQPRETHEJ";"Présence théorique jour";"T";"I";6;2;" ";" ";" ";496;" ";" ";"C0";0;" ";" ";" ";" ";01/12/2017;"HQS";23/08/2018;"111111";"0";"0";"1";" ";"0"
"IJQMISBADG";"Présence hors site badgée";"T";"I";6;2;" ";" ";"000000000000";496;" ";" ";"V2";0;"Miss badgée";" ";" ";" ";11/06/2003;"HQS";01/01/1900;" ";"0";" ";"1";" ";"0"
"IJQMISBADV";"Présence hors site badgée la veille";"T";"I";6;2;" ";" ";"000000000000";496;" ";" ";"V2";0;" ";" ";" ";" ";22/03/2005;"HQS";23/03/2005;"HQS";"0";" ";"1";" ";"0"
"IJQMISSRET";"Présence h. s.borne déb. et 1er pointage";"T";"I";6;2;" ";" ";"000000000000";496;" ";" ";"V2";0;" ";" ";" ";" ";22/03/2005;"HQS";01/01/1900;" ";"0";" ";"1";" ";"0"
"IJQPLGTOTJ";"Durée totale des plages";"T";"I";6;2;" ";" ";" ";496;" ";" ";"V3";0;" ";" ";" ";" ";08/08/2018;"111111";01/01/1900;" ";"0";"0";"0";" ";"0"
"IJQPRBADGV";"Premier badgeage validé";"T";"I";6;2;" ";" ";"000000000000";480;" ";" ";"V2";0;"Premier badgeage";" ";" ";" ";15/05/2003;"FBR";01/01/1900;" ";"0";" ";"1";" ";"0"
"IJQSORTIE7";"Sortie 7 plage dynamique";"T";"I";6;2;" ";" ";" ";496;" ";" ";"C0";0;" ";" ";" ";" ";07/08/2018;"111111";14/08/2018;"111111";"0";"0";"1";" ";"0"
"IJRDDELEDS";"Droit délégation DS";"T";"I";6;2;" ";" ";"000000000000";480;" ";"IJRDDELEDS";"V3";0;" ";" ";" ";" ";21/11/2017;"HQS";01/01/1900;" ";"0";"0";"1";" ";"0"
"IDIDCSUP";"Droit congé supplémentaire";"N";"I";3;1;" ";" ";" ";511;" ";" ";"C3";0;" ";" ";" ";" ";10/02/2025;"111111";01/01/1900;" ";"0";" ";"1";" ";"0"
"IJRNBABSI";"Nbr absences injustifiées";"N";"L";6;1;" ";" ";" ";496;" ";"IJRNBABSI";"V3";0;" ";" ";" ";" ";13/02/2025;"111111";01/01/1900;" ";"0";" ";"1";" ";"0"
"IDIJOUROUV";"Jours ouvrés / travaillés";"Z";"X";1;0;" ";" ";"0";511;"L";" ";"C2";30;" ";" ";" ";" ";01/07/2015;"HQS";20/11/2019;"111111";"0";"0";"1";" ";"0"
"IJRCDELDFS";"Pris délégation DFS";"T";"I";6;2;" ";" ";"000000000000";480;" ";"IJRCDELDFS";"V3";0;" ";" ";" ";" ";21/11/2017;"HQS";12/08/2019;"111111";"0";"0";"1";" ";"0"
"IHIFORFJ";"Forfait jour";"Z";"X";1;0;"0";"1";" ";511;"C";" ";"C2";0;" ";" ";" ";" ";07/02/2025;"111111";01/01/1900;" ";"0";" ";"1";" ";"0"
"IEQSPRTTJ2";"Solde prév. RTT en jours période 2";"N";"I";6;1;" ";" ";" ";480;" ";" ";"V3";0;" ";" ";" ";" ";01/12/2017;"HQS";11/03/2025;"##########";"0";" ";"1";" ";"0"
"IJRCPCOH";"Congés pris hebdo";"N";"I";5;1;" ";" ";" ";496;" ";"IJRCPCOH";"V3";0;" ";" ";" ";" ";22/08/2018;"#000000001";01/01/1900;" ";"0";"0";"1";" ";"0"
"IJRCPJEUDI";"Calcul intermediaire congé payé jeudi";"N";"I";2;0;" ";" ";"000000000000";496;" ";"IJRCPJEUDI";"V3";0;" ";" ";" ";" ";20/04/2011;"HQS";12/08/2019;"111111";"0";"0";"1";" ";"0"
"IJRCREDEBC";"Crédit/Débit cumulé";"T";"L";8;2;" ";" ";"000000000000";496;" ";"IJRCREDEBC";"V3";0;"Crédit cumulé ...";" ";" ";" ";21/06/1996;"ADMI";12/08/2019;"111111";"0";"0";"1";" ";"0"
"IJRCTRPMOD";"Contrat théorique annuel";"T";"L";8;2;" ";" ";"000000000000";480;" ";"IJRCTRPMOD";"V3";0;"Contrat théo ann.";" ";" ";" ";15/05/2003;"FBR";12/08/2019;"111111";"0";"0";"1";" ";"0"
"IJRCUPMCSE";"Cumul pris mensuel (H)";"T";"I";6;2;" ";" ";" ";504;" ";"IJRCUPMCSE";"V3";0;" ";" ";" ";" ";17/01/2019;"111111";01/01/1900;" ";"0";"0";"1";" ";"0"
"IJRDBADGTV";"Dernier badgeage théorique veille";"T";"I";6;2;" ";" ";" ";256;" ";"IJQDEBADGT";"V3";0;" ";" ";" ";" ";02/10/2003;"HQS";01/01/1900;" ";"0";" ";"1";" ";"0"
"IJRDCOANCI";"Droit congé ancienneté";"N";"I";5;1;" ";" ";" ";496;" ";"IJRDCOANCI";"V3";0;" ";" ";" ";" ";01/12/2017;"HQS";01/01/1900;" ";"0";" ";"1";" ";"0"
"IJRHNUITAN";"Cumul heures de nuit annuel";"T";"L";8;2;" ";" ";"000000000000";511;" ";"IJRHNUITAN";"V3";0;" ";" ";" ";" ";03/07/2015;"HQS";01/01/1900;" ";"0";"0";"1";" ";"0"
"IJRHRECANN";"Cumul annuel HS/HC à récupérer";"T";"L";8;2;" ";" ";" ";496;" ";"IJRHRECANN";"V3";0;"H recup annuell";" ";" ";" ";10/06/2003;"BO";08/11/2019;"111111";"0";" ";"1";" ";"0"
"IJRHSHMAJA";"Cumul annuel HS/HC payées";"T";"L";8;2;" ";" ";" ";496;" ";"IJRHSHMAJA";"V3";0;"Hs supp. annuel";" ";" ";" ";25/09/1996;"ADMI";08/11/2019;"111111";"0";" ";"1";" ";"0"
"IJRHSMPAYA";"Cumul annuel HS/HC";"T";"L";8;2;" ";" ";" ";496;" ";"IJRHSMPAYA";"V3";0;"HS annuelles to";" ";" ";" ";10/06/2003;"BO";08/11/2019;"111111";"0";" ";"1";" ";"0"
"IJRHTRAS01";"Temps de travail semaine 1";"T";"I";6;2;" ";" ";"000000000000";480;" ";"IJRHTRAS01";"V3";0;"Total semaine 1";" ";" ";" ";15/05/2003;"FBR";01/01/1900;" ";"0";" ";"1";" ";"0"
"IJRHTRAS02";"Temps de travail semaine 2";"T";"I";6;2;" ";" ";"000000000000";480;" ";"IJRHTRAS02";"V3";0;"Total semaine 2";" ";" ";" ";15/05/2003;"FBR";01/01/1900;" ";"0";" ";"1";" ";"0"
"IJRHTRAS03";"Temps de travail semaine 3";"T";"I";6;2;" ";" ";"000000000000";480;" ";"IJRHTRAS03";"V3";0;"Total semaine 3";" ";" ";" ";15/05/2003;"FBR";01/01/1900;" ";"0";" ";"1";" ";"0"
"IJRHTRAS04";"Temps de travail semaine 4";"T";"I";6;2;" ";" ";"000000000000";480;" ";"IJRHTRAS04";"V3";0;"Total semaine 4";" ";" ";" ";15/05/2003;"FBR";01/01/1900;" ";"0";" ";"1";" ";"0"
"IJRHTRAS05";"Temps de travail semaine 5";"T";"I";6;2;" ";" ";"000000000000";480;" ";"IJRHTRAS05";"V3";0;"Total semaine 5";" ";" ";" ";15/05/2003;"FBR";01/01/1900;" ";"0";" ";"1";" ";"0"
"IJRHTRAS06";"Temps de travail semaine 6";"T";"I";6;2;" ";" ";"000000000000";480;" ";"IJRHTRAS06";"V3";0;"Total semaine 6";" ";" ";" ";15/05/2003;"FBR";01/01/1900;" ";"0";" ";"1";" ";"0"
"IJRHTRAS07";"Temps de travail semaine 7";"T";"I";6;2;" ";" ";"000000000000";480;" ";"IJRHTRAS07";"V3";0;"Total semaine 7";" ";" ";" ";15/05/2003;"FBR";01/01/1900;" ";"0";" ";"1";" ";"0"
"IJRHTRAS09";"Temps de travail semaine 9";"T";"I";6;2;" ";" ";"000000000000";480;" ";"IJRHTRAS09";"V3";0;"Total semaine 9";" ";" ";" ";15/05/2003;"FBR";01/01/1900;" ";"0";" ";"1";" ";"0"
"IJRHTRAS10";"Temps de travail semaine 10";"T";"I";6;2;" ";" ";"000000000000";480;" ";"IJRHTRAS10";"V3";0;"Total semaine 10";" ";" ";" ";15/05/2003;"FBR";01/01/1900;" ";"0";" ";"1";" ";"0"
"IJRHTRAS11";"Temps de travail semaine 11";"T";"I";6;2;" ";" ";"000000000000";480;" ";"IJRHTRAS11";"V3";0;"Total semaine 11";" ";" ";" ";15/05/2003;"FBR";01/01/1900;" ";"0";" ";"1";" ";"0"
"ITCHEVCD";"Durée de chevauchement C/D";"T";"I";6;2;" ";" ";" ";256;" ";" ";"V3";0;" ";" ";" ";" ";17/02/2025;"222222";01/01/1900;" ";"0";" ";"1";" ";"0"
"IDIDRAZRFJ";"Date RAZ repos N-1 FJ (JJMM)";"A";"X";4;0;" ";" ";" ";511;" ";" ";"C3";0;" ";" ";" ";" ";07/02/2025;"111111";01/01/1900;" ";"0";" ";"1";" ";"0"
"IDIVMABSI";"Absence injustifiée";"A";"X";10;0;" ";" ";" ";511;"II";" ";"C2";0;" ";" ";" ";" ";13/02/2025;"111111";01/01/1900;" ";"0";" ";"1";" ";"0"
"IJQHANAIMP";"Temps analytique imputé";"T";"I";6;2;" ";" ";" ";496;" ";" ";"V2";0;" ";" ";" ";" ";01/12/2017;"HQS";01/01/1900;" ";"0";" ";"1";" ";"0"
"IJRCCOANCI";"Pris congé ancienneté";"N";"I";5;1;" ";" ";" ";496;" ";"IJRCCOANCI";"V3";0;" ";" ";" ";" ";01/12/2017;"HQS";06/03/2025;"111111";"0";" ";"1";" ";"0"
"IJRCRTTJOU";"Pris RTT (J)";"N";"I";6;1;" ";" ";" ";480;" ";"IJRCRTTJOU";"V3";0;" ";" ";" ";" ";01/12/2017;"HQS";11/03/2025;"##########";"0";" ";"1";" ";"0"
"IJRCCOFRAC";"Pris congé fractionnement";"N";"I";6;1;" ";" ";" ";496;" ";"IJRCCOFRAC";"V3";0;" ";" ";" ";" ";01/12/2017;"HQS";06/03/2025;"111111";"0";" ";"1";" ";"0"
"IJRCCOPRIN";"Pris CP";"N";"I";6;1;" ";" ";" ";496;" ";"IJRCCOPRIN";"V3";0;" ";" ";" ";" ";01/12/2017;"HQS";06/03/2025;"111111";"0";" ";"1";" ";"0"
"IJQFABSI";"Flag ABSI demi-journée";"N";"I";3;1;" ";" ";" ";480;" ";" ";"V3";0;" ";" ";" ";" ";13/02/2025;"111111";01/01/1900;" ";"0";" ";"1";" ";"0"
"IEIMEMBCSE";"Membre CSE";"A";"X";1;0;" ";" ";" ";511;"L8";" ";"C3";20;" ";" ";" ";" ";27/05/2019;"111111";01/01/1900;" ";"0";" ";"1";" ";"0"
"IJQNJPRESJ";"Nombre de jours de présence jour";"N";"I";4;1;" ";" ";"000000000000";496;" ";" ";"V3";0;"Nb jrs presence";" ";" ";" ";19/06/2003;"LF";01/01/1900;" ";"0";" ";"1";" ";"0"
"IJRNBMOTIH";"Nombre de motifs hebdomadaire";"N";"I";3;1;" ";" ";"000000000000";496;" ";"IJRNBMOTIH";"V3";0;" ";" ";" ";" ";23/08/2018;"111111";23/11/2020;"111111";"0";" ";"0";" ";"0"
"IJQPAUSMAT";"Pause première plage";"T";"I";6;2;" ";" ";"000000000000";480;" ";" ";"V2";0;" ";" ";" ";" ";19/03/2007;"HQS";12/08/2019;"111111";"0";"0";"1";" ";"0"
"IPIVPREANB";"Valeur de crédit ou débit";"T";"I";5;2;" ";" ";"000000000000";511;" ";" ";"C2";0;"Val. Créd";" ";" ";" ";27/02/1996;"CV";12/08/2019;"111111";"0";"0";"1";" ";"0"
"IDIMAIN3";"Nb jours maintien 3";"N";"I";3;0;" ";" ";" ";511;" ";" ";"C3";0;" ";" ";" ";" ";28/02/2025;"111111";01/01/1900;" ";"0";" ";"1";" ";"0"
"IJRHTRAS08";"Temps de travail semaine 8";"T";"I";6;2;" ";" ";"000000000000";480;" ";"IJRHTRAS08";"V3";0;"Total semaine 8";" ";" ";" ";15/05/2003;"FBR";01/01/1900;" ";"0";" ";"1";" ";"0"
"IJRDDELDFS";"Droit délégation DFS";"T";"I";6;2;" ";" ";"000000000000";480;" ";"IJRDDELDFS";"V3";0;" ";" ";" ";" ";21/11/2017;"HQS";11/01/2018;"HQS";"0";"0";"1";" ";"0"
"TERACTB";"Retour activité badgée";"T";"I";6;2;" ";" ";"000000000000";496;" ";" ";"V2";0;" ";" ";" ";" ";11/06/2003;"BO";01/01/1900;" ";"0";" ";"1";" ";"0"
"IJRSCSUP";"Solde congé supplémentaire";"N";"I";4;1;" ";" ";" ";496;" ";"IJRSCSUP";"V3";0;" ";" ";" ";" ";10/02/2025;"111111";01/01/1900;" ";"0";" ";"1";" ";"0"
"IJQCPCONTI";"Continuité de pose pour décompte CP FRAC";"N";"I";2;0;" ";" ";" ";480;" ";" ";"V3";0;" ";" ";" ";" ";16/07/2025;"HQS";01/01/1900;" ";"0";" ";"1";" ";"0"
"IDIXPRES";"Motif de présence non badgeant";"A";"X";10;0;" ";" ";" ";511;"II";" ";"C2";0;" ";" ";" ";" ";07/04/2025;"222222";01/01/1900;" ";"0";" ";"1";" ";"0"
"IMIMOTIF";"HQ Calendar - Motif";"A";"X";10;0;" ";" ";" ";480;" ";" ";"C2";0;" ";" ";" ";" ";20/02/2025;"HQS";04/04/2025;"111111";"0";" ";"0";" ";"0"
"IJQHS1MAPA";"HS 25%";"T";"I";6;2;" ";" ";"000000000000";496;" ";" ";"V3";0;"Heures sup 25%";" ";" ";" ";25/09/1996;"ADMI";11/03/2025;"##########";"0";" ";"1";"%Nombre d'HS comprises entre le seuil 1 et le seuil 2 définis dans CFG - Consigne associée Z25P";"0"
"IJQHRNMAPA";"HS payées non majorées";"T";"I";6;2;" ";" ";" ";496;" ";" ";"V3";0;" ";" ";" ";" ";21/07/2015;"HQS";11/03/2025;"##########";"0";" ";"1";" ";"0"
"IJQHS2MAPA";"HS 50%";"T";"I";6;2;" ";" ";"000000000000";496;" ";" ";"V3";0;"Heures sup 50%";" ";" ";" ";25/09/1996;"ADMI";11/03/2025;"##########";"0";" ";"1";"%Nombre d'HS réalisées au-delà du seuil 2 défini dans CFG";"0"
"IJQHS1MARE";"HS 25% à récup.";"T";"I";6;2;" ";" ";"000000000000";480;" ";" ";"V3";0;"HS 25% recupérée";" ";" ";" ";15/05/2003;"FBR";11/03/2025;"##########";"0";" ";"1";"%Nombre d'HS à récupérer comprises entre le seuil 1 et le seuil 2 définis dans CFG";"0"
"IJQHS2MARE";"HS 50% à récup.";"T";"I";6;2;" ";" ";"000000000000";480;" ";" ";"V3";0;"HS 50% recupérée";" ";" ";" ";15/05/2003;"FBR";11/03/2025;"##########";"0";" ";"1";"%Nombre d'HS à récupérer réalisées au-delà du seuil 2 défini dans CFG";"0"
"IJQHSNMAP2";"HC 25%";"T";"I";6;2;" ";" ";" ";496;" ";" ";"V3";0;" ";" ";" ";" ";08/11/2019;"111111";11/03/2025;"##########";"0";" ";"1";"|Correspondent aux heures réalisées au-delà des HC à 10%";"0"
"IJRSDONCP";"Don jours de congés";"N";"I";6;1;" ";" ";" ";496;" ";"IJRSDONCP";"V3";0;" ";" ";" ";" ";01/12/2017;"HQS";12/08/2019;"111111";"0";"0";"1";" ";"0"
"TEP1";"Première pause";"T";"I";6;2;" ";" ";"000000000000";496;" ";" ";"V2";0;"Pause nø 1";" ";" ";" ";21/06/1996;"ADMI";04/10/1996;" ";"0";" ";"1";" ";"0"
"IJRADCSEF";"Droit CSE (forfait jour)";"N";"I";6;2;" ";" ";" ";504;" ";"IJRADCSEF";"V3";0;" ";" ";" ";" ";18/03/2019;"111111";01/01/1900;" ";"0";" ";"1";" ";"0"
"IJRNBRJCTR";"Nombre de jours du contrat";"N";"L";4;0;"000000000000";"000000000010";"000000000000";496;" ";"IJRNBRJCTR";"V3";0;" ";" ";" ";" ";05/08/2015;"HQS";01/01/1900;" ";"0";"0";"1";" ";"0"
"IJRNBRNUIT";"Nombre de nuits par semaine";"N";"I";2;0;" ";" ";"000000000000";511;" ";"IJRNBRNUIT";"V3";0;" ";" ";" ";" ";03/07/2015;"HQS";12/08/2019;"111111";"0";"0";"1";" ";"0"
"ISIDCANC3";"Droit congés ancienneté 3 ""RÉGIME 1""";"N";"I";4;1;" ";" ";" ";511;" ";" ";"C3";0;" ";" ";" ";" ";10/02/2025;"111111";01/01/1900;" ";"0";" ";"1";" ";"0"
"ISIDCANC4";"Droit congés ancienneté 4 ""RÉGIME 1""";"N";"I";4;1;" ";" ";" ";511;" ";" ";"C3";0;" ";" ";" ";" ";10/02/2025;"111111";01/01/1900;" ";"0";" ";"1";" ";"0"
"NOM";"Nom de l'employé";"U";"X";40;0;" ";" ";" ";256;" ";" ";"*0";0;"Nom";" ";" ";" ";12/07/2013;"*DIC";13/10/2025;"*DIC";"0";" ";"0";" ";"1"
"NOMPRE";"Nom et prénom de l'employé";"U";"X";50;0;" ";" ";" ";256;" ";" ";"*0";0;"Nom et prénom";" ";" ";" ";25/06/1991;"*DIC";13/10/2025;"*DIC";"0";" ";"0";" ";"1"
"PRENOM";"Prénom de l'employé";"U";"X";40;0;" ";" ";" ";256;" ";" ";"*0";0;"Prénom";" ";" ";" ";12/07/2013;"*DIC";13/10/2025;"*DIC";"0";" ";"0";" ";"1"
"ANO1";"Anomalie 1";"A";"X";4;0;" ";" ";" ";256;" ";" ";"*3";0;" ";" ";" ";" ";30/06/2010;"*AS";13/10/2025;"*DIC";"0";" ";"1";" ";"0"
"DATADMSUI";"Date contrat admin suivante";"D";"X";10;0;" ";" ";" ";256;" ";" ";"*0";0;" ";" ";" ";" ";03/02/2009;"*DIC";13/10/2025;"*DIC";"0";" ";"1";" ";"0"
"E2SEXE";"Code sexe";"A";"X";1;0;" ";" ";" ";256;" ";" ";"*0";0;"Code sexe";" ";" ";" ";25/06/1991;"*DIC";13/10/2025;"*DIC";"0";" ";"1";" ";"0"
"E2VILLE";"Ville";"U";"X";40;0;" ";" ";" ";256;" ";" ";"*0";0;"Ville";" ";" ";" ";25/06/1991;"*DIC";13/10/2025;"*DIC";"0";" ";"1";" ";"0"
"HIPTDE";"Dernier pointage de la plage";"T";"I";6;2;" ";" ";" ";256;" ";" ";"*0";0;" ";" ";" ";" ";03/01/1994;"DEMO";13/10/2025;"*DIC";"0";" ";"1";" ";"0"
"NOMRED";"Nom abrégé de l'Employé";"A";"X";10;0;" ";" ";" ";256;" ";" ";"*0";0;"Agent";" ";" ";" ";25/06/1991;"*DIC";13/10/2025;"*DIC";"0";" ";"1";" ";"1"
"ANNATTRI";"Attribution d'annualisation";"A";"X";10;0;" ";" ";" ";256;" ";" ";"*0";0;"Théo profil annuali.";" ";" ";" ";01/12/2000;"*DIC";13/10/2025;"*DIC";"0";" ";"1";" ";"0"
"ANNHOR";"Durée du cycle d'annualisation";"N";"L";4;0;" ";" ";" ";256;" ";" ";"*0";0;"Durée cy annuali.";" ";" ";" ";01/12/2000;"*DIC";13/10/2025;"*DIC";"0";" ";"1";" ";"0"
"ANNHORA";"Code horaire d'annualisation";"A";"X";10;0;" ";" ";" ";256;" ";" ";"*0";0;"Code horaire plannuel";" ";" ";" ";01/12/2000;"*DIC";13/10/2025;"*DIC";"0";" ";"1";" ";"0"
"ANNHORH";"Durée hebdo d'annualisation";"N";"I";2;0;" ";" ";" ";256;" ";" ";"*0";0;"Durée hebdo cy annuali";" ";" ";" ";01/12/2000;"*DIC";13/10/2025;"*DIC";"0";" ";"1";" ";"0"
"ANNLGCY";"Longueur du cycle d'annualisation";"N";"I";2;0;" ";" ";" ";256;" ";" ";"*0";0;"Lg cycle annuali.";" ";" ";" ";01/12/2000;"*DIC";13/10/2025;"*DIC";"0";" ";"1";" ";"0"
"DATCRE";"Date de création";"D";"X";10;0;" ";" ";" ";256;" ";" ";"*0";0;" ";" ";" ";" ";30/06/2010;"*AS";13/10/2025;"*DIC";"0";" ";"1";" ";"0"
"ANNPRECY";"Théorique profil d'annualisation";"N";"I";2;0;" ";" ";" ";256;" ";" ";"*0";0;"Théo profil annuali.";" ";" ";" ";01/12/2000;"*DIC";13/10/2025;"*DIC";"0";" ";"1";" ";"0"
"ANNPROCY";"Profil horaire d'annualisation";"A";"X";10;0;" ";" ";" ";256;" ";" ";"*0";0;"Profil annuali.";" ";" ";" ";01/12/2000;"*DIC";13/10/2025;"*DIC";"0";" ";"1";" ";"0"
"ANNRG";"Rang code horaire d'annualisation";"N";"I";2;0;" ";" ";" ";256;" ";" ";"*0";0;"Rang horaire annuali.";" ";" ";" ";01/12/2000;"*DIC";13/10/2025;"*DIC";"0";" ";"1";" ";"0"
"ANNUL";"Demande annulation";"A";"X";1;0;" ";" ";" ";256;" ";" ";"*0";0;"Demande annulation";" ";" ";" ";19/07/2007;"*DIC";13/10/2025;"*DIC";"0";" ";"1";" ";"0"
"ANO2";"Anomalie 2";"A";"X";4;0;" ";" ";" ";256;" ";" ";"*3";0;" ";" ";" ";" ";30/06/2010;"*AS";13/10/2025;"*DIC";"0";" ";"1";" ";"0"
"ANO3";"Anomalie 3";"A";"X";4;0;" ";" ";" ";256;" ";" ";"*3";0;" ";" ";" ";" ";30/06/2010;"*AS";13/10/2025;"*DIC";"0";" ";"1";" ";"0"
"ANO4";"Anomalie 4";"A";"X";4;0;" ";" ";" ";256;" ";" ";"*3";0;" ";" ";" ";" ";30/06/2010;"*AS";13/10/2025;"*DIC";"0";" ";"1";" ";"0"
"ANO5";"Anomalie 5";"A";"X";4;0;" ";" ";" ";256;" ";" ";"*3";0;" ";" ";" ";" ";30/06/2010;"*AS";13/10/2025;"*DIC";"0";" ";"1";" ";"0"
"ISIDCANC5";"Droit congés ancienneté 5 ""RÉGIME 1""";"N";"I";4;1;" ";" ";" ";511;" ";" ";"C3";0;" ";" ";" ";" ";10/02/2025;"111111";01/01/1900;" ";"0";" ";"1";" ";"0"
"IJRTTEFFEH";"Heures effectives hebdomadaires";"T";"I";6;2;" ";" ";"000000000000";480;" ";"IJRTTEFFEH";"V3";0;"Travail eff. hebdo";" ";" ";" ";15/05/2003;"FBR";12/08/2019;"111111";"0";"0";"1";" ";"0"
"IJRTTEFFEM";"Heures effectives période";"T";"L";8;2;" ";" ";"000000000000";480;" ";"IJRTTEFFEM";"V3";0;"Travail eff. mois";" ";" ";" ";15/05/2003;"FBR";12/08/2019;"111111";"0";"0";"1";" ";"0"
"IJRTTEPMOD";"Heures effectives annuelles";"T";"L";8;2;" ";" ";"000000000000";480;" ";"IJRTTEPMOD";"V3";0;"Travail eff. an";" ";" ";" ";15/05/2003;"FBR";12/08/2019;"111111";"0";"0";"1";" ";"0"
"IJRTTREFFM";"Heures totales période";"T";"L";8;2;" ";" ";"000000000000";480;" ";"IJRTTREFFM";"V3";0;"Total mois";" ";" ";" ";15/05/2003;"FBR";08/04/2008;"HQS";"0";" ";"1";" ";"0"
"IJRVCTANNM";"Contrat périodique";"T";"I";6;2;" ";" ";"000000000000";480;" ";"IJRVCTANNM";"V3";0;"Contrat annu mois";" ";" ";" ";15/05/2003;"FBR";08/04/2008;"HQS";"0";" ";"1";" ";"0"
"IJRVICRD01";"VI - C/D cumulé";"T";"L";8;2;" ";" ";"000000000000";496;" ";"IJRVICRD01";"V3";0;"Crédit cumulé ...";" ";" ";" ";26/02/1996;"BM";27/03/1997;"ADMI";"0";" ";"1";" ";"0"
"IJRVISITER";"Flag Visite médicale de reprise";"N";"I";2;0;" ";" ";"000000000000";496;" ";"IJRVISITER";"V3";0;" ";" ";" ";" ";19/05/2011;"HQS";01/01/1900;" ";"0";"0";"1";" ";"0"
"IMIALIGA";"Alimenté par l'activité";"Z";"X";1;0;" ";" ";"0";511;"L";" ";"C3";20;" ";" ";" ";" ";23/11/2020;"111111";01/01/1900;" ";"0";"0";"1";" ";"0"
"IMIGDURABS";"Gestion de la durée du motif";"A";"X";3;0;" ";" ";"0";511;"L";" ";"C2";20;" ";" ";" ";" ";10/08/2018;"111111";01/01/1900;" ";"0";"0";"1";" ";"0"
"IMIGHNUITT";"Maintien des heures de nuit";"Z";"X";1;0;"0";"1";"0";511;"C";" ";"C2";0;"Maintien h. de nuit";" ";" ";" ";14/05/2003;"FBR";12/08/2019;"111111";"0";"0";"1";" ";"0"
"IHIVPLFTHA";"Plafond théorique annuel FJ";"N";"I";6;2;" ";" ";" ";511;" ";" ";"C3";0;" ";" ";" ";" ";07/02/2025;"111111";01/01/1900;" ";"0";" ";"1";" ";"0"
"IMIGHRSSUP";"Participe aux HS/HC";"Z";"X";1;0;"0";"1";"0";511;"C";" ";"C2";0;"Participe aux HS";" ";" ";" ";27/02/1996;"CV";30/04/2020;"111111";"0";" ";"1";" ";"0"
"IMIGPANIJR";"Participe au panier jour";"Z";"X";1;0;"0";"1";"0";511;"C";" ";"C2";0;"Part. panier de jour";" ";" ";" ";03/06/2003;"HQS";12/08/2019;"111111";"0";"0";"1";" ";"0"
"IMIGPANINU";"Participe au panier nuit";"Z";"X";1;0;"0";"1";"0";511;"C";" ";"C2";0;"Part. panier de nuit";" ";" ";" ";03/06/2003;"HQS";12/08/2019;"111111";"0";"0";"1";" ";"0"
"IMIGPRIEQJ";"Participe au calcul de la prime de jour";"Z";"X";1;0;"0";"1";"0";511;"C";" ";"C2";0;"Participe prime jour";" ";" ";" ";27/02/1996;"CV";12/08/2019;"111111";"0";"0";"1";" ";"0"
"IMIGPRIEQN";"Participe au calcul de la prime de nuit";"Z";"X";1;0;"0";"1";"0";511;"C";" ";"C2";0;"Participe prime nuit";" ";" ";" ";27/02/1996;"CV";12/08/2019;"111111";"0";"0";"1";" ";"0"
"IMIGPRIMH";"Participe à la prime de poste";"Z";"X";1;0;"0";"1";"0";511;"C";" ";"C2";0;" ";" ";" ";" ";05/04/2023;"111111";01/01/1900;" ";"0";" ";"1";" ";"0"
"IHICODPLAN";"Code sur planning";"X";"X";10;0;" ";" ";" ";448;" ";" ";"C2";0;" ";" ";" ";" ";10/02/2025;"111111";01/01/1900;" ";"0";" ";"1";" ";"0"
"IMIGPRISPE";"Participe au calcul de la prime spécif.";"Z";"X";1;0;"0";"1";"0";511;"C";" ";"C2";0;" ";" ";" ";" ";30/09/2003;"HQS";12/08/2019;"111111";"0";"0";"1";" ";"0"
"IMIGRCHSMA";"Participe au RC";"Z";"X";1;0;"0";"1";"0";511;"C";" ";"C2";0;"Participe au RC";" ";" ";" ";27/02/1996;"CV";12/08/2019;"111111";"0";"0";"1";" ";"0"
"IMIGRETETR";"Participe au RTT";"Z";"X";1;0;"0";"1";"0";511;"C";" ";"C2";0;"Participe au RTT";" ";" ";" ";14/05/2003;"FBR";12/08/2019;"111111";"0";"0";"1";" ";"0"
"IDIAGECSUP";"Age d'acquisition congé supplémentaire";"N";"I";2;0;" ";" ";" ";511;" ";" ";"C3";0;" ";" ";" ";" ";10/02/2025;"111111";01/01/1900;" ";"0";" ";"1";" ";"0"
"IJRJTRAM";"Présence mensuelle";"N";"I";5;1;" ";" ";" ";496;" ";"IJRJTRAM";"V3";0;" ";" ";" ";" ";07/02/2025;"111111";06/03/2025;"111111";"0";" ";"1";" ";"0"
"IMIINTOUTL";"HQ Calendar - Interface";"A";"X";1;0;" ";" ";"0";480;"L";" ";"C2";20;" ";" ";" ";" ";03/03/2008;"HQS";20/02/2025;"HQS";"0";"0";"1";" ";"0"
"ISIDCSUP";"Droit congé supplémentaire";"N";"I";3;1;" ";" ";" ";511;" ";" ";"C3";0;" ";" ";" ";" ";10/02/2025;"111111";01/01/1900;" ";"0";" ";"1";" ";"0"
"IHINBABRTT";"Nombre RTT abattu";"N";"I";6;2;" ";" ";" ";496;" ";" ";"C3";0;" ";" ";" ";" ";27/02/2025;"222222";01/01/1900;" ";"0";" ";"1";"%Nombre de RTT abattu en fonction de l'atteinte du seuil IHIABTRTT";"0"
"IHINBRTT";"Nbre de jours de repos annuels / RTT";"N";"I";4;1;"000000000000";" ";"000000000000";496;" ";" ";"C3";0;" ";" ";" ";" ";27/02/2025;"222222";01/01/1900;" ";"0";" ";"1";"%Nombre de jours annuel à prendre en compte au niveau du code horaire%Si inférieur ou égal à zéro c'est la donnée de CFG qui est prise en compte PARD_IDISRPEP";"0"
"IHIVMREFCP";"Date de référence congé payé (JJMM)";"A";"X";4;0;" ";" ";" ";511;" ";" ";"C2";0;" ";" ";" ";" ";19/02/2025;"111111";01/01/1900;" ";"0";" ";"1";" ";"0"
"IMIGTICKRE";"Maintien ticket restaurant";"Z";"X";1;0;"0";"1";"0";511;"C";" ";"C2";0;" ";" ";" ";" ";03/05/2005;"HQS";12/08/2019;"111111";"0";"0";"1";" ";"0"
"IMIGTPAUS5";"Participe au temps de pause 5%";"Z";"X";1;0;"0";"1";"0";511;"C";" ";"C2";0;" ";" ";" ";" ";14/08/2018;"111111";12/08/2019;"111111";"0";"0";"0";" ";"0"
"IMIMATRICS";"Matricule à créditer CSE";"A";"X";10;0;" ";" ";" ";504;"IH";" ";"C2";0;" ";" ";" ";" ";18/07/2018;"HQS";19/07/2018;"HQS";"0";"0";"1";" ";"0"
"INMISS";"Mission autorisée";"Z";"X";1;0;" ";" ";"0";511;"L";" ";"C2";20;"Missions autorisé";" ";" ";" ";17/10/1991;"PAT";12/08/2019;"111111";"0";"0";"1";" ";"0"
"INMOD";"Suivi analytique";"Z";"X";1;0;" ";" ";"0";511;"L";" ";"C2";20;"Suivi analytique";" ";" ";" ";11/06/1996;"HQ";12/08/2019;"111111";"0";"0";"1";" ";"0"
"INSALA";"Transfert paie";"Z";"X";1;0;"0";"1";"0";511;"C";" ";"C2";0;"Salarié .........";" ";" ";" ";17/10/1991;"PAT";12/08/2019;"111111";"0";"0";"1";" ";"0"
"IPIABSFORJ";"Durée de l'absence jour forfaitaire";"T";"I";6;2;" ";" ";" ";511;" ";" ";"C2";0;" ";" ";" ";" ";04/03/2008;"HQS";25/06/2013;"HQS";"0";"0";"1";" ";"0"
"IPIABSFORM";"Durée de l'absence matin forfaitaire";"T";"I";6;2;" ";" ";" ";511;" ";" ";"C2";0;" ";" ";" ";" ";04/03/2008;"HQS";25/06/2013;"HQS";"0";"0";"1";" ";"0"
"IPIABSFORS";"Durée de l'absence soir forfaitaire";"T";"I";6;2;" ";" ";" ";511;" ";" ";"C2";0;" ";" ";" ";" ";04/03/2008;"HQS";25/06/2013;"HQS";"0";"0";"1";" ";"0"
"IPIGPAUSME";"Pause créditée";"Z";"X";1;0;" ";" ";" ";511;"L";" ";"C2";20;"Ajout pause";" ";" ";" ";14/05/2003;"FBR";12/08/2019;"111111";"0";"0";"1";" ";"0"
"IJIGHSUPPM";"Régime HS/HC";"Z";"X";1;0;" ";" ";" ";511;"L";" ";"C2";20;"Regime HS";" ";" ";" ";15/05/2003;"FBR";11/03/2025;"##########";"0";"0";"1";" ";"0"
"IPIHDPRBHS";"Début de mission autorisée";"T";"I";6;2;" ";" ";"000000000000";511;" ";" ";"C2";0;"HDeb miss";" ";" ";" ";27/02/1996;"CV";12/08/2019;"111111";"0";"0";"1";" ";"0"
"IPINPRIEQN";"Prime de nuit";"Z";"X";1;0;"0";"1";"0";511;"C";" ";"C2";0;"Prime Nt";" ";" ";" ";27/02/1996;"CV";12/08/2019;"111111";"0";"0";"1";" ";"0"
"IPISABSPLF";"Seuil absences plages";"T";"I";6;2;" ";" ";"000000000000";511;" ";" ";"C2";0;"Seuil h ret";" ";" ";" ";11/06/2003;"BO";12/08/2019;"111111";"0";"0";"1";" ";"0"
"IPISPANIJR";"Seuil déclenchement prime panier jour";"T";"I";6;2;" ";" ";" ";511;" ";" ";"C2";0;" ";" ";" ";" ";11/10/2005;"HQS";12/08/2019;"111111";"0";"0";"1";" ";"0"
"IPISPANINU";"Seuil déclenchement prime panier nuit";"T";"I";6;2;" ";" ";" ";511;" ";" ";"C2";0;" ";" ";" ";" ";11/10/2005;"HQS";12/08/2019;"111111";"0";"0";"1";" ";"0"
"IPISPRIDIV";"Seuil déclenchement prime divers";"T";"I";6;2;" ";" ";" ";511;" ";" ";"C2";0;" ";" ";" ";" ";11/10/2005;"HQS";25/06/2013;"HQS";"0";"0";"1";" ";"0"
"IPISPRIEQJ";"Seuil déclenchement prime jour";"T";"I";6;2;" ";" ";" ";511;" ";" ";"C2";0;" ";" ";" ";" ";11/10/2005;"HQS";12/08/2019;"111111";"0";"0";"1";" ";"0"
"IPISPRIEQN";"Seuil déclenchement prime nuit";"T";"I";6;2;" ";" ";" ";511;" ";" ";"C2";0;" ";" ";" ";" ";11/10/2005;"HQS";12/08/2019;"111111";"0";"0";"1";" ";"0"
"ITQTRCACET";"Controle transfert CA en CET";"N";"I";2;0;" ";" ";" ";448;" ";" ";"V3";0;" ";" ";" ";" ";14/01/2016;"HQS";01/01/1900;" ";"0";"0";"1";" ";"0"
"IHIDRCPMAL";"Acquis congé payé maladie";"N";"I";5;2;" ";" ";" ";511;" ";" ";"C3";0;" ";" ";" ";" ";07/02/2025;"111111";01/01/1900;" ";"0";" ";"1";" ";"0"
"ITQTRCFCET";"Controle transfert CF en CET";"N";"I";2;0;" ";" ";" ";448;" ";" ";"V3";0;" ";" ";" ";" ";14/01/2016;"HQS";01/01/1900;" ";"0";"0";"1";" ";"0"
"ITQTRCPCET";"Contrôle transfert congé payé en CET";"N";"I";2;0;" ";" ";" ";448;" ";" ";"V3";0;" ";" ";" ";" ";14/01/2016;"HQS";12/08/2019;"111111";"0";"0";"1";" ";"0"
"ITQTRCPDON";"Contrôle transfert congé payé en DONS";"N";"I";2;0;" ";" ";" ";448;" ";" ";"V3";0;" ";" ";" ";" ";14/01/2016;"HQS";12/08/2019;"111111";"0";"0";"1";" ";"0"
"IJQJTEAFJ";"NbJ travail effectif journalier FJ";"N";"I";6;2;" ";" ";" ";511;" ";" ";"V3";0;" ";" ";" ";" ";07/02/2025;"111111";01/01/1900;" ";"0";" ";"1";" ";"0"
"IJRCDELEDS";"Pris délégation DS";"T";"I";6;2;" ";" ";"000000000000";480;" ";"IJRCDELEDS";"V3";0;" ";" ";" ";" ";21/11/2017;"HQS";12/08/2019;"111111";"0";"0";"1";" ";"0"
"IJRCDPERMA";"Crédit/Débit";"T";"L";8;2;" ";" ";"000000000000";496;" ";"IJRCDPERMA";"V3";0;"Crédit perman.";" ";" ";" ";26/02/1996;"BM";12/08/2019;"111111";"0";"0";"1";" ";"0"
"IJRCDVEILL";"C/D permanent veille";"T";"L";8;2;" ";" ";"000000000000";496;" ";"IJRCDPERMA";"V3";0;"Crédit permanent";" ";" ";" ";26/02/1996;"BM";16/11/2005;"HQS";"0";" ";"1";" ";"0"
"IDIDDEBANN";"Début période annualisation";"D";"X";10;0;" ";" ";" ";496;" ";" ";"C3";0;"Début annual";" ";" ";" ";12/06/2003;"LF";27/02/2025;"222222";"0";" ";"1";" ";"0"
"IJRCOVER";"Jours de congés versés";"N";"I";5;2;" ";" ";" ";496;" ";"IJRCOVER";"V3";0;" ";" ";" ";" ";01/08/2018;"#000000001";01/01/1900;" ";"0";"0";"1";" ";"0"
"IPISRTTACD";"Seuil acquis demi RTT";"T";"I";6;2;" ";" ";"000000000000";511;" ";" ";"C2";0;" ";" ";" ";" ";23/03/2005;"HQS";12/08/2019;"111111";"0";"0";"1";" ";"0"
"IPISRTTACQ";"Seuil acquis total RTT";"T";"I";6;2;" ";" ";"000000000000";511;" ";" ";"C2";0;" ";" ";" ";" ";23/03/2005;"HQS";12/08/2019;"111111";"0";"0";"1";" ";"0"
"IPIVDEBOR2";"Seuil Heures excédentaires en sortie";"T";"I";6;2;" ";" ";"000000000000";511;" ";" ";"C2";0;"Débor Soi";" ";" ";" ";27/02/1996;"CV";23/11/2020;"111111";"0";" ";"1";" ";"0"
"IPIVFPAUSO";"Durée pause seconde plage";"T";"I";6;2;" ";" ";"000000000000";511;" ";" ";"C2";0;" ";" ";" ";" ";19/03/2007;"HQS";12/08/2019;"111111";"0";"0";"1";" ";"0"
"IJRNJTRMCP";"Nbr jours trav. mens. pour acquis CP";"N";"I";4;1;" ";" ";"000000000000";480;" ";"IJRNJTRMCP";"V3";0;" ";" ";" ";" ";06/06/2011;"HQS";01/01/1900;" ";"0";"0";"1";" ";"0"
"IJRMDCSE10";"Droit mensuel M-10 (H)";"T";"I";6;2;" ";" ";" ";504;" ";"IJRMDCSE10";"V3";0;" ";" ";" ";" ";18/03/2019;"111111";01/01/1900;" ";"0";" ";"1";" ";"0"
"IJRADCSE";"Droit annuel réel (H)";"T";"L";6;2;" ";" ";" ";504;" ";"IJRADCSE";"V3";0;" ";" ";" ";" ";18/07/2018;"HQS";25/07/2018;"HQS";"0";"0";"1";" ";"0"
"IJRMDCSE11";"Droit mensuel M-11 (H)";"T";"I";6;2;" ";" ";" ";504;" ";"IJRMDCSE11";"V3";0;" ";" ";" ";" ";18/03/2019;"111111";01/01/1900;" ";"0";" ";"1";" ";"0"
"DESIGNA";"Désignation";"U";"X";40;0;" ";" ";" ";256;" ";" ";"*0";0;" ";" ";" ";" ";03/06/2022;"*DIC";13/10/2025;"*DIC";"0";"0";"1";" ";"0"
"EVETAT";"Etat";"A";"X";1;0;" ";" ";" ";256;" ";" ";"*0";0;" ";" ";" ";" ";22/05/2007;"*DIC";13/10/2025;"*DIC";"0";" ";"1";" ";"0"
"IMIGCREDNB";"Crédit heures totales non badgeants";"Z";"X";1;0;"0";"1";"0";511;"C";" ";"C2";0;" ";" ";" ";" ";27/07/2015;"HQS";12/08/2019;"111111";"0";"0";"1";" ";"0"
"IPIVARTTEM";"Valeur acquis. RTT initiative employeur";"T";"I";6;2;" ";" ";" ";511;" ";" ";"C2";0;"RTT employeur";" ";" ";" ";14/05/2003;"FBR";25/06/2013;"HQS";"0";"0";"1";" ";"0"
"IPIVARTTSA";"Acquis journalier RTT";"T";"I";6;2;" ";" ";" ";511;" ";" ";"C2";0;"RTT salarié";" ";" ";" ";14/05/2003;"FBR";12/08/2019;"111111";"0";"0";"1";" ";"0"
"IPIVFPAUMA";"Durée pause première plage";"T";"I";6;2;" ";" ";"000000000000";511;" ";" ";"C2";0;" ";" ";" ";" ";19/03/2007;"HQS";12/08/2019;"111111";"0";"0";"1";" ";"0"
"IJRPRESNBM";"Activités créditées période";"T";"I";6;2;" ";" ";"000000000000";496;" ";"IJRPRESNBM";"V3";0;"Activités credit. pe";" ";" ";" ";26/05/2003;"HQS";12/08/2019;"111111";"0";"0";"1";" ";"0"
"IJRPRETHEH";"Théorie hebdomadaire";"T";"I";6;2;" ";" ";"000000000000";480;" ";"IJRPRETHEH";"V3";0;"Théorie hebdo";" ";" ";" ";15/05/2003;"FBR";12/08/2019;"111111";"0";"0";"1";" ";"0"
"IDISANNC5";"Seuil ancienneté 5 ""régime 2""";"N";"I";3;0;" ";" ";" ";511;" ";" ";"C3";0;" ";" ";" ";" ";29/04/2019;"111111";30/04/2019;"HQS";"0";"0";"1";" ";"0"
"IEIDATECTR";"Date du prochain contrôle technique";"D";"X";10;0;" ";" ";" ";511;" ";" ";"C3";0;" ";" ";" ";" ";08/08/2013;"HQS";01/01/1900;" ";"0";"0";"1";" ";"0"
"IJIGACTBAD";"Activité badgée autorisée";"Z";"X";1;0;"0";"1";"0";511;"C";" ";"C2";0;" ";" ";" ";" ";23/03/2005;"HQS";09/08/2019;"111111";"0";"0";"1";" ";"0"
"IJQHEXCED2";"Heures excédentaires sortie";"T";"I";6;2;" ";" ";"000000000000";496;" ";" ";"V2";0;"Hre excedent. sor";" ";" ";" ";22/05/2003;"FBR";09/08/2019;"111111";"0";"0";"1";" ";"0"
"IJRF2PRBHS";"Flag prés. b. h.s. sur x jours (N2)";"Z";"X";1;0;"0";"9";"0";496;" ";"IJRF2PRBHS";"V2";0;" ";" ";" ";" ";26/09/1996;"ADMI";26/09/1996;"ADMI";"0";" ";"1";" ";"0"
"IMIGTTEFFE";"Participe au travail effectif";"Z";"X";1;0;" ";" ";"0";511;"L";" ";"C2";20;"Participe repo";" ";" ";" ";14/05/2003;"FBR";12/08/2019;"111111";"0";"0";"1";" ";"0"
"IJIACTI";"Employé géré en activité";"A";"X";1;0;" ";" ";"0";511;"L";" ";"C0";20;" ";" ";" ";" ";23/11/2020;"111111";01/01/1900;" ";"0";" ";"1";" ";"0"
"IJQECPAUML";"Ecart pause méridienne du lendemain";"T";"I";6;2;" ";" ";"000000000000";480;" ";" ";"V2";0;" ";" ";" ";" ";18/04/2005;"HQS";01/01/1900;" ";"0";" ";"1";" ";"0"
"IJQNPRIDIV";"Prime divers";"N";"I";2;0;" ";" ";"000000000000";496;" ";" ";"V3";0;" ";" ";" ";" ";30/09/2003;"HQS";01/01/1900;" ";"0";" ";"1";" ";"0"
"IJRDCOFRAC";"Droit congé fractionnement";"N";"I";6;1;" ";" ";" ";496;" ";"IJRDCOFRAC";"V3";0;" ";" ";" ";" ";01/12/2017;"HQS";01/01/1900;" ";"0";" ";"1";" ";"0"
"IMIGCHEVAU";"Contrôle chevauchement badgeages";"Z";"X";1;0;"0";"1";"0";511;"C";" ";"C2";0;" ";" ";" ";" ";20/03/2007;"HQS";12/08/2019;"111111";"0";"0";"1";" ";"0"
"IJQMOTCP";"Stockage code motif congé sur la journée";"A";"X";10;0;" ";" ";" ";496;" ";" ";"V3";0;" ";" ";" ";" ";07/02/2025;"111111";01/01/1900;" ";"0";" ";"1";" ";"0"
"IJRABSFIN";"Absences premier jour période";"N";"I";4;0;" ";" ";" ";496;" ";"IJRABSFIN";"V3";0;" ";" ";" ";" ";07/02/2025;"111111";01/01/1900;" ";"0";" ";"1";" ";"0"
"IJRDARRET";"Date d'arrêt (report CP)";"D";"X";10;0;" ";" ";" ";496;" ";"IJRDARRET";"V3";0;" ";" ";" ";" ";07/02/2025;"111111";01/01/1900;" ";"0";" ";"1";" ";"0"
"IJRDCSUP";"Droit congé supplémentaire";"N";"I";4;1;" ";" ";" ";496;" ";"IJRDCSUP";"V3";0;" ";" ";" ";" ";10/02/2025;"111111";01/01/1900;" ";"0";" ";"1";" ";"0"
"IHIMCOLE";"Post période de maintien";"A";"X";1;0;" ";" ";" ";511;"L9";" ";"C3";20;" ";" ";" ";" ";07/02/2025;"111111";06/03/2025;"111111";"0";"0";"1";" ";"0"
"IPISPRISPE";"Seuil déclenchement prime spécifique";"T";"I";6;2;" ";" ";" ";511;" ";" ";"C2";0;" ";" ";" ";" ";11/10/2005;"HQS";25/06/2013;"HQS";"0";"0";"1";" ";"0"
"IDIHSTAUX1";"HS taux 1 (%)";"N";"I";2;0;" ";" ";" ";511;" ";" ";"C3";0;" ";" ";" ";" ";23/11/2017;"HQS";08/11/2019;"111111";"0";" ";"1";" ";"0"
"ITIVMREFCP";"Date de référence congé payé (JJMM)";"A";"X";4;0;" ";" ";" ";511;" ";" ";"C3";0;" ";" ";" ";" ";29/03/2005;"HQS";12/08/2019;"111111";"0";"0";"1";" ";"0"
"ITQNBJTRAV";"Nbr délég. à déduire jours trav. annuels";"N";"I";3;1;" ";" ";" ";448;" ";" ";"V3";0;" ";" ";" ";" ";23/11/2017;"HQS";01/01/1900;" ";"0";"0";"1";" ";"0"
"IDIGDPAUSM";"Déduction coupure maximum";"Z";"X";1;0;" ";" ";"0";511;"L";" ";"C2";20;" ";" ";" ";" ";30/09/2003;"HQS";09/08/2019;"111111";"0";"0";"1";" ";"0"
"IDISHSMTX2";"Seuil HS taux 2";"T";"I";6;2;"000000000000";" ";"000000000000";511;" ";" ";"C3";0;"Seuil HS 50%";" ";" ";" ";12/06/2003;"LF";09/08/2019;"111111";"0";"0";"1";" ";"0"
"IJQHPAYEES";"Heures payées";"T";"I";6;2;" ";" ";"000000000000";496;" ";" ";"V3";0;" ";" ";" ";" ";21/07/2015;"HQS";01/01/1900;" ";"0";"0";"1";" ";"0"
"INRECOND";"Indicateur de reconduite CDCG";"Z";"X";1;0;" ";" ";"0";511;"L";" ";"C2";20;" ";" ";" ";" ";10/11/2005;"HQS";30/11/2015;"HQS";"0";"0";"1";" ";"0"
"IMIGPRIDIV";"Participe au calcul de la prime divers";"Z";"X";1;0;"0";"1";"0";511;"C";" ";"C2";0;" ";" ";" ";" ";30/09/2003;"HQS";12/08/2019;"111111";"0";"0";"1";" ";"0"
"IPIVDEBOR1";"Seuil Heures excédentaires en entrée";"T";"I";6;2;" ";" ";"000000000000";511;" ";" ";"C2";0;"Débor Mat";" ";" ";" ";27/02/1996;"CV";23/11/2020;"111111";"0";" ";"1";" ";"0"
"ITQNUITMOT";"Heures de nuit maintenues par motif";"T";"I";6;2;" ";" ";" ";448;" ";" ";"V3";0;" ";" ";" ";" ";23/11/2017;"111111";01/01/1900;" ";"0";"0";"1";" ";"0"
"IJRPACQCP";"Pris CP en cours";"N";"I";5;2;" ";" ";" ";496;" ";"IJRPACQCP";"V3";0;" ";" ";" ";" ";01/08/2018;"#000000001";06/03/2025;"111111";"0";" ";"1";" ";"0"
"IJRHTRAS12";"Temps de travail semaine 12";"T";"I";6;2;" ";" ";"000000000000";480;" ";"IJRHTRAS12";"V3";0;"Total semaine 12";" ";" ";" ";15/05/2003;"FBR";01/01/1900;" ";"0";" ";"1";" ";"0"
"IMIGDEBCRE";"Participe au Crédit/Débit";"Z";"X";1;0;"0";"2";"0";511;" ";" ";"C2";0;"Participe au C/D";" ";" ";" ";27/02/1996;"CV";12/08/2019;"111111";"0";"0";"1";" ";"0"
"IHIMOACQCP";"Mode d'acquisition des congés";"A";"X";1;0;" ";" ";"0";511;"L";" ";"C3";20;" ";" ";" ";" ";12/07/2018;"#000000001";07/02/2025;"111111";"0";"0";"1";" ";"0"
"IPICODPLAN";"Code sur planning";"X";"X";10;0;" ";" ";" ";448;" ";" ";"C2";0;" ";" ";" ";" ";10/02/2025;"111111";01/01/1900;" ";"0";" ";"1";" ";"0"
"IJRHTRM12S";"Temps de travail moyen sur 12 semaines";"T";"L";8;2;" ";" ";"000000000000";480;" ";"IJRHTRM12S";"V3";0;"moyenne 12 semai";" ";" ";" ";15/05/2003;"FBR";01/01/1900;" ";"0";" ";"1";" ";"0"
"IJRINDANO";"Indicateur pour déclenchement ano 134";"N";"I";2;0;" ";" ";" ";496;" ";"IJRINDANO";"V3";0;" ";" ";" ";" ";26/04/2019;"111111";01/01/1900;" ";"0";" ";"1";" ";"0"
"IJRJRCONG";"Congé sur la journée";"N";"I";2;0;" ";" ";" ";496;" ";"IJRJRCONG";"V3";0;" ";" ";" ";" ";22/08/2018;"#000000001";22/08/2018;"#000000001";"0";"0";"1";" ";"0"
"TEPGP";"Valeur de la plus grande pause";"T";"I";6;2;" ";" ";"000000000000";496;" ";" ";"V2";0;"Plus grande pause";" ";" ";" ";20/06/1996;"ADMI";21/06/1996;"ADMI";"0";" ";"1";" ";"0"
"IJRMAINTSA";"Maintien congé payé samedi";"N";"I";2;0;" ";" ";"000000000000";496;" ";"IJRMAINTSA";"V3";0;" ";" ";" ";" ";15/04/2011;"HQS";12/08/2019;"111111";"0";"0";"1";" ";"0"
"IJRMDCSE1";"Droit mensuel M-1 (H)";"T";"I";6;2;" ";" ";" ";504;" ";"IJRMDCSE1";"V3";0;" ";" ";" ";" ";18/03/2019;"111111";01/01/1900;" ";"0";" ";"1";" ";"0"
"IJRNSAMTRA";"Nbre de samedi travaillés annuel";"N";"I";5;1;" ";" ";"000000000000";496;" ";"IJRNSAMTRA";"V3";0;"Nb sam trav an";" ";" ";" ";11/06/2003;"BO";12/08/2019;"111111";"0";"0";"1";" ";"0"
"IJRPRESBAH";"Présence badgée hebdomadaire";"T";"I";6;2;" ";" ";"000000000000";480;" ";"IJRPRESBAH";"V3";0;"Presence hebdo";" ";" ";" ";15/05/2003;"FBR";12/08/2019;"111111";"0";"0";"1";" ";"0"
"IPIGPRIDIV";"Prime divers";"Z";"X";1;0;"0";"1";"0";511;"C";" ";"C2";0;" ";" ";" ";" ";30/09/2003;"HQS";12/08/2019;"111111";"0";"0";"1";" ";"0"
"IJRPRESNBH";"Activités créditées hebdomadaires";"T";"I";6;2;" ";" ";"000000000000";496;" ";"IJRPRESNBH";"V3";0;"Activités credit. he";" ";" ";" ";26/05/2003;"HQS";12/08/2019;"111111";"0";"0";"1";" ";"0"
"IJRMDCSE2";"Droit mensuel M-2 (H)";"T";"I";6;2;" ";" ";" ";504;" ";"IJRMDCSE2";"V3";0;" ";" ";" ";" ";18/03/2019;"111111";01/01/1900;" ";"0";" ";"1";" ";"0"
"IJRMDCSE6";"Droit mensuel M-6 (H)";"T";"I";6;2;" ";" ";" ";504;" ";"IJRMDCSE6";"V3";0;" ";" ";" ";" ";18/03/2019;"111111";01/01/1900;" ";"0";" ";"1";" ";"0"
"IJRDACQCPL";"Acquisition légale";"N";"I";5;2;" ";" ";" ";496;" ";"IJRDACQCPL";"V3";0;" ";" ";" ";" ";07/02/2025;"111111";06/03/2025;"111111";"0";" ";"1";" ";"0"
"IJRACQMAL";"Acquisition annuelle sur maladie";"N";"I";6;3;" ";" ";" ";496;" ";"IJRACQMAL";"V3";0;" ";" ";" ";" ";07/02/2025;"111111";06/03/2025;"111111";"0";" ";"1";" ";"0"
"LIBELLE";"Libellé";"U";"X";40;0;" ";" ";" ";256;" ";" ";"*0";0;" ";" ";" ";" ";21/01/2015;"*DIC";13/10/2025;"*DIC";"0";"0";"1";" ";"0"
"FINNUIT";"Heure de fin de nuit";"T";"I";6;2;" ";" ";" ";256;" ";" ";"*0";0;"Fin de nuit";" ";" ";" ";25/06/1991;"*DIC";13/10/2025;"*DIC";"0";" ";"1";" ";"0"
"IJRRRCPM1";"Congé reporté (maladie -1 an)";"N";"I";6;1;" ";" ";" ";496;" ";"IJRRRCPM1";"V3";0;" ";" ";" ";" ";07/02/2025;"111111";06/03/2025;"111111";"0";" ";"1";" ";"0"
"HJVALPLN";"Validation";"N";"I";2;0;"000000000000";"000000000003";"000000000000";511;" ";" ";"C0";0;" ";" ";" ";" ";27/05/2008;"HQS";15/11/2017;"HQS";"0";"0";"1";" ";"0"
"IDISJABSI";"Seuil Présomption démission";"N";"I";5;1;"000000000000";" ";" ";511;" ";" ";"C2";0;" ";" ";" ";" ";13/02/2025;"111111";01/01/1900;" ";"0";" ";"1";" ";"0"
"IPIHFPRBHS";"Fin de mission autorisée";"T";"I";6;2;" ";" ";"000000000000";511;" ";" ";"C2";0;"HFin miss";" ";" ";" ";27/02/1996;"CV";12/08/2019;"111111";"0";"0";"1";" ";"0"
"IPINPRIEQJ";"Prime de jour";"Z";"X";1;0;"0";"1";"0";511;"C";" ";"C2";0;"Prime Jr";" ";" ";" ";27/02/1996;"CV";12/08/2019;"111111";"0";"0";"1";" ";"0"
"IMIACTI";"Alimente l'activité";"Z";"X";1;0;" ";" ";"0";511;"L";" ";"C3";20;" ";" ";" ";" ";23/11/2020;"111111";04/12/2020;"111111";"0";"0";"1";" ";"0"
"IPIFPAUSBA";"Pause badgée";"Z";"X";1;0;"0";"1";" ";511;"C";" ";"C2";0;"Pause badgée";" ";" ";" ";14/05/2003;"FBR";12/08/2019;"111111";"0";"0";"1";" ";"0"
"IPIGABSPLF";"Contrôle absences plages";"Z";"X";1;0;" ";" ";"0";511;"L";" ";"C2";20;"hres retenues";" ";" ";" ";11/06/2003;"BO";08/11/2019;"111111";"0";" ";"1";" ";"0"
"IJRSJRF";"Solde repos N-1 FJ";"N";"I";6;2;" ";" ";" ";511;" ";"IJRSJRF";"V3";0;" ";" ";" ";" ";07/02/2025;"111111";01/01/1900;" ";"0";" ";"1";" ";"0"
"IMITTEFFFJ";"Participe au temps travail effectif FJ";"Z";"X";1;0;" ";" ";" ";511;"L9";" ";"C2";20;" ";" ";" ";" ";07/02/2025;"111111";01/01/1900;" ";"0";" ";"1";" ";"0"
"ISIDCANC6";"Droit congés ancienneté 6 ""RÉGIME 1""";"N";"I";4;1;" ";" ";" ";511;" ";" ";"C3";0;" ";" ";" ";" ";10/02/2025;"111111";01/01/1900;" ";"0";" ";"1";" ";"0"
"IJRSCTFJ";"Ecart plafond FJ";"N";"I";7;2;" ";" ";" ";511;" ";"IJRSCTFJ";"V3";0;" ";" ";" ";" ";07/02/2025;"111111";01/01/1900;" ";"0";" ";"1";" ";"0"
"IJRSRCHSMA";"Solde COR";"T";"L";8;2;" ";" ";"000000000000";480;" ";"IJRSRCHSMA";"V3";0;"Solde du RC";" ";" ";" ";15/05/2003;"FBR";12/08/2019;"111111";"0";"0";"1";" ";"0"
"IJRTHEOCYC";"Theorie du cycle";"T";"I";6;2;" ";" ";"000000000000";496;" ";"IJRTHEOCYC";"V3";0;" ";" ";" ";" ";07/06/2011;"HQS";01/01/1900;" ";"0";"0";"1";" ";"0"
"IJRRCPM1";"Report congé maladie -1 an";"N";"I";6;1;" ";" ";" ";496;" ";"IJRRCPM1";"V3";0;" ";" ";" ";" ";07/02/2025;"111111";01/01/1900;" ";"0";" ";"1";" ";"0"
"IJRTRRTCET";"Cpt intermediaire transfert RTT/CET";"N";"I";6;1;" ";" ";"000000000000";496;" ";"IJRTRRTCET";"V3";0;" ";" ";" ";" ";29/03/2007;"HQS";29/03/2007;"HQS";"0";" ";"1";" ";"0"
"ISIDCANNC1";"Droit congés ancienneté 1 ""RÉGIME 2""";"N";"I";4;1;" ";" ";" ";511;" ";" ";"C3";0;" ";" ";" ";" ";10/02/2025;"111111";01/01/1900;" ";"0";" ";"1";" ";"0"
"ISIDCANNC5";"Droit congés ancienneté 5 ""RÉGIME 2""";"N";"I";4;1;" ";" ";" ";511;" ";" ";"C3";0;" ";" ";" ";" ";10/02/2025;"111111";01/01/1900;" ";"0";" ";"1";" ";"0"
"ISIDCANNC6";"Droit congés ancienneté 6 ""RÉGIME 2""";"N";"I";4;1;" ";" ";" ";511;" ";" ";"C3";0;" ";" ";" ";" ";10/02/2025;"111111";01/01/1900;" ";"0";" ";"1";" ";"0"
"ISISANC3";"Seuil ancienneté 3 ""RÉGIME 1""";"N";"I";3;0;" ";" ";" ";511;" ";" ";"C3";0;" ";" ";" ";" ";10/02/2025;"111111";01/01/1900;" ";"0";" ";"1";" ";"0"
"ISISANC4";"Seuil ancienneté 4 ""RÉGIME 1""";"N";"I";3;0;" ";" ";" ";511;" ";" ";"C3";0;" ";" ";" ";" ";10/02/2025;"111111";01/01/1900;" ";"0";" ";"1";" ";"0"
"ISISANC5";"Seuil ancienneté 5 ""RÉGIME 1""";"N";"I";3;0;" ";" ";" ";511;" ";" ";"C3";0;" ";" ";" ";" ";10/02/2025;"111111";01/01/1900;" ";"0";" ";"1";" ";"0"
"ISISANC6";"Seuil ancienneté 6 ""RÉGIME 1""";"N";"I";3;0;" ";" ";" ";511;" ";" ";"C3";0;" ";" ";" ";" ";10/02/2025;"111111";01/01/1900;" ";"0";" ";"1";" ";"0"
"ISISANNC1";"Seuil ancienneté 1 ""RÉGIME 2""";"N";"I";3;0;" ";" ";" ";511;" ";" ";"C3";0;" ";" ";" ";" ";10/02/2025;"111111";01/01/1900;" ";"0";" ";"1";" ";"0"
"ISISANNC2";"Seuil ancienneté 2 ""RÉGIME 2""";"N";"I";3;0;" ";" ";" ";511;" ";" ";"C3";0;" ";" ";" ";" ";10/02/2025;"111111";01/01/1900;" ";"0";" ";"1";" ";"0"
"ISISANNC3";"Seuil ancienneté 3 ""RÉGIME 2""";"N";"I";3;0;" ";" ";" ";511;" ";" ";"C3";0;" ";" ";" ";" ";10/02/2025;"111111";01/01/1900;" ";"0";" ";"1";" ";"0"
"ISISANNC4";"Seuil ancienneté 4 ""RÉGIME 2""";"N";"I";3;0;" ";" ";" ";511;" ";" ";"C3";0;" ";" ";" ";" ";10/02/2025;"111111";01/01/1900;" ";"0";" ";"1";" ";"0"
"ICIDEROGTP";"Dérogation minimum légal temps partiel";"Z";"X";1;0;"0";"1";" ";511;"C";" ";"C3";0;" ";" ";" ";" ";26/06/2013;"HQS";29/03/2019;"111111";"0";"0";"0";" ";"0"
"IJRMALCPO";"Nb jours maladie annuel";"N";"L";6;1;" ";" ";" ";496;" ";"IJRMALCPO";"V3";0;" ";" ";" ";" ";07/02/2025;"111111";06/03/2025;"111111";"0";" ";"1";" ";"0"
"ISISANNC6";"Seuil ancienneté 6 ""RÉGIME 2""";"N";"I";3;0;" ";" ";" ";511;" ";" ";"C3";0;" ";" ";" ";" ";10/02/2025;"111111";01/01/1900;" ";"0";" ";"1";" ";"0"
"ITQJLJF";"Jour lendemain jour férié";"A";"X";3;0;" ";" ";" ";480;" ";" ";"V3";0;" ";" ";" ";" ";07/02/2025;"111111";01/01/1900;" ";"0";" ";"1";" ";"0"
"ITQJVJF";"Jour veille jour férié";"A";"X";3;0;" ";" ";" ";480;" ";" ";"V3";0;" ";" ";" ";" ";07/02/2025;"111111";01/01/1900;" ";"0";" ";"1";" ";"0"
"IJRJMALM";"Nb jours maladie mensuel";"N";"I";5;1;" ";" ";" ";496;" ";"IJRJMALM";"V3";0;" ";" ";" ";" ";07/02/2025;"111111";11/03/2025;"##########";"0";" ";"1";" ";"0"
"IJRRRCPP1";"Congé reporté (maladie +1 an)";"N";"I";6;1;" ";" ";" ";496;" ";"IJRRRCPP1";"V3";0;" ";" ";" ";" ";07/02/2025;"111111";06/03/2025;"111111";"0";" ";"1";" ";"0"
"IPIGPANIJR";"Panier jour";"Z";"X";1;0;"0";"1";"0";511;"C";" ";"C2";0;"Panier Jour";" ";" ";" ";03/06/2003;"HQS";12/08/2019;"111111";"0";"0";"1";" ";"0"
"IJRCPTJTRA";"Présence annuelle";"N";"I";5;1;" ";" ";" ";496;" ";"IJRCPTJTRA";"V3";0;" ";" ";" ";" ";12/07/2018;"#000000001";06/03/2025;"111111";"0";" ";"1";" ";"0"
"IHIREPCON";"Acquisition fin de période";"A";"X";1;0;" ";" ";" ";511;"L9";" ";"C3";20;" ";" ";" ";" ";07/02/2025;"111111";06/03/2025;"111111";"0";"0";"1";" ";"0"
"IDIDCANNC3";"Droit congé ancienneté 3 ""régime 2""";"N";"I";4;1;" ";" ";" ";511;" ";" ";"C3";0;" ";" ";" ";" ";29/04/2019;"111111";12/08/2019;"111111";"0";"0";"1";" ";"0"
"IDIDCANNC4";"Droit congé ancienneté 4 ""régime 2""";"N";"I";4;1;" ";" ";" ";511;" ";" ";"C3";0;" ";" ";" ";" ";29/04/2019;"111111";12/08/2019;"111111";"0";"0";"1";" ";"0"
"IDIDCANNC5";"Droit congé ancienneté 5 ""régime 2""";"N";"I";4;1;" ";" ";" ";511;" ";" ";"C3";0;" ";" ";" ";" ";29/04/2019;"111111";12/08/2019;"111111";"0";"0";"1";" ";"0"
"IDIDCANNC6";"Droit congé ancienneté 6 ""régime 2""";"N";"I";4;1;" ";" ";" ";511;" ";" ";"C3";0;" ";" ";" ";" ";29/04/2019;"111111";12/08/2019;"111111";"0";"0";"1";" ";"0"
"IDIDURWBA";"Durée ajoutée si pointage WBA";"T";"I";6;2;" ";" ";"000000000000";511;" ";" ";"C2";0;" ";" ";" ";" ";26/04/2019;"111111";23/11/2020;"111111";"0";" ";"1";" ";"0"
"IDIENFMAL1";"Droit enfant malade";"N";"I";3;1;" ";" ";"000000000000";511;" ";" ";"C2";0;" ";" ";" ";" ";23/07/2015;"HQS";09/08/2019;"111111";"0";"0";"1";" ";"0"
"IDIENFMAL2";"Droit enfant malade maximum";"N";"I";3;1;" ";" ";"000000000000";511;" ";" ";"C2";0;" ";" ";" ";" ";23/07/2015;"HQS";09/08/2019;"111111";"0";"0";"1";" ";"0"
"IDIGNPAUSM";"Contrôle de la pause déjeuner";"Z";"X";1;0;" ";" ";"0";511;"L";" ";"C2";20;" ";" ";" ";" ";30/09/2003;"HQS";09/08/2019;"111111";"0";"0";"1";" ";"0"
"RETOUR";"Retour mission";"T";"I";6;2;" ";" ";"000000000000";496;" ";" ";"V2";0;" ";" ";" ";" ";04/10/1996;"HQ";04/10/1996;"HQ";"0";" ";"1";" ";"0"
"IHIHCTAUX1";"Heures compl. taux 1 (%)";"N";"I";2;0;" ";" ";" ";511;" ";" ";"C3";0;" ";" ";" ";" ";19/02/2025;"111111";01/01/1900;" ";"0";" ";"1";" ";"0"
"IDIGPRIBAD";"Suppression activité si badgeage";"Z";"X";1;0;"0";"1";"0";511;"C";" ";"C3";0;" ";" ";" ";" ";30/09/2003;"HQS";09/08/2019;"111111";"0";"0";"1";" ";"0"
"IDIGRAZCPT";"Raz des compteurs en début de contrat";"Z";"X";1;0;"0";"1";"0";511;"C";" ";"C3";0;" ";" ";" ";" ";24/03/2005;"HQS";09/08/2019;"111111";"0";"0";"1";" ";"0"
"IDIHCTAUX1";"Heures compl. taux 1 (%)";"N";"I";2;0;" ";" ";" ";511;" ";" ";"C3";0;" ";" ";" ";" ";23/11/2017;"HQS";08/11/2019;"111111";"0";" ";"1";" ";"0"
"IDIHCTAUX2";"Heures compl. taux 2 (%)";"N";"I";2;0;" ";" ";" ";511;" ";" ";"C3";0;" ";" ";" ";" ";08/11/2019;"111111";08/11/2019;"111111";"0";" ";"1";" ";"0"
"IDIHSMINEU";"Seuil HS pour les moins de 18 ans";"T";"I";6;2;" ";" ";" ";511;" ";" ";"C3";0;" ";" ";" ";" ";11/05/2023;"222222";01/01/1900;" ";"0";" ";"1";" ";"0"
"IHIGESRELI";"Gestion des reliquats";"Z";"X";1;0;" ";" ";" ";511;"L9";" ";"C3";20;" ";" ";" ";" ";12/07/2018;"#000000001";07/02/2025;"111111";"0";" ";"1";" ";"0"
"IDISENFMA3";"Seuil 2 âge enfant malade";"N";"I";2;0;" ";" ";"000000000000";511;" ";" ";"C2";0;" ";" ";" ";" ";23/07/2015;"HQS";19/08/2015;"111111";"0";"0";"1";" ";"0"
"IEQRQREDU";"Solde RC";"T";"L";8;2;" ";" ";" ";480;" ";" ";"V3";0;" ";" ";" ";" ";03/04/2023;"111111";01/01/1900;" ";"0";" ";"1";" ";"0"
"IDISEUIRCN";"Seuil acquisition RC de nuit";"T";"I";6;2;"000000000000";" ";"000000000000";511;" ";" ";"C3";0;" ";" ";" ";" ";03/07/2015;"HQS";09/08/2019;"111111";"0";"0";"1";" ";"0"
"IDISHSMTX1";"Seuil HS taux 1";"T";"I";6;2;"000000000000";" ";"000000000000";511;" ";" ";"C3";0;"Seuil HS 25%";" ";" ";" ";12/06/2003;"LF";09/08/2019;"111111";"0";"0";"1";" ";"0"
"IDISMXT12S";"Moyenne max. légale sur 12 semaines";"T";"I";6;2;" ";" ";" ";511;" ";" ";"C2";0;" ";" ";" ";" ";30/09/2003;"HQS";09/08/2019;"111111";"0";"0";"1";" ";"0"
"IJQNBNUIT";"Nombres de nuit pour la pénibilité";"N";"I";2;0;" ";" ";"000000000000";480;" ";" ";"V3";0;" ";" ";" ";" ";08/04/2025;"111111";01/01/1900;" ";"0";" ";"1";"%Ce compteur comptabilise le nombre de nuit pour la pénibilité. il est à 1 si des heures de nuits sont présentes.";"0"
"IDIMAXAMP";"Amplitude jour max";"T";"I";6;2;"000000000000";" ";"000000000720";511;" ";" ";"C3";0;" ";" ";" ";" ";07/04/2025;"222222";07/04/2025;"222222";"0";" ";"1";" ";"0"
"IJRTTHEBDO";"Compteur télétravail hebdomadaire";"N";"I";6;1;" ";" ";" ";496;" ";"IJRTTHEBDO";"V3";0;" ";" ";" ";" ";08/04/2025;"111111";01/01/1900;" ";"0";" ";"1";" ";"0"
"IJRCRTTHEU";"Pris RTT (H)";"T";"L";6;2;" ";" ";"000000000000";480;" ";"IJRCRTTHEU";"V3";0;"RTT pris (H)";" ";" ";" ";14/05/2003;"FBR";11/03/2025;"##########";"0";" ";"1";" ";"0"
"IJRARTTHEU";"Droit RTT (H)";"T";"L";6;2;" ";" ";"000000000000";480;" ";"IJRARTTHEU";"V3";0;"Total droit RTT";" ";" ";" ";14/05/2003;"FBR";11/03/2025;"##########";"0";" ";"1";" ";"0"
"IJRARTTJOU";"Droit RTT (J)";"N";"I";6;1;" ";" ";" ";480;" ";"IJRARTTJOU";"V3";0;" ";" ";" ";" ";01/12/2017;"HQS";11/03/2025;"##########";"0";" ";"1";" ";"0"
"ISISANC2";"Seuil ancienneté 2 ""RÉGIME 1""";"N";"I";3;0;" ";" ";" ";511;" ";" ";"C3";0;" ";" ";" ";" ";10/02/2025;"111111";01/01/1900;" ";"0";" ";"1";" ";"0"
"IJIACQRTTJ";"Acquis mensuel RTTJ";"N";"I";5;3;" ";" ";"000000000000";511;" ";" ";"C2";0;" ";" ";" ";" ";01/09/2009;"HQS";30/05/2023;"111111";"0";" ";"1";"%Nombre de jours acquis par mois si gestion des RTT en acquisition mensuelle";"0"
"IDIVMRCP";"Report congé";"A";"X";10;0;" ";" ";" ";511;"II";" ";"C2";0;" ";" ";" ";" ";07/02/2025;"111111";01/01/1900;" ";"0";" ";"1";" ";"0"
"IJRCONDFRA";"Condition jrs consécutifs fractionnement";"N";"I";2;0;" ";" ";" ";448;" ";"IJRCONDFRA";"V3";0;" ";" ";" ";" ";16/07/2025;"HQS";01/01/1900;" ";"0";" ";"1";" ";"0"
"IEIQUALIF";"Qualification";"A";"X";3;0;" ";" ";" ";511;"L1";" ";"C3";20;" ";" ";" ";" ";08/08/2013;"HQS";30/11/2015;"HQS";"0";"0";"1";" ";"0"
"IMIABTRTT";"Abattement RTT";"Z";"X";1;0;"0";"1";"0";496;"C";" ";"C2";0;" ";" ";" ";" ";27/02/2025;"222222";01/01/1900;" ";"0";" ";"1";"%Permet d'abattre les RTT si la coche est active";"0"
"IHIABTRTT";"Seuil abattement RTT";"N";"I";6;2;" ";" ";" ";496;" ";" ";"C3";0;" ";" ";" ";" ";27/02/2025;"222222";27/02/2025;"222222";"0";" ";"1";"%Seuil à partir duquel les RTT sont abattus";"0"
"IDIVMDONCP";"Motif absence sur don";"A";"X";10;0;" ";" ";" ";511;"II";" ";"C2";0;" ";" ";" ";" ";28/07/2015;"999999";30/08/2018;"333333";"0";"0";"1";" ";"0"
"IDIVMRTTEM";"Motif RTT employeur";"A";"X";10;0;" ";" ";" ";511;"II";" ";"C2";0;" ";" ";" ";" ";30/09/2003;"HQS";09/08/2019;"111111";"0";"0";"1";" ";"0"
"IEQSPGCONG";"Solde prévisionnel des congés";"N";"I";6;1;" ";" ";" ";496;" ";" ";"V3";0;" ";" ";" ";" ";01/12/2017;"HQS";09/08/2019;"111111";"0";"0";"1";" ";"0"
"IPINPRISPE";"Prime spécifique";"Z";"X";1;0;"0";"1";"0";511;"C";" ";"C2";0;" ";" ";" ";" ";30/09/2003;"HQS";29/03/2019;"111111";"0";"0";"1";" ";"0"
"ITQPRESJOU";"PRESENCE JOUR";"T";"I";6;2;" ";" ";" ";448;" ";" ";"V3";0;" ";" ";" ";" ";16/05/2011;"HQS";01/01/1900;" ";"0";" ";"1";" ";"0"
"IDIANC1";"Ancienneté 1";"N";"I";3;0;" ";" ";" ";511;" ";" ";"C3";0;" ";" ";" ";" ";28/02/2025;"111111";01/01/1900;" ";"0";" ";"1";" ";"0"
"IHISHSMTX2";"Seuil HS taux 2";"T";"I";6;2;" ";" ";" ";511;" ";" ";"C3";0;" ";" ";" ";" ";19/02/2025;"111111";01/01/1900;" ";"0";" ";"1";" ";"0"
"IPIGPANINU";"Panier nuit";"Z";"X";1;0;"0";"1";"0";511;"C";" ";"C2";0;"Panier Nuit";" ";" ";" ";03/06/2003;"HQS";12/08/2019;"111111";"0";"0";"1";" ";"0"
"IJRFRCP2M1";"Date de perte";"D";"X";10;0;" ";" ";" ";496;" ";"IJRFRCP2M1";"V3";0;" ";" ";" ";" ";07/02/2025;"111111";06/03/2025;"111111";"0";" ";"1";"%2ème maladie -1an";"0"
"IPIGMISSTH";"Complément mission théorie";"Z";"X";1;0;" ";" ";"0";511;"L";" ";"C2";20;"Calcul miss. théo";" ";" ";" ";11/06/2003;"HQS";12/08/2019;"111111";"0";"0";"1";" ";"0"
"IPIGPAMMIS";"Coupure déjeuner mission";"T";"I";6;2;" ";" ";" ";511;" ";" ";"C2";0;"Coupure mission";" ";" ";" ";11/06/2003;"HQS";12/08/2019;"111111";"0";"0";"1";" ";"0"
"IJRNRTTJEM";"Nbre RTT employeurs pris";"N";"I";3;1;" ";" ";"000000000000";496;" ";"IJRNRTTJEM";"V3";0;"nbr jours RTT";" ";" ";" ";16/06/2003;"LF";12/08/2019;"111111";"0";"0";"1";" ";"0"
"IJRPLFAFJ";"Plafond annuel FJ";"N";"I";6;2;" ";" ";" ";511;" ";"IJRPLFAFJ";"V3";0;" ";" ";" ";" ";07/02/2025;"111111";01/01/1900;" ";"0";" ";"1";" ";"0"
"IHIANC1";"Ancienneté 1";"N";"I";3;0;" ";" ";" ";511;" ";" ";"C3";0;" ";" ";" ";" ";28/02/2025;"111111";01/01/1900;" ";"0";" ";"1";" ";"0"
"IDIREFRCN";"Date de référence RC de nuit (JJMM)";"A";"X";4;0;" ";" ";" ";511;" ";" ";"C3";0;" ";" ";" ";" ";03/07/2015;"HQS";09/08/2019;"111111";"0";"0";"1";" ";"0"
"IJRMSCSE";"Solde mensuel (H)";"T";"I";6;2;" ";" ";" ";504;" ";"IJRMSCSE";"V3";0;" ";" ";" ";" ";18/03/2019;"111111";01/01/1900;" ";"0";" ";"1";" ";"0"
"IJQHSNMAPA";"HC 10%";"T";"I";6;2;" ";" ";" ";496;" ";" ";"V3";0;"H Complément.";" ";" ";" ";25/09/1996;"ADMI";11/03/2025;"##########";"0";" ";"1";"|Correspondent aux heures réalisées au-delà des heures du contrat de travail et jusqu'à 10% de ce dernier";"0"
"IJQHSNMARE";"HC 10% à récup.";"T";"I";6;2;" ";" ";" ";480;" ";" ";"V3";0;"H. compl. recupé";" ";" ";" ";14/05/2003;"FBR";11/03/2025;"##########";"0";" ";"1";"|Correspondent aux heures à récupérer réalisées au-delà des heures du contrat de travail et jusqu'à 10% de ce dernier";"0"
"IJQHSNMAR2";"HC 25% à récup.";"T";"I";6;2;" ";" ";" ";480;" ";" ";"V3";0;" ";" ";" ";" ";08/11/2019;"111111";11/03/2025;"##########";"0";" ";"1";"|Correspondent aux heures à récupérer réalisées au-delà des HC à 10%";"0"
"IJRDCORELI";"Droit reliquat CP";"N";"I";6;1;" ";" ";" ";496;" ";"IJRDCORELI";"V3";0;" ";" ";" ";" ";07/02/2025;"111111";11/03/2025;"##########";"0";" ";"1";" ";"0"
"IJRNABSPFH";"Nbre de retards hebdomadaires";"N";"I";2;0;" ";" ";"000000000000";480;" ";"IJRNABSPFH";"V3";0;"Nbre retards hebdo";" ";" ";" ";03/06/2003;"HQS";12/08/2019;"111111";"0";"0";"1";" ";"0"
"IJRNABSPFM";"Nbre de retards période";"N";"I";2;0;" ";" ";"000000000000";480;" ";"IJRNABSPFM";"V3";0;"Nbre retards mois";" ";" ";" ";15/05/2003;"FBR";12/08/2019;"111111";"0";"0";"1";" ";"0"
"IJRNBCOFRA";"Nbre congé payé dans période de fract.";"N";"I";5;1;" ";" ";"000000000000";480;" ";"IJRNBCOFRA";"V3";0;" ";" ";" ";" ";31/08/2009;"HQS";12/08/2019;"111111";"0";"0";"1";" ";"0"
"IJRRQREDU";"Solde RC Repos réduit";"T";"L";8;2;" ";" ";" ";480;" ";"IJRRQREDU";"V3";0;" ";" ";" ";" ";03/04/2023;"111111";01/01/1900;" ";"0";" ";"1";" ";"0"
"IJRNJPRESH";"Nbre de jours de présence hebdomadaires";"N";"I";4;1;" ";" ";" ";496;" ";"IJRNJPRESH";"V3";0;"Nb jrs pres. he";" ";" ";" ";03/06/2003;"HQS";12/08/2019;"111111";"0";"0";"1";" ";"0"
"IJRNJPRESP";"Nbre de jours de présence mensuel";"N";"I";4;1;" ";" ";"000000000000";496;" ";"IJRNJPRESP";"V3";0;"Nbre jours pres péri";" ";" ";" ";26/05/2003;"HQS";20/04/2023;"111111";"0";" ";"1";" ";"0"
"IJRNJTRAVA";"Nbre de jours travaillés annuel";"N";"I";5;1;" ";" ";"000000000000";496;" ";"IJRNJTRAVA";"V3";0;"Nbre jours trav. année";" ";" ";" ";11/06/2003;"BO";12/08/2019;"111111";"0";"0";"1";" ";"0"
"IJRCCSUP";"Pris congé supplémentaire";"N";"I";4;1;" ";" ";" ";496;" ";"IJRCCSUP";"V3";0;" ";" ";" ";" ";10/02/2025;"111111";01/01/1900;" ";"0";" ";"1";" ";"0"
"IJRSHSMREH";"Récupération HS/HC";"T";"L";8;2;" ";" ";" ";480;" ";"IJRSHSMREH";"V3";0;"Solde HS recup.";" ";" ";" ";15/05/2003;"FBR";08/11/2019;"111111";"0";" ";"1";" ";"0"
"IJRNBCPSAM";"Nombre de congés samedi";"N";"I";2;0;" ";" ";"000000000000";496;" ";"IJRNBCPSAM";"V3";0;" ";" ";" ";" ";18/04/2011;"HQS";12/08/2019;"111111";"0";"0";"1";" ";"0"
"IJRNBHDELE";"Nbre h. délég. pour jours trav. annuels";"T";"I";6;2;" ";" ";"000000000000";480;" ";"IJRNBHDELE";"V3";0;" ";" ";" ";" ";22/11/2017;"HQS";22/11/2017;"HQS";"0";"0";"1";" ";"0"
"IJQPLGMAT";"Durée des plages matin";"T";"I";6;2;" ";" ";" ";496;" ";" ";"V3";0;" ";" ";" ";" ";08/08/2018;"111111";01/01/1900;" ";"0";"0";"0";" ";"0"
"IJRNBJRARR";"Nombre de jours d'arrêt";"N";"I";2;0;" ";" ";"000000000000";496;" ";"IJRNBJRARR";"V3";0;" ";" ";" ";" ";19/05/2011;"HQS";01/01/1900;" ";"0";"0";"1";" ";"0"
"IPIGDEBORD";"Crédit heures excédentaires";"Z";"X";1;0;"0";"1";"0";511;"C";" ";"C2";0;"Credit debord";" ";" ";" ";11/06/2003;"BO";12/08/2019;"111111";"0";"0";"1";" ";"0"
"IPIGFORFAI";"Gestion présence non badgée";"Z";"X";1;0;"0";"2";"0";511;" ";" ";"C2";0;"Cumul Cré";" ";" ";" ";27/02/1996;"CV";25/06/2013;"HQS";"0";"0";"1";" ";"0"
"IPIGHNUIMA";"Maintien des heures de nuit";"T";"I";6;2;" ";" ";"000000000000";511;" ";" ";"C2";0;"H. nuit payées";" ";" ";" ";14/05/2003;"FBR";12/08/2019;"111111";"0";"0";"1";" ";"0"
"IPIGHRSNUI";"Gestion des heures de nuit";"Z";"X";1;0;"0";"1";"0";511;" ";" ";"C2";0;"H. nuit";" ";" ";" ";27/02/1996;"CV";25/06/2013;"HQS";"0";"0";"1";" ";"0"
"IJRTTMENS";"Compteur télétravail mensuel";"N";"I";6;1;" ";" ";" ";496;" ";"IJRTTMENS";"V3";0;" ";" ";" ";" ";08/04/2025;"111111";01/01/1900;" ";"0";" ";"1";" ";"0"
"IHIHSTAUX1";"HS taux 1 (%)";"N";"I";2;0;" ";" ";" ";511;" ";" ";"C3";0;" ";" ";" ";" ";19/02/2025;"111111";01/01/1900;" ";"0";" ";"1";" ";"0"
"IJRDACQCP";"Droit CP en cours";"N";"I";5;2;" ";" ";" ";496;" ";"IJRDACQCP";"V3";0;" ";" ";" ";" ";01/08/2018;"#000000001";06/03/2025;"111111";"0";" ";"1";" ";"0"
"IJRABSCP";"Nb absences abattant l'acquisition";"N";"L";6;1;" ";" ";" ";496;" ";"IJRABSCP";"V3";0;" ";" ";" ";" ";07/02/2025;"111111";06/03/2025;"111111";"0";" ";"1";" ";"0"
"IEIEMPLOI";"Type d'emploi";"A";"X";2;0;" ";" ";" ";511;"L1";" ";"C3";20;" ";" ";" ";" ";06/06/2011;"HQS";09/08/2019;"111111";"0";"0";"1";" ";"0"
"IJQACQM";"Acquisition mensuelle";"N";"I";5;2;" ";" ";" ";496;" ";" ";"V3";0;" ";" ";" ";" ";07/02/2025;"111111";06/03/2025;"111111";"0";" ";"1";" ";"0"
"IJRABTRTT";"Nbre absence abattant RTT";"N";"I";6;2;" ";" ";" ";508;" ";"IJRABTRTT";"V3";0;" ";" ";" ";" ";19/02/2025;"222222";27/02/2025;"222222";"0";" ";"1";" ";"0"
"IDISANNC4";"Seuil ancienneté 4 ""régime 2""";"N";"I";3;0;" ";" ";" ";511;" ";" ";"C3";0;" ";" ";" ";" ";29/04/2019;"111111";30/04/2019;"HQS";"0";"0";"1";" ";"0"
"ISIDCANNC3";"Droit congés ancienneté 3 ""RÉGIME 2""";"N";"I";4;1;" ";" ";" ";511;" ";" ";"C3";0;" ";" ";" ";" ";10/02/2025;"111111";01/01/1900;" ";"0";" ";"1";" ";"0"
"ISIDCANNC4";"Droit congés ancienneté 4 ""RÉGIME 2""";"N";"I";4;1;" ";" ";" ";511;" ";" ";"C3";0;" ";" ";" ";" ";10/02/2025;"111111";01/01/1900;" ";"0";" ";"1";" ";"0"
"ITCHEVTTE";"Durée de chevauchement TTE";"T";"I";6;2;" ";" ";" ";256;" ";" ";"V3";0;" ";" ";" ";" ";17/02/2025;"222222";01/01/1900;" ";"0";" ";"1";" ";"0"
"IJRHEHSV";"Chevauchement HS veille";"T";"I";6;2;" ";" ";" ";256;" ";"IJRHEHSV";"V3";0;" ";" ";" ";" ";17/02/2025;"222222";01/01/1900;" ";"0";" ";"1";" ";"0"
"IJRFRCPM1";"Date fin report du congé maladie -1an";"D";"X";10;0;" ";" ";" ";496;" ";"IJRFRCPM1";"V3";0;" ";" ";" ";" ";07/02/2025;"111111";01/01/1900;" ";"0";" ";"1";" ";"0"
"IJRFRCPP1";"Date fin report du congé maladie +1an";"D";"X";10;0;" ";" ";" ";496;" ";"IJRFRCPP1";"V3";0;" ";" ";" ";" ";07/02/2025;"111111";01/01/1900;" ";"0";" ";"1";" ";"0"
"IJRJEAAFJ";"NbJ assimilé travail effectif annuels FJ";"N";"I";6;2;" ";" ";" ";511;" ";"IJRJEAAFJ";"V3";0;" ";" ";" ";" ";07/02/2025;"111111";01/01/1900;" ";"0";" ";"1";" ";"0"
"IJRJTEAFJ";"NbJ travail effectif annuels FJ";"N";"I";6;2;" ";" ";" ";511;" ";"IJRJTEAFJ";"V3";0;" ";" ";" ";" ";07/02/2025;"111111";01/01/1900;" ";"0";" ";"1";" ";"0"
"IJRMABATCP";"Maintien abattement CP";"N";"I";2;0;" ";" ";" ";504;" ";"IJRMABATCP";"V3";0;" ";" ";" ";" ";07/02/2025;"111111";01/01/1900;" ";"0";" ";"1";" ";"0"
"IMICONTCPS";"Continuité de pose";"Z";"X";1;0;" ";" ";"0";511;"L9";" ";"C3";20;" ";" ";" ";" ";18/04/2011;"HQS";21/03/2025;"111111";"0";"0";"1";"%Hors dimanche - hors samedi si acquisition en ouvrés.";"0"
"IJRNBJMAIN";"Nb jours maintien d'acquisition";"N";"L";4;0;" ";" ";" ";496;" ";"IJRNBJMAIN";"V3";0;" ";" ";" ";" ";07/02/2025;"111111";03/03/2025;"111111";"0";" ";"1";" ";"0"
"IHIANC3";"Ancienneté 3";"N";"I";3;0;" ";" ";" ";511;" ";" ";"C3";0;" ";" ";" ";" ";28/02/2025;"111111";01/01/1900;" ";"0";" ";"1";" ";"0"
"IHIMAIN2";"Nb jours maintien 2";"N";"I";3;0;" ";" ";" ";511;" ";" ";"C3";0;" ";" ";" ";" ";28/02/2025;"111111";01/01/1900;" ";"0";" ";"1";" ";"0"
"IHIMAIN1";"Nb jours maintien 1";"N";"I";3;0;" ";" ";" ";511;" ";" ";"C3";0;" ";" ";" ";" ";28/02/2025;"111111";01/01/1900;" ";"0";" ";"1";" ";"0"
"E2NOMJF";"Nom de jeune fille";"U";"X";40;0;" ";" ";" ";256;" ";" ";"*0";0;"Nom de jeune fille";" ";" ";" ";25/06/1991;"*DIC";13/10/2025;"*DIC";"0";" ";"1";" ";"1"
"CALENDPRE";"Code calendrier sur J-1";"A";"X";10;0;" ";" ";" ";256;" ";" ";"*0";0;" ";" ";" ";" ";12/02/2009;"*DIC";13/10/2025;"*DIC";"0";" ";"1";" ";"0"
"CTRATTRI";"Code attribution";"A";"X";10;0;" ";" ";" ";256;" ";" ";"*0";0;"Théo profil annuali.";" ";" ";" ";01/12/2000;"*DIC";13/10/2025;"*DIC";"0";" ";"1";" ";"0"
"DATCLO";"Date de cloture de la fiche individuelle";"D";"X";10;0;" ";" ";" ";256;" ";" ";"*0";0;"Date de cloture";" ";" ";" ";25/06/1991;"*DIC";13/10/2025;"*DIC";"0";" ";"1";" ";"0"
"DUREEARRET";"Durée minimum de l'arrêt de travail";"N";"I";6;0;" ";" ";" ";256;" ";" ";"*0";0;"Durée minimum de l'arr";" ";" ";" ";10/10/2016;"*DIC";13/10/2025;"*DIC";"0";" ";"1";" ";"0"
"E2DATEMARI";"Date dernière situation maritale";"D";"X";10;0;" ";" ";" ";256;" ";" ";"*0";0;"Date situation";" ";" ";" ";27/02/1996;"CV";13/10/2025;"*DIC";"0";" ";"1";" ";"0"
"ENFSEXE";"Sexe de l'enfant";"A";"X";1;0;" ";" ";" ";256;" ";" ";"*0";0;"Sexe de l'enfant";" ";" ";" ";25/06/1991;"*DIC";13/10/2025;"*DIC";"0";" ";"1";" ";"0"
"HDPLDER";"Heure début plage débordement";"A";"X";1;0;" ";" ";" ";256;" ";" ";"*0";0;"Heure début plage débo";" ";" ";" ";24/09/1996;"*DIC";13/10/2025;"*DIC";"0";" ";"1";" ";"0"
"HIPTPR";"Premier pointage de la plage";"T";"I";6;2;" ";" ";" ";256;" ";" ";"*0";0;" ";" ";" ";" ";03/01/1994;"DEMO";13/10/2025;"*DIC";"0";" ";"1";" ";"0"
"HREPENIB";"Durée d'exposition";"T";"L";9;2;" ";" ";" ";256;" ";" ";"*9";0;"Durée d'exposition";" ";" ";" ";18/02/2015;"*DIC";13/10/2025;"*DIC";"0";" ";"1";" ";"0"
"NIVEAU";"Niveau de compétence";"A";"X";1;0;" ";" ";" ";256;" ";" ";"*0";0;"Niveau de compétence";" ";" ";" ";07/04/2017;"*DIC";13/10/2025;"*DIC";"0";" ";"1";" ";"0"
"NXJOUR";"Nombre de jours";"N";"L";9;0;" ";" ";" ";256;" ";" ";"*0";0;"Nombre de jours";" ";" ";" ";29/12/2006;"*DIC";13/10/2025;"*DIC";"0";" ";"1";" ";"0"
"NXPENIB";"Nombre de pénibilités";"N";"I";2;0;" ";" ";"000000000000";256;" ";" ";"*3";0;" ";" ";" ";" ";30/12/2014;"*DIC";13/10/2025;"*DIC";"0";" ";"1";" ";"0"
"TVALORIS";"Valorisations autorisées";"A";"X";6;0;" ";" ";" ";256;" ";" ";"*0";0;"Autorisations";" ";" ";" ";14/10/1998;"*DIC";13/10/2025;"*DIC";"0";" ";"1";" ";"0"
"IGIDLSTEXP";"Date de dernier export du réglementaire";"D";"X";10;0;" ";" ";" ";511;" ";" ";"C3";0;" ";" ";" ";" ";14/02/2025;"111111";01/01/1900;" ";"0";" ";"1";" ";" "
"IJRFRRCPP1";"Date de perte";"D";"X";10;0;" ";" ";" ";496;" ";"IJRFRRCPP1";"V3";0;" ";" ";" ";" ";07/02/2025;"111111";06/03/2025;"111111";"0";" ";"1";"%maladie + 1an";"0"
"IDISENFMA1";"Seuil 1 âge enfant malade";"N";"I";2;0;" ";" ";"000000000000";511;" ";" ";"C2";0;" ";" ";" ";" ";23/07/2015;"HQS";01/01/1900;" ";"0";"0";"1";" ";"0"
"IDIVMRFJ";"Motif repos forfait jour";"A";"X";10;0;" ";" ";" ";511;"II";" ";"C2";0;" ";" ";" ";" ";07/02/2025;"111111";01/01/1900;" ";"0";" ";"1";" ";"0"
"IJQHEXCED1";"Heures excédentaires entrée";"T";"I";6;2;" ";" ";"000000000000";496;" ";" ";"V2";0;"Hre excedent. ent";" ";" ";" ";22/05/2003;"FBR";09/08/2019;"111111";"0";"0";"1";" ";"0"
"IDIDCANNC2";"Droit congé ancienneté 2 ""régime 2""";"N";"I";4;1;" ";" ";" ";511;" ";" ";"C3";0;" ";" ";" ";" ";29/04/2019;"111111";12/08/2019;"111111";"0";"0";"1";" ";"0"
"IDIHSTAUX2";"HS taux 2 (%)";"N";"I";2;0;" ";" ";" ";511;" ";" ";"C3";0;" ";" ";" ";" ";23/11/2017;"HQS";08/11/2019;"111111";"0";" ";"1";" ";"0"
"IDIMABSM1";"Maxi absence maladie seuil 1";"N";"I";5;1;" ";" ";" ";511;" ";" ";"C3";0;" ";" ";" ";" ";06/04/2023;"111111";06/04/2023;"111111";"0";" ";"1";" ";"0"
"IDIMABSM2";"Maxi absence maladie seuil 2";"N";"I";5;1;" ";" ";" ";511;" ";" ";"C3";0;" ";" ";" ";" ";06/04/2023;"111111";01/01/1900;" ";"0";" ";"1";" ";"0"
"IJRBHPAYEE";"Base des heures payées";"T";"I";6;2;" ";" ";"000000000000";496;" ";"IJRBHPAYEE";"V3";0;" ";" ";" ";" ";21/07/2015;"HQS";12/08/2019;"111111";"0";"0";"1";" ";"0"
"IJITYPCTRA";"Temps de travail (%)";"N";"L";6;2;"000000000000";"000000010000";"000000000000";511;" ";" ";"V2";0;" ";" ";" ";" ";22/04/2005;"HQS";27/06/2025;"111111";"0";" ";"1";" ";"0"
"IEIPRTNIV1";"Protecsys niveau 1";"A";"X";30;0;" ";" ";" ";511;"L";" ";"C3";20;" ";" ";" ";" ";30/03/2007;"HQS";17/11/2016;"HQS";"0";"0";"1";" ";"0"
"IJRSCORELI";"Solde reliquat CP";"N";"I";6;1;" ";" ";" ";496;" ";"IJRSCORELI";"V3";0;" ";" ";" ";" ";01/12/2017;"HQS";11/03/2025;"##########";"0";" ";"1";" ";"0"
"IDIREP15M";"Nb mois report congé maladie";"N";"I";3;0;" ";" ";" ";511;" ";" ";"C3";0;" ";" ";" ";" ";07/02/2025;"111111";01/01/1900;" ";"0";" ";"1";" ";"0"
"IHIGMAINCP";"Gestion du maintien d'acquisition";"Z";"X";1;0;" ";" ";" ";511;"L9";" ";"C3";20;" ";" ";" ";" ";07/02/2025;"111111";01/01/1900;" ";"0";" ";"1";" ";"0"
"IDIECHVISI";"Echéance visite médicale";"N";"I";2;0;" ";" ";" ";511;" ";" ";"C3";0;" ";" ";" ";" ";01/09/2009;"HQS";25/06/2013;"HQS";"0";"0";"1";" ";"0"
"IJICDRPLAN";"Report minimum";"T";"L";8;2;"-00000059940";"000000000000";"000000000000";511;" ";" ";"C2";0;"Report minimum..";" ";" ";" ";27/02/1996;"BM";09/08/2019;"111111";"0";"0";"1";" ";"0"
"IJQENTREE5";"Entrée 5 plage dynamique";"T";"I";6;2;" ";" ";" ";496;" ";" ";"C0";0;" ";" ";" ";" ";07/08/2018;"111111";14/08/2018;"111111";"0";"0";"1";" ";"0"
"IDIHDEBP";"Découpage semaine";"A";"X";1;0;" ";" ";" ";480;"L9";" ";"C3";20;" ";" ";" ";" ";17/02/2025;"111111";20/02/2025;"111111";"0";"0";"1";" ";"0"
"IJRNJOUTRA";"Nombre de jours travaillés dans l année";"N";"I";5;1;" ";" ";"000000000000";480;" ";"IJRNJOUTRA";"V3";0;"Nbre jours trav. année";" ";" ";" ";15/05/2003;"FBR";15/05/2003;"FBR";"0";" ";"1";" ";"0"
"IJRNJPRESA";"Nbre de jours de présence annuel";"N";"I";5;1;" ";" ";"000000000000";496;" ";"IJRNJPRESA";"V3";0;"Nb jrs pres ann";" ";" ";" ";11/06/2003;"BO";12/08/2019;"111111";"0";"0";"1";" ";"0"
"IMILIBMOT";"HQ Calendar - Détail du RDV";"X";"X";40;0;" ";" ";" ";480;" ";" ";"C2";0;" ";" ";" ";" ";20/02/2025;"HQS";04/04/2025;"111111";"0";" ";"0";" ";"0"
"IJRSNBHRTT";"Solde RTT (H)";"T";"L";6;2;" ";" ";"000000000000";480;" ";"IJRSNBHRTT";"V3";0;"Solde RTT (H)";" ";" ";" ";15/05/2003;"FBR";12/08/2019;"111111";"0";"0";"1";" ";"0"
"IJRSOLDCET";"Solde CET";"N";"L";6;1;" ";" ";"000000000000";496;" ";"IJRSOLDCET";"V3";0;" ";" ";" ";" ";21/03/2007;"HQS";01/01/1900;" ";"0";" ";"1";" ";"0"
"ISISANC1";"Seuil ancienneté 1 ""RÉGIME 1""";"N";"I";3;0;" ";" ";" ";511;" ";" ";"C3";0;" ";" ";" ";" ";10/02/2025;"111111";01/01/1900;" ";"0";" ";"1";" ";"0"
"IJRMDCSE3";"Droit mensuel M-3 (H)";"T";"I";6;2;" ";" ";" ";504;" ";"IJRMDCSE3";"V3";0;" ";" ";" ";" ";18/03/2019;"111111";01/01/1900;" ";"0";" ";"1";" ";"0"
"ICICARACTE";"Caractéristique";"A";"X";10;0;" ";" ";" ";511;"L1";" ";"C3";30;" ";" ";" ";" ";08/08/2013;"HQS";30/11/2015;"HQS";"0";"0";"1";" ";"0"
"IJRRCPP1";"Report congé maladie +1 an";"N";"I";6;1;" ";" ";" ";496;" ";"IJRRCPP1";"V3";0;" ";" ";" ";" ";07/02/2025;"111111";01/01/1900;" ";"0";" ";"1";" ";"0"
"IEIIMMATRI";"Immatriculation";"A";"X";10;0;" ";" ";" ";511;" 1";" ";"C3";0;" ";" ";" ";" ";08/08/2013;"HQS";09/09/2013;"111111";"0";"0";"1";" ";"0"
"ICIQUALIF";"Qualification";"A";"X";40;0;" ";" ";" ";511;" ";" ";"C3";0;" ";" ";" ";" ";02/07/2015;"111111";24/01/2018;"HQS";"0";"0";"1";" ";"0"
"IJRSCPCET";"Solde CET au titre des congés payés";"N";"L";6;1;" ";" ";"000000000000";496;" ";"IJRSCPCET";"V3";0;" ";" ";" ";" ";27/07/2015;"HQS";12/08/2019;"111111";"0";"0";"1";" ";"0"
"IJRSDBADGV";"Sauvegarde dernier badgeage validé";"T";"I";6;2;" ";" ";"000000000000";480;" ";"IJQDEBADGV";"V2";0;"Dernier badgeage";" ";" ";" ";14/05/2003;"FBR";18/06/2003;"BO";"0";" ";"1";" ";"0"
"IJRSDELDFS";"Solde délégation DFS";"T";"I";6;2;" ";" ";"000000000000";480;" ";" ";"V3";0;" ";" ";" ";" ";21/11/2017;"HQS";12/08/2019;"111111";"0";"0";"1";" ";"0"
"IJRSDELEDS";"Solde délégation DS";"T";"I";6;2;" ";" ";"000000000000";480;" ";" ";"V3";0;" ";" ";" ";" ";21/11/2017;"HQS";12/08/2019;"111111";"0";"0";"1";" ";"0"
"IJRSCOPRIN";"Solde CP";"N";"I";6;1;" ";" ";" ";496;" ";"IJRSCOPRIN";"V3";0;" ";" ";" ";" ";01/12/2017;"HQS";06/03/2025;"111111";"0";" ";"1";" ";"0"
"IJRSDONABS";"Solde jours d'absences sur don";"N";"I";6;1;" ";" ";" ";496;" ";"IJRSDONABS";"V3";0;" ";" ";" ";" ";01/12/2017;"HQS";12/08/2019;"111111";"0";"0";"1";" ";"0"
"IDIVMCOANC";"Congé ancienneté";"A";"X";10;0;" ";" ";" ";511;"II";" ";"C2";0;" ";" ";" ";" ";30/09/2003;"HQS";12/08/2019;"111111";"0";"0";"1";" ";"0"
"IJRPRESBAM";"Présence badgée période";"T";"I";6;2;" ";" ";"000000000000";480;" ";"IJRPRESBAM";"V3";0;"Presence mois";" ";" ";" ";15/05/2003;"FBR";12/08/2019;"111111";"0";"0";"1";" ";"0"
"IDISANC1";"Seuil ancienneté 1 ""régime 1""";"N";"I";3;0;" ";" ";" ";511;" ";" ";"C3";0;" ";" ";" ";" ";29/04/2019;"111111";30/04/2019;"HQS";"0";"0";"1";" ";"0"
"IJICDRPLAF";"Report maximum";"T";"L";8;2;"000000000000";"000000059940";"000000000000";511;" ";" ";"C2";0;"Report maximum..";" ";" ";" ";27/02/1996;"BM";09/08/2019;"111111";"0";"0";"1";" ";"0"
"IJQETTEPRT";"Ecart TTE / présence théorique";"T";"L";8;2;" ";" ";"000000000000";496;" ";" ";"V3";0;" ";" ";" ";" ";02/10/2003;"HQS";01/01/1900;" ";"0";" ";"1";" ";"0"
"IJRDPERTE";"Date perte congé";"D";"X";10;0;" ";" ";" ";496;" ";"IJRDPERTE";"V3";0;" ";" ";" ";" ";07/02/2025;"111111";01/01/1900;" ";"0";" ";"1";" ";"0"
"IDIDDEBFJ";"Début période gestion convention FJ";"D";"X";10;0;" ";" ";" ";511;" ";" ";"C3";0;" ";" ";" ";" ";07/02/2025;"111111";01/01/1900;" ";"0";" ";"1";" ";"0"
"ISIDCANNC2";"Droit congés ancienneté 2 ""RÉGIME 2""";"N";"I";4;1;" ";" ";" ";511;" ";" ";"C3";0;" ";" ";" ";" ";10/02/2025;"111111";01/01/1900;" ";"0";" ";"1";" ";"0"
"ISISANNC5";"Seuil ancienneté 5 ""RÉGIME 2""";"N";"I";3;0;" ";" ";" ";511;" ";" ";"C3";0;" ";" ";" ";" ";10/02/2025;"111111";01/01/1900;" ";"0";" ";"1";" ";"0"
"IJRSACQCP";"Solde CP en cours";"N";"I";6;2;" ";" ";" ";496;" ";"IJRSACQCP";"V3";0;" ";" ";" ";" ";01/08/2018;"#000000001";06/03/2025;"111111";"0";" ";"1";" ";"0"
