REGLE;CODART;LIG;INST
"IPRIME";"S";"0008";"*"
"IPRIME";"S";"0007";"*"
"ITRAVPAU";"S";"0037";"DEF LOCA_ENTREE T6.2"
"IDIMAN";"S";"0001";"***********************************************************************"
"IDIMAN";"S";"0002";"* Règle     : IDIMAN"
"IDIMAN";"S";"0003";"* Ordre     : 6410"
"IDIMAN";"S";"0004";"* Titre     : Calcul des heures de dimanche"
"IDIMAN";"S";"0005";"* Package   : Privé 16.3"
"IDIMAN";"S";"0006";"*----------------------------------------------------------------------"
"IDIMAN";"S";"0007";"*"
"IDIMAN";"S";"0008";"*"
"IDIMAN";"S";"0009";"* Rôle : Calcul des heures de dimanche"
"IDIMAN";"S";"0010";"*"
"IDIMAN";"S";"0011";"*"
"IDIMAN";"S";"0012";"*"
"IDIMAN";"S";"0013";"*"
"IDIMAN";"S";"0014";"*"
"IDIMAN";"S";"0015";"*----------------------------------------------------------------------"
"IDIMAN";"S";"0016";"* Créé par : Cellule Industrialisation"
"IDIMAN";"S";"0017";"* Date     : 03/09/2009"
"IDIMAN";"S";"0018";"* Version  : 1"
"IDIMAN";"S";"0019";"*----------------------------------------------------------------------"
"IDIMAN";"S";"0020";"* Modifiée par : Cellule Industrialisation"
"IDIMAN";"S";"0021";"* Date         : JJ/MM/AAAA"
"IDIMAN";"S";"0022";"* Objet        :"
"IDIMAN";"S";"0023";"***********************************************************************"
"IDIMAN";"S";"0024";"*"
"IDIMAN";"S";"0025";"* Implémentation des données industrielles"
"IDIMAN";"S";"0026";"*"
"IDIMAN";"S";"0027";"DEBDICO"
"IDIMAN";"S";"0028";"   HJOU_IJQHDIMTRA;N;T6,2;I;;;    56789;;;V3;""Heures de dimanche"";"
"IDIMAN";"S";"0029";"FINDICO"
"IDIMAN";"S";"0030";"* Déclaration des donnees locales"
"IDIMAN";"S";"0031";"*"
"IDIMAN";"S";"0032";"* Stockage du total des heures dimanches pour"
"IDIMAN";"S";"0033";"* contrôle par rapport à l'écrêtage de la presence"
"IDIMAN";"S";"0034";"DEF LOCA_DIM T6.2"
"IDIMAN";"S";"0035";"LOCA_DIM = 0"
"IDIMAN";"S";"0036";"*"
"IDIMAN";"S";"0037";"SI HJOU_DATE <= TEMP_DATJOU"
"IDIMAN";"S";"0038";"   SI HJOU_JOUR = ""7"""
"IDIMAN";"S";"0039";"      SI HJOU_IJIGBADGEA = ""1"""
"IDIMAN";"S";"0040";"         LOCA_DIM = HJOU_IJQPREJENC"
"IDIMAN";"S";"0041";"         LOCA_DIM = LOCA_DIM + HJOU_IJRPREVEIL"
"IDIMAN";"S";"0042";"         LOCA_DIM = LOCA_DIM - HJOU_IJQECPAUSM"
"IDIMAN";"S";"0043";"* le 23/03 pas de gestion de temps de pause"
"IDIMAN";"S";"0044";"* LOCA_DIM = LOCA_DIM + HJOU_IJQPAUPPLA"
"IDIMAN";"S";"0045";"* LOCA_DIM = LOCA_DIM + HJOU_IJQPAUSPLA"
"IDIMAN";"S";"0046";"* Contrôle de l'écrêtage du profil horaire"
"IDIMAN";"S";"0047";"         SI LOCA_DIM > PROF_ECRJOU"
"IDIMAN";"S";"0048";"            LOCA_DIM = PROF_ECRJOU"
"IDIMAN";"S";"0049";"         FINSI"
"IDIMAN";"S";"0050";"         HJOU_IJQHDIMTRA = LOCA_DIM"
"IDIMAN";"S";"0051";"      SINON"
"IDIMAN";"S";"0052";"         HJOU_IJQHDIMTRA = HJOU_IJQPRESBAV"
"IDIMAN";"S";"0053";"      FINSI"
"IDIMAN";"S";"0054";"   FINSI"
"IDIMAN";"S";"0055";"*"
"IDIMAN";"S";"0056";"*  analyse des consignes"
"IDIMAN";"S";"0057";"*"
"IDIMAN";"S";"0058";"   POUR ACTIVITES"
"IDIMAN";"S";"0059";"      SI HABS_MOTIF = ""XDIM"""
"IDIMAN";"S";"0060";"         HJOU_IJQHDIMTRA = HJOU_IJQHDIMTRA + HABS_MOTIDUR"
"IDIMAN";"S";"0061";"      FINSI"
"IDIMAN";"S";"0062";"      SI HABS_MOTIF = ""ZDIM"""
"IDIMAN";"S";"0063";"         HJOU_IJQHDIMTRA = HABS_MOTIDUR"
"IDIMAN";"S";"0064";"      FINSI"
"IDIMAN";"S";"0065";"   FINPOUR"
"IDIMAN";"S";"0066";"FINSI"
"ICPJOU";"S";"0001";"***********************************************************************"
"IDIMAN";"S";"0067";"FIN"
"ICPJOU";"S";"0002";"* Règle     : ICPJOU"
"ICPJOU";"S";"0003";"* Ordre     : 4400"
"ICPJOU";"S";"0004";"* Titre     : Calcul des compteurs journaliers"
"ICPJOU";"S";"0005";"* Package   : Privé 16.3"
"ICPJOU";"S";"0006";"*----------------------------------------------------------------------"
"ICPJOU";"S";"0007";"*"
"ICPJOU";"S";"0008";"*"
"ICPJOU";"S";"0009";"* Rôle : Calcul des compteurs journaliers"
"ICPJOU";"S";"0010";"*"
"ICPJOU";"S";"0011";"*"
"ICPJOU";"S";"0012";"*"
"ICPJOU";"S";"0013";"*----------------------------------------------------------------------"
"ICPJOU";"S";"0014";"* Créé par : Cellule Industrialisation"
"ICPJOU";"S";"0015";"* Date     : 03/09/2009"
"ICPJOU";"S";"0016";"* Version  : 1"
"ICPJOU";"S";"0017";"*----------------------------------------------------------------------"
"ICPJOU";"S";"0018";"* Modifiée par : Cellule Industrialisation"
"ICPJOU";"S";"0019";"* Date         : JJ/MM/AAAA"
"ICPJOU";"S";"0020";"* Objet        :"
"ICPJOU";"S";"0021";"***********************************************************************"
"ICPJOU";"S";"0022";"*"
"ICPJOU";"S";"0023";"*"
"ICPJOU";"S";"0024";"* Implémentation des données industrielles"
"ICPJOU";"S";"0025";"*"
"ICPJOU";"S";"0026";"DEBDICO"
"ICPJOU";"S";"0027";"   HJOU_IJQPRETHEJ;O;T6,2;I;;;    56789;;;C0;""Présence théorique jour"";"
"ICPJOU";"S";"0028";"   HJOU_IJQBHORVAJ;N;T6,2;I;;;    56789;;;V3;""Heures totales"";"
"ICPJOU";"S";"0029";"   HJOU_IJQPRESBAV;N;T6,2;I;;;    56789;;;V3;""Présence badgée validée"";"
"ICPJOU";"S";"0030";"   PARD_IDIXPRES;O;A10;X;;;123456789;II;;C2;""Motif de présence non badgeant"";"
"ICPJOU";"S";"0031";"FINDICO"
"ICPJOU";"S";"0032";"*"
"ICPJOU";"S";"0033";"* Déclaration des donnees locales"
"ICPJOU";"S";"0034";"*"
"IHSAME";"S";"0001";"***********************************************************************"
"IHSAME";"S";"0002";"* Règle     : IHSAME"
"IHSAME";"S";"0003";"* Ordre     : 6420"
"IHSAME";"S";"0004";"* Titre     : Calcul des heures de  samedi"
"IHSAME";"S";"0005";"* Package   : Privé 16.3"
"IHSAME";"S";"0006";"*----------------------------------------------------------------------"
"IHSAME";"S";"0007";"*"
"IHSAME";"S";"0008";"* Rôle : Calcul  des heures de samedi"
"IHSAME";"S";"0009";"*        Elles sont alimentées par les heures badgées de la journée en"
"IHSAME";"S";"0010";"*        cours et les heures de la veille faites apres minuit"
"IHSAME";"S";"0011";"*"
"IHSAME";"S";"0012";"*"
"IHSAME";"S";"0013";"*"
"IHSAME";"S";"0014";"*"
"IHSAME";"S";"0015";"*----------------------------------------------------------------------"
"IHSAME";"S";"0016";"* Créé par : Cellule Industrialisation"
"IHSAME";"S";"0017";"* Date     : 03/09/2009"
"IHSAME";"S";"0018";"* Version  : 1"
"IHSAME";"S";"0019";"*---------------------------------------------------------------------"
"IHSAME";"S";"0020";"* Modifiée par : Cellule Industrialisation"
"IHSAME";"S";"0021";"* Date         : JJ/MM/AAAA"
"IHSAME";"S";"0022";"* Objet        :"
"IHSAME";"S";"0023";"***********************************************************************"
"IHSAME";"S";"0024";"*"
"IHSAME";"S";"0025";"* Implémentation des données industrielles"
"IHSAME";"S";"0026";"*"
"IHSAME";"S";"0027";"DEBDICO"
"IHSAME";"S";"0028";"   HJOU_IJQHSAMTRA;N;T6,2;I;;;    56789;;;V3;""Heures de samedi"";"
"IHSAME";"S";"0029";"FINDICO"
"IHSAME";"S";"0030";"*"
"IHSAME";"S";"0031";"* Déclaration des donnees locales"
"IHSAME";"S";"0032";"*"
"IHSAME";"S";"0033";"*"
"IHSAME";"S";"0034";"* Stockage du total des heures dimanches pour"
"IHSAME";"S";"0035";"* contrôle par rapport à l'écrêtage de la presence"
"IHSAME";"S";"0036";"DEF LOCA_SAM T6.2"
"IHSAME";"S";"0037";"LOCA_SAM = 0"
"IHSAME";"S";"0038";"*"
"IHSAME";"S";"0039";"SI HJOU_DATE <= TEMP_DATJOU"
"IHSAME";"S";"0040";"   SI HJOU_JOUR = ""6"""
"IHSAME";"S";"0041";"      SI HJOU_IJIGBADGEA = ""1"""
"IHSAME";"S";"0042";"         LOCA_SAM = HJOU_IJQPREJENC"
"IHSAME";"S";"0043";"         LOCA_SAM = LOCA_SAM + HJOU_IJRPREVEIL"
"IHSAME";"S";"0044";"         LOCA_SAM = LOCA_SAM - HJOU_IJQECPAUSM"
"IHSAME";"S";"0045";"         SI LOCA_SAM > PROF_ECRJOU"
"IHSAME";"S";"0046";"            LOCA_SAM = PROF_ECRJOU"
"IHSAME";"S";"0047";"         FINSI"
"IHSAME";"S";"0048";"      SINON"
"IHSAME";"S";"0049";"         LOCA_SAM = HJOU_IJQPRESBAV"
"IHSAME";"S";"0050";"      FINSI"
"IHSAME";"S";"0051";"   FINSI"
"IHSAME";"S";"0052";"   HJOU_IJQHSAMTRA = LOCA_SAM"
"IHSAME";"S";"0053";"** Mise a jour par consigne"
"IHSAME";"S";"0054";"   POUR ACTIVITES"
"IHSAME";"S";"0055";"      SI HABS_MOTIF = ""ZSAM"""
"IHSAME";"S";"0056";"         HJOU_IJQHSAMTRA = HABS_MOTIDUR"
"IHSAME";"S";"0057";"      FINSI"
"IHSAME";"S";"0058";"      SI HABS_MOTIF = ""XSAM"""
"IHSAME";"S";"0059";"         HJOU_IJQHSAMTRA = HJOU_IJQHSAMTRA + HABS_MOTIDUR"
"IHSAME";"S";"0060";"      FINSI"
"IHSAME";"S";"0061";"   FINPOUR"
"IHSAME";"S";"0062";"FINSI"
"IHSAME";"S";"0063";"FIN"
"IHSUPP";"S";"0001";"************************************************************************"
"IHSUPP";"S";"0002";"* Règle     : IHSUPP"
"IHSUPP";"S";"0003";"* Ordre     : 6600"
"IHSUPP";"S";"0004";"* Titre     : Calcul des heures supplémentaires"
"IHSUPP";"S";"0005";"* Package   : Privé 16.3"
"IHSUPP";"S";"0006";"*----------------------------------------------------------------------"
"IHSUPP";"S";"0007";"*"
"IHSUPP";"S";"0008";"*"
"IHSUPP";"S";"0009";"* Rôle : Calcul des heures supplémentaires du lundi au dimanche travaillé"
"IHSUPP";"S";"0010";"*         (si dimanche travaillé de nuit, la totalité du travail de nuit"
"IHSUPP";"S";"0011";"*          est sur le dimanche)"
"IHSUPP";"S";"0012";"*         (gestion uniquement pour les temps plein)"
"IHSUPP";"S";"0013";"*"
"IPRIME";"S";"0001";"***********************************************************************"
"IPRIME";"S";"0002";"* Règle     : IPRIME"
"IPRIME";"S";"0003";"* Ordre     : 6500"
"IPRIME";"S";"0004";"* Titre     : Calcul des primes"
"IPRIME";"S";"0005";"* Package   : Privé 16.3"
"IPRIME";"S";"0006";"*----------------------------------------------------------------------"
"IPRIME";"S";"0009";"* Rôle : Calcul des primes"
"IPRIME";"S";"0010";"*"
"IPRIME";"S";"0011";"*"
"IPRIME";"S";"0012";"*"
"IPRIME";"S";"0013";"*"
"IPRIME";"S";"0014";"*"
"IPRIME";"S";"0015";"*----------------------------------------------------------------------"
"IPRIME";"S";"0016";"* Créé par : Méthodes et Outils"
"IPRIME";"S";"0017";"* Date     : 04/04/2023"
"IPRIME";"S";"0018";"* Version  : 1"
"IPRIME";"S";"0019";"*----------------------------------------------------------------------"
"IPRIME";"S";"0020";"* Modifiée par :"
"IPRIME";"S";"0021";"* Date         : JJ/MM/AAAA"
"IPRIME";"S";"0022";"* Objet        :"
"IPRIME";"S";"0023";"***********************************************************************"
"IPRIME";"S";"0024";"*"
"IPRIME";"S";"0025";"* Implémentation des données industrielles"
"IPRIME";"S";"0026";"*"
"IPRIME";"S";"0027";"DEBDICO"
"IPRIME";"S";"0028";"   HJOU_IJQNPREQUJ;N;N2;I;;;    56789;;;V3;""Prime jour"";"
"IPRIME";"S";"0029";"   HJOU_IJQNPANIJR;N;N2;I;;;    56789;;;V3;""Panier jour"";"
"IPRIME";"S";"0030";"   HJOU_IJQNPREQUN;N;N2;I;;;    56789;;;V3;""Prime nuit"";"
"IPRIME";"S";"0031";"   HJOU_IJQNPANINU;N;N2;I;;;    56789;;;V3;""Panier nuit"";"
"IPRIME";"S";"0032";"   HJOU_IJQNPRIDIV;N;N2;I;;;    56789;;;V3;""Prime divers"";"
"IPRIME";"S";"0033";"   HJOU_IJQNPRISPE;N;N2;I;;;    56789;;;V3;""Prime spécifique"";"
"IPRIME";"S";"0034";"   ****** prime dans HOR"
"IPRIME";"S";"0035";"   HORC_IHINPRIST;O;Z1;X;0;1;      789;C;;C2;""Prime de poste"";"
"IPRIME";"S";"0036";"   HORC_IHISPRIST;O;T6,2;I;;;123456789;;;C2;""Seuil déclenchement prime de poste"";"
"IPRIME";"S";"0037";"   HJOU_IJQPRIHOST;N;N2;I;;;    56789;;;V3;""Prime de poste"";"
"IPRIME";"S";"0038";"   MOTI_IMIGPRIMH;O;Z1;X;0;1;123456789;C;;C2;""Participe à la prime de poste"";"
"IPRIME";"S";"0039";"   ******"
"IPRIME";"S";"0040";"FINDICO"
"IPRIME";"S";"0041";"*"
"IPRIME";"S";"0042";"* Déclaration des donnees locales"
"IPRIME";"S";"0043";"*"
"IPRIME";"S";"0044";"DEF LOCA_PRIMJ T6.2"
"IPRIME";"S";"0045";"LOCA_PRIMJ = 0"
"IPRIME";"S";"0046";"DEF LOCA_PRIMN T6.2"
"IPRIME";"S";"0047";"LOCA_PRIMN = 0"
"IPRIME";"S";"0048";"DEF LOCA_PRIMPJ T6.2"
"IPRIME";"S";"0049";"LOCA_PRIMPJ = 0"
"IPRIME";"S";"0050";"DEF LOCA_PRIMPN T6.2"
"IPRIME";"S";"0051";"LOCA_PRIMPN = 0"
"IPRIME";"S";"0052";"DEF LOCA_PRIMD T6.2"
"IPRIME";"S";"0053";"LOCA_PRIMD = 0"
"IPRIME";"S";"0054";"DEF LOCA_PRIMS T6.2"
"IPRIME";"S";"0055";"LOCA_PRIMS = 0"
"IPRIME";"S";"0056";"DEF LOCA_PRIMH T6.2"
"IPRIME";"S";"0057";"LOCA_PRIMH = 0"
"IPRIME";"S";"0058";"LOCA_PRIMJ = HJOU_IJQPRESBAV"
"IPRIME";"S";"0059";"LOCA_PRIMPJ = HJOU_IJQPRESBAV"
"IPRIME";"S";"0060";"LOCA_PRIMN = HJOU_IJQHNUITTO"
"IPRIME";"S";"0061";"LOCA_PRIMPN = HJOU_IJQHNUITTO"
"IPRIME";"S";"0062";"LOCA_PRIMD = HJOU_IJQPRESBAV"
"IPRIME";"S";"0063";"LOCA_PRIMS = HJOU_IJQPRESBAV"
"IPRIME";"S";"0064";"* la base de calcul de la prime de poste est le temps"
"IPRIME";"S";"0065";"* badgé validé"
"IPRIME";"S";"0066";"LOCA_PRIMH = HJOU_IJQPRESBAV"
"ICPJOU";"S";"0035";"DEF LOCA_NULL T6.2"
"ICPJOU";"S";"0036";"LOCA_NULL = 545.0"
"ICPJOU";"S";"0037";"DEF LOCA_INBADG Z1"
"ICPJOU";"S";"0038";"LOCA_INBADG = ""0"""
"ICPJOU";"S";"0039";"* si on est dans le futur"
"ICPJOU";"S";"0040";"* on positionne la variable INBADG à 0"
"ICPJOU";"S";"0041";"* ce qui permet de traiter les badgeants comme des non badgeants"
"ICPJOU";"S";"0042";"* afin d'alimenter une présence badgéé fictive (HJPOINV)qui correspond"
"ICPJOU";"S";"0043";"* à la théorie - les motifs d'absences non créditeur"
"ICPJOU";"S";"0044";"SI HJOU_DATE <= TEMP_DATJOU"
"ICPJOU";"S";"0045";"   LOCA_INBADG = HJOU_IJIGBADGEA"
"ICPJOU";"S";"0046";"* Modif le 21/03/07"
"ICPJOU";"S";"0047";"* pour les badgeants qui declarent leur présence"
"ICPJOU";"S";"0048";"* par la consigne XPRES , ils sont gérés comme des non-badgeant"
"ICPJOU";"S";"0049";"   POUR ACTIVITES"
"ICPJOU";"S";"0050";"      SI HABS_MOTIF = PARD_IDIXPRES"
"ICPJOU";"S";"0051";"         LOCA_INBADG = ""0"""
"ICPJOU";"S";"0052";"      FINSI"
"ICPJOU";"S";"0053";"   FINPOUR"
"ICPJOU";"S";"0054";"* Modif le 29/03/07 pour les badgeants qui declarent leur presence"
"IPRIME";"S";"0067";"*"
"IPRIME";"S";"0068";"POUR ACTIVITES"
"ICPJOU";"S";"0055";"* en faisant 1 seul mouvement , il faut que dans le profil horaire"
"ICPJOU";"S";"0056";"* le nombre minimum de badgeage = 1"
"ICPJOU";"S";"0057";"   SI PROF_IPIVMINBAD = 1"
"ICPJOU";"S";"0058";"      SI HJOU_IJQNBADGEA = 1"
"ICPJOU";"S";"0059";"         LOCA_INBADG = ""0"""
"ICPJOU";"S";"0060";"      FINSI"
"ICPJOU";"S";"0061";"   FINSI"
"ICPJOU";"S";"0062";"SINON"
"ICPJOU";"S";"0063";"   LOCA_INBADG = ""0"""
"ICPJOU";"S";"0064";"FINSI"
"ICPJOU";"S";"0065";"*** calcul de la presence jour le 16/05/2010"
"ICPJOU";"S";"0066";"SI LOCA_INBADG = ""1"""
"ICPJOU";"S";"0067";"   TEMP_ITQPRESJOU = HJOU_IJQPRESBAJ"
"ICPJOU";"S";"0068";"   POUR ACTIVITES"
"ICPJOU";"S";"0069";"      SI HABS_MOTYPE = ""P"""
"ICPJOU";"S";"0070";"         TEMP_ITQPRESJOU = TEMP_ITQPRESJOU + HABS_MOTIDUR"
"ICPJOU";"S";"0071";"      FINSI"
"ICPJOU";"S";"0072";"   FINPOUR"
"ICPJOU";"S";"0073";"SINON"
"ICPJOU";"S";"0074";"   TEMP_ITQPRESJOU = HJOU_IJQPRETHEJ"
"ICPJOU";"S";"0075";"   POUR ACTIVITES"
"ICPJOU";"S";"0076";"      SI HABS_MOTYPE = ""A"""
"ICPJOU";"S";"0077";"         TEMP_ITQPRESJOU = TEMP_ITQPRESJOU - HABS_MOTIDUR"
"ICPJOU";"S";"0078";"      FINSI"
"ICPJOU";"S";"0079";"   FINPOUR"
"ICPJOU";"S";"0080";"FINSI"
"ICPJOU";"S";"0081";"*  heures totales avant écrétement"
"ICPJOU";"S";"0082";"HJOU_IJQBHORVAJ = HJOU_IJQPRESBAJ"
"ICPJOU";"S";"0083";"*  déduction écart pause DJ"
"ICOUPD";"S";"0009";"* Rôle : Coupure déjeuner"
"ICPJOU";"S";"0084";"HJOU_IJQBHORVAJ = HJOU_IJQBHORVAJ - HJOU_IJQECPAUSM"
"ICPJOU";"S";"0085";"*  rajout du débordement"
"ICPJOU";"S";"0086";"SI PROF_IPIGDEBORD = ""1"""
"ICPJOU";"S";"0087";"   HJOU_IJQBHORVAJ = HJOU_IJQBHORVAJ + HJOU_IJQHEXCEDJ"
"ICPJOU";"S";"0088";"FINSI"
"ICPJOU";"S";"0089";"*  alimentation d'un compteur avec la presence point?e valid?e"
"ICPJOU";"S";"0090";"HJOU_IJQPRESBAV = HJOU_IJQBHORVAJ"
"ICPJOU";"S";"0091";"*  Alimentation des heures totales par les"
"ICPJOU";"S";"0092";"*  le compteur des heures non badg?es cr?dit?es"
"ICPJOU";"S";"0093";"HJOU_IJQBHORVAJ = HJOU_IJQBHORVAJ + HJOU_IJQPRESNBJ"
"ICPJOU";"S";"0094";"*  gestion des non-badgeant : affectation de la th?orie"
"ICPJOU";"S";"0095";"*  - absences ne participant pas aux heures totales"
"ICPJOU";"S";"0096";"SI LOCA_INBADG = ""0"""
"ICPJOU";"S";"0097";"   HJOU_IJQBHORVAJ = HJOU_IJQPRETHEJ"
"ICPJOU";"S";"0098";"   HJOU_IJQPRESBAV = HJOU_IJQPRETHEJ"
"ICPJOU";"S";"0099";"   POUR ACTIVITES"
"ICPJOU";"S";"0100";"      SI MOTI_MOTYPE <> ""C"""
"ICPJOU";"S";"0101";"         SI MOTI_IMIGDEBCRE = ""0"""
"ICPJOU";"S";"0102";"            HJOU_IJQBHORVAJ = HJOU_IJQBHORVAJ - HABS_MOTIDUR"
"ICPJOU";"S";"0103";"         FINSI"
"ICPJOU";"S";"0104";"*"
"ICPJOU";"S";"0105";"         SI MOTI_IMIGCREDNB <> ""1"""
"ICPJOU";"S";"0106";"            HJOU_IJQPRESBAV = HJOU_IJQPRESBAV - HABS_MOTIDUR"
"ICPJOU";"S";"0107";"            SI HABS_VALORIS = ""H"""
"ICPJOU";"S";"0108";"               SI HABS_HRADEB <> 0"
"ICPJOU";"S";"0109";"                  SI HABS_HRADEB <> LOCA_NULL"
"ICPJOU";"S";"0110";"                     SI MOTI_IMIGDEBCRE = ""1"""
"ICPJOU";"S";"0111";"                        HJOU_IJQPRESBAV = HJOU_IJQPRESBAV + HABS_MOTIDUR"
"ICPJOU";"S";"0112";"                     FINSI"
"ICPJOU";"S";"0113";"                  FINSI"
"ICPJOU";"S";"0114";"               FINSI"
"ICPJOU";"S";"0115";"            FINSI"
"ICPJOU";"S";"0116";"         FINSI"
"ICPJOU";"S";"0117";"*"
"ICPJOU";"S";"0118";"         SI MOTI_IMIGCREDNB = ""1"""
"ICPJOU";"S";"0119";"         OU MOTI_IMIGDEBCRE = ""1"""
"IPRIME";"S";"0069";"   SI MOTI_MOTYPE <> ""C"""
"IPRIME";"S";"0070";"      SI MOTI_IMIGPRIEQJ = ""1"""
"IPRIME";"S";"0071";"         LOCA_PRIMJ = LOCA_PRIMJ + HABS_MOTIDUR"
"ICPJOU";"S";"0120";"            SI HABS_VALORIS = ""H"""
"ICPJOU";"S";"0121";"               SI HABS_HRADEB <> 0"
"ICPJOU";"S";"0122";"                  SI HABS_HRADEB <> LOCA_NULL"
"ICPJOU";"S";"0123";"                     HJOU_IJQBHORVAJ = HJOU_IJQBHORVAJ + HABS_MOTIDUR"
"ICPJOU";"S";"0124";"                  FINSI"
"ICPJOU";"S";"0125";"               FINSI"
"ICPJOU";"S";"0126";"            FINSI"
"ICPJOU";"S";"0127";"         FINSI"
"ICPJOU";"S";"0128";"      FINSI"
"ICPJOU";"S";"0129";"   FINPOUR"
"ICPJOU";"S";"0130";"FINSI"
"ICPJOU";"S";"0131";"FIN"
"IPRIME";"S";"0072";"      FINSI"
"IPRIME";"S";"0073";"*"
"IPRIME";"S";"0074";"      SI MOTI_IMIGPRIEQN = ""1"""
"IPRIME";"S";"0075";"         SI MOTI_IMIGHNUITT <> ""1"""
"IPRIME";"S";"0076";"* on rajoute le temps du motif uniquement, s'il n'etait"
"IPRIME";"S";"0077";"* pas déja comptabilisé dans les heures de nuit totales"
"IPRIME";"S";"0078";"            LOCA_PRIMN = LOCA_PRIMN + HABS_MOTIDUR"
"IPRIME";"S";"0079";"         FINSI"
"IPRIME";"S";"0080";"      SINON"
"IPRIME";"S";"0081";"** cas d'un motif qui maintient les heures de nuit"
"IPRIME";"S";"0082";"** mais qui ne declenche pas de prime"
"IPRIME";"S";"0083";"         LOCA_PRIMN = LOCA_PRIMN - TEMP_ITQNUITMOT"
"IPRIME";"S";"0084";"      FINSI"
"IPRIME";"S";"0085";"*"
"IPRIME";"S";"0086";"      SI MOTI_IMIGPANIJR = ""1"""
"IPRIME";"S";"0087";"         LOCA_PRIMPJ = LOCA_PRIMPJ + HABS_MOTIDUR"
"IPRIME";"S";"0088";"      FINSI"
"IPRIME";"S";"0089";"*"
"IPRIME";"S";"0090";"      SI MOTI_IMIGPANINU = ""1"""
"IPRIME";"S";"0091";"         SI MOTI_IMIGHNUITT <> ""1"""
"IPRIME";"S";"0092";"            LOCA_PRIMPN = LOCA_PRIMPN + HABS_MOTIDUR"
"IPRIME";"S";"0093";"         FINSI"
"IPRIME";"S";"0094";"      SINON"
"IPRIME";"S";"0095";"         LOCA_PRIMPN = LOCA_PRIMPN - TEMP_ITQNUITMOT"
"IPRIME";"S";"0096";"      FINSI"
"IPRIME";"S";"0097";"*"
"IPRIME";"S";"0098";"      SI MOTI_IMIGPRIDIV = ""1"""
"IPRIME";"S";"0099";"         LOCA_PRIMD = LOCA_PRIMD + HABS_MOTIDUR"
"IPRIME";"S";"0100";"      FINSI"
"IPRIME";"S";"0101";"*"
"IPRIME";"S";"0102";"      SI MOTI_IMIGPRISPE = ""1"""
"IPRIME";"S";"0103";"         LOCA_PRIMS = LOCA_PRIMS + HABS_MOTIDUR"
"IPRIME";"S";"0104";"      FINSI"
"IPRIME";"S";"0105";"   FINSI"
"IPRIME";"S";"0106";"****** Prime dans HOR"
"IPRIME";"S";"0107";"   SI MOTI_IMIGPRIMH = ""1"""
"IPRIME";"S";"0108";"      LOCA_PRIMH = LOCA_PRIMH + HABS_MOTIDUR"
"IPRIME";"S";"0109";"   FINSI"
"IPRIME";"S";"0110";"******"
"IPRIME";"S";"0111";"FINPOUR"
"IPRIME";"S";"0112";"SI LOCA_PRIMJ >= PROF_IPISPRIEQJ"
"IPRIME";"S";"0113";"   SI PROF_IPINPRIEQJ = ""1"""
"IPRIME";"S";"0114";"      HJOU_IJQNPREQUJ = 1"
"IPRIME";"S";"0115";"   FINSI"
"IPRIME";"S";"0116";"FINSI"
"IPRIME";"S";"0117";"SI LOCA_PRIMPJ >= PROF_IPISPANIJR"
"IPRIME";"S";"0118";"   SI PROF_IPIGPANIJR = ""1"""
"IPRIME";"S";"0119";"      HJOU_IJQNPANIJR = 1"
"IPRIME";"S";"0120";"   FINSI"
"IPRIME";"S";"0121";"FINSI"
"IPRIME";"S";"0122";"SI LOCA_PRIMN >= PROF_IPISPRIEQN"
"IPRIME";"S";"0123";"   SI PROF_IPINPRIEQN = ""1"""
"IPRIME";"S";"0124";"      HJOU_IJQNPREQUN = 1"
"IPRIME";"S";"0125";"   FINSI"
"IPRIME";"S";"0126";"FINSI"
"IPRIME";"S";"0127";"SI LOCA_PRIMPN >= PROF_IPISPANINU"
"IPRIME";"S";"0128";"   SI PROF_IPIGPANINU = ""1"""
"IPRIME";"S";"0129";"      HJOU_IJQNPANINU = 1"
"IPRIME";"S";"0130";"   FINSI"
"IPRIME";"S";"0131";"FINSI"
"IPRIME";"S";"0132";"SI LOCA_PRIMD >= PROF_IPISPRIDIV"
"IPRIME";"S";"0133";"   SI PROF_IPIGPRIDIV = ""1"""
"IPRIME";"S";"0134";"      HJOU_IJQNPRIDIV = 1"
"IPRIME";"S";"0135";"   FINSI"
"IPRIME";"S";"0136";"FINSI"
"IPRIME";"S";"0137";"SI LOCA_PRIMS >= PROF_IPISPRISPE"
"IPRIME";"S";"0138";"   SI PROF_IPINPRISPE = ""1"""
"IPRIME";"S";"0139";"      HJOU_IJQNPRISPE = 1"
"IPRIME";"S";"0140";"   FINSI"
"IPRIME";"S";"0141";"FINSI"
"IPRIME";"S";"0142";"*********prime dans HOR"
"IPRIME";"S";"0143";"SI LOCA_PRIMH >= HORC_IHISPRIST"
"IPRIME";"S";"0144";"   SI HORC_IHINPRIST = ""1"""
"IPRIME";"S";"0145";"      HJOU_IJQPRIHOST = 1"
"IPRIME";"S";"0146";"   FINSI"
"IPRIME";"S";"0147";"FINSI"
"IPRIME";"S";"0148";"**********"
"IPRIME";"S";"0149";"POUR ACTIVITES"
"IPRIME";"S";"0150";"   SI HABS_MOTIF = ""ZPRJ"""
"IPRIME";"S";"0151";"      HJOU_IJQNPREQUJ = HABS_MOTINBR"
"IPRIME";"S";"0152";"   FINSI"
"IPRIME";"S";"0153";"   SI HABS_MOTIF = ""ZPRN"""
"IPRIME";"S";"0154";"      HJOU_IJQNPREQUN = HABS_MOTINBR"
"IPRIME";"S";"0155";"   FINSI"
"IPRIME";"S";"0156";"   SI HABS_MOTIF = ""ZPAJ"""
"IPRIME";"S";"0157";"      HJOU_IJQNPANIJR = HABS_MOTINBR"
"IPRIME";"S";"0158";"   FINSI"
"IPRIME";"S";"0159";"   SI HABS_MOTIF = ""ZPAN"""
"IPRIME";"S";"0160";"      HJOU_IJQNPANINU = HABS_MOTINBR"
"IPRIME";"S";"0161";"   FINSI"
"IPRIME";"S";"0162";"   SI HABS_MOTIF = ""ZPRD"""
"IPRIME";"S";"0163";"      HJOU_IJQNPRIDIV = HABS_MOTINBR"
"IPRIME";"S";"0164";"   FINSI"
"IPRIME";"S";"0165";"   SI HABS_MOTIF = ""ZPRS"""
"IPRIME";"S";"0166";"      HJOU_IJQNPRISPE = HABS_MOTINBR"
"IPRIME";"S";"0167";"   FINSI"
"IPRIME";"S";"0168";"****prime dans HOR"
"IPRIME";"S";"0169";"      SI HABS_MOTIF = ""ZPRH"""
"IPRIME";"S";"0170";"         HJOU_IJQPRIHOST = HABS_MOTINBR"
"IPRIME";"S";"0171";"      FINSI"
"IPRIME";"S";"0172";"********"
"IPRIME";"S";"0173";"FINPOUR"
"IPRIME";"S";"0174";"FIN"
"ITRAVPAU";"S";"0038";"LOCA_ENTREE = 0"
"ITRAVPAU";"S";"0039";"DEF LOCA_DUR T6.2"
"ITRAVPAU";"S";"0040";"LOCA_DUR = 0"
"ITRAVPAU";"S";"0041";"DEF LOCA_PAUSE T6.2"
"ITRAVPAU";"S";"0042";"LOCA_PAUSE = 0"
"ITRAVPAU";"S";"0043";"DEF LOCA_ANO N1"
"ITRAVPAU";"S";"0044";"LOCA_ANO = 0"
"ITRAVPAU";"S";"0045";"DEF LOCA_AGE N2"
"ITRAVPAU";"S";"0046";"LOCA_AGE = 0"
"ITRAVPAU";"S";"0047";"*"
"ITRAVPAU";"S";"0048";"*"
"ITRAVPAU";"S";"0049";"SI EMPS_E2DATENAI <> "" """
"ITRAVPAU";"S";"0050";"   DATDIFF EMPS_E2DATENAI 12 HJOU_DATE 12"
"ITRAVPAU";"S";"0051";"   LOCA_AGE = TEMP_NXANNEE"
"ITRAVPAU";"S";"0052";"FINSI"
"ITRAVPAU";"S";"0053";"*"
"ITRAVPAU";"S";"0054";"* Pour les personnes d'au moins 18 ans"
"ITRAVPAU";"S";"0055";"SI EMPS_E2DATENAI = "" """
"ITRAVPAU";"S";"0056";"OU LOCA_AGE >= 18"
"ITRAVPAU";"S";"0057";"*"
"ITRAVPAU";"S";"0058";"******************************************************"
"ITRAVPAU";"S";"0059";"*  TEST SI LA DURÉE DE TRAVAIL SANS PAUSE > 6 HEURES *"
"IHSUPP";"S";"0014";"*"
"IHSUPP";"S";"0015";"*         Adaptation de la règle IHSUPP avec ajout suivant :"
"IHSUPP";"S";"0016";"*"
"IHSUPP";"S";"0017";"*         Séparation en deux des règles IHSUPP et IHSUPPDIM afin de"
"IHSUPP";"S";"0018";"*         différencier les HS et les HC"
"IHSUPP";"S";"0019";"*"
"IHSUPP";"S";"0020";"*----------------------------------------------------------------------"
"IHSUPP";"S";"0021";"* Créé par : Méthodes et outils"
"IHSUPP";"S";"0022";"* Date     : 30/06/2020"
"IHSUPP";"S";"0023";"* Version  : 1"
"IHSUPP";"S";"0024";"*----------------------------------------------------------------------"
"IHSUPP";"S";"0025";"* Modifiée par :"
"IHSUPP";"S";"0026";"* Date         : JJ/MM/AAAA"
"IHSUPP";"S";"0027";"* Objet        :"
"IHSUPP";"S";"0028";"***********************************************************************"
"IHSUPP";"S";"0029";"*"
"IHSUPP";"S";"0030";"* Implémentation des données industrielles"
"IHSUPP";"S";"0031";"*"
"IHSUPP";"S";"0032";"DEBDICO"
"IHSUPP";"S";"0033";"   HJOU_IJIGHSUPPM;O;Z1;X;;;123456789;L;;C2;""Régime HS"";"
"IHSUPP";"S";"0034";"   HJOU_IJRBHSMPAH;N;T6,2;I;;;    56789;;IJRBHSMPAH;V3;""Base HS"";"
"IHSUPP";"S";"0035";"   HJOU_IJRHSHMAJA;N;T8,2;L;;;    56789;;IJRHSHMAJA;V3;""Cumul annuel HS payées"";"
"IHSUPP";"S";"0036";"   HJOU_IJRHSMPAYA;N;T8,2;L;;;    56789;;IJRHSMPAYA;V3;""Cumul annuel HS"";"
"IHSUPP";"S";"0037";"   HJOU_IJRHRECANN;N;T8,2;L;;;    56789;;IJRHRECANN;V3;""Cumul annuel HS à récupérer"";"
"IHSUPP";"S";"0038";"   HJOU_IJQHS1MAPA;N;T6,2;I;;;    56789;;;V3;""Heures sup taux 1"";"
"ICOUPD";"S";"0001";"***********************************************************************"
"IHSUPP";"S";"0039";"   HJOU_IJQHS2MAPA;N;T6,2;I;;;    56789;;;V3;""Heures sup taux 2"";"
"IHSUPP";"S";"0040";"   HJOU_IJQHPAYEES;N;T6,2;I;;;    56789;;;V3;""Heures payées"";"
"IHSUPP";"S";"0041";"   HJOU_IJRBHPAYEE;N;T6,2;I;;;    56789;;IJRBHPAYEE;V3;""Base des heures payées"";"
"IHSUPP";"S";"0042";"   HJOU_IJQHS1MARE;N;T6,2;I;;;     6789;;;V3;""Heures sup taux 1 à récup."";"
"IHSUPP";"S";"0043";"   HJOU_IJQHS2MARE;N;T6,2;I;;;     6789;;;V3;""Heures sup taux 2 à récup."";"
"IHSUPP";"S";"0044";"   HJOU_IJRSHSMREH;N;T8,2;L;;;     6789;;IJRSHSMREH;V3;""Récupération HS/HC"";"
"IHSUPP";"S";"0045";"   HJOU_IJRTHEOCYC;N;T6,2;I;;;    56789;;IJRTHEOCYC;V3;""Theorie du cycle"";"
"IHSUPP";"S";"0046";"   HJOU_IJQHRNMAPA;N;T6,2;I;;;    56789;;;V3;""Heures payées non majorées"";"
"IHSUPP";"S";"0047";"   MOTI_IMIGHRPAYE;O;Z1;X;0;1;123456789;C;;C2;""Participe aux heures payées"";"
"IHSUPP";"S";"0048";"   EMPL_IEQSHSMRE1;N;T8,2;L;;;   456789;;;V3;""Solde prévisionnel 1 HS à recup."";"
"IHSUPP";"S";"0049";"   EMPL_IEQSHSMRE2;N;T8,2;L;;;   456789;;;V3;""Solde prévisionnel 2 HS à recup."";"
"IHSUPP";"S";"0050";"   PARD_IDIHSTAUX1;O;N2;I;;;123456789;;;C3;""HS taux 1 (%)"";"
"IHSUPP";"S";"0051";"   PARD_IDIHSTAUX2;O;N2;I;;;123456789;;;C3;""HS taux 2 (%)"";"
"IHSUPP";"S";"0052";"   HORC_IHISEUILHS;O;T6,2;I;;;123456789;;;C3;""Seuil paiement des HS"";"
"IHSUPP";"S";"0053";"   PARD_IDIDATPEHS;O;D10;X;;;123456789;;;C3;""Début période HS payées avant fin cycle"";"
"IHSUPP";"S";"0054";"   HORC_IHIHSTAUX1;O;N2;I;;;123456789;;;C3;""HS taux 1 (%)"";"
"IHSUPP";"S";"0055";"   HORC_IHIHSTAUX2;O;N2;I;;;123456789;;;C3;""HS taux 2 (%)"";"
"ICOUPD";"S";"0002";"* Règle     : ICOUPD"
"ICOUPD";"S";"0003";"* Ordre     : 2200"
"ICOUPD";"S";"0004";"* Titre     : Coupure déjeuner"
"ICOUPD";"S";"0005";"* Package   : Privé 16.3"
"ICOUPD";"S";"0006";"*----------------------------------------------------------------------"
"ICOUPD";"S";"0007";"*"
"ICOUPD";"S";"0008";"*"
"ICOUPD";"S";"0010";"*"
"ICOUPD";"S";"0011";"*"
"ICOUPD";"S";"0012";"*"
"ICOUPD";"S";"0013";"*----------------------------------------------------------------------"
"ICOUPD";"S";"0014";"* Créé par : Cellule Industrialisation"
"ICOUPD";"S";"0015";"* Date     : 03/09/2009"
"ICOUPD";"S";"0016";"* Version  : 1"
"ICOUPD";"S";"0017";"*----------------------------------------------------------------------"
"ICOUPD";"S";"0018";"* Modifiée par : Cellule Industrialisation"
"ICOUPD";"S";"0019";"* Date         : JJ/MM/AAAA"
"ICOUPD";"S";"0020";"* Objet        :"
"ICOUPD";"S";"0021";"***********************************************************************"
"ICOUPD";"S";"0022";"*"
"ICOUPD";"S";"0023";"* Implémentation des données industrielles"
"ICOUPD";"S";"0024";"*"
"ICOUPD";"S";"0025";"DEBDICO"
"ICOUPD";"S";"0026";"   HJOU_INMISS;O;Z1;X;;;123456789;L;;C2;""Mission autorisée"";"
"ICOUPD";"S";"0027";"   TEMP_TEPGP;N;T6,2;I;;;    56789;;;V2;""Valeur de la plus grande pause"";"
"ICOUPD";"S";"0028";"   HJOU_IJQPAUMINT;N;T6,2;I;;;     6789;;;V2;""Valeur interméd. abs. plage pause mérid."";"
"ICOUPD";"S";"0029";"   HJOU_IJQECPAUMI;N;T6,2;I;;;     6789;;;V2;""Valeur intermed. écart pause méridienne"";"
"ICOUPD";"S";"0030";"   HJOU_IJQFMILPDJ;N;N2;I;;;    56789;;;V2;""Flag pause mérid. prés. h.s.bad. lend."";"
"ICOUPD";"S";"0031";"   HJOU_IJQECPAUML;N;T6,2;I;;;     6789;;;V2;""Ecart pause méridienne du lendemain"";"
"ICOUPD";"S";"0032";"FINDICO"
"ICOUPD";"S";"0033";"*"
"ICOUPD";"S";"0034";"*"
"ICOUPD";"S";"0035";"DEBANO"
"ICOUPD";"S";"0036";"   114;5;""Absence en coupure déjeuner inférieure au minimum, retrait du minimum"";"
"ICOUPD";"S";"0037";"   115;5;""Absence de badgeages dans la coupure déjeuner, retrait du minimum"";"
"ICOUPD";"S";"0038";"FINANO"
"ICOUPD";"S";"0039";"* Déclaration des donnees locales"
"ICOUPD";"S";"0040";"*"
"ICOUPD";"S";"0041";"DEF LOCA_TOTPAUSE T6.2"
"ICOUPD";"S";"0042";"LOCA_TOTPAUSE = 0"
"ICOUPD";"S";"0043";"DEF LOCA_ECREPTPG T6.2"
"ICOUPD";"S";"0044";"LOCA_ECREPTPG = 0"
"ICOUPD";"S";"0045";"DEF LOCA_REPAPGP T6.2"
"ICOUPD";"S";"0046";"LOCA_REPAPGP = 0"
"ICOUPD";"S";"0047";"DEF LOCA_ECREPTOT T6.2"
"ICOUPD";"S";"0048";"LOCA_ECREPTOT = 0"
"ICOUPD";"S";"0049";"DEF LOCA_REPATOT T6.2"
"ICOUPD";"S";"0050";"LOCA_REPATOT = 0"
"ICOUPD";"S";"0051";"DEF LOCA_ACTB N1"
"ICOUPD";"S";"0052";"LOCA_ACTB = 0"
"ICOUPD";"S";"0053";"DEF LOCA_PAUSE T6.2"
"ICOUPD";"S";"0054";"LOCA_PAUSE = 0"
"ICOUPD";"S";"0055";"DEF LOCA_SORTIE T6.2"
"ICOUPD";"S";"0056";"LOCA_SORTIE = 0"
"ICOUPD";"S";"0057";"DEF LOCA_ENTREE T6.2"
"ICOUPD";"S";"0058";"LOCA_ENTREE = 0"
"ICOUPD";"S";"0059";"DEF LOCA_MPAUSE T6.2"
"ICOUPD";"S";"0060";"LOCA_MPAUSE = 0"
"ICOUPD";"S";"0061";"DEF LOCA_DEJDEB T6.2"
"ICOUPD";"S";"0062";"LOCA_DEJDEB = 0"
"ICOUPD";"S";"0063";"DEF LOCA_DEJFIN T6.2"
"ICOUPD";"S";"0064";"LOCA_DEJFIN = 0"
"ICOUPD";"S";"0065";"DEF LOCA_TABS T6.2"
"ICOUPD";"S";"0066";"LOCA_TABS = 0"
"ICOUPD";"S";"0067";"DEF LOCA_SENS N2"
"ICOUPD";"S";"0068";"LOCA_SENS = 0"
"ICOUPD";"S";"0069";"DEF LOCA_PLAGE N2"
"ICOUPD";"S";"0070";"LOCA_PLAGE = 0"
"ICOUPD";"S";"0071";"DEF LOCA_IMPUT N2"
"ICOUPD";"S";"0072";"LOCA_IMPUT = 0"
"ICOUPD";"S";"0073";"DEF LOCA_PAUSOR T6.2"
"ICOUPD";"S";"0074";"LOCA_PAUSOR = 0"
"IHSUPP";"S";"0056";"   HORC_IHISHSMTX1;O;T6,2;I;;;123456789;;;C3;""Seuil HS taux 1"";"
"IHSUPP";"S";"0057";"   HORC_IHISHSMTX2;O;T6,2;I;;;123456789;;;C3;""Seuil HS taux 2"";"
"IHSUPP";"S";"0058";"   TEMP_ITCHEHS;N;T6,2;I;;;9;;;V3;""Durée de chevauchement HS"";"
"IHSUPP";"S";"0059";"   TEMP_ITCHEHP;N;T6,2;I;;;9;;;V3;""Durée de chevauchement Heure base payée"";"
"IHSUPP";"S";"0060";"   PARD_IDIHDEBP;O;A1;X;;;     6789;L9;;C3;""Découpage semaine"";"
"IHSUPP";"S";"0061";"FINDICO"
"IHSUPP";"S";"0062";"DEBANO"
"IHSUPP";"S";"0063";"   192;9;""Heures non majorées payées négatives"";"
"IHSUPP";"S";"0064";"   226;9;""Solde récup HS/HC insuffisant"";"
"IHSUPP";"S";"0065";"FINANO"
"IHSUPP";"S";"0066";"*"
"IHSUPP";"S";"0067";"* Déclaration des donnees locales"
"IHSUPP";"S";"0068";"*"
"IHSUPP";"S";"0069";"DEF LOCA_SHS25 T6.2"
"IHSUPP";"S";"0070";"LOCA_SHS25 = 0"
"IHSUPP";"S";"0071";"DEF LOCA_SHS50 T6.2"
"IHSUPP";"S";"0072";"LOCA_SHS50 = 0"
"IHSUPP";"S";"0073";"DEF LOCA_SEUIL1 T6.2"
"IHSUPP";"S";"0074";"LOCA_SEUIL1 = 0"
"IHSUPP";"S";"0075";"DEF LOCA_SEUIL2 T6.2"
"IHSUPP";"S";"0076";"LOCA_SEUIL2 = 0"
"IHSUPP";"S";"0077";"DEF LOCA_NBCYCLE N2"
"IHSUPP";"S";"0078";"LOCA_NBCYCLE = 0"
"IHSUPP";"S";"0079";"DEF LOCA_CAL N1"
"IHSUPP";"S";"0080";"LOCA_CAL = 0"
"IHSUPP";"S";"0081";"DEF LOCA_HS25R T6.2"
"IHSUPP";"S";"0082";"LOCA_HS25R = 0"
"IHSUPP";"S";"0083";"DEF LOCA_HS50R T6.2"
"IHSUPP";"S";"0084";"LOCA_HS50R = 0"
"IHSUPP";"S";"0085";"DEF LOCA_DATE D"
"IHSUPP";"S";"0086";"LOCA_DATE = "" """
"IHSUPP";"S";"0087";"DEF LOCA_ACOURS N4"
"IHSUPP";"S";"0088";"LOCA_ACOURS = 0"
"IHSUPP";"S";"0089";"DEF LOCA_ACOURS2 N4"
"IHSUPP";"S";"0090";"LOCA_ACOURS2 = 0"
"IHSUPP";"S";"0091";"DEF LOCA_DATEFU D"
"IHSUPP";"S";"0092";"LOCA_DATEFU = "" """
"IHSUPP";"S";"0093";"DEF LOCA_DATEFU2 D"
"IHSUPP";"S";"0094";"LOCA_DATEFU2 = "" """
"IHSUPP";"S";"0095";"DEF LOCA_TAUX1 N4.2"
"IHSUPP";"S";"0096";"LOCA_TAUX1 = 0"
"IHSUPP";"S";"0097";"DEF LOCA_TAUX2 N4.2"
"IHSUPP";"S";"0098";"LOCA_TAUX2 = 0"
"IHSUPP";"S";"0099";"DEF LOCA_CONS N1"
"IHSUPP";"S";"0100";"LOCA_CONS = 0"
"IHSUPP";"S";"0101";"DEF LOCA_CONSO N1"
"IHSUPP";"S";"0102";"LOCA_CONSO = 0"
"IHSUPP";"S";"0103";"DEF LOCA_HOR1 N2"
"IHSUPP";"S";"0104";"LOCA_HOR1 = 0"
"IHSUPP";"S";"0105";"DEF LOCA_HOR2 N2"
"IHSUPP";"S";"0106";"LOCA_HOR2 = 0"
"IHSUPP";"S";"0107";"*"
"IHSUPP";"S";"0108";"SI PARD_IDIHDEBP <> ""1"""
"IHSUPP";"S";"0109";"* Selection des taux entre CFG et HOR"
"IHSUPP";"S";"0110";"   SI HORC_IHIHSTAUX1 > 0"
"IHSUPP";"S";"0111";"      SI HORC_IHIHSTAUX1 < 545"
"IHSUPP";"S";"0112";"         LOCA_HOR1 = 1"
"IHSUPP";"S";"0113";"      FINSI"
"IHSUPP";"S";"0114";"   FINSI"
"IHSUPP";"S";"0115";"*"
"IHSUPP";"S";"0116";"   SI HORC_IHIHSTAUX2 > 0"
"IHSUPP";"S";"0117";"      SI HORC_IHIHSTAUX2 < 545"
"IHSUPP";"S";"0118";"         LOCA_HOR2 = 1"
"IHSUPP";"S";"0119";"      FINSI"
"IHSUPP";"S";"0120";"   FINSI"
"IHSUPP";"S";"0121";"   SI LOCA_HOR1 = 1"
"IHSUPP";"S";"0122";"      LOCA_TAUX1 = HORC_IHIHSTAUX1 / 100"
"IHSUPP";"S";"0123";"      LOCA_TAUX1 = LOCA_TAUX1 + 1"
"IHSUPP";"S";"0124";"   SINON"
"IHSUPP";"S";"0125";"      LOCA_TAUX1 = PARD_IDIHSTAUX1 / 100"
"IHSUPP";"S";"0126";"      LOCA_TAUX1 = LOCA_TAUX1 + 1"
"IHSUPP";"S";"0127";"   FINSI"
"IHSUPP";"S";"0128";"*"
"IHSUPP";"S";"0129";"   SI LOCA_HOR2 = 1"
"IHSUPP";"S";"0130";"      LOCA_TAUX2 = HORC_IHIHSTAUX2 / 100"
"IHSUPP";"S";"0131";"      LOCA_TAUX2 = LOCA_TAUX2 + 1"
"ICOUPD";"S";"0075";"SI HJOU_DATE <= TEMP_DATJOU"
"ICOUPD";"S";"0076";"   SI HJOU_IJQNBADGEA >= 2"
"ICOUPD";"S";"0077";"      PLAGE ""DJ"""
"IHSUPP";"S";"0132";"   SINON"
"IHSUPP";"S";"0133";"      LOCA_TAUX2 = PARD_IDIHSTAUX2 / 100"
"IHSUPP";"S";"0134";"      LOCA_TAUX2 = LOCA_TAUX2 + 1"
"IHSUPP";"S";"0135";"   FINSI"
"IHSUPP";"S";"0136";"*"
"IHSUPP";"S";"0137";"* Selection des seuils entre CFG et HOR"
"IHSUPP";"S";"0138";"   SI HORC_IHISHSMTX1 > 0"
"IHSUPP";"S";"0139";"      SI HORC_IHISHSMTX1 < 545"
"IHSUPP";"S";"0140";"         LOCA_SEUIL1 = HORC_IHISHSMTX1"
"IHSUPP";"S";"0141";"      FINSI"
"IHSUPP";"S";"0142";"   FINSI"
"IHSUPP";"S";"0143";"*"
"IHSUPP";"S";"0144";"   SI LOCA_SEUIL1 = 0"
"IHSUPP";"S";"0145";"      LOCA_SEUIL1 = PARD_IDISHSMTX1"
"IHSUPP";"S";"0146";"   FINSI"
"IHSUPP";"S";"0147";"   SI HORC_IHISHSMTX2 > 0"
"IHSUPP";"S";"0148";"      SI HORC_IHISHSMTX2 < 545"
"IHSUPP";"S";"0149";"         LOCA_SEUIL2 = HORC_IHISHSMTX2"
"IHSUPP";"S";"0150";"      FINSI"
"IHSUPP";"S";"0151";"   FINSI"
"IHSUPP";"S";"0152";"*"
"IHSUPP";"S";"0153";"   SI LOCA_SEUIL2 = 0"
"IHSUPP";"S";"0154";"      LOCA_SEUIL2 = PARD_IDISHSMTX2"
"IHSUPP";"S";"0155";"   FINSI"
"IHSUPP";"S";"0156";"*"
"IHSUPP";"S";"0157";"*Si HJOU_IJITYPCTRA n'est pas renseigné alors il est considéré comme un temps plein"
"IHSUPP";"S";"0158";"   SI HJOU_IJITYPCTRA = 0"
"IHSUPP";"S";"0159";"   OU HJOU_IJITYPCTRA = 100"
"IHSUPP";"S";"0160";"*"
"IHSUPP";"S";"0161";"* Alimentation des données locales pour calcul soldes prévisionnels"
"IHSUPP";"S";"0162";"*"
"IHSUPP";"S";"0163";"      SI PARD_IDIDDEBANN <> "" """
"IHSUPP";"S";"0164";"         LOCA_DATE(5:4) = PARD_IDIDDEBANN(5:4)"
"IHSUPP";"S";"0165";"      SINON"
"IHSUPP";"S";"0166";"         LOCA_DATE(5:4) = ""0101"""
"IHSUPP";"S";"0167";"      FINSI"
"IHSUPP";"S";"0168";"**"
"IHSUPP";"S";"0169";"      LOCA_ACOURS << TEMP_DATJOU(1:4)"
"IHSUPP";"S";"0170";"      LOCA_ACOURS2 = LOCA_ACOURS + 1"
"IHSUPP";"S";"0171";"*"
"IHSUPP";"S";"0172";"      SI TEMP_DATJOU(5:4) >= LOCA_DATE(5:4)"
"IHSUPP";"S";"0173";"         LOCA_ACOURS = LOCA_ACOURS + 1"
"IHSUPP";"S";"0174";"         LOCA_ACOURS2 = LOCA_ACOURS + 1"
"IHSUPP";"S";"0175";"      FINSI"
"IHSUPP";"S";"0176";"*"
"IHSUPP";"S";"0177";"      LOCA_DATEFU(1:4) << LOCA_ACOURS"
"IHSUPP";"S";"0178";"      LOCA_DATEFU(5:4) = LOCA_DATE(5:4)"
"IHSUPP";"S";"0179";"      LOCA_DATEFU2(1:4) << LOCA_ACOURS2"
"IHSUPP";"S";"0180";"      LOCA_DATEFU2(5:4) = LOCA_DATE(5:4)"
"IHSUPP";"S";"0181";"*"
"IHSUPP";"S";"0182";"* INRH = 1 calcul des HS chaque dimanche"
"IHSUPP";"S";"0183";"* INRH = 2 calcul des HS le dernier dimanche du cycle"
"IHSUPP";"S";"0184";"* INRH = 3 calcul des HS chaque dimanche et en fin d'annualisation"
"IHSUPP";"S";"0185";"* Raz de la base HS le lundi"
"IHSUPP";"S";"0186";"      SI HJOU_JOUR = ""1"""
"IHSUPP";"S";"0187";"* raz chaque lundi <> 2 (0/1/3)"
"IHSUPP";"S";"0188";"         SI HJOU_IJIGHSUPPM <> ""2"""
"IHSUPP";"S";"0189";"            HJOU_IJRBHSMPAH = 0"
"IHSUPP";"S";"0190";"            HJOU_IJRBHPAYEE = 0"
"IHSUPP";"S";"0191";"         FINSI"
"IHSUPP";"S";"0192";"* raz le premier lundi du cycle si INRH = 2"
"IHSUPP";"S";"0193";"         SI HJOU_IJIGHSUPPM = ""2"""
"IHSUPP";"S";"0194";"* stokage de la duree theorique du code horaire"
"IHSUPP";"S";"0195";"            SI HJOU_RANG = 1"
"IHSUPP";"S";"0196";"               HJOU_IJRBHSMPAH = 0"
"IHSUPP";"S";"0197";"* raz de la duree theorique du cycle"
"IHSUPP";"S";"0198";"               HJOU_IJRTHEOCYC = 0"
"IHSUPP";"S";"0199";"               HJOU_IJRBHPAYEE = 0"
"IHSUPP";"S";"0200";"            FINSI"
"IHSUPP";"S";"0201";"* cumul de la duree theorique du cycle"
"IHSUPP";"S";"0202";"            HJOU_IJRTHEOCYC = HJOU_IJRTHEOCYC + HJOU_HORHEB"
"IHSUPP";"S";"0203";"         FINSI"
"IHSUPP";"S";"0204";"      FINSI"
"IHSUPP";"S";"0205";"      SI HJOU_IJIGHSUPPM <> ""0"""
"IHSUPP";"S";"0206";"* on calcul également la base HS dans le cas ou on"
"IHSUPP";"S";"0207";"* calcul un acquis RTT hebdo"
"IHSUPP";"S";"0208";"      OU HJOU_IJIGRETETR = ""3"""
"IHSUPP";"S";"0209";"         HJOU_IJQHPAYEES = HJOU_IJQPRESBAV"
"IHSUPP";"S";"0210";"         POUR ACTIVITES"
"IHSUPP";"S";"0211";"            SI MOTI_MOTYPE <> ""C"""
"IHSUPP";"S";"0212";"               SI MOTI_IMIGHRSSUP = ""1"""
"IHSUPP";"S";"0213";"               OU MOTI_IMIGHRPAYE = ""1"""
"IHSUPP";"S";"0214";"                  HJOU_IJQHPAYEES = HJOU_IJQHPAYEES + HABS_MOTIDUR"
"IHSUPP";"S";"0215";"               FINSI"
"IHSUPP";"S";"0216";"            FINSI"
"IHSUPP";"S";"0217";"** alimentation par consignes"
"IHSUPP";"S";"0218";"            SI HABS_MOTIF = ""ZHPA"""
"IHSUPP";"S";"0219";"               HJOU_IJQHPAYEES = HABS_MOTIDUR"
"IHSUPP";"S";"0220";"            FINSI"
"IHSUPP";"S";"0221";"*"
"IHSUPP";"S";"0222";"            SI HABS_MOTIF = ""XHPA"""
"IHSUPP";"S";"0223";"               HJOU_IJQHPAYEES = HJOU_IJQHPAYEES + HABS_MOTIDUR"
"ICOUPD";"S";"0078";"      SI TEMP_TYPPLA <> "" """
"IHSUPP";"S";"0224";"            FINSI"
"IHSUPP";"S";"0225";"         FINPOUR"
"IHSUPP";"S";"0226";"*"
"IHSUPP";"S";"0227";"*** déduction chevauchement du temps"
"IHSUPP";"S";"0228";"*"
"IHSUPP";"S";"0229";"         SI TEMP_ITCHEHP > 0"
"IHSUPP";"S";"0230";"            HJOU_IJQHPAYEES = HJOU_IJQHPAYEES - TEMP_ITCHEHP"
"IHSUPP";"S";"0231";"            SI HJOU_IJQHPAYEES < 0"
"IHSUPP";"S";"0232";"               HJOU_IJQHPAYEES = 0"
"IHSUPP";"S";"0233";"            FINSI"
"IHSUPP";"S";"0234";"         FINSI"
"IPAUSE5PC";"S";"0001";"***********************************************************************"
"IPAUSE5PC";"S";"0002";"* Règle     : IPAUSE5PC"
"IPAUSE5PC";"S";"0003";"* Ordre     : 4510"
"IPAUSE5PC";"S";"0004";"* Titre     : Pause 5%"
"IPAUSE5PC";"S";"0005";"* Package   : Privé 16.3"
"IPAUSE5PC";"S";"0006";"*----------------------------------------------------------------------"
"IPAUSE5PC";"S";"0007";"*"
"IPAUSE5PC";"S";"0008";"*"
"IPAUSE5PC";"S";"0009";"* Rôle : Calcul du temps de pause 5% et déduction du temps badgé"
"IPAUSE5PC";"S";"0010";"*"
"IPAUSE5PC";"S";"0011";"*"
"IPAUSE5PC";"S";"0012";"*----------------------------------------------------------------------"
"IPAUSE5PC";"S";"0013";"* Créé par : Méthodes et outils"
"IPAUSE5PC";"S";"0014";"* Date     : 16/08/2018"
"IPAUSE5PC";"S";"0015";"* Version  : 1"
"IPAUSE5PC";"S";"0016";"*----------------------------------------------------------------------"
"IPAUSE5PC";"S";"0017";"* Màj par   :"
"IPAUSE5PC";"S";"0018";"* Date      : JJ.MM.AAAA"
"IPAUSE5PC";"S";"0019";"* Objet     :"
"IPAUSE5PC";"S";"0020";"***********************************************************************"
"IPAUSE5PC";"S";"0021";"*"
"IPAUSE5PC";"S";"0022";"* Implémentation des données industrielles"
"IPAUSE5PC";"S";"0023";"*"
"IPAUSE5PC";"S";"0024";"DEBDICO"
"IPAUSE5PC";"S";"0025";"   HJOU_IJQPAUS5TH;N;T6,2;I;;;    56789;;;V3;""Pause 5% théorique"";"
"IPAUSE5PC";"S";"0026";"   MOTI_IMIGTPAUS5;O;Z1;X;0;1;123456789;C;;C2;""Participe au temps de pause 5%"";"
"IPAUSE5PC";"S";"0027";"FINDICO"
"IPAUSE5PC";"S";"0028";"*"
"IPAUSE5PC";"S";"0029";"* Déclaration des donnees locales"
"IPAUSE5PC";"S";"0030";"*"
"IPAUSE5PC";"S";"0031";"DEF LOCA_ABSPA T6.2"
"IPAUSE5PC";"S";"0032";"LOCA_ABSPA = 0"
"IPAUSE5PC";"S";"0033";"DEF LOCA_ECART T6.2"
"IPAUSE5PC";"S";"0034";"LOCA_ECART = 0"
"IPAUSE5PC";"S";"0035";"*"
"IPAUSE5PC";"S";"0036";"SI HJOU_DATE <= TEMP_DATJOU"
"IPAUSE5PC";"S";"0037";"* gestion pause 5%"
"IPAUSE5PC";"S";"0038";"   SI PROF_IPIGPAUSME = ""4"""
"IPAUSE5PC";"S";"0039";"* motifs participants à la pause"
"IPAUSE5PC";"S";"0040";"      POUR ACTIVITES"
"IPAUSE5PC";"S";"0041";"         SI MOTI_IMIGTPAUS5 = ""1"""
"IPAUSE5PC";"S";"0042";"            LOCA_ABSPA = LOCA_ABSPA + HABS_MOTIDUR"
"IPAUSE5PC";"S";"0043";"         FINSI"
"IPAUSE5PC";"S";"0044";"      FINPOUR"
"IPAUSE5PC";"S";"0045";"* temps de pause attendu"
"IPAUSE5PC";"S";"0046";"      HJOU_IJQPAUS5TH = HJOU_IJQPLGTOTJ + LOCA_ABSPA"
"IPAUSE5PC";"S";"0047";"      HJOU_IJQPAUS5TH = HJOU_IJQPAUS5TH * 0.05"
"IPAUSE5PC";"S";"0048";"      POUR ACTIVITES"
"IPAUSE5PC";"S";"0049";"         SI HABS_MOTYPE = ""C"""
"IPAUSE5PC";"S";"0050";"            SI HABS_MOTIF = ""ZPA5TH"""
"IPAUSE5PC";"S";"0051";"               HJOU_IJQPAUS5TH = HABS_MOTIDUR"
"IPAUSE5PC";"S";"0052";"            FINSI"
"IPAUSE5PC";"S";"0053";"         FINSI"
"IPAUSE5PC";"S";"0054";"      FINPOUR"
"IPAUSE5PC";"S";"0055";"* pause badgée"
"IPAUSE5PC";"S";"0056";"      SI PROF_IPIFPAUSBA = ""1"""
"IPAUSE5PC";"S";"0057";"         SI HJOU_IJQPAUSE5J < HJOU_IJQPAUS5TH"
"IPAUSE5PC";"S";"0058";"            LOCA_ECART = HJOU_IJQPAUS5TH - HJOU_IJQPAUSE5J"
"IPAUSE5PC";"S";"0059";"            HJOU_IJQPRESBAV = HJOU_IJQPRESBAV - LOCA_ECART"
"IPAUSE5PC";"S";"0060";"            HJOU_IJQPRESEFF = HJOU_IJQPRESEFF - LOCA_ECART"
"IPAUSE5PC";"S";"0061";"         FINSI"
"IPAUSE5PC";"S";"0062";"      SINON"
"IPAUSE5PC";"S";"0063";"         HJOU_IJQPAUSE5J = HJOU_IJQPAUS5TH"
"IHSUPP";"S";"0324";"               FINSI"
"IPAUSE5PC";"S";"0064";"         HJOU_IJQPRESBAV = HJOU_IJQPRESBAV - HJOU_IJQPAUSE5J"
"IPAUSE5PC";"S";"0065";"         HJOU_IJQPRESEFF = HJOU_IJQPRESEFF - HJOU_IJQPAUSE5J"
"IPAUSE5PC";"S";"0066";"      FINSI"
"IPAUSE5PC";"S";"0067";"   FINSI"
"IPAUSE5PC";"S";"0068";"FINSI"
"IPAUSE5PC";"S";"0069";"FIN"
"IMISSB";"S";"0001";"***********************************************************************"
"IMISSB";"S";"0002";"* Règle     : IMISSB"
"IMISSB";"S";"0003";"* Ordre     : 4610"
"IMISSB";"S";"0004";"* Titre     : Durée mission"
"IMISSB";"S";"0005";"* Package   : Privé 16.3"
"IMISSB";"S";"0006";"*----------------------------------------------------------------------"
"IMISSB";"S";"0007";"*"
"IMISSB";"S";"0008";"*"
"IMISSB";"S";"0009";"* Rôle : Durée mission"
"IMISSB";"S";"0010";"*"
"IMISSB";"S";"0011";"*"
"IMISSB";"S";"0012";"*"
"IMISSB";"S";"0013";"* Implémentation des données industrielles"
"IMISSB";"S";"0014";"*"
"IMISSB";"S";"0015";"*"
"IMISSB";"S";"0016";"*----------------------------------------------------------------------"
"IMISSB";"S";"0017";"* Créé par : Cellule Industrialisation"
"IMISSB";"S";"0018";"* Date     : 03/09/2009"
"IMISSB";"S";"0019";"* Version  : 1"
"IMISSB";"S";"0020";"*----------------------------------------------------------------------"
"IMISSB";"S";"0021";"* Modifiée par : Méthodes et outils"
"IMISSB";"S";"0022";"* Date         : 28/08/2018"
"IMISSB";"S";"0023";"* Objet        :"
"IMISSB";"S";"0024";"***********************************************************************"
"IMISSB";"S";"0025";"*"
"IMISSB";"S";"0026";"DEBDICO"
"IMISSB";"S";"0027";"   HJOU_IJRF3PRBHS;N;Z1;X;0;9;    56789;;IJRF3PRBHS;V3;""Flag prés. b. h.s. sur x jours (N3)"";"
"IMISSB";"S";"0028";"   HJOU_IJQPAUMERI;N;T6,2;I;;;     6789;;;V3;""Pause déjeuner"";"
"IMISSB";"S";"0029";"   HJOU_IJQECPAUSM;N;T6,2;I;;;     6789;;;V3;""Ecart pause déjeuner"";"
"IMISSB";"S";"0030";"   HJOU_IJQBHORVAJ;N;T6,2;I;;;    56789;;;V3;""Heures totales"";"
"IMISSB";"S";"0031";"   HJOU_IJQPRESBAV;N;T6,2;I;;;    56789;;;V3;""Présence badgée validée"";"
"IMISSB";"S";"0032";"   HJOU_INMISS;O;Z1;X;;;123456789;L;;C2;""Mission autorisée"";"
"IMISSB";"S";"0033";"   HJOU_IJQHMISSJE;N;T6,2;I;;;    56789;;;V3;""Durée mission jour en cours"";"
"IMISSB";"S";"0034";"   HJOU_IJQNABSENT;N;N2;I;;;    56789;;;V3;""Nombre d absences totales"";"
"IMISSB";"S";"0035";"   HJOU_IJQNACTIVJ;N;N2;I;;;    56789;;;V3;""Nombre d activités"";"
"IMISSB";"S";"0036";"   HJOU_IJQPRETHEJ;O;T6,2;I;;;    56789;;;C0;""Présence théorique jour"";"
"IMISSB";"S";"0037";"FINDICO"
"IMISSB";"S";"0038";"*"
"IMISSB";"S";"0039";"DEBANO"
"IMISSB";"S";"0040";"   114;5;""Absence en coupure déjeuner inférieure au minimum, retrait du minimum"";"
"IMISSB";"S";"0041";"FINANO"
"IMISSB";"S";"0042";"* Déclaration des donnees locales"
"IMISSB";"S";"0043";"*"
"IMISSB";"S";"0044";"DEF LOCA_MISSBAD A10"
"IMISSB";"S";"0045";"LOCA_MISSBAD = "" """
"IMISSB";"S";"0046";"DEF LOCA_MISSBADL A10"
"IMISSB";"S";"0047";"LOCA_MISSBADL = "" """
"IMISSB";"S";"0048";"DEF LOCA_MOTJOUR N1"
"IMISSB";"S";"0049";"LOCA_MOTJOUR = 0"
"IMISSB";"S";"0050";"DEF LOCA_TOTMISS T6.2"
"IMISSB";"S";"0051";"LOCA_TOTMISS = 0"
"IMISSB";"S";"0052";"DEF LOCA_ABS N1"
"IMISSB";"S";"0053";"LOCA_ABS = 0"
"IMISSB";"S";"0054";"DEF LOCA_ACTM N1"
"IMISSB";"S";"0055";"LOCA_ACTM = 0"
"IMISSB";"S";"0056";"*"
"IMISSB";"S";"0057";"SI HJOU_IJRF3PRBHS = ""1"""
"IMISSB";"S";"0058";"   LOCA_TOTMISS = HJOU_IJQMISSRET"
"IMISSB";"S";"0059";"FINSI"
"IMISSB";"S";"0060";"LOCA_TOTMISS = LOCA_TOTMISS + HJOU_IJQMISBADG"
"IMISSB";"S";"0061";"SI PARD_IDIVMOMIBL = "" """
"IMISSB";"S";"0062";"   LOCA_MISSBADL = ""MISS"""
"IMISSB";"S";"0063";"SINON"
"IMISSB";"S";"0064";"   LOCA_MISSBADL = PARD_IDIVMOMIBL"
"IMISSB";"S";"0065";"FINSI"
"IMISSB";"S";"0066";"SI PARD_IDIVMOMISB = "" """
"IMISSB";"S";"0067";"   LOCA_MISSBAD = ""MISS"""
"IMISSB";"S";"0068";"SINON"
"IMISSB";"S";"0069";"   LOCA_MISSBAD = PARD_IDIVMOMISB"
"IMISSB";"S";"0070";"FINSI"
"IMISSB";"S";"0071";"ENLEVER LOCA_MISSBAD"
"IMISSB";"S";"0072";"ENLEVER LOCA_MISSBADL"
"IMISSB";"S";"0073";"SI HJOU_DATE <= TEMP_DATJOU"
"IMISSB";"S";"0074";"* si le compteur HJECREPL > 0 cela indique"
"IMISSB";"S";"0075";"* que le premier mouvement de la journée"
"IMISSB";"S";"0076";"* est une entree dans la plage DJ"
"IMISSD";"S";"0001";"***********************************************************************"
"IMISSD";"S";"0002";"* Règle     : IMISSD"
"IMISSD";"S";"0003";"* Ordre     : 4600"
"IMISSD";"S";"0004";"* Titre     : Durée mission du lendemain"
"IMISSD";"S";"0005";"* Package   : Privé 16.3"
"IMISSD";"S";"0006";"*---------------------------------------------------------------------"
"IMISSD";"S";"0007";"*"
"IMISSD";"S";"0008";"*"
"IMISSD";"S";"0009";"* Rôle : Durée mission du lendemain"
"IMISSD";"S";"0010";"*"
"IMISSD";"S";"0011";"*"
"IMISSD";"S";"0012";"*"
"IMISSD";"S";"0013";"*"
"IMISSD";"S";"0014";"*"
"IMISSD";"S";"0015";"*----------------------------------------------------------------------"
"IMISSD";"S";"0016";"* Créé par : Cellule Industrialisation"
"IMISSD";"S";"0017";"* Date     : 03/09/2009"
"IMISSD";"S";"0018";"* Version  : 1"
"IMISSD";"S";"0019";"*----------------------------------------------------------------------"
"IMISSD";"S";"0020";"* Modifiée par : Cellule Industrialisation"
"IMISSD";"S";"0021";"* Date         : JJ/MM/AAAA"
"IMISSD";"S";"0022";"* Objet        :"
"IMISSD";"S";"0023";"***********************************************************************"
"IMISSD";"S";"0024";"*"
"IMISSD";"S";"0025";"* Implémentation des données industrielles"
"IMISSD";"S";"0026";"*"
"IMISSD";"S";"0027";"DEBDICO"
"IMISSD";"S";"0135";"         HJOU_IJQHMISSLE = LOCA_TOTMISS"
"IMISSD";"S";"0028";"   HJOU_IJRF3PBHSL;N;Z1;X;0;9;    56789;;IJRF3PBHSL;V3;""Flag prés. b.h.s. du lendemain (N3)"";"
"IMISSD";"S";"0029";"   HJOU_IJQPAUMERI;N;T6,2;I;;;     6789;;;V3;""Pause déjeuner"";"
"IMISSD";"S";"0030";"   HJOU_IJQECPAUSM;N;T6,2;I;;;     6789;;;V3;""Ecart pause déjeuner"";"
"IMISSD";"S";"0031";"   HJOU_IJQBHORVAJ;N;T6,2;I;;;    56789;;;V3;""Heures totales"";"
"IMISSD";"S";"0032";"   HJOU_IJQPRESBAV;N;T6,2;I;;;    56789;;;V3;""Présence badgée validée"";"
"IMISSD";"S";"0033";"   HJOU_IJQHMISSLE;N;T6,2;I;;;    56789;;;V3;""Durée mission du lendemain"";"
"IMISSD";"S";"0034";"   HJOU_IJQNABSENT;N;N2;I;;;    56789;;;V3;""Nombre d absences totales"";"
"IMISSD";"S";"0035";"   HJOU_IJQNACTIVJ;N;N2;I;;;    56789;;;V3;""Nombre d activités"";"
"IMISSD";"S";"0036";"   HJOU_IJQPRETHEJ;O;T6,2;I;;;    56789;;;C0;""Présence théorique jour"";"
"IMISSD";"S";"0037";"FINDICO"
"IMISSD";"S";"0038";"* Déclaration des donnees locales"
"IMISSD";"S";"0039";"*"
"IMISSD";"S";"0040";"DEF LOCA_MOTJOUR N1"
"IMISSD";"S";"0041";"LOCA_MOTJOUR = 0"
"IMISSD";"S";"0042";"DEF LOCA_TOTMISS T6.2"
"IMISSD";"S";"0043";"LOCA_TOTMISS = 0"
"IMISSD";"S";"0044";"DEF LOCA_ABS N1"
"IMISSD";"S";"0045";"LOCA_ABS = 0"
"IMISSD";"S";"0046";"DEF LOCA_MISSBAD A10"
"IMISSD";"S";"0047";"LOCA_MISSBAD = "" """
"IMISSD";"S";"0048";"DEF LOCA_MISSBADL A10"
"IMISSD";"S";"0049";"LOCA_MISSBADL = "" """
"IMISSD";"S";"0050";"DEF LOCA_ACTM N1"
"IMISSD";"S";"0051";"LOCA_ACTM = 0"
"IMISSD";"S";"0052";"*"
"IMISSD";"S";"0053";"* Suppression des motifs missions"
"IMISSD";"S";"0054";"*"
"IMISSD";"S";"0055";"SI PARD_IDIVMOMIBL = "" """
"IMISSD";"S";"0056";"   LOCA_MISSBADL = ""MISS"""
"IMISSD";"S";"0057";"SINON"
"IMISSD";"S";"0058";"   LOCA_MISSBADL = PARD_IDIVMOMIBL"
"IMISSD";"S";"0059";"FINSI"
"IMISSD";"S";"0060";"SI PARD_IDIVMOMISB = "" """
"IMISSD";"S";"0061";"   LOCA_MISSBAD = ""MISS"""
"IMISSD";"S";"0062";"SINON"
"IMISSD";"S";"0063";"   LOCA_MISSBAD = PARD_IDIVMOMISB"
"IMISSD";"S";"0064";"FINSI"
"IMISSD";"S";"0065";"ENLEVER LOCA_MISSBAD"
"IMISSD";"S";"0066";"ENLEVER LOCA_MISSBADL"
"IMISSD";"S";"0067";"*"
"IMISSD";"S";"0068";"* recuperation du temps mission entre le"
"IMISSD";"S";"0069";"* mouvement d'entree et la borne debut mission sur depart la veille"
"IMISSD";"S";"0070";"*"
"IMISSD";"S";"0071";"SI HJOU_IJRF3PBHSL = ""1"""
"IMISSD";"S";"0072";"   LOCA_TOTMISS = HJOU_IJQMISBADV"
"IMISSD";"S";"0073";"FINSI"
"IMISSD";"S";"0074";"SI HJOU_DATE <= TEMP_DATJOU"
"IMISSD";"S";"0075";"* si le compteur HJECREPL > 0 cela indique"
"IMISSD";"S";"0076";"* que le premier mouvement de la journée"
"IMISSD";"S";"0077";"* est une entree dans la plage DJ"
"IMISSD";"S";"0078";"* et qu'il n'y a pas d'autres mvts dans la plage DJ"
"IMISSD";"S";"0079";"* si HJMISSR = 1 cela veut dire que c'est un retour"
"IMISSD";"S";"0080";"* mission sur un depart fait la veille et dans ce cas"
"IMISSD";"S";"0081";"* l'ecart pause repas doit être alimenté avaec la valeur de"
"IMISSD";"S";"0082";"* la coupure minimum"
"IMISSD";"S";"0083";"   SI HJOU_IJRF3PBHSL = ""1"""
"IMISSD";"S";"0084";"      SI HJOU_IJQECPAUML > 0"
"IMISSD";"S";"0085";"* test si pas d'absence matin"
"IMISSD";"S";"0086";"         POUR ACTIVITES"
"IMISSD";"S";"0087";"            SI HABS_VALORIS = ""M"""
"IMISSD";"S";"0088";"               LOCA_ACTM = 1"
"IMISSD";"S";"0089";"            FINSI"
"IMISSD";"S";"0090";"         FINPOUR"
"IMISSD";"S";"0091";"         SI LOCA_ACTM = 0"
"IMISSD";"S";"0092";"            HJOU_IJQPAUMERI = 0"
"IMISSD";"S";"0093";"            HJOU_IJQECPAUSM = HJOU_IJQECPAUML"
"IMISSD";"S";"0094";"            HJOU_IJQBHORVAJ = HJOU_IJQBHORVAJ - HJOU_IJQECPAUSM"
"IMISSD";"S";"0095";"            HJOU_IJQPRESBAV = HJOU_IJQPRESBAV - HJOU_IJQECPAUSM"
"IMISSD";"S";"0096";"            ANOMALIE 114"
"IMISSD";"S";"0097";"         FINSI"
"IMISSD";"S";"0098";"      FINSI"
"IMISSD";"S";"0099";"   FINSI"
"IMISSD";"S";"0100";"** alimentation de la donnée reportable HJMISSR"
"IMISSD";"S";"0101";"** avec la valeur de la donnée HJMISS"
"IMISSD";"S";"0102";"** on test avant si hjnpoin > 0 pour recuperer la"
"IMISSD";"S";"0103";"** valeur de HJMISS car il ne faut pas stocker la"
"IMISSD";"S";"0104";"** valeur de HJMISS sur le jour ou on a pas de badgeage"
"IMISSD";"S";"0105";"** car même si la veille elle etait initialisée à 1"
"IMISSD";"S";"0106";"** le lendemain, comme la valeur du report n'est pas alimentée, on"
"IMISSD";"S";"0107";"** stockerai 0 dans HJMISSR"
"IMISSD";"S";"0108";"   SI HJOU_IJQNBADGEA > 0"
"IMISSD";"S";"0109";"      HJOU_IJRF3PBHSL = HJOU_IJRF2PBHSL"
"IMISSD";"S";"0110";"   FINSI"
"IMISSD";"S";"0111";"** calcul de la durée mission avec la duree théorique"
"IMISSD";"S";"0112";"** si pas de badgeages"
"IMISSD";"S";"0113";"   SI HJOU_INMISS = ""3"""
"IMISSD";"S";"0114";"      SI HJOU_IJRF3PBHSL = ""1"""
"IMISSD";"S";"0115";"         SI HJOU_IJQNBADGEA = 0"
"IMISSD";"S";"0116";"            LOCA_TOTMISS = HJOU_IJQPRETHEJ"
"IMISSD";"S";"0117";"            LOCA_ABS = 1"
"IMISSD";"S";"0118";"         FINSI"
"IMISSD";"S";"0119";"      FINSI"
"IMISSD";"S";"0120";"   FINSI"
"IMISSD";"S";"0121";"*  test si un motif est present"
"IMISSD";"S";"0122";"   POUR ACTIVITES"
"IMISSD";"S";"0123";"      SI HABS_MOTYPE <> ""C"""
"IMISSD";"S";"0124";"         SI HJOU_IJQNBADGEA = 0"
"IMISSD";"S";"0125";"            HJOU_IJRF3PBHSL = ""0"""
"IMISSD";"S";"0126";"            LOCA_MOTJOUR = 1"
"IMISSD";"S";"0127";"         FINSI"
"IMISSD";"S";"0128";"      FINSI"
"IMISSD";"S";"0129";"   FINPOUR"
"IMISSD";"S";"0130";"*  mise en place du motif"
"IMISSD";"S";"0131";"   SI LOCA_TOTMISS <> 0"
"IMISSD";"S";"0132";"*  La durée mission est calculée s'il n'y a"
"IMISSD";"S";"0133";"*  pas de motifs en place"
"IMISSD";"S";"0134";"      SI LOCA_MOTJOUR = 0"
"IMISSD";"S";"0136";"* Alimentation des compteurs pour ne pas declencher"
"IMISSD";"S";"0137";"* les anomalies 103/106"
"IMISSD";"S";"0138";"         SI LOCA_ABS = 1"
"IMISSD";"S";"0139";"            HJOU_IJQNABSENT = 1"
"IMISSD";"S";"0140";"            HJOU_IJQNACTIVJ = 1"
"IMISSD";"S";"0141";"         FINSI"
"IMISSD";"S";"0142";"      FINSI"
"IMISSD";"S";"0143";"   FINSI"
"IMISSD";"S";"0144";"FINSI"
"IMISSD";"S";"0145";"FIN"
"IACTMI";"S";"0001";"***********************************************************************"
"IACTMI";"S";"0002";"* Règle     : IACTMI"
"IHSUPP";"S";"0235";"** alimentation des bases hebdo"
"IHSUPP";"S";"0236";"         HJOU_IJRBHSMPAH = HJOU_IJRBHSMPAH + HJOU_IJQPRESBAV"
"IHSUPP";"S";"0237";"*"
"IHSUPP";"S";"0238";"         SI TEMP_ITCHEHS > 0"
"IHSUPP";"S";"0239";"            HJOU_IJRBHSMPAH = HJOU_IJRBHSMPAH - TEMP_ITCHEHS"
"IHSUPP";"S";"0240";"            SI HJOU_IJRBHSMPAH < 0"
"IHSUPP";"S";"0241";"               HJOU_IJRBHSMPAH = 0"
"IHSUPP";"S";"0242";"            FINSI"
"IHSUPP";"S";"0243";"         FINSI"
"IHSUPP";"S";"0244";"*"
"IHSUPP";"S";"0245";"         HJOU_IJRBHPAYEE = HJOU_IJRBHPAYEE + HJOU_IJQHPAYEES"
"IHSUPP";"S";"0246";"         POUR ACTIVITES"
"IHSUPP";"S";"0247";"            SI MOTI_MOTYPE <> ""C"""
"IHSUPP";"S";"0248";"               SI MOTI_IMIGHRSSUP = ""1"""
"IHSUPP";"S";"0249";"                  HJOU_IJRBHSMPAH = HJOU_IJRBHSMPAH + HABS_MOTIDUR"
"IHSUPP";"S";"0250";"               FINSI"
"IHSUPP";"S";"0251";"            FINSI"
"IHSUPP";"S";"0252";"         FINPOUR"
"IHSUPP";"S";"0253";"      FINSI"
"IHSUPP";"S";"0254";"* raz du cumul des HS en debut de periode d'annualisation"
"IHSUPP";"S";"0255";"      SI PARD_IDIDDEBANN <> "" """
"IHSUPP";"S";"0256";"         SI HJOU_DATE = PARD_IDIDDEBANN"
"IHSUPP";"S";"0257";"            HJOU_IJRHSHMAJA = 0"
"IHSUPP";"S";"0258";"            HJOU_IJRHSMPAYA = 0"
"IHSUPP";"S";"0259";"            HJOU_IJRHRECANN = 0"
"IHSUPP";"S";"0260";"         FINSI"
"IHSUPP";"S";"0261";"      SINON"
"IHSUPP";"S";"0262";"         SI HJOU_DATE(5:4) = ""0101"""
"IHSUPP";"S";"0263";"            HJOU_IJRHSHMAJA = 0"
"IHSUPP";"S";"0264";"            HJOU_IJRHSMPAYA = 0"
"IHSUPP";"S";"0265";"            HJOU_IJRHRECANN = 0"
"IHSUPP";"S";"0266";"         FINSI"
"IHSUPP";"S";"0267";"      FINSI"
"IHSUPP";"S";"0268";"*** initialisation de la base HS par consigne"
"IHSUPP";"S";"0269";"      POUR ACTIVITES"
"IHSUPP";"S";"0270";"         SI HABS_MOTIF = ""ZBHS"""
"IHSUPP";"S";"0271";"            HJOU_IJRBHSMPAH = HABS_MOTIDUR"
"IHSUPP";"S";"0272";"         FINSI"
"IHSUPP";"S";"0273";"         SI HABS_MOTIF = ""ZBPA"""
"IHSUPP";"S";"0274";"            HJOU_IJRBHPAYEE = HABS_MOTIDUR"
"IHSUPP";"S";"0275";"         FINSI"
"IHSUPP";"S";"0276";"      FINPOUR"
"IHSUPP";"S";"0277";"      SI HJOU_IJIGHSUPPM <> ""0"""
"IHSUPP";"S";"0278";"* calcul des HS"
"IHSUPP";"S";"0279";"         SI HJOU_JOUR = ""7"""
"IHSUPP";"S";"0280";"            SI HJOU_IJIGHSUPPM = ""1"""
"IHSUPP";"S";"0281";"            OU HJOU_IJIGHSUPPM = ""3"""
"IHSUPP";"S";"0282";"               LOCA_SHS25 = LOCA_SEUIL1"
"IHSUPP";"S";"0283";"* Gestion HS avec seuil dans PARD"
"IHSUPP";"S";"0284";"               LOCA_SHS50 = LOCA_SEUIL2"
"IHSUPP";"S";"0285";"*"
"IHSUPP";"S";"0286";"* Gestion paiement des HS en cours de période"
"IHSUPP";"S";"0287";"* (seuil HS taux 2 dans HOR)"
"IHSUPP";"S";"0288";"               SI HORC_IHISEUILHS > 0"
"IHSUPP";"S";"0289";"                  SI HJOU_IJIGHSUPPM = ""3"""
"IHSUPP";"S";"0290";"*Date dans PARD"
"IHSUPP";"S";"0291";"                     SI PARD_IDIDATPEHS <> "" """
"IHSUPP";"S";"0292";"                        SI HJOU_DATE >= PARD_IDIDATPEHS"
"IHSUPP";"S";"0293";"                           LOCA_SHS50 = HORC_IHISEUILHS"
"IHSUPP";"S";"0294";"                        FINSI"
"IHSUPP";"S";"0295";"                     FINSI"
"IACTMI";"S";"0003";"* Ordre     : 4620"
"IACTMI";"S";"0004";"* Titre     : Mise en place des motifs missions"
"IACTMI";"S";"0005";"* Package   : Privé 16.3"
"IHSUPP";"S";"0296";"                  FINSI"
"IHSUPP";"S";"0297";"               FINSI"
"IHSUPP";"S";"0298";"               LOCA_CAL = 1"
"IHSUPP";"S";"0299";"            FINSI"
"IHSUPP";"S";"0300";"            SI HJOU_IJIGHSUPPM = ""2"""
"IHSUPP";"S";"0301";"* dans le cas ou les HS se calculent en fin de cycle"
"IHSUPP";"S";"0302";"* loca_nbcycle correspond au nombre de semaines"
"IHSUPP";"S";"0303";"               LOCA_NBCYCLE = HJOU_LGCYCLE / 7"
"IHSUPP";"S";"0304";"               SI HJOU_RANG = LOCA_NBCYCLE"
"IHSUPP";"S";"0305";"                  LOCA_SHS25 = LOCA_SEUIL1 * LOCA_NBCYCLE"
"IHSUPP";"S";"0306";"                  LOCA_SHS50 = LOCA_SEUIL2 * LOCA_NBCYCLE"
"IHSUPP";"S";"0307";"                  LOCA_CAL = 1"
"IHSUPP";"S";"0308";"               FINSI"
"IHSUPP";"S";"0309";"            FINSI"
"IHSUPP";"S";"0310";"*  Calcul des heures suppl?mentaires ? 25% et 50%"
"IHSUPP";"S";"0311";"            SI LOCA_CAL = 1"
"IHSUPP";"S";"0312";"               SI HJOU_IJRBHSMPAH >= LOCA_SHS50"
"IHSUPP";"S";"0313";"                  HJOU_IJQHS1MAPA = LOCA_SHS50 - LOCA_SHS25"
"IHSUPP";"S";"0314";"                  HJOU_IJQHS2MAPA = HJOU_IJRBHSMPAH - LOCA_SHS50"
"IHSUPP";"S";"0315";"* Si gestion paiement des HS en cours de période"
"IHSUPP";"S";"0316";"                  SI LOCA_SHS50 = HORC_IHISEUILHS"
"IHSUPP";"S";"0317";"                     LOCA_CONS = 1"
"IHSUPP";"S";"0318";"                     HJOU_IJRTTEPMOD = HJOU_IJRTTEPMOD - HJOU_IJQHS2MAPA"
"IHSUPP";"S";"0319";"                  FINSI"
"IHSUPP";"S";"0320";"               SINON"
"IHSUPP";"S";"0321";"                  SI HJOU_IJRBHSMPAH > LOCA_SHS25"
"IHSUPP";"S";"0322";"                     HJOU_IJQHS1MAPA = HJOU_IJRBHSMPAH - LOCA_SHS25"
"IHSUPP";"S";"0323";"                  FINSI"
"IHSUPP";"S";"0325";"*"
"IHSUPP";"S";"0326";"               SI HJOU_IJRBHPAYEE > LOCA_SHS25"
"IHSUPP";"S";"0327";"                  HJOU_IJQHRNMAPA = HJOU_IJRBHPAYEE - LOCA_SHS25"
"IHSUPP";"S";"0328";"               FINSI"
"IHSUPP";"S";"0329";"*"
"IHSUPP";"S";"0330";"               POUR ACTIVITES"
"IHSUPP";"S";"0331";"*  analyse de la consigne d'initialisation des hs25"
"IHSUPP";"S";"0332";"                  SI HABS_MOTIF = ""Z25P"""
"IHSUPP";"S";"0333";"                     HJOU_IJQHS1MAPA = HABS_MOTIDUR"
"IHSUPP";"S";"0334";"                  FINSI"
"IHSUPP";"S";"0335";"*  analyse de la consigne d'initialisation des hs50"
"IHSUPP";"S";"0336";"                  SI HABS_MOTIF = ""Z50P"""
"IHSUPP";"S";"0337";"                     SI LOCA_CONS = 1"
"IHSUPP";"S";"0338";"                        HJOU_IJRTTEPMOD = HJOU_IJRTTEPMOD + HJOU_IJQHS2MAPA"
"IHSUPP";"S";"0339";"                        HJOU_IJQHS2MAPA = HABS_MOTIDUR"
"IHSUPP";"S";"0340";"                        HJOU_IJRTTEPMOD = HJOU_IJRTTEPMOD - HJOU_IJQHS2MAPA"
"IHSUPP";"S";"0341";"                     SINON"
"IHSUPP";"S";"0342";"                        HJOU_IJQHS2MAPA = HABS_MOTIDUR"
"IHSUPP";"S";"0343";"                     FINSI"
"IHSUPP";"S";"0344";"                  FINSI"
"IHSUPP";"S";"0345";"               FINPOUR"
"IHSUPP";"S";"0346";"*"
"IHSUPP";"S";"0347";"               HJOU_IJQHRNMAPA = HJOU_IJQHRNMAPA - HJOU_IJQHS1MAPA"
"IHSUPP";"S";"0348";"               HJOU_IJQHRNMAPA = HJOU_IJQHRNMAPA - HJOU_IJQHS2MAPA"
"IHSUPP";"S";"0349";"               SI HJOU_IJQHRNMAPA < 0"
"IHSUPP";"S";"0350";"                  ANOMALIE 192"
"IHSUPP";"S";"0351";"               FINSI"
"IHSUPP";"S";"0352";"*"
"IHSUPP";"S";"0353";"* Calcul du Cpt annuel des HS totales (payees + recuperees)"
"IHSUPP";"S";"0354";"               HJOU_IJRHSMPAYA = HJOU_IJRHSMPAYA + HJOU_IJQHS1MAPA"
"IHSUPP";"S";"0355";"               HJOU_IJRHSMPAYA = HJOU_IJRHSMPAYA + HJOU_IJQHS2MAPA"
"IHSUPP";"S";"0356";"**"
"IHSUPP";"S";"0357";"*****"
"IHSUPP";"S";"0358";"* analyse de l'indicateur de recuperation"
"IHSUPP";"S";"0359";"               SI HJOU_IJIGHSUPPR = ""1"""
"IHSUPP";"S";"0360";"                  HJOU_IJQHS1MARE = HJOU_IJQHS1MAPA * LOCA_TAUX1"
"IHSUPP";"S";"0361";"                  HJOU_IJQHS1MAPA = 0"
"IHSUPP";"S";"0362";"                  HJOU_IJQHS2MARE = HJOU_IJQHS2MAPA * LOCA_TAUX2"
"IHSUPP";"S";"0363";"                  HJOU_IJQHS2MAPA = 0"
"IHSUPP";"S";"0364";"***"
"IHSUPP";"S";"0365";"               FINSI"
"IHSUPP";"S";"0366";"               POUR ACTIVITES"
"IHSUPP";"S";"0367";"*analyse de la consigne d'initialisation des hs25 a recuperer"
"IHSUPP";"S";"0368";"                  SI HABS_MOTIF = ""Z25R"""
"IHSUPP";"S";"0369";"                     HJOU_IJQHS1MARE = HABS_MOTIDUR"
"IHSUPP";"S";"0370";"                     LOCA_HS25R = HABS_MOTIDUR / LOCA_TAUX1"
"IHSUPP";"S";"0371";"                     HJOU_IJRHSMPAYA = HJOU_IJRHSMPAYA + LOCA_HS25R"
"IHSUPP";"S";"0372";"                  FINSI"
"IHSUPP";"S";"0373";"*analyse de la consigne d'initialisation des hs50 a recuperer"
"IHSUPP";"S";"0374";"                  SI HABS_MOTIF = ""Z50R"""
"IHSUPP";"S";"0375";"                     HJOU_IJQHS2MARE = HABS_MOTIDUR"
"IHSUPP";"S";"0376";"                     LOCA_HS50R = HABS_MOTIDUR / LOCA_TAUX2"
"IHSUPP";"S";"0377";"                     HJOU_IJRHSMPAYA = HJOU_IJRHSMPAYA + LOCA_HS50R"
"IHSUPP";"S";"0378";"                  FINSI"
"IHSUPP";"S";"0379";"               FINPOUR"
"IHSUPP";"S";"0380";"*"
"IHSUPP";"S";"0381";"               HJOU_IJRSHSMREH = HJOU_IJRSHSMREH + HJOU_IJQHS1MARE"
"IHSUPP";"S";"0382";"               HJOU_IJRSHSMREH = HJOU_IJRSHSMREH + HJOU_IJQHS2MARE"
"IHSUPP";"S";"0383";"            FINSI"
"IHSUPP";"S";"0384";"         FINSI"
"IHSUPP";"S";"0385";"*"
"IHSUPP";"S";"0386";"*     Calcul du Compteur annuel des heures supp payees"
"IHSUPP";"S";"0387";"*"
"IHSUPP";"S";"0388";"         HJOU_IJRHSHMAJA = HJOU_IJRHSHMAJA + HJOU_IJQHS1MAPA"
"IHSUPP";"S";"0389";"         HJOU_IJRHSHMAJA = HJOU_IJRHSHMAJA + HJOU_IJQHS2MAPA"
"IHSUPP";"S";"0390";"*"
"IHSUPP";"S";"0391";"*     Calcul du Compteur annuel total des heures supp ? recuperer"
"IHSUPP";"S";"0392";"*"
"IHSUPP";"S";"0393";"         HJOU_IJRHRECANN = HJOU_IJRHRECANN + HJOU_IJQHS1MARE"
"IHSUPP";"S";"0394";"         HJOU_IJRHRECANN = HJOU_IJRHRECANN + HJOU_IJQHS2MARE"
"IHSUPP";"S";"0395";"*"
"IHSUPP";"S";"0396";"* deduction du motif de recup REHS"
"IHSUPP";"S";"0397";"*"
"IHSUPP";"S";"0398";"         POUR ACTIVITES"
"IHSUPP";"S";"0399";"            SI HABS_MOTIF = PARD_IDIVMOTHSR"
"IHSUPP";"S";"0400";"               HJOU_IJRSHSMREH = HJOU_IJRSHSMREH - HABS_MOTIDUR"
"IHSUPP";"S";"0401";"               LOCA_CONSO = 1"
"IHSUPP";"S";"0402";"            FINSI"
"IHSUPP";"S";"0403";"*  analyse de la consigne d'initialisation du solde recup"
"IHSUPP";"S";"0404";"            SI HABS_MOTIF = ""ZRHS"""
"IHSUPP";"S";"0405";"               HJOU_IJRSHSMREH = HABS_MOTIDUR"
"IHSUPP";"S";"0406";"            FINSI"
"IHSUPP";"S";"0407";"* analyse de la consigne de mise a jour du solde recup"
"IHSUPP";"S";"0408";"            SI HABS_MOTIF = ""XRHS"""
"IHSUPP";"S";"0409";"               HJOU_IJRSHSMREH = HJOU_IJRSHSMREH + HABS_MOTIDUR"
"IHSUPP";"S";"0410";"            FINSI"
"IHSUPP";"S";"0411";"*"
"IHSUPP";"S";"0412";"* analyse de la consigne d'initialisation du cumul HS"
"IHSUPP";"S";"0413";"*"
"IHSUPP";"S";"0414";"            SI HABS_MOTIF = ""ZCHS"""
"IHSUPP";"S";"0415";"               HJOU_IJRHSMPAYA = HJOU_IJRHSMPAYA - HJOU_IJRHSHMAJA"
"IHSUPP";"S";"0416";"               HJOU_IJRHSHMAJA = HABS_MOTIDUR"
"IHSUPP";"S";"0417";"               HJOU_IJRHSMPAYA = HJOU_IJRHSMPAYA + HABS_MOTIDUR"
"IHSUPP";"S";"0418";"            FINSI"
"IHSUPP";"S";"0419";"*"
"IHSUPP";"S";"0420";"* analyse de la consigne de mise a jour du cumul HS paye"
"IHSUPP";"S";"0421";"*"
"IHSUPP";"S";"0422";"            SI HABS_MOTIF = ""XCHS"""
"IHSUPP";"S";"0423";"               HJOU_IJRHSHMAJA = HJOU_IJRHSHMAJA + HABS_MOTIDUR"
"IHSUPP";"S";"0424";"               HJOU_IJRHSMPAYA = HJOU_IJRHSMPAYA + HABS_MOTIDUR"
"IHSUPP";"S";"0425";"            FINSI"
"IHSUPP";"S";"0426";"*"
"IHSUPP";"S";"0427";"* analyse de la consigne d'initialisation du cumul HS total"
"IHSUPP";"S";"0428";"*"
"IHSUPP";"S";"0429";"            SI HABS_MOTIF = ""ZTHS"""
"IHSUPP";"S";"0430";"               HJOU_IJRHSMPAYA = HABS_MOTIDUR"
"IHSUPP";"S";"0431";"            FINSI"
"IHSUPP";"S";"0432";"*"
"IHSUPP";"S";"0433";"* analyse de la consigne de mise a jour du cumul HS total"
"IHSUPP";"S";"0434";"*"
"IHSUPP";"S";"0435";"            SI HABS_MOTIF = ""XTHS"""
"IHSUPP";"S";"0436";"               HJOU_IJRHSMPAYA = HJOU_IJRHSMPAYA + HABS_MOTIDUR"
"IHSUPP";"S";"0437";"            FINSI"
"IHSUPP";"S";"0438";"*"
"IHSUPP";"S";"0439";"* analyse de la consigne d'init.du cumul HS recup annuel"
"IHSUPP";"S";"0440";"*"
"IHSUPP";"S";"0441";"            SI HABS_MOTIF = ""ZRHA"""
"IHSUPP";"S";"0442";"               HJOU_IJRHRECANN = HABS_MOTIDUR"
"IHSUPP";"S";"0443";"            FINSI"
"IHSUPP";"S";"0444";"*"
"IHSUPP";"S";"0445";"* analyse de la consigne de mise a jour du cumul HS"
"IHSUPP";"S";"0446";"*"
"IHSUPP";"S";"0447";"            SI HABS_MOTIF = ""XRHA"""
"IHSUPP";"S";"0448";"               HJOU_IJRHRECANN = HJOU_IJRHRECANN + HABS_MOTIDUR"
"IHSUPP";"S";"0449";"            FINSI"
"IHSUPP";"S";"0450";"            SI HABS_MOTIF = ""ZPAY"""
"IHSUPP";"S";"0451";"               HJOU_IJQHRNMAPA = HABS_MOTIDUR"
"IHSUPP";"S";"0452";"            FINSI"
"IHSUPP";"S";"0453";"         FINPOUR"
"IHSUPP";"S";"0454";"*"
"IHSUPP";"S";"0455";"         SI LOCA_CONSO = 1"
"IHSUPP";"S";"0456";"            SI HJOU_IJRSHSMREH < 0"
"IHSUPP";"S";"0457";"               ANOMALIE 226"
"IHSUPP";"S";"0458";"               TEMP_CNRETOUR = 2"
"IHSUPP";"S";"0459";"               TEMP_CNMESS = 226"
"IHSUPP";"S";"0460";"            FINSI"
"IHSUPP";"S";"0461";"         FINSI"
"IHSUPP";"S";"0462";"      FINSI"
"IHSUPP";"S";"0463";"**"
"IHSUPP";"S";"0464";"** Soldes previsionnels"
"IHSUPP";"S";"0465";"**"
"IHSUPP";"S";"0466";"      SI CTRA_DATFIN > TEMP_DATJOU"
"IHSUPP";"S";"0467";"         SI CTRA_DATFIN < LOCA_DATEFU"
"IHSUPP";"S";"0468";"            DATAJT CTRA_DATFIN 12 ""J"" 1"
"IHSUPP";"S";"0469";"            LOCA_DATEFU = TEMP_DXFINPER"
"IHSUPP";"S";"0470";"         SINON"
"IHSUPP";"S";"0471";"            SI CTRA_DATFIN < LOCA_DATEFU2"
"IHSUPP";"S";"0472";"               DATAJT CTRA_DATFIN 12 ""J"" 1"
"IHSUPP";"S";"0473";"               LOCA_DATEFU2 = TEMP_DXFINPER"
"IHSUPP";"S";"0474";"            FINSI"
"IHSUPP";"S";"0475";"         FINSI"
"IHSUPP";"S";"0476";"      FINSI"
"IHSUPP";"S";"0477";"***"
"IHSUPP";"S";"0478";"      SI TEMP_DATSUI = LOCA_DATEFU"
"IHSUPP";"S";"0479";"         EMPL_IEQSHSMRE1 = HJOU_IJRSHSMREH"
"IHSUPP";"S";"0480";"      FINSI"
"IHSUPP";"S";"0481";"**"
"IHSUPP";"S";"0482";"      SI TEMP_DATSUI = LOCA_DATEFU2"
"IHSUPP";"S";"0483";"         EMPL_IEQSHSMRE2 = HJOU_IJRSHSMREH"
"IHSUPP";"S";"0484";"      FINSI"
"IHSUPP";"S";"0485";"   FINSI"
"IHSUPP";"S";"0486";"FINSI"
"IHSUPP";"S";"0487";"*"
"IHSUPP";"S";"0488";"FIN"
"IHSUPPDIM";"S";"0001";"************************************************************************"
"IHSUPPDIM";"S";"0002";"* Règle     : IHSUPPDIM"
"IHSUPPDIM";"S";"0003";"* Ordre     : 6620"
"IHSUPPDIM";"S";"0004";"* Titre     : Calcul des heures supplémentaires pour les temps plein"
"IHSUPPDIM";"S";"0005";"*             lundi 0h au dimanche 24h"
"IHSUPPDIM";"S";"0006";"* Package   : Privé 16.3"
"IHSUPPDIM";"S";"0007";"*----------------------------------------------------------------------"
"IHSUPPDIM";"S";"0008";"*"
"IHSUPPDIM";"S";"0009";"*"
"IHSUPPDIM";"S";"0010";"* Rôle : Calcul des heures supplémentaires"
"IHSUPPDIM";"S";"0011";"*         (gestion uniquement pour les temps plein)"
"IHSUPPDIM";"S";"0012";"*"
"IHSUPPDIM";"S";"0013";"*"
"IHSUPPDIM";"S";"0014";"*         Adaptation de la règle IHSUPPDIM avec ajout suivant :"
"IHSUPPDIM";"S";"0015";"*"
"ICOUPD";"S";"0079";"         SI TEMP_VALTRT1 <> 0.00"
"ICOUPD";"S";"0080";"            LOCA_DEJDEB = TEMP_VALTRT1"
"ICOUPD";"S";"0081";"            LOCA_DEJFIN = TEMP_VALTRT2"
"ICOUPD";"S";"0082";"         FINSI"
"ICOUPD";"S";"0083";"* retour mission dans la plage d?jeuner"
"ICOUPD";"S";"0084";"         SI TEMP_TEMISS = ""2"""
"ICOUPD";"S";"0085";"            ANALYSE LOCA_DEJDEB TEMP_RETOUR"
"ICOUPD";"S";"0086";"            SI TEMP_HIPOIN = 0"
"ICOUPD";"S";"0087";"* cela indique qu'il n'y a pas d'autres"
"ICOUPD";"S";"0088";"* mouvement entre le debut de la plage"
"ICOUPD";"S";"0089";"* DJ et le retour mission"
"ICOUPD";"S";"0090";"               LOCA_DEJDEB = TEMP_RETOUR"
"ICOUPD";"S";"0091";"               LOCA_ACTB = 1"
"ICOUPD";"S";"0092";"            FINSI"
"ICOUPD";"S";"0093";"         FINSI"
"ICOUPD";"S";"0094";"         ANALYSE LOCA_DEJDEB LOCA_DEJFIN"
"ICOUPD";"S";"0095";"         SI TEMP_HIPOIN <> 0"
"ICOUPD";"S";"0096";"* MOUVEMENT DE SORTIE"
"ICOUPD";"S";"0097";"            SI TEMP_HISENS = 1"
"ICOUPD";"S";"0098";"               LOCA_SENS = 1"
"ICOUPD";"S";"0099";"            FINSI"
"ICOUPD";"S";"0100";"            LOCA_PLAGE = 1"
"ICOUPD";"S";"0101";"         SINON"
"ICOUPD";"S";"0102";"            LOCA_TABS = TEMP_HIABS"
"ICOUPD";"S";"0103";"            LOCA_TOTPAUSE = TEMP_HIABS"
"ICOUPD";"S";"0104";"         FINSI"
"ICOUPD";"S";"0105";"         SI LOCA_PLAGE = 1"
"ICOUPD";"S";"0106";"            POUR POINTAGES"
"ICOUPD";"S";"0107";"               SI POIN_HRETRAI >= LOCA_DEJDEB"
"ICOUPD";"S";"0108";"                  SI POIN_HRETRAI <= LOCA_DEJFIN"
"ICOUPD";"S";"0109";"* cas ou le badgeage n'est pas une sortie mission"
"ICOUPD";"S";"0110";"                     SI POIN_IMPUT <> ""MISS"""
"ICOUPD";"S";"0111";"                        LOCA_IMPUT = 0"
"ICOUPD";"S";"0112";"                     SINON"
"ICOUPD";"S";"0113";"                        LOCA_IMPUT = 1"
"ICOUPD";"S";"0114";"                     FINSI"
"ICOUPD";"S";"0115";"* cas ou le badgeage est une sortie mission"
"ICOUPD";"S";"0116";"* mais que la personne n'est pas autorisée à"
"ICOUPD";"S";"0117";"* badger en mission dans ce cas le badgeage"
"ICOUPD";"S";"0118";"* n'est pas considéré comme une sortie mission"
"ICOUPD";"S";"0119";"                     SI POIN_IMPUT = ""MISS"""
"ICOUPD";"S";"0120";"                        SI HJOU_INMISS = ""0"""
"ICOUPD";"S";"0121";"                           LOCA_IMPUT = 0"
"ICOUPD";"S";"0122";"                        SINON"
"ICOUPD";"S";"0123";"                           LOCA_IMPUT = 1"
"ICOUPD";"S";"0124";"                        FINSI"
"ICOUPD";"S";"0125";"                     FINSI"
"ICOUPD";"S";"0126";"                     SI LOCA_IMPUT = 0"
"ICOUPD";"S";"0127";"* on rentre dans le cas ou ce n'est pas"
"ICOUPD";"S";"0128";"* un mouvement de mission"
"ICOUPD";"S";"0129";"*  mouvement de sortie"
"ICOUPD";"S";"0130";"                        SI LOCA_SENS = 1"
"ICOUPD";"S";"0131";"* on remet LOCA_ACTB à 0 dans le cas"
"ICOUPD";"S";"0132";"* ou on a eu une sortie mission"
"ICOUPD";"S";"0133";"* dans la plage DJ LOCA_ACTB est passé à 1"
"ICOUPD";"S";"0134";"* si on a eu un retour mission dans plage DJ"
"ICOUPD";"S";"0135";"* et ensuite une autre sortie non mission"
"ICOUPD";"S";"0136";"* exemple E8.00s12.00 E12.10 SM12.15 E12.20"
"ICOUPD";"S";"0137";"* S12.30 E13.30 S16.00"
"ICOUPD";"S";"0138";"* il faut que sur le mvts S12.30 ACTB = 0"
"ICOUPD";"S";"0139";"                           LOCA_ACTB = 0"
"ICOUPD";"S";"0140";"*  mouvement de sortie"
"ICOUPD";"S";"0141";"                           LOCA_SORTIE = POIN_HRETRAI"
"ICOUPD";"S";"0142";"                           SI LOCA_TOTPAUSE = 0"
"ICOUPD";"S";"0143";"* premiere sortie ds la plage sans"
"ICOUPD";"S";"0144";"* retour"
"ICOUPD";"S";"0145";"                              LOCA_TABS = LOCA_DEJFIN - LOCA_SORTIE"
"ICOUPD";"S";"0146";"                              LOCA_TOTPAUSE = LOCA_TABS"
"ICOUPD";"S";"0147";"                           SINON"
"ICOUPD";"S";"0148";"* sortie dans la plage sans retour"
"ICOUPD";"S";"0149";"                              SI LOCA_SORTIE <> LOCA_DEJFIN"
"ICOUPD";"S";"0150";"* il ne faut pas comptabiliser"
"ICOUPD";"S";"0151";"* de temps d'absence si la sortie"
"ICOUPD";"S";"0152";"* est egale à la boene de fin dejeuner"
"ICOUPD";"S";"0153";"                                 ANALYSE LOCA_SORTIE LOCA_DEJFIN"
"ICOUPD";"S";"0154";"                                 SI TEMP_HIPOIN = 1"
"ICOUPD";"S";"0155";"* si on a qu'un badgeage entre la"
"ITRAVPAU";"S";"0060";"******************************************************"
"ITRAVPAU";"S";"0061";"*"
"ITRAVPAU";"S";"0062";"   LOCA_PASS = 0"
"ITRAVPAU";"S";"0063";"   LOCA_ENTREE = 0"
"ITRAVPAU";"S";"0064";"   LOCA_SORTIE = 0"
"ITRAVPAU";"S";"0065";"   LOCA_DUR = 0"
"ITRAVPAU";"S";"0066";"   LOCA_ANO = 0"
"ITRAVPAU";"S";"0067";"*"
"ITRAVPAU";"S";"0068";"   POUR POINTAGES"
"ITRAVPAU";"S";"0069";"      SI POIN_SENS = ""0"""
"ITRAVPAU";"S";"0070";"         SI LOCA_PASS = 0"
"ITRAVPAU";"S";"0071";"            LOCA_ENTREE = POIN_HRETRAI"
"ITRAVPAU";"S";"0072";"            LOCA_PASS = 1"
"ITRAVPAU";"S";"0073";"         FINSI"
"ITRAVPAU";"S";"0074";"      FINSI"
"ITRAVPAU";"S";"0075";"      SI POIN_SENS = ""1"""
"ITRAVPAU";"S";"0076";"         SI LOCA_PASS = 1"
"ITRAVPAU";"S";"0077";"            LOCA_SORTIE = POIN_HRETRAI"
"ITRAVPAU";"S";"0078";"            LOCA_PASS = 0"
"ITRAVPAU";"S";"0079";"            LOCA_DUR = LOCA_SORTIE - LOCA_ENTREE"
"ITRAVPAU";"S";"0080";"            SI LOCA_DUR > 6"
"ITRAVPAU";"S";"0081";"               LOCA_ANO = 1"
"ITRAVPAU";"S";"0082";"            FINSI"
"ITRAVPAU";"S";"0083";"         FINSI"
"ITRAVPAU";"S";"0084";"      FINSI"
"ITRAVPAU";"S";"0085";"   FINPOUR"
"ITRAVPAU";"S";"0086";"*"
"ITRAVPAU";"S";"0087";"* Pas d'ano en cas de pause forfaitaire de prévue"
"ITRAVPAU";"S";"0094";"*"
"ITRAVPAU";"S";"0095";"   SI LOCA_ANO = 1"
"ITRAVPAU";"S";"0097";"   FINSI"
"ITRAVPAU";"S";"0098";"*"
"ITRAVPAU";"S";"0099";"*"
"ITRAVPAU";"S";"0100";"********************************************************"
"ITRAVPAU";"S";"0101";"* TEST SI UNE PAUSE EST BIEN DE 20 MINUTES SUCCESSIVES *"
"ITRAVPAU";"S";"0102";"********************************************************"
"ITRAVPAU";"S";"0103";"*"
"ITRAVPAU";"S";"0104";"   LOCA_PASS = 0"
"ITRAVPAU";"S";"0105";"   LOCA_ENTREE = 0"
"ITRAVPAU";"S";"0106";"   LOCA_SORTIE = 0"
"ITRAVPAU";"S";"0107";"   LOCA_DUR = 0"
"ITRAVPAU";"S";"0108";"   LOCA_ANO = 0"
"ITRAVPAU";"S";"0109";"*"
"ITRAVPAU";"S";"0110";"   POUR POINTAGES"
"ITRAVPAU";"S";"0111";"      SI POIN_SENS = ""1"""
"ITRAVPAU";"S";"0112";"         SI LOCA_PASS = 0"
"ITRAVPAU";"S";"0113";"            LOCA_SORTIE = POIN_HRETRAI"
"ITRAVPAU";"S";"0114";"            LOCA_PASS = 1"
"ITRAVPAU";"S";"0115";"         FINSI"
"ITRAVPAU";"S";"0116";"      FINSI"
"ITRAVPAU";"S";"0117";"      SI POIN_SENS = ""0"""
"ITRAVPAU";"S";"0118";"         SI LOCA_PASS = 1"
"ITRAVPAU";"S";"0119";"            LOCA_ENTREE = POIN_HRETRAI"
"ITRAVPAU";"S";"0120";"            LOCA_PASS = 0"
"ITRAVPAU";"S";"0121";"            LOCA_DUR = LOCA_ENTREE - LOCA_SORTIE"
"ITRAVPAU";"S";"0122";"            SI LOCA_DUR >= 0.20"
"ITRAVPAU";"S";"0123";"               LOCA_ANO = 1"
"ITRAVPAU";"S";"0124";"            FINSI"
"ITRAVPAU";"S";"0125";"            LOCA_PAUSE = LOCA_PAUSE + LOCA_DUR"
"ITRAVPAU";"S";"0126";"         FINSI"
"ITRAVPAU";"S";"0127";"      FINSI"
"ITRAVPAU";"S";"0128";"   FINPOUR"
"ITRAVPAU";"S";"0129";"*"
"ITRAVPAU";"S";"0088";"   SI PROF_IPIFPAUSBA = ""0"""
"ITRAVPAU";"S";"0089";"      SI PROF_IPIVFPAUMA > 0"
"ITRAVPAU";"S";"0090";"      OU PROF_IPIVFPAUSO > 0"
"ITRAVPAU";"S";"0091";"         LOCA_ANO = 0"
"ITRAVPAU";"S";"0092";"      FINSI"
"ITRAVPAU";"S";"0093";"   FINSI"
"ITRAVPAU";"S";"0096";"      ANOMALIE 161"
"ITRAVPAU";"S";"0130";"   SI HJOU_IJQNBADGEA <> 0"
"ITRAVPAU";"S";"0131";"      SI LOCA_PAUSE <> 0"
"ITRAVPAU";"S";"0132";"         SI LOCA_ANO = 0"
"ITRAVPAU";"S";"0133";"            ANOMALIE 162"
"ITRAVPAU";"S";"0134";"         FINSI"
"ITRAVPAU";"S";"0135";"      FINSI"
"ITRAVPAU";"S";"0136";"   FINSI"
"ITRAVPAU";"S";"0137";"FINSI"
"ITRAVPAU";"S";"0138";"*"
"ITRAVPAU";"S";"0139";"FIN"
"ITRAVPAU";"S";"0140";"*"
"IHSUPPDIM";"S";"0016";"*         Séparation en deux des règles IHSUPP et IHSUPPDIM afin de"
"IHSUPPDIM";"S";"0017";"*         différencier les HS et les HC"
"IHSUPPDIM";"S";"0018";"*"
"IHSUPPDIM";"S";"0019";"*----------------------------------------------------------------------"
"IHSUPPDIM";"S";"0020";"* Créé par : Méthodes et outils"
"IHSUPPDIM";"S";"0021";"* Date     : 05/04/2023"
"IHSUPPDIM";"S";"0022";"* Version  : 3"
"IMISSB";"S";"0077";"* et qu'il n'y a pas d'autres mvts dans la plage DJ"
"IHSUPPDIM";"S";"0023";"*----------------------------------------------------------------------"
"IHSUPPDIM";"S";"0024";"* Modifiée par :"
"IHSUPPDIM";"S";"0025";"* Date         : JJ/MM/AAAA"
"IHSUPPDIM";"S";"0026";"* Objet        :"
"IHSUPPDIM";"S";"0027";"***********************************************************************"
"IHSUPPDIM";"S";"0028";"*"
"IHSUPPDIM";"S";"0029";"* Implémentation des données industrielles"
"IHSUPPDIM";"S";"0030";"*"
"IHSUPPDIM";"S";"0031";"DEBDICO"
"IHSUPPDIM";"S";"0032";"   HJOU_IJIGHSUPPM;O;Z1;X;;;123456789;L;;C2;""Régime HS"";"
"IHSUPPDIM";"S";"0033";"   HJOU_IJRBHSMPAH;N;T6,2;I;;;    56789;;IJRBHSMPAH;V3;""Base HS"";"
"IHSUPPDIM";"S";"0034";"   HJOU_IJRHSHMAJA;N;T8,2;L;;;    56789;;IJRHSHMAJA;V3;""Cumul annuel HS payées"";"
"IHSUPPDIM";"S";"0035";"   HJOU_IJRHSMPAYA;N;T8,2;L;;;    56789;;IJRHSMPAYA;V3;""Cumul annuel HS"";"
"IHSUPPDIM";"S";"0036";"   HJOU_IJRHRECANN;N;T8,2;L;;;    56789;;IJRHRECANN;V3;""Cumul annuel HS à récupérer"";"
"IHSUPPDIM";"S";"0037";"   HJOU_IJQHS1MAPA;N;T6,2;I;;;    56789;;;V3;""Heures sup taux 1"";"
"IHSUPPDIM";"S";"0038";"   HJOU_IJQHS2MAPA;N;T6,2;I;;;    56789;;;V3;""Heures sup taux 2"";"
"IHSUPPDIM";"S";"0039";"   HJOU_IJQHPAYEES;N;T6,2;I;;;    56789;;;V3;""Heures payées"";"
"IHSUPPDIM";"S";"0040";"   HJOU_IJRBHPAYEE;N;T6,2;I;;;    56789;;IJRBHPAYEE;V3;""Base des heures payées"";"
"IHSUPPDIM";"S";"0041";"   HJOU_IJQHS1MARE;N;T6,2;I;;;     6789;;;V3;""Heures sup taux 1 à récup."";"
"IHSUPPDIM";"S";"0042";"   HJOU_IJQHS2MARE;N;T6,2;I;;;     6789;;;V3;""Heures sup taux 2 à récup."";"
"IHSUPPDIM";"S";"0043";"   HJOU_IJRSHSMREH;N;T8,2;L;;;     6789;;IJRSHSMREH;V3;""Récupération HS/HC"";"
"IHSUPPDIM";"S";"0044";"   HJOU_IJRTHEOCYC;N;T6,2;I;;;    56789;;IJRTHEOCYC;V3;""Theorie du cycle"";"
"IHSUPPDIM";"S";"0045";"   HJOU_IJQHRNMAPA;N;T6,2;I;;;    56789;;;V3;""Heures payées non majorées"";"
"IHSUPPDIM";"S";"0046";"   MOTI_IMIGHRPAYE;O;Z1;X;0;1;123456789;C;;C2;""Participe aux heures payées"";"
"IHSUPPDIM";"S";"0047";"   EMPL_IEQSHSMRE1;N;T8,2;L;;;   456789;;;V3;""Solde prévisionnel 1 HS à recup."";"
"IMISSB";"S";"0078";"* si HJMISSR = 1 cela veut dire que c'est un retour"
"IMISSB";"S";"0079";"* mission sur un depart fait la veille et dans ce cas"
"IMISSB";"S";"0080";"* l'ecart pause repas doit être alimenté avaec la valeur de"
"IMISSB";"S";"0081";"* la coupure minimum"
"IMISSB";"S";"0082";"   SI HJOU_IJRF3PRBHS = ""1"""
"IMISSB";"S";"0083";"      SI HJOU_IJQECPAUML > 0"
"IMISSB";"S";"0084";"* test si pas d'absence matin"
"IMISSB";"S";"0085";"         POUR ACTIVITES"
"IMISSB";"S";"0086";"            SI HABS_VALORIS = ""M"""
"IMISSB";"S";"0087";"               LOCA_ACTM = 1"
"IMISSB";"S";"0088";"            FINSI"
"IMISSB";"S";"0089";"         FINPOUR"
"IMISSB";"S";"0090";"         SI LOCA_ACTM = 0"
"IMISSB";"S";"0091";"            HJOU_IJQPAUMERI = 0"
"IMISSB";"S";"0092";"            HJOU_IJQECPAUSM = HJOU_IJQECPAUML"
"IMISSB";"S";"0093";"            HJOU_IJQBHORVAJ = HJOU_IJQBHORVAJ - HJOU_IJQECPAUSM"
"IMISSB";"S";"0094";"            HJOU_IJQPRESBAV = HJOU_IJQPRESBAV - HJOU_IJQECPAUSM"
"IMISSB";"S";"0095";"            ANOMALIE 114"
"IMISSB";"S";"0096";"         FINSI"
"IMISSB";"S";"0097";"      FINSI"
"IMISSB";"S";"0098";"   FINSI"
"IMISSB";"S";"0099";"** alimentation de la donnée reportable HJMISSR"
"IMISSB";"S";"0100";"** avec la valeur de la donnée HJMISS"
"IMISSB";"S";"0101";"** on test avant si hjnpoin > 0 pour recuperer la"
"IMISSB";"S";"0102";"** valeur de HJMISS car il ne faut pas stocker la"
"IMISSB";"S";"0103";"** valeur de HJMISS sur le jour ou on a pas de badgeage"
"IMISSB";"S";"0104";"** car même si la veille elle etait initialisée à 1"
"IMISSB";"S";"0105";"** le lendemain, comme la valeur du report n'est pas alimentée, on"
"IMISSB";"S";"0106";"** stockerai 0 dans HJMISSR"
"IMISSB";"S";"0107";"   SI HJOU_IJQNBADGEA > 0"
"IMISSB";"S";"0108";"      HJOU_IJRF3PRBHS = HJOU_IJRF2PRBHS"
"IMISSB";"S";"0109";"   FINSI"
"IMISSB";"S";"0110";"   SI HJOU_INMISS = ""2"""
"IMISSB";"S";"0111";"   OU HJOU_INMISS = ""3"""
"IMISSB";"S";"0112";"      SI HJOU_IJRF3PRBHS = ""1"""
"IMISSB";"S";"0113";"         SI HJOU_IJQNBADGEA = 0"
"IMISSB";"S";"0114";"            LOCA_TOTMISS = HJOU_IJQPRETHEJ"
"IMISSB";"S";"0115";"            LOCA_ABS = 1"
"IMISSB";"S";"0116";"         FINSI"
"IMISSB";"S";"0117";"      FINSI"
"IMISSB";"S";"0118";"   FINSI"
"IMISSB";"S";"0119";"*  si l'indicateur INMISSBA = 1 cela indique"
"IMISSB";"S";"0120";"*  qu'il y a eu un depart mission sans retour sur la journee"
"IMISSB";"S";"0121";"*  et que le temps mission doit etre complete par rapport"
"IMISSB";"S";"0122";"*  a la theorie  en tenant compte de HJJOU"
"IMISSB";"S";"0123";"   SI HJOU_IJQFMISBAD = 1"
"IMISSB";"S";"0124";"      SI HJOU_IJQBHORVAJ < HJOU_IJQPRETHEJ"
"IMISSB";"S";"0125";"         LOCA_TOTMISS = HJOU_IJQPRETHEJ - HJOU_IJQBHORVAJ"
"IMISSB";"S";"0126";"      SINON"
"IMISSB";"S";"0127";"         LOCA_TOTMISS = 0"
"IMISSB";"S";"0128";"      FINSI"
"IMISSB";"S";"0129";"   FINSI"
"IMISSB";"S";"0130";"*  test si un motif est present"
"IMISSB";"S";"0131";"* il faut remettre HJMISSR à 0 car dans le cas ou il y un depart"
"IMISSB";"S";"0132";"* mission le lundi, qu'un motif est positionné le mardi"
"IMISSB";"S";"0133";"* il ne faut pas que le motif MISS se mette en place le mercredi"
"IMISSB";"S";"0134";"* si HJNPOIN = 0 par ce qu'on peut avoir un motif sur la journee ou"
"IMISSB";"S";"0135";"* on fait un depart mission"
"IMISSB";"S";"0136";"   POUR ACTIVITES"
"IMISSB";"S";"0137";"      SI HABS_MOTYPE <> ""C"""
"IMISSB";"S";"0138";"         SI HJOU_IJQNBADGEA = 0"
"IMISSB";"S";"0139";"            HJOU_IJRF3PRBHS = ""0"""
"IMISSB";"S";"0140";"            LOCA_MOTJOUR = 1"
"IMISSB";"S";"0141";"         FINSI"
"IMISSB";"S";"0142";"      FINSI"
"IMISSB";"S";"0143";"   FINPOUR"
"IMISSB";"S";"0144";"*  mise en place du motif"
"IMISSB";"S";"0145";"   SI LOCA_TOTMISS <> 0"
"IMISSB";"S";"0146";"* le motif est mis en place s'il n'existe pas de motifs"
"IMISSB";"S";"0147";"* qu'ils soient en H/M/A/J"
"IMISSB";"S";"0148";"      SI LOCA_MOTJOUR = 0"
"IMISSB";"S";"0149";"         HJOU_IJQHMISSJE = LOCA_TOTMISS"
"IMISSB";"S";"0150";"* alimentation du compteur HJNABS pour ne pas déclencher"
"IMISSB";"S";"0151";"* l'anomalie 103/106"
"IMISSB";"S";"0152";"         SI LOCA_ABS = 1"
"IMISSB";"S";"0153";"            HJOU_IJQNABSENT = 1"
"IMISSB";"S";"0154";"            HJOU_IJQNACTIVJ = 1"
"IMISSB";"S";"0155";"         FINSI"
"IMISSB";"S";"0156";"** le 27/06/2013"
"IMISSB";"S";"0157";"** alimentation des compteurs IJQNABSEN1 et IJQNABSEN2 pour ne pas declencher"
"IMISSB";"S";"0158";"** les anomalies 125 et 126"
"IMISSB";"S";"0159";"*"
"IMISSB";"S";"0160";"         HJOU_IJQNABSEN1 = HJOU_IJQNABSEN1 + 1"
"IMISSB";"S";"0161";"         HJOU_IJQNABSEN2 = HJOU_IJQNABSEN2 + 1"
"IMISSB";"S";"0162";"**"
"IMISSB";"S";"0163";"      FINSI"
"IMISSB";"S";"0164";"   FINSI"
"IMISSB";"S";"0165";"FINSI"
"IMISSB";"S";"0166";"FIN"
"IFRANCP";"S";"0001";"***********************************************************************"
"IFRANCP";"S";"0002";"* Règle     : IFRANCP"
"IFRANCP";"S";"0003";"* Ordre     : 6190"
"IFRANCP";"S";"0004";"* Libellé   : Franchise acquisition CP"
"IFRANCP";"S";"0005";"* Package   : Privé 16.3"
"IFRANCP";"S";"0006";"*----------------------------------------------------------------------"
"IFRANCP";"S";"0007";"* Objectif  : définir le nombre de jour de maintien des CP"
"IFRANCP";"S";"0008";"*"
"IFRANCP";"S";"0009";"* Remarques :"
"IFRANCP";"S";"0010";"*"
"IFRANCP";"S";"0011";"*----------------------------------------------------------------------"
"IFRANCP";"S";"0012";"* Créée par :"
"IFRANCP";"S";"0013";"* Date      : 15/01/2025"
"IFRANCP";"S";"0014";"*----------------------------------------------------------------------"
"IFRANCP";"S";"0015";"* Màj par   :"
"IFRANCP";"S";"0016";"* Date      : JJ.MM.AAAA"
"IFRANCP";"S";"0017";"* Objet     :"
"IFRANCP";"S";"0018";"***********************************************************************"
"IFRANCP";"S";"0019";"*"
"IFRANCP";"S";"0020";"*"
"IFRANCP";"S";"0021";"DEBDICO"
"IFRANCP";"S";"0022";"   * maintien de l'acquisition conv"
"IFRANCP";"S";"0023";"   HJOU_IJRNBJMAIN;N;N4;L;;;    56789;;IJRNBJMAIN;V3;""Nb jours maintien d'acquisition"";"
"IFRANCP";"S";"0024";"   HJOU_IJRABSFIN;N;N4;I;;;    56789;;IJRABSFIN;V3;""Absences premier jour période"";"
"IFRANCP";"S";"0025";"   HORC_IHIGMAINCP;O;Z1;X;;;123456789;L9;;C3;""Gestion du maintien d'acquisition"";"
"IFRANCP";"S";"0026";"   HORC_IHIMOACQCP;O;A1;X;;;123456789;L;;C3;""Mode d'acquisition des congés"";"
"IFRANCP";"S";"0027";"   EMPS_E2DATEANC;N;D10;X;;;        9;;;C0;""Date d'ancienneté"";"
"IFRANCP";"S";"0028";"   CONF_ITIVMREFCP;O;A4;X;;;123456789;;;C3;""Date de référence congé payé (JJMM)"";"
"IFRANCP";"S";"0029";"   MOTI_IMIMINOCP;O;Z1;X;;;123456789;L9;;C3;""Acquisition CP"";"
"IFRANCP";"S";"0030";"   *"
"IFRANCP";"S";"0031";"   **** indicateur PARD"
"IFRANCP";"S";"0032";"   PARD_IDIANC1;O;N3;I;;;123456789;;;C3;""Ancienneté 1"";"
"IFRANCP";"S";"0033";"   PARD_IDIANC2;O;N3;I;;;123456789;;;C3;""Ancienneté 2"";"
"IFRANCP";"S";"0034";"   PARD_IDIANC3;O;N3;I;;;123456789;;;C3;""Ancienneté 3"";"
"IFRANCP";"S";"0035";"   PARD_IDIANC4;O;N3;I;;;123456789;;;C3;""Ancienneté 4"";"
"IFRANCP";"S";"0036";"   PARD_IDIMAIN1;O;N3;I;;;123456789;;;C3;""Nb jours maintien 1"";"
"IFRANCP";"S";"0037";"   PARD_IDIMAIN2;O;N3;I;;;123456789;;;C3;""Nb jours maintien 2"";"
"IFRANCP";"S";"0038";"   PARD_IDIMAIN3;O;N3;I;;;123456789;;;C3;""Nb jours maintien 3"";"
"IFRANCP";"S";"0039";"   PARD_IDIMAIN4;O;N3;I;;;123456789;;;C3;""Nb jours maintien 4"";"
"IFRANCP";"S";"0040";"   *"
"IFRANCP";"S";"0041";"   **** indicateur HOR"
"IFRANCP";"S";"0042";"   HORC_IHIANC1;O;N3;I;;;123456789;;;C3;""Ancienneté 1"";"
"IFRANCP";"S";"0043";"   HORC_IHIANC2;O;N3;I;;;123456789;;;C3;""Ancienneté 2"";"
"IFRANCP";"S";"0044";"   HORC_IHIANC3;O;N3;I;;;123456789;;;C3;""Ancienneté 3"";"
"IFRANCP";"S";"0045";"   HORC_IHIANC4;O;N3;I;;;123456789;;;C3;""Ancienneté 4"";"
"IFRANCP";"S";"0046";"   HORC_IHIMAIN1;O;N3;I;;;123456789;;;C3;""Nb jours maintien 1"";"
"IFRANCP";"S";"0047";"   HORC_IHIMAIN2;O;N3;I;;;123456789;;;C3;""Nb jours maintien 2"";"
"IFRANCP";"S";"0048";"   HORC_IHIMAIN3;O;N3;I;;;123456789;;;C3;""Nb jours maintien 3"";"
"IFRANCP";"S";"0049";"   HORC_IHIMAIN4;O;N3;I;;;123456789;;;C3;""Nb jours maintien 4"";"
"IFRANCP";"S";"0050";"   *"
"IFRANCP";"S";"0051";"FINDICO"
"IFRANCP";"S";"0052";"*"
"IFRANCP";"S";"0053";"*"
"IFRANCP";"S";"0054";"DEBANO"
"IFRANCP";"S";"0055";"   *"
"IFRANCP";"S";"0056";"FINANO"
"IFRANCP";"S";"0057";"*"
"IFRANCP";"S";"0058";"*"
"IFRANCP";"S";"0059";"*------------------------------------------------*"
"IFRANCP";"S";"0060";"* Définition des variables locales"
"IFRANCP";"S";"0061";"*------------------------------------------------*"
"IFRANCP";"S";"0062";"******************************************************"
"IFRANCP";"S";"0063";"* Locales pour calculer la date de reference"
"IFRANCP";"S";"0064";"DEF LOCA_DATE D"
"IFRANCP";"S";"0065";"LOCA_DATE = "" """
"IFRANCP";"S";"0066";"DEF LOCA_REF N2"
"IFRANCP";"S";"0067";"LOCA_REF = 0"
"IFRANCP";"S";"0068";"*"
"IFRANCP";"S";"0069";"* locales pour récuération absence du jour"
"IFRANCP";"S";"0070";"DEF LOCA_ARRET N1"
"IFRANCP";"S";"0071";"LOCA_ARRET = 0"
"IFRANCP";"S";"0072";"* Locales pour ancienneté"
"IFRANCP";"S";"0073";"DEF LOCA_DANC D"
"IFRANCP";"S";"0074";"LOCA_DANC = "" """
"IFRANCP";"S";"0075";"DEF LOCA_DANC1 D"
"IFRANCP";"S";"0076";"LOCA_DANC1 = "" """
"IFRANCP";"S";"0077";"DEF LOCA_ACOURS N4"
"IFRANCP";"S";"0078";"LOCA_ACOURS = 0"
"IFRANCP";"S";"0079";"DEF LOCA_NBJMAIN N4"
"IFRANCP";"S";"0080";"LOCA_NBJMAIN = 0"
"IFRANCP";"S";"0081";"* Locales pour contrôle de la date de référence CP"
"IFRANCP";"S";"0082";"DEF LOCA_CTRLREFCP A4"
"IFRANCP";"S";"0083";"LOCA_CTRLREFCP = "" """
"IFRANCP";"S";"0084";"*"
"IFRANCP";"S";"0085";"*"
"IFRANCP";"S";"0086";"*********************************************************************************************"
"IFRANCP";"S";"0087";"* Contrôle de la date de référence CP : alimentation HOR > CFG > début de période CP légale"
"IFRANCP";"S";"0088";"*                                       à défaut d'accord"
"IFRANCP";"S";"0089";"*********************************************************************************************"
"IFRANCP";"S";"0090";"*"
"IFRANCP";"S";"0091";"SI HORC_IHIVMREFCP <> "" """
"IFRANCP";"S";"0092";"   LOCA_CTRLREFCP = HORC_IHIVMREFCP"
"IFRANCP";"S";"0093";"SINON"
"IACTMI";"S";"0006";"*----------------------------------------------------------------------"
"IACTMI";"S";"0007";"*"
"IACTMI";"S";"0008";"*"
"IACTMI";"S";"0009";"* Rôle : Mise en place des motifs missions"
"IACTMI";"S";"0010";"*"
"IACTMI";"S";"0011";"*"
"IACTMI";"S";"0012";"*"
"IACTMI";"S";"0013";"*"
"IACTMI";"S";"0014";"* Implémentation des données industrielles"
"IACTMI";"S";"0015";"*"
"IACTMI";"S";"0016";"*"
"IACTMI";"S";"0017";"*----------------------------------------------------------------------"
"IACTMI";"S";"0018";"* Créé par : Cellule Industrialisation"
"IACTMI";"S";"0019";"* Date     : 03/09/2009"
"IACTMI";"S";"0020";"* Version  : 1"
"IACTMI";"S";"0021";"*----------------------------------------------------------------------"
"IACTMI";"S";"0022";"* Modifiée par :"
"IACTMI";"S";"0023";"* Date         : JJ/MM/AAAA"
"IACTMI";"S";"0024";"* Objet        :"
"IACTMI";"S";"0025";"***********************************************************************"
"IACTMI";"S";"0026";"*"
"IACTMI";"S";"0027";"DEBDICO"
"IACTMI";"S";"0028";"   HJOU_IJQHMISSJE;N;T6,2;I;;;    56789;;;V3;""Durée mission jour en cours"";"
"IACTMI";"S";"0029";"   HJOU_IJQPRESNBJ;N;T6,2;I;;;     6789;;;V3;""Activités créditées"";"
"IACTMI";"S";"0030";"   HJOU_IJQBHORVAJ;N;T6,2;I;;;    56789;;;V3;""Heures totales"";"
"IACTMI";"S";"0031";"FINDICO"
"IACTMI";"S";"0032";"*"
"IACTMI";"S";"0033";"* Déclaration des donnees locales"
"IACTMI";"S";"0034";"*"
"IACTMI";"S";"0035";"DEF LOCA_MISSBAD A10"
"IACTMI";"S";"0036";"LOCA_MISSBAD = "" """
"IACTMI";"S";"0037";"DEF LOCA_MISSBADL A10"
"IACTMI";"S";"0038";"LOCA_MISSBADL = "" """
"IACTMI";"S";"0039";"DEF LOCA_TOTMISS T6.2"
"IACTMI";"S";"0040";"LOCA_TOTMISS = 0"
"IACTMI";"S";"0041";"DEF LOCA_TOTMISSL T6.2"
"IACTMI";"S";"0042";"LOCA_TOTMISSL = 0"
"IACTMI";"S";"0043";"DEF LOCA_TOTAL T6.2"
"IACTMI";"S";"0044";"LOCA_TOTAL = 0"
"IACTMI";"S";"0045";"**"
"IACTMI";"S";"0046";"SI PARD_IDIVMOMIBL = "" """
"IACTMI";"S";"0047";"   LOCA_MISSBADL = ""MISS"""
"IACTMI";"S";"0048";"SINON"
"IACTMI";"S";"0049";"   LOCA_MISSBADL = PARD_IDIVMOMIBL"
"IACTMI";"S";"0050";"FINSI"
"IACTMI";"S";"0051";"SI PARD_IDIVMOMISB = "" """
"IACTMI";"S";"0052";"   LOCA_MISSBAD = ""MISS"""
"IACTMI";"S";"0053";"SINON"
"IACTMI";"S";"0054";"   LOCA_MISSBAD = PARD_IDIVMOMISB"
"IACTMI";"S";"0055";"FINSI"
"IACTMI";"S";"0056";"SI HJOU_DATE <= TEMP_DATJOU"
"IACTMI";"S";"0057";"   LOCA_TOTMISSL = HJOU_IJQHMISSLE"
"IACTMI";"S";"0058";"   LOCA_TOTMISS = HJOU_IJQHMISSJE"
"IACTMI";"S";"0059";"* HJOU_IJQHMISSJE = 0"
"IACTMI";"S";"0060";"* dans le cas ou le motif mission est egal"
"IACTMI";"S";"0061";"* au motif mission du lendemain"
"IACTMI";"S";"0062";"* on totalise la durée des 2 motifs"
"IACTMI";"S";"0063";"   SI LOCA_MISSBADL = LOCA_MISSBAD"
"IACTMI";"S";"0064";"      LOCA_TOTAL = LOCA_TOTMISSL + LOCA_TOTMISS"
"IACTMI";"S";"0065";"      SI LOCA_TOTAL > 0"
"IACTMI";"S";"0066";"         AJOUTER LOCA_MISSBAD ""H"" LOCA_TOTAL"
"IACTMI";"S";"0067";"      FINSI"
"IACTMI";"S";"0068";"      POUR ACTIVITES"
"IACTMI";"S";"0069";"         SI HABS_MOTIF = LOCA_MISSBAD"
"IACTMI";"S";"0070";"            SI MOTI_IMIGDEBCRE = ""1"""
"IACTMI";"S";"0071";"               HJOU_IJQPRESNBJ = HJOU_IJQPRESNBJ + LOCA_TOTAL"
"IHSUPPDIM";"S";"0087";"LOCA_DATE = "" """
"IACTMI";"S";"0072";"               HJOU_IJQBHORVAJ = HJOU_IJQBHORVAJ + LOCA_TOTAL"
"IACTMI";"S";"0073";"            FINSI"
"IACTMI";"S";"0074";"         FINSI"
"IACTMI";"S";"0075";"      FINPOUR"
"IACTMI";"S";"0076";"   SINON"
"IACTMI";"S";"0077";"* les 2 motifs sont differents"
"IACTMI";"S";"0078";"** mise en place du motif Mission du lendemain"
"IACTMI";"S";"0079";"      SI LOCA_TOTMISSL > 0"
"IACTMI";"S";"0080";"         AJOUTER LOCA_MISSBADL ""H"" LOCA_TOTMISSL"
"IACTMI";"S";"0081";"      FINSI"
"IACTMI";"S";"0082";"      POUR ACTIVITES"
"IACTMI";"S";"0083";"         SI HABS_MOTIF = LOCA_MISSBADL"
"IACTMI";"S";"0084";"            SI MOTI_IMIGDEBCRE = ""1"""
"IACTMI";"S";"0085";"               HJOU_IJQPRESNBJ = HJOU_IJQPRESNBJ + LOCA_TOTMISSL"
"IACTMI";"S";"0086";"               HJOU_IJQBHORVAJ = HJOU_IJQBHORVAJ + LOCA_TOTMISSL"
"IACTMI";"S";"0087";"            FINSI"
"IACTMI";"S";"0088";"         FINSI"
"IACTMI";"S";"0089";"      FINPOUR"
"IACTMI";"S";"0090";"* Mise en place du motif mission"
"IACTMI";"S";"0091";"      SI LOCA_TOTMISS > 0"
"IACTMI";"S";"0092";"         AJOUTER LOCA_MISSBAD ""H"" LOCA_TOTMISS"
"IACTMI";"S";"0093";"      FINSI"
"IACTMI";"S";"0094";"      POUR ACTIVITES"
"IACTMI";"S";"0095";"         SI HABS_MOTIF = LOCA_MISSBAD"
"IACTMI";"S";"0096";"            SI MOTI_IMIGDEBCRE = ""1"""
"IACTMI";"S";"0097";"               HJOU_IJQPRESNBJ = HJOU_IJQPRESNBJ + LOCA_TOTMISS"
"IACTMI";"S";"0098";"               HJOU_IJQBHORVAJ = HJOU_IJQBHORVAJ + LOCA_TOTMISS"
"IACTMI";"S";"0099";"            FINSI"
"IACTMI";"S";"0100";"         FINSI"
"IACTMI";"S";"0101";"      FINPOUR"
"IACTMI";"S";"0102";"   FINSI"
"IACTMI";"S";"0103";"FINSI"
"IACTMI";"S";"0104";"FIN"
"IFRANCP";"S";"0094";"   SI CONF_ITIVMREFCP <> "" """
"IFRANCP";"S";"0095";"      LOCA_CTRLREFCP = CONF_ITIVMREFCP"
"IFRANCP";"S";"0096";"   SINON"
"IFRANCP";"S";"0097";"      LOCA_CTRLREFCP = ""0106"""
"IFRANCP";"S";"0098";"   FINSI"
"IFRANCP";"S";"0099";"FINSI"
"IFRANCP";"S";"0100";"*"
"IFRANCP";"S";"0101";"*"
"IFRANCP";"S";"0102";"*******************************************************************************************"
"IFRANCP";"S";"0103";"* Calcul de la date de référence CP"
"IFRANCP";"S";"0104";"*******************************************************************************************"
"IFRANCP";"S";"0105";"*"
"IFRANCP";"S";"0106";"* stockage de l'année du jour de l'historique"
"ICTRBA";"S";"0001";"***********************************************************************"
"ICTRBA";"S";"0002";"* Règle     : ICTRBA"
"ICTRBA";"S";"0003";"* Ordre     : 4700"
"ICTRBA";"S";"0004";"* Libellé   : Contrôle du badgeage"
"ICTRBA";"S";"0005";"* Package   : Privé 16.3"
"ICTRBA";"S";"0006";"*----------------------------------------------------------------------"
"ICTRBA";"S";"0007";"* Objectif  : Contrôle du badgeage"
"ICTRBA";"S";"0008";"*             et remontée d'anomalie en cas d'absence du collaborateur"
"ICTRBA";"S";"0009";"*"
"ICTRBA";"S";"0010";"* Remarques :"
"ICTRBA";"S";"0011";"*"
"ICTRBA";"S";"0012";"*----------------------------------------------------------------------"
"ICTRBA";"S";"0013";"* Créée par : HQ Sector"
"ICTRBA";"S";"0014";"* Date      : 19/09/2024"
"ICTRBA";"S";"0015";"* Version   : 1"
"ICTRBA";"S";"0016";"*----------------------------------------------------------------------"
"ICTRBA";"S";"0017";"* Màj par   :"
"ICTRBA";"S";"0018";"* Date      :"
"ICTRBA";"S";"0019";"* Objet     :"
"ICTRBA";"S";"0020";"*********************************************************************"
"ICTRBA";"S";"0021";"*"
"ICTRBA";"S";"0022";"* Implémentation des données industrielles"
"ICTRBA";"S";"0023";"DEBDICO"
"ICTRBA";"S";"0024";"   HJOU_IJQPRETHEJ;O;T6,2;I;;;    56789;;;C0;""Présence théorique jour"";"
"ICTRBA";"S";"0025";"   PARD_IDIXPRES;O;A10;X;;;123456789;II;;C2;""Motif de présence non badgeant"";"
"ICTRBA";"S";"0026";"FINDICO"
"ICTRBA";"S";"0027";"*"
"ICTRBA";"S";"0028";"DEBANO"
"ICTRBA";"S";"0029";"   101;9;""Il manque un badgeage en sortie"";"
"ICTRBA";"S";"0030";"   103;9;""Employé absent sans justificatif"";"
"ICTRBA";"S";"0031";"   106;5;""Nombre de badgeages insuffisant"";"
"ICTRBA";"S";"0032";"   125;8;""Employé absent matin sans justificatif"";"
"ICTRBA";"S";"0033";"   126;8;""Employé absent après-midi sans justificatif"";"
"ICTRBA";"S";"0034";"   127;8;""Badgeages pour employé présumé non badgeant"";"
"ICTRBA";"S";"0035";"   179;8;""Employé absent demi-journée sans justificatif"";"
"ICTRBA";"S";"0036";"FINANO"
"ICTRBA";"S";"0037";"*"
"ICTRBA";"S";"0038";"*------------------------------------------------*"
"ICTRBA";"S";"0039";"* Définition des variables locales"
"ICTRBA";"S";"0040";"*------------------------------------------------*"
"ICTRBA";"S";"0041";"DEF LOCA_PARITE N2"
"ICTRBA";"S";"0042";"LOCA_PARITE = 0"
"ICTRBA";"S";"0043";"DEF LOCA_NPOIN N2"
"ICTRBA";"S";"0044";"LOCA_NPOIN = HJOU_IJQNBADGEA"
"ICTRBA";"S";"0045";"DEF LOCA_ANOM N2"
"ICTRBA";"S";"0046";"LOCA_ANOM = 0"
"ICTRBA";"S";"0047";"DEF LOCA_XPRES A2"
"ICTRBA";"S";"0048";"LOCA_XPRES = "" """
"ICTRBA";"S";"0049";"*"
"ICTRBA";"S";"0050";"*"
"ICTRBA";"S";"0051";"* Test pour ne pas dérouler cette règle dans le futur"
"ICTRBA";"S";"0052";"SI HJOU_DATE <= TEMP_DATJOU"
"ICTRBA";"S";"0053";"*"
"ICTRBA";"S";"0054";"* récupération de la consigne XPRES"
"ICTRBA";"S";"0055";"   POUR ACTIVITES"
"ICTRBA";"S";"0056";"      SI HABS_MOTIF = PARD_IDIXPRES"
"ICTRBA";"S";"0057";"         SI HABS_VALORIS = ""J"""
"ICTRBA";"S";"0058";"            LOCA_XPRES = ""J"""
"ICTRBA";"S";"0059";"         SINON"
"ICTRBA";"S";"0060";"            SI HABS_VALORIS = ""M"""
"ICTRBA";"S";"0061";"               LOCA_XPRES = ""M"""
"ICTRBA";"S";"0062";"            SINON"
"ICTRBA";"S";"0063";"               SI HABS_VALORIS = ""A"""
"ICTRBA";"S";"0064";"                  LOCA_XPRES = ""A"""
"ICTRBA";"S";"0065";"               FINSI"
"ICTRBA";"S";"0066";"            FINSI"
"ICTRBA";"S";"0067";"         FINSI"
"ICTRBA";"S";"0068";"      FINSI"
"ICTRBA";"S";"0069";"   FINPOUR"
"ICTRBA";"S";"0070";"*"
"ICTRBA";"S";"0071";"* Anomalie si pas de badgeage et pas d'absence jour"
"ICTRBA";"S";"0072";"   SI HJOU_IJIGBADGEA = ""1"""
"ICTRBA";"S";"0073";"      SI HJOU_IJQNBADGEA = 0"
"ICTRBA";"S";"0074";"         SI LOCA_XPRES = "" """
"ICTRBA";"S";"0075";"            SI HJOU_IJQNABSENT = 0"
"ICTRBA";"S";"0076";"               SI HJOU_IJQPRETHEJ > 0"
"ICTRBA";"S";"0077";"                  LOCA_ANOM = 1"
"ICTRBA";"S";"0078";"* Pas d'anomalie sur jour en cours"
"ICTRBA";"S";"0079";"                  SI HJOU_DATE < TEMP_DATJOU"
"ICTRBA";"S";"0080";"                     ANOMALIE 103"
"ICTRBA";"S";"0081";"                  FINSI"
"ICTRBA";"S";"0082";"               FINSI"
"ICTRBA";"S";"0083";"            FINSI"
"ICTRBA";"S";"0084";"         FINSI"
"ICTRBA";"S";"0085";"      FINSI"
"ICTRBA";"S";"0086";"* Anomalie si aucun badgeage matin et aucune absence matin"
"ICTRBA";"S";"0087";"      SI LOCA_ANOM <> 1"
"ICTRBA";"S";"0088";"         SI HJOU_IJQNACTIVJ = 0"
"ICTRBA";"S";"0089";"            SI PROF_ABSENM > 0"
"ICTRBA";"S";"0090";"               SI HJOU_IJQPRESBA1 = 0"
"ICTRBA";"S";"0091";"                  SI HJOU_IJQNABSEN1 = 0"
"ICTRBA";"S";"0092";"                     SI PROF_PTTHEO1 > 0"
"ICTRBA";"S";"0093";"                        SI PROF_PTTHEO1 <= 36.00"
"ICTRBA";"S";"0094";"* Pas d'anomalie pour les déclarants"
"ICTRBA";"S";"0095";"* qui badgent 1 fois"
"ICTRBA";"S";"0096";"                           SI PROF_IPIVMINBAD > 1"
"ICTRBA";"S";"0097";"                              ANOMALIE 125"
"ICTRBA";"S";"0098";"                           SINON"
"ICTRBA";"S";"0099";"                              SI PROF_IPIVMINBAD = 0"
"ICTRBA";"S";"0100";"                                 SI LOCA_XPRES <> ""J"""
"ICTRBA";"S";"0101";"                                    SI LOCA_XPRES <> ""M"""
"ICTRBA";"S";"0102";"                                       ANOMALIE 125"
"ICTRBA";"S";"0103";"                                    FINSI"
"ICTRBA";"S";"0104";"                                 FINSI"
"ICTRBA";"S";"0105";"                              FINSI"
"ICTRBA";"S";"0106";"                           FINSI"
"ICTRBA";"S";"0107";"                        FINSI"
"ICTRBA";"S";"0108";"                     FINSI"
"ICTRBA";"S";"0109";"                  FINSI"
"ICTRBA";"S";"0110";"               FINSI"
"ICTRBA";"S";"0111";"            FINSI"
"ICTRBA";"S";"0112";"* Anomalie si aucun badgeage et absence après-midi"
"ICTRBA";"S";"0113";"            SI PROF_ABSENS > 0"
"ICTRBA";"S";"0114";"               SI HJOU_IJQPRESBA2 = 0"
"ICTRBA";"S";"0115";"                  SI PROF_PTTHEO3 > 0"
"ICTRBA";"S";"0116";"                     SI PROF_PTTHEO3 <= 36.00"
"ICTRBA";"S";"0117";"* Pas d'anomalie pour les déclarants"
"ICTRBA";"S";"0118";"* qui badgent 1 fois"
"ICTRBA";"S";"0119";"                        SI PROF_IPIVMINBAD > 1"
"IHSUPPDIM";"S";"0048";"   EMPL_IEQSHSMRE2;N;T8,2;L;;;   456789;;;V3;""Solde prévisionnel 2 HS à recup."";"
"ICTRBA";"S";"0120";"                           SI HJOU_IJQNABSEN2 = 0"
"ICTRBA";"S";"0121";"                              ANOMALIE 126"
"ICTRBA";"S";"0122";"                           FINSI"
"ICTRBA";"S";"0123";"                           SI HJOU_IJQNABSEN2 = 50"
"ICTRBA";"S";"0124";"                              ANOMALIE 179"
"IHSUPPDIM";"S";"0049";"   PARD_IDIHSTAUX1;O;N2;I;;;123456789;;;C3;""HS taux 1 (%)"";"
"IHSUPPDIM";"S";"0050";"   PARD_IDIHSTAUX2;O;N2;I;;;123456789;;;C3;""HS taux 2 (%)"";"
"IHSUPPDIM";"S";"0051";"   HORC_IHISEUILHS;O;T6,2;I;;;123456789;;;C3;""Seuil paiement des HS"";"
"IHSUPPDIM";"S";"0052";"   PARD_IDIDATPEHS;O;D10;X;;;123456789;;;C3;""Début période HS payées avant fin cycle"";"
"IHSUPPDIM";"S";"0053";"   PARD_IDIHDEBP;O;A1;X;;;     6789;L9;;C3;""Découpage semaine"";"
"IHSUPPDIM";"S";"0054";"   TEMP_ITCHEHS;N;T6,2;I;;;9;;;V3;""Durée de chevauchement HS"";"
"IHSUPPDIM";"S";"0055";"   TEMP_ITCHEHP;N;T6,2;I;;;9;;;V3;""Durée de chevauchement Heure base payée"";"
"IHSUPPDIM";"S";"0056";"   HORC_IHIHSTAUX1;O;N2;I;;;123456789;;;C3;""HS taux 1 (%)"";"
"IHSUPPDIM";"S";"0057";"   HORC_IHIHSTAUX2;O;N2;I;;;123456789;;;C3;""HS taux 2 (%)"";"
"IHSUPPDIM";"S";"0058";"   HORC_IHISHSMTX1;O;T6,2;I;;;123456789;;;C3;""Seuil HS taux 1"";"
"IHSUPPDIM";"S";"0059";"   HORC_IHISHSMTX2;O;T6,2;I;;;123456789;;;C3;""Seuil HS taux 2"";"
"IHSUPPDIM";"S";"0060";"FINDICO"
"IHSUPPDIM";"S";"0061";"DEBANO"
"IHSUPPDIM";"S";"0062";"   192;9;""Heures non majorées payées négatives"";"
"IHSUPPDIM";"S";"0063";"   226;9;""Solde récup HS/HC insuffisant"";"
"IHSUPPDIM";"S";"0064";"FINANO"
"IHSUPPDIM";"S";"0065";"*"
"IHSUPPDIM";"S";"0066";"* Déclaration des donnees locales"
"IHSUPPDIM";"S";"0067";"*"
"IHSUPPDIM";"S";"0068";"DEF LOCA_SHS25 T6.2"
"IHSUPPDIM";"S";"0069";"LOCA_SHS25 = 0"
"IHSUPPDIM";"S";"0070";"DEF LOCA_SHS50 T6.2"
"IHSUPPDIM";"S";"0071";"LOCA_SHS50 = 0"
"IHSUPPDIM";"S";"0072";"DEF LOCA_SEUIL1 T6.2"
"IHSUPPDIM";"S";"0073";"LOCA_SEUIL1 = 0"
"IHSUPPDIM";"S";"0074";"DEF LOCA_SEUIL2 T6.2"
"IHSUPPDIM";"S";"0075";"LOCA_SEUIL2 = 0"
"IHSUPPDIM";"S";"0076";"DEF LOCA_NBCYCLE N2"
"IHSUPPDIM";"S";"0077";"LOCA_NBCYCLE = 0"
"IHSUPPDIM";"S";"0078";"DEF LOCA_CAL N1"
"IHSUPPDIM";"S";"0079";"LOCA_CAL = 0"
"IHSUPPDIM";"S";"0080";"DEF LOCA_BASEHS T6.2"
"IHSUPPDIM";"S";"0081";"LOCA_BASEHS = 0"
"IHSUPPDIM";"S";"0082";"DEF LOCA_HS25R T6.2"
"IHSUPPDIM";"S";"0083";"LOCA_HS25R = 0"
"IHSUPPDIM";"S";"0084";"DEF LOCA_HS50R T6.2"
"IHSUPPDIM";"S";"0085";"LOCA_HS50R = 0"
"IHSUPPDIM";"S";"0086";"DEF LOCA_DATE D"
"IHSUPPDIM";"S";"0088";"DEF LOCA_ACOURS N4"
"IHSUPPDIM";"S";"0089";"LOCA_ACOURS = 0"
"IHSUPPDIM";"S";"0090";"DEF LOCA_ACOURS2 N4"
"IHSUPPDIM";"S";"0091";"LOCA_ACOURS2 = 0"
"IHSUPPDIM";"S";"0092";"DEF LOCA_DATEFU D"
"IHSUPPDIM";"S";"0093";"LOCA_DATEFU = "" """
"IHSUPPDIM";"S";"0094";"DEF LOCA_DATEFU2 D"
"IHSUPPDIM";"S";"0095";"LOCA_DATEFU2 = "" """
"IHSUPPDIM";"S";"0096";"DEF LOCA_TAUX1 N4.2"
"IHSUPPDIM";"S";"0097";"LOCA_TAUX1 = 0"
"IHSUPPDIM";"S";"0098";"DEF LOCA_TAUX2 N4.2"
"IHSUPPDIM";"S";"0099";"LOCA_TAUX2 = 0"
"IHSUPPDIM";"S";"0100";"DEF LOCA_CONS N1"
"IHSUPPDIM";"S";"0101";"LOCA_CONS = 0"
"IHSUPPDIM";"S";"0102";"DEF LOCA_CONSO N1"
"IHSUPPDIM";"S";"0103";"LOCA_CONSO = 0"
"IHSUPPDIM";"S";"0104";"DEF LOCA_HOR1 N2"
"IHSUPPDIM";"S";"0105";"LOCA_HOR1 = 0"
"IHSUPPDIM";"S";"0106";"DEF LOCA_HOR2 N2"
"IHSUPPDIM";"S";"0107";"LOCA_HOR2 = 0"
"IHSUPPDIM";"S";"0108";"*"
"IHSUPPDIM";"S";"0109";"SI PARD_IDIHDEBP = ""1"""
"IHSUPPDIM";"S";"0110";"* Selection des taux entre CFG et HOR"
"IHSUPPDIM";"S";"0111";"   SI HORC_IHIHSTAUX1 > 0"
"IHSUPPDIM";"S";"0112";"      SI HORC_IHIHSTAUX1 < 545"
"IHSUPPDIM";"S";"0113";"         LOCA_HOR1 = 1"
"IHSUPPDIM";"S";"0114";"      FINSI"
"IHSUPPDIM";"S";"0115";"   FINSI"
"IHSUPPDIM";"S";"0116";"*"
"IHSUPPDIM";"S";"0117";"   SI HORC_IHIHSTAUX2 > 0"
"IHSUPPDIM";"S";"0118";"      SI HORC_IHIHSTAUX2 < 545"
"IHSUPPDIM";"S";"0119";"         LOCA_HOR2 = 1"
"IHSUPPDIM";"S";"0120";"      FINSI"
"IHSUPPDIM";"S";"0121";"   FINSI"
"IHSUPPDIM";"S";"0122";"*"
"IHSUPPDIM";"S";"0123";"   SI LOCA_HOR1 = 1"
"IHSUPPDIM";"S";"0124";"      LOCA_TAUX1 = HORC_IHIHSTAUX1 / 100"
"IHSUPPDIM";"S";"0125";"      LOCA_TAUX1 = LOCA_TAUX1 + 1"
"IHSUPPDIM";"S";"0126";"   SINON"
"IHSUPPDIM";"S";"0127";"      LOCA_TAUX1 = PARD_IDIHSTAUX1 / 100"
"IHSUPPDIM";"S";"0128";"      LOCA_TAUX1 = LOCA_TAUX1 + 1"
"IHSUPPDIM";"S";"0129";"   FINSI"
"IHSUPPDIM";"S";"0130";"*"
"IHSUPPDIM";"S";"0131";"   SI LOCA_HOR2 = 1"
"IHSUPPDIM";"S";"0132";"      LOCA_TAUX2 = HORC_IHIHSTAUX2 / 100"
"IHSUPPDIM";"S";"0133";"      LOCA_TAUX2 = LOCA_TAUX2 + 1"
"IHSUPPDIM";"S";"0134";"   SINON"
"IHSUPPDIM";"S";"0135";"      LOCA_TAUX2 = PARD_IDIHSTAUX2 / 100"
"IHSUPPDIM";"S";"0136";"      LOCA_TAUX2 = LOCA_TAUX2 + 1"
"IHSUPPDIM";"S";"0137";"   FINSI"
"IHSUPPDIM";"S";"0138";"*"
"IHSUPPDIM";"S";"0139";"* Selection des seuils entre CFG et HOR"
"IHSUPPDIM";"S";"0140";"   SI HORC_IHISHSMTX1 > 0"
"IHSUPPDIM";"S";"0141";"      SI HORC_IHISHSMTX1 < 545"
"IHSUPPDIM";"S";"0142";"         LOCA_SEUIL1 = HORC_IHISHSMTX1"
"IHSUPPDIM";"S";"0143";"      FINSI"
"IHSUPPDIM";"S";"0144";"   FINSI"
"IHSUPPDIM";"S";"0145";"*"
"IHSUPPDIM";"S";"0146";"   SI LOCA_SEUIL1 = 0"
"IHSUPPDIM";"S";"0147";"      LOCA_SEUIL1 = PARD_IDISHSMTX1"
"IHSUPPDIM";"S";"0148";"   FINSI"
"IHSUPPDIM";"S";"0149";"*"
"IHSUPPDIM";"S";"0150";"   SI HORC_IHISHSMTX2 > 0"
"IHSUPPDIM";"S";"0151";"      SI HORC_IHISHSMTX2 < 545"
"IHSUPPDIM";"S";"0152";"         LOCA_SEUIL2 = HORC_IHISHSMTX2"
"IHSUPPDIM";"S";"0153";"      FINSI"
"IHSUPPDIM";"S";"0154";"   FINSI"
"IHSUPPDIM";"S";"0155";"*"
"IHSUPPDIM";"S";"0156";"   SI LOCA_SEUIL2 = 0"
"IHSUPPDIM";"S";"0157";"      LOCA_SEUIL2 = PARD_IDISHSMTX2"
"IHSUPPDIM";"S";"0158";"   FINSI"
"IHSUPPDIM";"S";"0159";"*"
"IHSUPPDIM";"S";"0160";"*Si HJOU_IJITYPCTRA n'est pas renseigné alors il est considéré comme un temps plein"
"IHSUPPDIM";"S";"0161";"   SI HJOU_IJITYPCTRA = 0"
"IHSUPPDIM";"S";"0162";"   OU HJOU_IJITYPCTRA = 100"
"IHSUPPDIM";"S";"0163";"*"
"IHSUPPDIM";"S";"0164";"* Alimentation des données locales pour calcul soldes prévisionnels"
"IHSUPPDIM";"S";"0165";"*"
"IHSUPPDIM";"S";"0166";"      SI PARD_IDIDDEBANN <> "" """
"IHSUPPDIM";"S";"0167";"         LOCA_DATE(5:4) = PARD_IDIDDEBANN(5:4)"
"IHSUPPDIM";"S";"0168";"      SINON"
"IHSUPPDIM";"S";"0169";"         LOCA_DATE(5:4) = ""0101"""
"IHSUPPDIM";"S";"0170";"      FINSI"
"IHSUPPDIM";"S";"0171";"**"
"IHSUPPDIM";"S";"0172";"      LOCA_ACOURS << TEMP_DATJOU(1:4)"
"IHSUPPDIM";"S";"0173";"      LOCA_ACOURS2 = LOCA_ACOURS + 1"
"IHSUPPDIM";"S";"0174";"*"
"IHSUPPDIM";"S";"0175";"      SI TEMP_DATJOU(5:4) >= LOCA_DATE(5:4)"
"IHSUPPDIM";"S";"0176";"         LOCA_ACOURS = LOCA_ACOURS + 1"
"IHSUPPDIM";"S";"0177";"         LOCA_ACOURS2 = LOCA_ACOURS + 1"
"IHSUPPDIM";"S";"0178";"      FINSI"
"IHSUPPDIM";"S";"0179";"*"
"IHSUPPDIM";"S";"0180";"      LOCA_DATEFU(1:4) << LOCA_ACOURS"
"IHSUPPDIM";"S";"0181";"      LOCA_DATEFU(5:4) = LOCA_DATE(5:4)"
"IHSUPPDIM";"S";"0182";"      LOCA_DATEFU2(1:4) << LOCA_ACOURS2"
"IHSUPPDIM";"S";"0183";"      LOCA_DATEFU2(5:4) = LOCA_DATE(5:4)"
"IHSUPPDIM";"S";"0184";"*"
"IHSUPPDIM";"S";"0185";"* INRH = 1 calcul des HS chaque dimanche"
"IHSUPPDIM";"S";"0186";"* INRH = 2 calcul des HS le dernier dimanche du cycle"
"IHSUPPDIM";"S";"0187";"* INRH = 3 calcul des HS chaque dimanche et en fin d'annualisation"
"IHSUPPDIM";"S";"0188";"* Raz de la base HS le lundi"
"IHSUPPDIM";"S";"0189";"      SI HJOU_JOUR = ""1"""
"IHSUPPDIM";"S";"0190";"* raz chaque lundi <> 2 (0/1/3)"
"IHSUPPDIM";"S";"0191";"         SI HJOU_IJIGHSUPPM <> ""2"""
"IHSUPPDIM";"S";"0192";"            HJOU_IJRBHSMPAH = 0"
"IHSUPPDIM";"S";"0193";"            HJOU_IJRBHPAYEE = 0"
"IHSUPPDIM";"S";"0194";"         FINSI"
"IHSUPPDIM";"S";"0195";"* raz le premier lundi du cycle si INRH = 2"
"IHSUPPDIM";"S";"0196";"         SI HJOU_IJIGHSUPPM = ""2"""
"IHSUPPDIM";"S";"0197";"* stokage de la duree theorique du code horaire"
"IHSUPPDIM";"S";"0198";"            SI HJOU_RANG = 1"
"IHSUPPDIM";"S";"0199";"               HJOU_IJRBHSMPAH = 0"
"ICTRBA";"S";"0145";"* qui badgent 1 fois"
"IHSUPPDIM";"S";"0200";"* raz de la duree theorique du cycle"
"IHSUPPDIM";"S";"0201";"               HJOU_IJRTHEOCYC = 0"
"IHSUPPDIM";"S";"0202";"               HJOU_IJRBHPAYEE = 0"
"IHSUPPDIM";"S";"0203";"            FINSI"
"IHSUPPDIM";"S";"0204";"* cumul de la duree theorique du cycle"
"IHSUPPDIM";"S";"0205";"            HJOU_IJRTHEOCYC = HJOU_IJRTHEOCYC + HJOU_HORHEB"
"IHSUPPDIM";"S";"0206";"         FINSI"
"IHSUPPDIM";"S";"0207";"      FINSI"
"IHSUPPDIM";"S";"0208";"      SI HJOU_IJIGHSUPPM <> ""0"""
"IHSUPPDIM";"S";"0209";"* on calcul également la base HS dans le cas ou on"
"IHSUPPDIM";"S";"0210";"* calcul un acquis RTT hebdo"
"IHSUPPDIM";"S";"0211";"      OU HJOU_IJIGRETETR = ""3"""
"IHSUPPDIM";"S";"0212";"* Calcul de la base des HS"
"IHSUPPDIM";"S";"0213";"         LOCA_BASEHS = HJOU_IJQPRESBAV"
"IHSUPPDIM";"S";"0214";"* le dimanche on ne prend que les heures jour en cours"
"IHSUPPDIM";"S";"0215";"         SI HJOU_JOUR = ""7"""
"IHSUPPDIM";"S";"0216";"            LOCA_BASEHS = HJOU_IJQPREJENC"
"IHSUPPDIM";"S";"0217";"         FINSI"
"IHSUPPDIM";"S";"0218";"*"
"IHSUPPDIM";"S";"0219";"* le lundi , dans le cas ou l'agent a commençé à 21h00 le dimanche"
"IHSUPPDIM";"S";"0220";"* on prend les heures faites le dimanche apres minuit"
"IHSUPPDIM";"S";"0221";"*"
"IHSUPPDIM";"S";"0222";"         SI HJOU_JOUR = ""1"""
"IHSUPPDIM";"S";"0223";"            LOCA_BASEHS = LOCA_BASEHS + HJOU_IJRPREVEIL"
"IHSUPPDIM";"S";"0224";"         FINSI"
"IHSUPPDIM";"S";"0225";"**"
"IHSUPPDIM";"S";"0226";"         HJOU_IJQHPAYEES = LOCA_BASEHS"
"IHSUPPDIM";"S";"0227";"         POUR ACTIVITES"
"IHSUPPDIM";"S";"0228";"            SI MOTI_MOTYPE <> ""C"""
"IHSUPPDIM";"S";"0229";"               SI MOTI_IMIGHRSSUP = ""1"""
"IHSUPPDIM";"S";"0230";"               OU MOTI_IMIGHRPAYE = ""1"""
"IHSUPPDIM";"S";"0231";"                  HJOU_IJQHPAYEES = HJOU_IJQHPAYEES + HABS_MOTIDUR"
"IHSUPPDIM";"S";"0232";"               FINSI"
"IHSUPPDIM";"S";"0233";"            FINSI"
"IHSUPPDIM";"S";"0234";"** alimentation par consignes"
"IHSUPPDIM";"S";"0235";"            SI HABS_MOTIF = ""ZHPA"""
"IHSUPPDIM";"S";"0236";"               HJOU_IJQHPAYEES = HABS_MOTIDUR"
"IHSUPPDIM";"S";"0237";"            FINSI"
"IHSUPPDIM";"S";"0238";"*"
"IHSUPPDIM";"S";"0239";"            SI HABS_MOTIF = ""XHPA"""
"IHSUPPDIM";"S";"0240";"               HJOU_IJQHPAYEES = HJOU_IJQHPAYEES + HABS_MOTIDUR"
"IHSUPPDIM";"S";"0241";"            FINSI"
"IHSUPPDIM";"S";"0242";"         FINPOUR"
"IHSUPPDIM";"S";"0243";"*"
"IHSUPPDIM";"S";"0244";"*** déduction chevauchement du temps"
"IHSUPPDIM";"S";"0245";"*"
"IHSUPPDIM";"S";"0246";"         SI TEMP_ITCHEHS > 0"
"IHSUPPDIM";"S";"0247";"            LOCA_BASEHS = LOCA_BASEHS - TEMP_ITCHEHS"
"IHSUPPDIM";"S";"0248";"            SI LOCA_BASEHS < 0"
"IHSUPPDIM";"S";"0249";"               LOCA_BASEHS = 0"
"IHSUPPDIM";"S";"0250";"            FINSI"
"IHSUPPDIM";"S";"0251";"         FINSI"
"IHSUPPDIM";"S";"0252";"         SI TEMP_ITCHEHP > 0"
"IHSUPPDIM";"S";"0253";"            HJOU_IJQHPAYEES = HJOU_IJQHPAYEES - TEMP_ITCHEHP"
"IHSUPPDIM";"S";"0254";"            SI HJOU_IJQHPAYEES < 0"
"IHSUPPDIM";"S";"0255";"               HJOU_IJQHPAYEES = 0"
"IHSUPPDIM";"S";"0256";"            FINSI"
"IHSUPPDIM";"S";"0257";"         FINSI"
"IHSUPPDIM";"S";"0258";"** alimentation des bases hebdo"
"IHSUPPDIM";"S";"0259";"         HJOU_IJRBHSMPAH = HJOU_IJRBHSMPAH + LOCA_BASEHS"
"IHSUPPDIM";"S";"0260";"*"
"IHSUPPDIM";"S";"0261";"         HJOU_IJRBHPAYEE = HJOU_IJRBHPAYEE + HJOU_IJQHPAYEES"
"IHSUPPDIM";"S";"0262";"         POUR ACTIVITES"
"IHSUPPDIM";"S";"0263";"            SI MOTI_MOTYPE <> ""C"""
"IHSUPPDIM";"S";"0264";"               SI MOTI_IMIGHRSSUP = ""1"""
"IHSUPPDIM";"S";"0265";"                  HJOU_IJRBHSMPAH = HJOU_IJRBHSMPAH + HABS_MOTIDUR"
"IHSUPPDIM";"S";"0266";"               FINSI"
"IHSUPPDIM";"S";"0267";"            FINSI"
"IHSUPPDIM";"S";"0268";"         FINPOUR"
"IHSUPPDIM";"S";"0269";"      FINSI"
"IHSUPPDIM";"S";"0270";"* raz du cumul des HS en debut de periode d'annualisation"
"IHSUPPDIM";"S";"0271";"      SI PARD_IDIDDEBANN <> "" """
"IHSUPPDIM";"S";"0272";"         SI HJOU_DATE = PARD_IDIDDEBANN"
"IHSUPPDIM";"S";"0273";"            HJOU_IJRHSHMAJA = 0"
"IHSUPPDIM";"S";"0274";"            HJOU_IJRHSMPAYA = 0"
"IHSUPPDIM";"S";"0275";"            HJOU_IJRHRECANN = 0"
"IHSUPPDIM";"S";"0276";"         FINSI"
"IHSUPPDIM";"S";"0277";"      SINON"
"IHSUPPDIM";"S";"0278";"         SI HJOU_DATE(5:4) = ""0101"""
"IHSUPPDIM";"S";"0279";"            HJOU_IJRHSHMAJA = 0"
"IHSUPPDIM";"S";"0280";"            HJOU_IJRHSMPAYA = 0"
"IHSUPPDIM";"S";"0281";"            HJOU_IJRHRECANN = 0"
"IHSUPPDIM";"S";"0282";"         FINSI"
"IHSUPPDIM";"S";"0283";"      FINSI"
"IHSUPPDIM";"S";"0284";"*** initialisation de la base HS par consigne"
"IHSUPPDIM";"S";"0285";"      POUR ACTIVITES"
"IHSUPPDIM";"S";"0286";"         SI HABS_MOTIF = ""ZBHS"""
"IHSUPPDIM";"S";"0287";"            HJOU_IJRBHSMPAH = HABS_MOTIDUR"
"IHSUPPDIM";"S";"0288";"         FINSI"
"IHSUPPDIM";"S";"0289";"         SI HABS_MOTIF = ""ZBPA"""
"IHSUPPDIM";"S";"0290";"            HJOU_IJRBHPAYEE = HABS_MOTIDUR"
"IHSUPPDIM";"S";"0291";"         FINSI"
"IHSUPPDIM";"S";"0292";"      FINPOUR"
"IHSUPPDIM";"S";"0293";"      SI HJOU_IJIGHSUPPM <> ""0"""
"IHSUPPDIM";"S";"0294";"* calcul des HS"
"IHSUPPDIM";"S";"0295";"         SI HJOU_JOUR = ""7"""
"IHSUPPDIM";"S";"0296";"            SI HJOU_IJIGHSUPPM = ""1"""
"IHSUPPDIM";"S";"0297";"            OU HJOU_IJIGHSUPPM = ""3"""
"IHSUPPDIM";"S";"0298";"               LOCA_SHS25 = LOCA_SEUIL1"
"IHSUPPDIM";"S";"0299";"* Gestion HS avec seuil dans PARD"
"IHSUPPDIM";"S";"0300";"               LOCA_SHS50 = LOCA_SEUIL2"
"IHSUPPDIM";"S";"0301";"*"
"ICHEVM";"S";"0055";"*"
"IHSUPPDIM";"S";"0302";"* Gestion paiement des HS en cours de période"
"IHSUPPDIM";"S";"0303";"* (seuil HS taux 2 dans HOR)"
"IHSUPPDIM";"S";"0304";"               SI HORC_IHISEUILHS > 0"
"IHSUPPDIM";"S";"0305";"                  SI HJOU_IJIGHSUPPM = ""3"""
"IHSUPPDIM";"S";"0306";"*Date dans PARD"
"IHSUPPDIM";"S";"0307";"                     SI PARD_IDIDATPEHS <> "" """
"IHSUPPDIM";"S";"0308";"                        SI HJOU_DATE >= PARD_IDIDATPEHS"
"IHSUPPDIM";"S";"0309";"                           LOCA_SHS50 = HORC_IHISEUILHS"
"IHSUPPDIM";"S";"0310";"                        FINSI"
"IHSUPPDIM";"S";"0311";"                     FINSI"
"IHSUPPDIM";"S";"0312";"                  FINSI"
"IHSUPPDIM";"S";"0313";"               FINSI"
"IHSUPPDIM";"S";"0314";"               LOCA_CAL = 1"
"IHSUPPDIM";"S";"0315";"            FINSI"
"IHSUPPDIM";"S";"0316";"            SI HJOU_IJIGHSUPPM = ""2"""
"IHSUPPDIM";"S";"0317";"* dans le cas ou les HS se calculent en fin de cycle"
"IHSUPPDIM";"S";"0318";"* loca_nbcycle correspond au nombre de semaines"
"IHSUPPDIM";"S";"0319";"               LOCA_NBCYCLE = HJOU_LGCYCLE / 7"
"IHSUPPDIM";"S";"0320";"               SI HJOU_RANG = LOCA_NBCYCLE"
"IHSUPPDIM";"S";"0321";"                  LOCA_SHS25 = LOCA_SEUIL1 * LOCA_NBCYCLE"
"IHSUPPDIM";"S";"0322";"                  LOCA_SHS50 = LOCA_SEUIL2 * LOCA_NBCYCLE"
"IHSUPPDIM";"S";"0323";"                  LOCA_CAL = 1"
"IHSUPPDIM";"S";"0324";"               FINSI"
"IHSUPPDIM";"S";"0325";"            FINSI"
"IHSUPPDIM";"S";"0326";"*  Calcul des heures suppl?mentaires ? 25% et 50%"
"IHSUPPDIM";"S";"0327";"            SI LOCA_CAL = 1"
"IHSUPPDIM";"S";"0328";"               SI HJOU_IJRBHSMPAH >= LOCA_SHS50"
"IHSUPPDIM";"S";"0329";"                  HJOU_IJQHS1MAPA = LOCA_SHS50 - LOCA_SHS25"
"IHSUPPDIM";"S";"0330";"                  HJOU_IJQHS2MAPA = HJOU_IJRBHSMPAH - LOCA_SHS50"
"IHSUPPDIM";"S";"0331";"* Si gestion paiement des HS en cours de période"
"IHSUPPDIM";"S";"0332";"                  SI LOCA_SHS50 = HORC_IHISEUILHS"
"IHSUPPDIM";"S";"0333";"                     LOCA_CONS = 1"
"IHSUPPDIM";"S";"0334";"                     HJOU_IJRTTEPMOD = HJOU_IJRTTEPMOD - HJOU_IJQHS2MAPA"
"IHSUPPDIM";"S";"0335";"                  FINSI"
"IHSUPPDIM";"S";"0336";"               SINON"
"IHSUPPDIM";"S";"0337";"                  SI HJOU_IJRBHSMPAH > LOCA_SHS25"
"IHSUPPDIM";"S";"0338";"                     HJOU_IJQHS1MAPA = HJOU_IJRBHSMPAH - LOCA_SHS25"
"IHSUPPDIM";"S";"0339";"                  FINSI"
"IHSUPPDIM";"S";"0340";"               FINSI"
"IHSUPPDIM";"S";"0341";"*"
"IHSUPPDIM";"S";"0342";"               SI HJOU_IJRBHPAYEE > LOCA_SHS25"
"IHSUPPDIM";"S";"0343";"                  HJOU_IJQHRNMAPA = HJOU_IJRBHPAYEE - LOCA_SHS25"
"IHSUPPDIM";"S";"0344";"               FINSI"
"IHSUPPDIM";"S";"0345";"*"
"IHSUPPDIM";"S";"0346";"               POUR ACTIVITES"
"IHSUPPDIM";"S";"0347";"*  analyse de la consigne d'initialisation des hs25"
"IHSUPPDIM";"S";"0348";"                  SI HABS_MOTIF = ""Z25P"""
"IHSUPPDIM";"S";"0349";"                     HJOU_IJQHS1MAPA = HABS_MOTIDUR"
"IHSUPPDIM";"S";"0350";"                  FINSI"
"IHSUPPDIM";"S";"0351";"*  analyse de la consigne d'initialisation des hs50"
"IHSUPPDIM";"S";"0352";"                  SI HABS_MOTIF = ""Z50P"""
"IHSUPPDIM";"S";"0353";"                     SI LOCA_CONS = 1"
"IHSUPPDIM";"S";"0354";"                        HJOU_IJRTTEPMOD = HJOU_IJRTTEPMOD + HJOU_IJQHS2MAPA"
"IHSUPPDIM";"S";"0355";"                        HJOU_IJQHS2MAPA = HABS_MOTIDUR"
"IHSUPPDIM";"S";"0356";"                        HJOU_IJRTTEPMOD = HJOU_IJRTTEPMOD - HJOU_IJQHS2MAPA"
"IHSUPPDIM";"S";"0357";"                     SINON"
"IHSUPPDIM";"S";"0358";"                        HJOU_IJQHS2MAPA = HABS_MOTIDUR"
"IHSUPPDIM";"S";"0359";"                     FINSI"
"IHSUPPDIM";"S";"0360";"                  FINSI"
"IHSUPPDIM";"S";"0361";"               FINPOUR"
"IHSUPPDIM";"S";"0362";"               HJOU_IJQHRNMAPA = HJOU_IJQHRNMAPA - HJOU_IJQHS1MAPA"
"IHSUPPDIM";"S";"0363";"               HJOU_IJQHRNMAPA = HJOU_IJQHRNMAPA - HJOU_IJQHS2MAPA"
"IHSUPPDIM";"S";"0364";"               SI HJOU_IJQHRNMAPA < 0"
"IHSUPPDIM";"S";"0365";"                  ANOMALIE 192"
"IHSUPPDIM";"S";"0366";"               FINSI"
"IHSUPPDIM";"S";"0367";"**M&0 : 04/04/2023 : ajout d'une consigne pour transférer les HS payées en HS à récupérer"
"IHSUPPDIM";"S";"0368";"               POUR ACTIVITES"
"IHSUPPDIM";"S";"0369";"                  SI HABS_MOTIF = ""YHSREC"""
"IHSUPPDIM";"S";"0370";"                     HJOU_IJQHS1MARE = HJOU_IJQHS1MAPA * LOCA_TAUX1"
"IHSUPPDIM";"S";"0371";"                     HJOU_IJQHS2MARE = HJOU_IJQHS2MAPA * LOCA_TAUX2"
"IHSUPPDIM";"S";"0372";"                     HJOU_IJQHS1MAPA = 0"
"IHSUPPDIM";"S";"0373";"                     HJOU_IJQHS2MAPA = 0"
"IHSUPPDIM";"S";"0374";"                  FINSI"
"IHSUPPDIM";"S";"0375";"               FINPOUR"
"IHSUPPDIM";"S";"0376";"*"
"IHSUPPDIM";"S";"0377";"* Calcul du Cpt annuel des HS totales (payees + recuperees)"
"IHSUPPDIM";"S";"0378";"               HJOU_IJRHSMPAYA = HJOU_IJRHSMPAYA + HJOU_IJQHS1MAPA"
"IHSUPPDIM";"S";"0379";"               HJOU_IJRHSMPAYA = HJOU_IJRHSMPAYA + HJOU_IJQHS2MAPA"
"IHSUPPDIM";"S";"0380";"**"
"IHSUPPDIM";"S";"0381";"*****"
"IHSUPPDIM";"S";"0382";"* analyse de l'indicateur de recuperation"
"IHSUPPDIM";"S";"0383";"               SI HJOU_IJIGHSUPPR = ""1"""
"IHSUPPDIM";"S";"0384";"                  HJOU_IJQHS1MARE = HJOU_IJQHS1MAPA * LOCA_TAUX1"
"IHSUPPDIM";"S";"0385";"                  HJOU_IJQHS1MAPA = 0"
"IHSUPPDIM";"S";"0386";"                  HJOU_IJQHS2MARE = HJOU_IJQHS2MAPA * LOCA_TAUX2"
"IHSUPPDIM";"S";"0387";"                  HJOU_IJQHS2MAPA = 0"
"IHSUPPDIM";"S";"0388";"***"
"IHSUPPDIM";"S";"0389";"               FINSI"
"IHSUPPDIM";"S";"0390";"               POUR ACTIVITES"
"IHSUPPDIM";"S";"0391";"*analyse de la consigne d'initialisation des hs25 a recuperer"
"IHSUPPDIM";"S";"0392";"                  SI HABS_MOTIF = ""Z25R"""
"IHSUPPDIM";"S";"0393";"                     HJOU_IJQHS1MARE = HABS_MOTIDUR"
"IHSUPPDIM";"S";"0394";"                     LOCA_HS25R = HABS_MOTIDUR / LOCA_TAUX1"
"IHSUPPDIM";"S";"0395";"                     HJOU_IJRHSMPAYA = HJOU_IJRHSMPAYA + LOCA_HS25R"
"IHSUPPDIM";"S";"0396";"                  FINSI"
"IHSUPPDIM";"S";"0397";"*analyse de la consigne d'initialisation des hs50 a recuperer"
"IHSUPPDIM";"S";"0398";"                  SI HABS_MOTIF = ""Z50R"""
"IHSUPPDIM";"S";"0399";"                     HJOU_IJQHS2MARE = HABS_MOTIDUR"
"IHSUPPDIM";"S";"0400";"                     LOCA_HS50R = HABS_MOTIDUR / LOCA_TAUX2"
"IHSUPPDIM";"S";"0401";"                     HJOU_IJRHSMPAYA = HJOU_IJRHSMPAYA + LOCA_HS50R"
"IHSUPPDIM";"S";"0402";"                  FINSI"
"IHSUPPDIM";"S";"0403";"**M&0 : 04/04/2023 : ajout d'une consigne pour transférer les HS à récupérer en HS payées"
"IHSUPPDIM";"S";"0404";"                  SI HABS_MOTIF = ""YHSPAY"""
"IHSUPPDIM";"S";"0405";"                     HJOU_IJQHS1MAPA = HJOU_IJQHS1MARE / LOCA_TAUX1"
"IHSUPPDIM";"S";"0406";"                     HJOU_IJQHS2MAPA = HJOU_IJQHS2MARE / LOCA_TAUX2"
"IHSUPPDIM";"S";"0407";"                     HJOU_IJQHS1MARE = 0"
"IHSUPPDIM";"S";"0408";"                     HJOU_IJQHS2MARE = 0"
"IHSUPPDIM";"S";"0409";"                  FINSI"
"IHSUPPDIM";"S";"0410";"*            FINSI"
"IHSUPPDIM";"S";"0411";"**********"
"IHSUPPDIM";"S";"0412";"               FINPOUR"
"IHSUPPDIM";"S";"0413";"*"
"IHSUPPDIM";"S";"0414";"               HJOU_IJRSHSMREH = HJOU_IJRSHSMREH + HJOU_IJQHS1MARE"
"IHSUPPDIM";"S";"0415";"               HJOU_IJRSHSMREH = HJOU_IJRSHSMREH + HJOU_IJQHS2MARE"
"IHSUPPDIM";"S";"0416";"            FINSI"
"IHSUPPDIM";"S";"0417";"         FINSI"
"IHSUPPDIM";"S";"0418";"*"
"IHSUPPDIM";"S";"0419";"*     Calcul du Compteur annuel des heures supp payees"
"IHSUPPDIM";"S";"0420";"*"
"IHSUPPDIM";"S";"0421";"         HJOU_IJRHSHMAJA = HJOU_IJRHSHMAJA + HJOU_IJQHS1MAPA"
"IHSUPPDIM";"S";"0422";"         HJOU_IJRHSHMAJA = HJOU_IJRHSHMAJA + HJOU_IJQHS2MAPA"
"IHSUPPDIM";"S";"0423";"*"
"IHSUPPDIM";"S";"0424";"*     Calcul du Compteur annuel total des heures supp ? recuperer"
"IHSUPPDIM";"S";"0425";"*"
"IHSUPPDIM";"S";"0426";"         HJOU_IJRHRECANN = HJOU_IJRHRECANN + HJOU_IJQHS1MARE"
"IHSUPPDIM";"S";"0427";"         HJOU_IJRHRECANN = HJOU_IJRHRECANN + HJOU_IJQHS2MARE"
"IHSUPPDIM";"S";"0428";"*"
"IHSUPPDIM";"S";"0429";"* deduction du motif de recup REHS"
"IHSUPPDIM";"S";"0430";"*"
"IHSUPPDIM";"S";"0431";"         POUR ACTIVITES"
"IHSUPPDIM";"S";"0432";"            SI HABS_MOTIF = PARD_IDIVMOTHSR"
"IHSUPPDIM";"S";"0433";"               HJOU_IJRSHSMREH = HJOU_IJRSHSMREH - HABS_MOTIDUR"
"IHSUPPDIM";"S";"0434";"               LOCA_CONSO = 1"
"IHSUPPDIM";"S";"0435";"            FINSI"
"IHSUPPDIM";"S";"0436";"*  analyse de la consigne d'initialisation du solde recup"
"IHSUPPDIM";"S";"0437";"            SI HABS_MOTIF = ""ZRHS"""
"IHSUPPDIM";"S";"0438";"               HJOU_IJRSHSMREH = HABS_MOTIDUR"
"IHSUPPDIM";"S";"0439";"            FINSI"
"IHSUPPDIM";"S";"0440";"* analyse de la consigne de mise a jour du solde recup"
"IHSUPPDIM";"S";"0441";"            SI HABS_MOTIF = ""XRHS"""
"IHSUPPDIM";"S";"0442";"               HJOU_IJRSHSMREH = HJOU_IJRSHSMREH + HABS_MOTIDUR"
"IHSUPPDIM";"S";"0443";"            FINSI"
"IHSUPPDIM";"S";"0444";"*"
"IHSUPPDIM";"S";"0445";"* analyse de la consigne d'initialisation du cumul HS"
"IHSUPPDIM";"S";"0446";"*"
"IHSUPPDIM";"S";"0447";"            SI HABS_MOTIF = ""ZCHS"""
"IHSUPPDIM";"S";"0448";"               HJOU_IJRHSMPAYA = HJOU_IJRHSMPAYA - HJOU_IJRHSHMAJA"
"IHSUPPDIM";"S";"0449";"               HJOU_IJRHSHMAJA = HABS_MOTIDUR"
"IHSUPPDIM";"S";"0450";"               HJOU_IJRHSMPAYA = HJOU_IJRHSMPAYA + HABS_MOTIDUR"
"IHSUPPDIM";"S";"0451";"            FINSI"
"IHSUPPDIM";"S";"0452";"*"
"IHSUPPDIM";"S";"0453";"* analyse de la consigne de mise a jour du cumul HS paye"
"IHSUPPDIM";"S";"0454";"*"
"IHSUPPDIM";"S";"0455";"            SI HABS_MOTIF = ""XCHS"""
"IHSUPPDIM";"S";"0456";"               HJOU_IJRHSHMAJA = HJOU_IJRHSHMAJA + HABS_MOTIDUR"
"IHSUPPDIM";"S";"0457";"               HJOU_IJRHSMPAYA = HJOU_IJRHSMPAYA + HABS_MOTIDUR"
"IHSUPPDIM";"S";"0458";"            FINSI"
"IHSUPPDIM";"S";"0459";"*"
"IHSUPPDIM";"S";"0460";"* analyse de la consigne d'initialisation du cumul HS total"
"IHSUPPDIM";"S";"0461";"*"
"IHSUPPDIM";"S";"0462";"            SI HABS_MOTIF = ""ZTHS"""
"IHSUPPDIM";"S";"0463";"               HJOU_IJRHSMPAYA = HABS_MOTIDUR"
"IHSUPPDIM";"S";"0464";"            FINSI"
"IHSUPPDIM";"S";"0465";"*"
"IHSUPPDIM";"S";"0466";"* analyse de la consigne de mise a jour du cumul HS total"
"IHSUPPDIM";"S";"0467";"*"
"IHSUPPDIM";"S";"0468";"            SI HABS_MOTIF = ""XTHS"""
"IHSUPPDIM";"S";"0469";"               HJOU_IJRHSMPAYA = HJOU_IJRHSMPAYA + HABS_MOTIDUR"
"IHSUPPDIM";"S";"0470";"            FINSI"
"IHSUPPDIM";"S";"0471";"*"
"IHSUPPDIM";"S";"0472";"* analyse de la consigne d'init.du cumul HS recup annuel"
"IHSUPPDIM";"S";"0473";"*"
"IHSUPPDIM";"S";"0474";"            SI HABS_MOTIF = ""ZRHA"""
"IHSUPPDIM";"S";"0475";"               HJOU_IJRHRECANN = HABS_MOTIDUR"
"IHSUPPDIM";"S";"0476";"            FINSI"
"IHSUPPDIM";"S";"0477";"*"
"IHSUPPDIM";"S";"0478";"* analyse de la consigne de mise a jour du cumul HS"
"IHSUPPDIM";"S";"0479";"*"
"IHSUPPDIM";"S";"0480";"            SI HABS_MOTIF = ""XRHA"""
"IHSUPPDIM";"S";"0481";"               HJOU_IJRHRECANN = HJOU_IJRHRECANN + HABS_MOTIDUR"
"IHSUPPDIM";"S";"0482";"            FINSI"
"IHSUPPDIM";"S";"0483";"            SI HABS_MOTIF = ""ZPAY"""
"IHSUPPDIM";"S";"0484";"               HJOU_IJQHRNMAPA = HABS_MOTIDUR"
"IHSUPPDIM";"S";"0485";"            FINSI"
"IHSUPPDIM";"S";"0486";"         FINPOUR"
"ICOUPD";"S";"0156";"* sortie et la fin de la plage DJ"
"ICOUPD";"S";"0157";"                                    LOCA_TABS = LOCA_DEJFIN - LOCA_SORTIE"
"ICOUPD";"S";"0158";"                                    LOCA_TOTPAUSE = LOCA_TOTPAUSE + LOCA_TABS"
"ICOUPD";"S";"0159";"* La locale PAUSOR est utilisée"
"ICOUPD";"S";"0160";"* pour le calcul en cours de journé"
"ICOUPD";"S";"0161";"* car lorsqu'on fait l'analyse"
"ICOUPD";"S";"0162";"* LOCA_SORTIE LOCA_DEJFIN"
"ICOUPD";"S";"0163";"* même si on a un mvt d'entree"
"ICOUPD";"S";"0164";"* entre l'leure de sortie et la fin"
"ICOUPD";"S";"0165";"* de plage DJ TEMP_HIPOIN reste à 1"
"ICOUPD";"S";"0166";"* tant qu'il n'y a pas un autre mvt"
"ICOUPD";"S";"0167";"* apres le mouvement d'entree"
"ICOUPD";"S";"0168";"                                    LOCA_PAUSOR = LOCA_TABS"
"ICOUPD";"S";"0169";"                                 FINSI"
"ICOUPD";"S";"0170";"                              FINSI"
"ICOUPD";"S";"0171";"                           FINSI"
"ICOUPD";"S";"0172";"                           LOCA_SENS = 0"
"ICOUPD";"S";"0173";"                        SINON"
"ICOUPD";"S";"0174";"*   c'est une entree"
"ICOUPD";"S";"0175";"                           LOCA_TABS = 0"
"ICOUPD";"S";"0176";"                           LOCA_ENTREE = POIN_HRETRAI"
"ICOUPD";"S";"0177";"                           SI LOCA_PAUSE = 0"
"ICOUPD";"S";"0178";"                              SI LOCA_SORTIE = 0"
"ICOUPD";"S";"0179";"                                 LOCA_SORTIE = LOCA_DEJDEB"
"ICOUPD";"S";"0180";"                              FINSI"
"ICOUPD";"S";"0181";"* premiere pause dans la plage"
"ICOUPD";"S";"0182";"                              LOCA_PAUSE = LOCA_ENTREE - LOCA_SORTIE"
"ICOUPD";"S";"0183";"* totalisation de la pause"
"ICOUPD";"S";"0184";"                              LOCA_TOTPAUSE = LOCA_PAUSE"
"ICOUPD";"S";"0185";"                           SINON"
"ICOUPD";"S";"0186";"                              SI LOCA_ACTB = 0"
"ICOUPD";"S";"0187";"* stockage de la premiere pause"
"ICOUPD";"S";"0188";"                                 LOCA_MPAUSE = LOCA_PAUSE"
"ICOUPD";"S";"0189";"* stockage de la suivante"
"ICOUPD";"S";"0190";"                                 LOCA_PAUSE = LOCA_ENTREE - LOCA_SORTIE"
"ICOUPD";"S";"0191";"* totalisation des pauses"
"ICOUPD";"S";"0192";"                                 LOCA_TOTPAUSE = LOCA_TOTPAUSE + LOCA_PAUSE"
"ICOUPD";"S";"0193";"* la variable PAUSOR est débitée"
"ICOUPD";"S";"0194";"* car elle ne sert que pour le calcul"
"ICOUPD";"S";"0195";"* intermediaire"
"ICOUPD";"S";"0196";"                                 LOCA_TOTPAUSE = LOCA_TOTPAUSE - LOCA_PAUSOR"
"ICOUPD";"S";"0197";"* on conserve la plus grande"
"ICOUPD";"S";"0198";"                                 SI LOCA_MPAUSE > LOCA_PAUSE"
"ICOUPD";"S";"0199";"                                    LOCA_PAUSE = LOCA_MPAUSE"
"ICOUPD";"S";"0200";"                                 FINSI"
"ICOUPD";"S";"0201";"                              FINSI"
"ICOUPD";"S";"0202";"                           FINSI"
"ICOUPD";"S";"0203";"*  inversion du sens du pointage"
"ICOUPD";"S";"0204";"                           LOCA_SENS = 1"
"ICOUPD";"S";"0205";"                        FINSI"
"ICOUPD";"S";"0206";"                     SINON"
"ICOUPD";"S";"0207";"* Dans le cas ou il du temps mission"
"ICOUPD";"S";"0208";"* ou de l'activite badgee et du temps"
"ICOUPD";"S";"0209";"* de presence dans la plage dejeuner"
"ICOUPD";"S";"0210";"* mais qu'il n'y a aucun temps d'absence il ne"
"ICOUPD";"S";"0211";"* faut pas decompter la duree maxi du repas"
"ICOUPD";"S";"0212";"* mais la duree mini."
"ICOUPD";"S";"0213";"                        LOCA_ACTB = 1"
"ICOUPD";"S";"0214";"                        LOCA_SENS = 0"
"ICTRBA";"S";"0125";"                           FINSI"
"ICOUPD";"S";"0215";"                     FINSI"
"ICOUPD";"S";"0216";"                  FINSI"
"ICOUPD";"S";"0217";"               FINSI"
"ICOUPD";"S";"0218";"            FINPOUR"
"ICOUPD";"S";"0219";"         FINSI"
"ICOUPD";"S";"0220";"         SI LOCA_TABS > LOCA_PAUSE"
"ICOUPD";"S";"0221";"            TEMP_TEPGP = LOCA_TABS"
"ICOUPD";"S";"0222";"         SINON"
"ICOUPD";"S";"0223";"            TEMP_TEPGP = LOCA_PAUSE"
"ICOUPD";"S";"0224";"         FINSI"
"ICOUPD";"S";"0225";"* loca_totpause correspond au total des pauses"
"ICOUPD";"S";"0226";"* temp_tepg à la plus grande des pauses"
"ICOUPD";"S";"0227";"* calcul des ecarts par rapport a la coupure mini"
"ICOUPD";"S";"0228";"* pour la plus grande pause"
"ICOUPD";"S";"0229";"         SI TEMP_TEPGP < PROF_COUPMIN"
"ICOUPD";"S";"0230";"            LOCA_ECREPTPG = PROF_COUPMIN - TEMP_TEPGP"
"ICOUPD";"S";"0231";"            SI TEMP_TEPGP > 0"
"ICOUPD";"S";"0232";"               SI PARD_IDIGNPAUSM = ""1"""
"ICOUPD";"S";"0233";"                  ANOMALIE 114"
"ICOUPD";"S";"0234";"               FINSI"
"ICOUPD";"S";"0235";"            FINSI"
"ICTRBA";"S";"0126";"                        SINON"
"ICTRBA";"S";"0127";"                           SI PROF_IPIVMINBAD = 0"
"ICTRBA";"S";"0128";"                              SI LOCA_XPRES <> ""J"""
"ICTRBA";"S";"0129";"                                 SI LOCA_XPRES <> ""A"""
"ICTRBA";"S";"0130";"                                    ANOMALIE 126"
"ICTRBA";"S";"0131";"                                 FINSI"
"ICTRBA";"S";"0132";"                              FINSI"
"ICTRBA";"S";"0133";"                           FINSI"
"ICTRBA";"S";"0134";"                        FINSI"
"ICTRBA";"S";"0135";"                     FINSI"
"ICTRBA";"S";"0136";"                  FINSI"
"ICTRBA";"S";"0137";"               FINSI"
"ICTRBA";"S";"0138";"            FINSI"
"ICTRBA";"S";"0139";"* Contrôle de la parité des pointages"
"ICTRBA";"S";"0140";"            LOCA_PARITE = HJOU_IJQNBADGEA % 2"
"ICTRBA";"S";"0141";"            SI LOCA_PARITE <> 0"
"ICTRBA";"S";"0142";"* Pas d'anomalie sur jour en cours"
"ICTRBA";"S";"0143";"               SI HJOU_DATE < TEMP_DATJOU"
"ICTRBA";"S";"0144";"* Pas d'anomalie pour les déclarants"
"ICTRBA";"S";"0146";"                  SI PROF_IPIVMINBAD > 1"
"ICTRBA";"S";"0147";"                     ANOMALIE 101"
"ICTRBA";"S";"0148";"                  FINSI"
"ICTRBA";"S";"0149";"               FINSI"
"ICTRBA";"S";"0150";"            FINSI"
"ICTRBA";"S";"0151";"         FINSI"
"ICTRBA";"S";"0152";"      FINSI"
"ICTRBA";"S";"0153";"* Contrôle du nombre de badgeages imposés"
"ICTRBA";"S";"0154";"      SI LOCA_ANOM = 0"
"ICTRBA";"S";"0155";"         SI HJOU_IJQPRETHEJ > 0"
"ICTRBA";"S";"0156";"            SI HJOU_IJQNABSEN1 > 0"
"ICTRBA";"S";"0157";"               LOCA_NPOIN = LOCA_NPOIN + 2"
"ICTRBA";"S";"0158";"            FINSI"
"ICTRBA";"S";"0159";"            SI HJOU_IJQNABSEN2 > 0"
"ICTRBA";"S";"0160";"               LOCA_NPOIN = LOCA_NPOIN + 2"
"ICTRBA";"S";"0161";"            FINSI"
"ICTRBA";"S";"0162";"            SI HJOU_IJQNACTIVJ > 0"
"ICTRBA";"S";"0163";"            OU HJOU_IJQABSENTJ >= HJOU_IJQPRETHEJ"
"ICTRBA";"S";"0164";"            OU LOCA_XPRES <> "" """
"ICTRBA";"S";"0165";"               LOCA_NPOIN = PROF_IPIVMINBAD"
"ICTRBA";"S";"0166";"            FINSI"
"ICTRBA";"S";"0167";"            SI LOCA_NPOIN < PROF_IPIVMINBAD"
"ICTRBA";"S";"0168";"               ANOMALIE 106"
"ICTRBA";"S";"0169";"            FINSI"
"ICTRBA";"S";"0170";"         FINSI"
"ICTRBA";"S";"0171";"      FINSI"
"ICTRBA";"S";"0172";"   FINSI"
"ICTRBA";"S";"0173";"*  Anomalie si badgeages pour un non badgeant"
"ICTRBA";"S";"0174";"   SI HJOU_IJIGBADGEA <> ""1"""
"ICTRBA";"S";"0175";"      SI HJOU_IJQNBADGEA > 0"
"ICTRBA";"S";"0176";"         ANOMALIE 127"
"ICTRBA";"S";"0177";"      FINSI"
"ICTRBA";"S";"0178";"   FINSI"
"ICTRBA";"S";"0179";"FINSI"
"ICTRBA";"S";"0180";"*"
"ICTRBA";"S";"0181";"FIN"
"ICTRBA";"S";"0182";"*"
"IINITC";"S";"0001";"***********************************************************************"
"IINITC";"S";"0002";"* Règle     : IINITC"
"IINITC";"S";"0003";"* Ordre     : 4900"
"IINITC";"S";"0004";"* Titre     : Initialisation h. totales par consignes"
"IINITC";"S";"0005";"* Package   : Privé 16.3"
"IINITC";"S";"0006";"*----------------------------------------------------------------------"
"IINITC";"S";"0007";"*"
"IINITC";"S";"0008";"*"
"IINITC";"S";"0009";"* Rôle : Initialisation h. totales par consignes"
"IECRET";"S";"0001";"***********************************************************************"
"IECRET";"S";"0002";"* Règle     : IECRET"
"IECRET";"S";"0003";"* Ordre     : 4800"
"IECRET";"S";"0004";"* Titre     : Ecretement journalier"
"IECRET";"S";"0005";"* Package   : Privé 16.3"
"IECRET";"S";"0006";"*----------------------------------------------------------------------"
"IECRET";"S";"0007";"*"
"IECRET";"S";"0008";"*"
"IECRET";"S";"0009";"* Rôle : Ecretement journalier"
"IECRET";"S";"0010";"*"
"IECRET";"S";"0011";"*"
"IECRET";"S";"0012";"*"
"IECRET";"S";"0013";"*"
"IECRET";"S";"0014";"*----------------------------------------------------------------------"
"IECRET";"S";"0015";"* Créé par : Cellule Industrialisation"
"IECRET";"S";"0016";"* Date     : 03/09/2009"
"IECRET";"S";"0017";"* Version  : 1"
"IECRET";"S";"0018";"*----------------------------------------------------------------------"
"IECRET";"S";"0019";"* Modifiée par : Cellule Industrialisation"
"IECRET";"S";"0020";"* Date         : JJ/MM/AAAA"
"IECRET";"S";"0021";"* Objet        :"
"IECRET";"S";"0022";"***********************************************************************"
"IECRET";"S";"0023";"*"
"IECRET";"S";"0024";"* Implémentation des données industrielles"
"IECRET";"S";"0025";"*"
"IECRET";"S";"0026";"DEBDICO"
"IECRET";"S";"0027";"   HJOU_IJQBHORVAJ;N;T6,2;I;;;    56789;;;V3;""Heures totales"";"
"IECRET";"S";"0028";"   HJOU_IJQPRESBAV;N;T6,2;I;;;    56789;;;V3;""Présence badgée validée"";"
"IECRET";"S";"0029";"   HJOU_IJQHECRETJ;N;T6,2;I;;;    56789;;;V3;""Heures écrêtées"";"
"IECRET";"S";"0030";"FINDICO"
"IECRET";"S";"0031";"*"
"IECRET";"S";"0032";"DEBANO"
"IECRET";"S";"0033";"   105;4;""Ecrétage de la présence du jour"";"
"IECRET";"S";"0034";"   117;6;""Présence inférieure au minimum"";"
"IECRET";"S";"0035";"FINANO"
"IECRET";"S";"0036";"* Déclaration des donnees locales"
"IECRET";"S";"0037";"*"
"IECRET";"S";"0038";"DEF LOCA_ANO N1"
"IECRET";"S";"0039";"LOCA_ANO = 0"
"IECRET";"S";"0040";"*  Presence > au maximum"
"IECRET";"S";"0041";"* On écrête pas dans le futur"
"IECRET";"S";"0042";"SI HJOU_DATE <= TEMP_DATJOU"
"IECRET";"S";"0043";"*  Ecretage uniquement sur la pr?sence journali?re"
"IECRET";"S";"0044";"   SI PROF_PREMAXI > 0"
"IECRET";"S";"0045";"      SI HJOU_IJQBHORVAJ > PROF_PREMAXI"
"IECRET";"S";"0046";"         ANOMALIE 116"
"IECRET";"S";"0047";"      FINSI"
"IECRET";"S";"0048";"   FINSI"
"IECRET";"S";"0049";"*  Presence < au minimum"
"IECRET";"S";"0050";"   SI PROF_PREMINI > 0"
"IECRET";"S";"0051";"      SI HJOU_IJQBHORVAJ < PROF_PREMINI"
"IECRET";"S";"0052";"         POUR ACTIVITES"
"IECRET";"S";"0053";"            SI HABS_MOTYPE <> ""C"""
"IECRET";"S";"0054";"               SI HABS_VALORIS = ""J"""
"IECRET";"S";"0055";"                  LOCA_ANO = 1"
"IFRANCP";"S";"0107";"LOCA_DATE(1:4) = HJOU_DATE(1:4)"
"IFRANCP";"S";"0108";"* stockage du mois de reference"
"IFRANCP";"S";"0109";"LOCA_REF << LOCA_CTRLREFCP(3:2)"
"IFRANCP";"S";"0110";"* stokage du mois de reference"
"IFRANCP";"S";"0111";"LOCA_DATE(5:2) << LOCA_REF"
"IFRANCP";"S";"0112";"* stockage du jour de reference"
"IFRANCP";"S";"0113";"LOCA_REF << LOCA_CTRLREFCP(1:2)"
"IFRANCP";"S";"0114";"* loca_date contient maintenant l'année du jour de l'historique"
"IFRANCP";"S";"0115";"* et le mois et le jour de reference"
"IFRANCP";"S";"0116";"LOCA_DATE(7:2) << LOCA_REF"
"IFRANCP";"S";"0117";"* calcul de la date ancienneté au premier jour période ref"
"IFRANCP";"S";"0118";"*"
"IFRANCP";"S";"0119";"LOCA_DANC = LOCA_DATE"
"IFRANCP";"S";"0120";"SI HJOU_DATE(5:4) < LOCA_DANC(5:4)"
"IFRANCP";"S";"0121";"   LOCA_ACOURS << LOCA_DANC(1:4)"
"IFRANCP";"S";"0122";"   LOCA_ACOURS = LOCA_ACOURS - 1"
"IFRANCP";"S";"0123";"   LOCA_DANC(1:4) << LOCA_ACOURS"
"IFRANCP";"S";"0124";"FINSI"
"IFRANCP";"S";"0125";"*"
"IFRANCP";"S";"0126";"*"
"IFRANCP";"S";"0127";"*******************************************************************************************"
"IFRANCP";"S";"0128";"* Flag salarié en absence maladie période précédente et nouvelle période"
"IFRANCP";"S";"0129";"*******************************************************************************************"
"IFRANCP";"S";"0130";"*"
"IFRANCP";"S";"0131";"POUR ACTIVITES"
"IFRANCP";"S";"0132";"   SI MOTI_IMIMINOCP = ""2"""
"IFRANCP";"S";"0133";"   OU MOTI_IMIMINOCP = ""3"""
"IFRANCP";"S";"0134";"      LOCA_ARRET = 1"
"IFRANCP";"S";"0135";"   FINSI"
"IFRANCP";"S";"0136";"FINPOUR"
"IFRANCP";"S";"0137";"*"
"IFRANCP";"S";"0138";"*******************************************************************************************"
"IFRANCP";"S";"0139";"* détermination du NB jours de maintien"
"IFRANCP";"S";"0140";"*******************************************************************************************"
"IFRANCP";"S";"0141";"*"
"IFRANCP";"S";"0142";"SI EMPS_E2DATEANC <> "" """
"IFRANCP";"S";"0143";"   SI HORC_IHIMOACQCP <> ""0"""
"IFRANCP";"S";"0144";"      SI HORC_IHIGMAINCP <> ""0"""
"IFRANCP";"S";"0145";"*"
"IFRANCP";"S";"0146";"***** indicateur CFG"
"IFRANCP";"S";"0147";"         SI HORC_IHIGMAINCP = ""1"""
"IFRANCP";"S";"0148";"         OU HORC_IHIGMAINCP = ""2"""
"IFRANCP";"S";"0149";"*"
"IFRANCP";"S";"0150";"            SI PARD_IDIMAIN1 > 0"
"IFRANCP";"S";"0151";"               LOCA_DANC1 = LOCA_DANC"
"IFRANCP";"S";"0152";"               LOCA_ACOURS << LOCA_DANC1(1:4)"
"IFRANCP";"S";"0153";"               LOCA_ACOURS = LOCA_ACOURS - PARD_IDIANC1"
"IFRANCP";"S";"0154";"               LOCA_DANC1(1:4) << LOCA_ACOURS"
"IFRANCP";"S";"0155";"               SI EMPS_E2DATEANC < LOCA_DANC1"
"IFRANCP";"S";"0156";"                  LOCA_NBJMAIN = PARD_IDIMAIN1"
"IFRANCP";"S";"0157";"               FINSI"
"IFRANCP";"S";"0158";"            FINSI"
"IFRANCP";"S";"0159";"*"
"IFRANCP";"S";"0160";"            SI PARD_IDIANC2 > 0"
"IFRANCP";"S";"0161";"               SI PARD_IDIMAIN2 > 0"
"IFRANCP";"S";"0162";"                  LOCA_DANC1 = LOCA_DANC"
"IFRANCP";"S";"0163";"                  LOCA_ACOURS << LOCA_DANC1(1:4)"
"IFRANCP";"S";"0164";"                  LOCA_ACOURS = LOCA_ACOURS - PARD_IDIANC2"
"IFRANCP";"S";"0165";"                  LOCA_DANC1(1:4) << LOCA_ACOURS"
"IFRANCP";"S";"0166";"                  SI EMPS_E2DATEANC < LOCA_DANC1"
"IFRANCP";"S";"0167";"                     LOCA_NBJMAIN = PARD_IDIMAIN2"
"IFRANCP";"S";"0168";"                  FINSI"
"IFRANCP";"S";"0169";"               FINSI"
"IFRANCP";"S";"0170";"            FINSI"
"IFRANCP";"S";"0171";"*"
"IFRANCP";"S";"0172";"            SI PARD_IDIANC3 > 0"
"IFRANCP";"S";"0173";"               SI PARD_IDIMAIN3 > 0"
"IFRANCP";"S";"0174";"                  LOCA_DANC1 = LOCA_DANC"
"IFRANCP";"S";"0175";"                  LOCA_ACOURS << LOCA_DANC1(1:4)"
"IFRANCP";"S";"0176";"                  LOCA_ACOURS = LOCA_ACOURS - PARD_IDIANC3"
"IFRANCP";"S";"0177";"                  LOCA_DANC1(1:4) << LOCA_ACOURS"
"IFRANCP";"S";"0178";"                  SI EMPS_E2DATEANC < LOCA_DANC1"
"IFRANCP";"S";"0179";"                     LOCA_NBJMAIN = PARD_IDIMAIN3"
"IFRANCP";"S";"0180";"                  FINSI"
"IFRANCP";"S";"0181";"               FINSI"
"IFRANCP";"S";"0182";"            FINSI"
"IFRANCP";"S";"0183";"*"
"IFRANCP";"S";"0184";"            SI PARD_IDIANC4 > 0"
"IFRANCP";"S";"0185";"               SI PARD_IDIMAIN4 > 0"
"IFRANCP";"S";"0186";"                  LOCA_DANC1 = LOCA_DANC"
"IFRANCP";"S";"0187";"                  LOCA_ACOURS << LOCA_DANC1(1:4)"
"IFRANCP";"S";"0188";"                  LOCA_ACOURS = LOCA_ACOURS - PARD_IDIANC4"
"IFRANCP";"S";"0189";"                  LOCA_DANC1(1:4) << LOCA_ACOURS"
"IFRANCP";"S";"0190";"                  SI EMPS_E2DATEANC < LOCA_DANC1"
"IFRANCP";"S";"0191";"                     LOCA_NBJMAIN = PARD_IDIMAIN4"
"IFRANCP";"S";"0192";"                  FINSI"
"IFRANCP";"S";"0193";"               FINSI"
"IFRANCP";"S";"0194";"            FINSI"
"IFRANCP";"S";"0195";"*"
"IFRANCP";"S";"0196";"         FINSI"
"IFRANCP";"S";"0197";"*"
"IFRANCP";"S";"0198";"***** Indicateur HOR"
"IFRANCP";"S";"0199";"         SI HORC_IHIGMAINCP = ""3"""
"IFRANCP";"S";"0200";"         OU HORC_IHIGMAINCP = ""4"""
"IFRANCP";"S";"0201";"*"
"IECRET";"S";"0056";"               FINSI"
"IECRET";"S";"0057";"            FINSI"
"IECRET";"S";"0058";"         FINPOUR"
"IECRET";"S";"0059";"         SI LOCA_ANO = 0"
"IECRET";"S";"0060";"            ANOMALIE 117"
"IECRET";"S";"0061";"         FINSI"
"IECRET";"S";"0062";"      FINSI"
"IECRET";"S";"0063";"   FINSI"
"IECRET";"S";"0064";"*  ecretement de la presence point?e valid?e"
"IECRET";"S";"0065";"   SI HJOU_IJQPRESBAV > PROF_ECRJOU"
"IECRET";"S";"0066";"      HJOU_IJQPRESBAV = PROF_ECRJOU"
"IECRET";"S";"0067";"   FINSI"
"IECRET";"S";"0068";"*  Ecretement des heures totales"
"IECRET";"S";"0069";"   SI HJOU_IJQBHORVAJ > PROF_ECRJOU"
"IECRET";"S";"0070";"      HJOU_IJQHECRETJ = HJOU_IJQBHORVAJ - PROF_ECRJOU"
"IECRET";"S";"0071";"      HJOU_IJQBHORVAJ = PROF_ECRJOU"
"IECRET";"S";"0072";"      ANOMALIE 105"
"IECRET";"S";"0073";"   FINSI"
"IECRET";"S";"0074";"*"
"IECRET";"S";"0075";"FINSI"
"IECRET";"S";"0076";"FIN"
"IINITC";"S";"0010";"*"
"IINITC";"S";"0011";"*"
"IINITC";"S";"0012";"*"
"IINITC";"S";"0013";"*"
"IINITC";"S";"0014";"*----------------------------------------------------------------------"
"IINITC";"S";"0015";"* Créé par : Cellule Industrialisation"
"IINITC";"S";"0016";"* Date     : 03/09/2009"
"IINITC";"S";"0017";"* Version  : 1"
"IINITC";"S";"0018";"*----------------------------------------------------------------------"
"IINITC";"S";"0019";"* Modifiée par : Cellule Industrialisation"
"IINITC";"S";"0020";"* Date         : JJ/MM/AAAA"
"IINITC";"S";"0021";"* Objet        :"
"IINITC";"S";"0022";"***********************************************************************"
"IINITC";"S";"0023";"*"
"IINITC";"S";"0024";"* Implémentation des données industrielles"
"IINITC";"S";"0025";"*"
"IINITC";"S";"0026";"DEBDICO"
"IINITC";"S";"0027";"   HJOU_IJQBHORVAJ;N;T6,2;I;;;    56789;;;V3;""Heures totales"";"
"IINITC";"S";"0028";"FINDICO"
"IINITC";"S";"0029";"*"
"ICOUPD";"S";"0236";"         FINSI"
"ICOUPD";"S";"0237";"         LOCA_REPAPGP = TEMP_TEPGP"
"ICOUPD";"S";"0238";"* calcul des ecarts par rapport a la coupure mini"
"ICOUPD";"S";"0239";"* pour le total des pauses"
"ICOUPD";"S";"0240";"         SI LOCA_TOTPAUSE < PROF_COUPMIN"
"ICOUPD";"S";"0241";"            LOCA_ECREPTOT = PROF_COUPMIN - LOCA_TOTPAUSE"
"ICOUPD";"S";"0242";"            SI LOCA_TOTPAUSE > 0"
"ICOUPD";"S";"0243";"               ANOMALIE 114"
"ICOUPD";"S";"0244";"            FINSI"
"ICOUPD";"S";"0245";"         FINSI"
"ICOUPD";"S";"0246";"         LOCA_REPATOT = LOCA_TOTPAUSE"
"ICOUPD";"S";"0247";"* alimentation des compteurs"
"ICOUPD";"S";"0248";"         SI PARD_IDIGNPAUSM = ""1"""
"ICOUPD";"S";"0249";"* cas ou on retire la plus grande pause"
"ICOUPD";"S";"0250";"            HJOU_IJQPAUMINT = LOCA_REPAPGP"
"ICOUPD";"S";"0251";"            HJOU_IJQECPAUMI = LOCA_ECREPTPG"
"ICOUPD";"S";"0252";"         SINON"
"ICOUPD";"S";"0253";"* cas ou on retire le total des pauses"
"ICOUPD";"S";"0254";"            HJOU_IJQPAUMINT = LOCA_REPATOT"
"ICOUPD";"S";"0255";"            HJOU_IJQECPAUMI = LOCA_ECREPTOT"
"ICOUPD";"S";"0256";"         FINSI"
"ICOUPD";"S";"0257";"* si pas d'absence en coupure dejeuner"
"ICOUPD";"S";"0258";"         SI LOCA_TOTPAUSE = 0"
"ICOUPD";"S";"0259";"            SI HJOU_IJQPAUMINT = 0"
"ICOUPD";"S";"0260";"               SI PARD_IDIGDPAUSM = ""0"""
"ICOUPD";"S";"0261";"*  on retire le minimum"
"ICOUPD";"S";"0262";"                  HJOU_IJQECPAUMI = PROF_COUPMIN"
"ICOUPD";"S";"0263";"                  SI LOCA_ACTB = 0"
"ICOUPD";"S";"0264";"                     ANOMALIE 115"
"ICOUPD";"S";"0265";"                  SINON"
"ICOUPD";"S";"0266";"                     ANOMALIE 114"
"ICOUPD";"S";"0267";"                  FINSI"
"ICOUPD";"S";"0268";"               SINON"
"ICOUPD";"S";"0269";"* on retire le maxi"
"ICOUPD";"S";"0270";"                  SI LOCA_ACTB = 0"
"ICOUPD";"S";"0271";"                     HJOU_IJQECPAUMI = PROF_COUPMAX"
"ICOUPD";"S";"0272";"                     ANOMALIE 121"
"ICOUPD";"S";"0273";"                     SI PROF_COUPMAX = 0"
"ICOUPD";"S";"0274";"                        HJOU_IJQECPAUMI = PROF_COUPMIN"
"ICOUPD";"S";"0275";"                     FINSI"
"ICOUPD";"S";"0276";"                  SINON"
"ICOUPD";"S";"0277";"* Dans le cas ou il du temps mission ou activite et"
"ICOUPD";"S";"0278";"* du temps de presence dans la plage dejeuner"
"ICOUPD";"S";"0279";"* mais qu'il n'y a aucun temps d'absence il ne"
"ICOUPD";"S";"0280";"* faut pas decompter la duree maxi du repas"
"ICOUPD";"S";"0281";"* mais la dur?e mini."
"ICOUPD";"S";"0282";"                     HJOU_IJQECPAUMI = PROF_COUPMIN"
"ICOUPD";"S";"0283";"                     ANOMALIE 114"
"ICOUPD";"S";"0284";"                  FINSI"
"ICOUPD";"S";"0285";"               FINSI"
"ICOUPD";"S";"0286";"            FINSI"
"ICOUPD";"S";"0287";"         FINSI"
"ICOUPD";"S";"0288";"*  pas de calcul de pause dejeuner et de complement"
"ICOUPD";"S";"0289";"*  si la pause dejeuner ? ete decompt? sur le temps"
"ICOUPD";"S";"0290";"*  mission ,sur l'activit? badg?e"
"ICOUPD";"S";"0291";"*  ou si depart mission avant la fin plage dejeuner"
"ICOUPD";"S";"0292";"*  et qu'il n'y a pas de retour"
"ICOUPD";"S";"0293";"         SI HJOU_IJQFMISPDJ = 1"
"ICOUPD";"S";"0294";"         OU HJOU_IJQFMILPDJ = 1"
"ICOUPD";"S";"0295";"            HJOU_IJQPAUMINT = 0"
"ICOUPD";"S";"0296";"            HJOU_IJQECPAUMI = 0"
"ICOUPD";"S";"0297";"         FINSI"
"ICOUPD";"S";"0298";"* Dans le cas ou le premier mouvement d'entree"
"ICOUPD";"S";"0299";"* est dans la plage DJ et qu'il n'existe pas d'autres"
"ICOUPD";"S";"0300";"* mvts dans la plage on alimente le compteur HJECREPL"
"ICOUPD";"S";"0301";"* dans le cas ou se serait un retour mission sur un depart fait"
"ICOUPD";"S";"0302";"* la veille , il faudra alimenter l'ecart repas avec la duree"
"ICOUPD";"S";"0303";"* de la pause minimum"
"ICOUPD";"S";"0304";"         SI PROF_IPIVMISSDV > 0"
"ICOUPD";"S";"0305";"            SI HJOU_INMISS = ""2"""
"ICOUPD";"S";"0306";"            OU HJOU_INMISS = ""3"""
"ICOUPD";"S";"0307";"               SI TEMP_TEMISS <> ""2"""
"ICOUPD";"S";"0308";"* test si on a pas de mouvement avant la"
"ICOUPD";"S";"0309";"* plage dejeuner"
"ICOUPD";"S";"0310";"                  ANALYSE 0.00 LOCA_DEJDEB"
"ICOUPD";"S";"0311";"                  SI TEMP_HIPOIN = 0"
"ICOUPD";"S";"0312";"                     ANALYSE LOCA_DEJDEB LOCA_DEJFIN"
"ICOUPD";"S";"0313";"* si on a qu'un mouvement d'entree dans la plage"
"ICOUPD";"S";"0314";"                     SI TEMP_HIPOIN = 1"
"ICOUPD";"S";"0315";"                        SI TEMP_HISENS = 0"
"ICOUPD";"S";"0316";"                           HJOU_IJQECPAUML = PROF_COUPMIN"
"ICOUPD";"S";"0317";"                        FINSI"
"IINITC";"S";"0030";"*"
"ICOUPD";"S";"0318";"                     FINSI"
"ICOUPD";"S";"0319";"                  FINSI"
"ICOUPD";"S";"0320";"               FINSI"
"ICOUPD";"S";"0321";"            FINSI"
"ICOUPD";"S";"0322";"         FINSI"
"ICOUPD";"S";"0323";"      FINSI"
"ICOUPD";"S";"0324";"   FINSI"
"ICOUPD";"S";"0325";"FINSI"
"ICOUPD";"S";"0326";"FIN"
"IEXCED";"S";"0001";"***********************************************************************"
"IEXCED";"S";"0002";"* Règle     : IEXCED"
"IEXCED";"S";"0003";"* Ordre     : 2300"
"IEXCED";"S";"0004";"* Titre     : Heures jour excedentaires"
"IEXCED";"S";"0005";"* Package   : Privé 16.3"
"IEXCED";"S";"0006";"*----------------------------------------------------------------------"
"IEXCED";"S";"0007";"*"
"IEXCED";"S";"0008";"*"
"IEXCED";"S";"0009";"* Rôle : Heures jour excedentaires"
"IEXCED";"S";"0010";"*"
"IEXCED";"S";"0011";"*"
"IEXCED";"S";"0012";"*"
"IEXCED";"S";"0013";"*"
"IEXCED";"S";"0014";"* Implémentation des données industrielles"
"IEXCED";"S";"0015";"*"
"IEXCED";"S";"0016";"*----------------------------------------------------------------------"
"IEXCED";"S";"0017";"* Créé par : Cellule Industrialisation"
"IEXCED";"S";"0018";"* Date     : 03/09/2009"
"IEXCED";"S";"0019";"* Version  : 1"
"IEXCED";"S";"0020";"*----------------------------------------------------------------------"
"IEXCED";"S";"0021";"* Modifiée par : Cellule Industrialisation"
"IEXCED";"S";"0022";"* Date         : JJ/MM/AAAA"
"IEXCED";"S";"0023";"* Objet        :"
"IEXCED";"S";"0024";"***********************************************************************"
"IEXCED";"S";"0025";"*"
"IEXCED";"S";"0026";"DEBDICO"
"IEXCED";"S";"0027";"   HJOU_IJQHEXCED1;N;T6,2;I;;;    56789;;;V2;""Heures excédentaires entrée"";"
"IEXCED";"S";"0028";"   HJOU_IJQHEXCED2;N;T6,2;I;;;    56789;;;V2;""Heures excédentaires sortie"";"
"IEXCED";"S";"0029";"   HJOU_IJQDEBORDT;N;T6,2;I;;;    56789;;;V2;""Présence badgée hors plage totale"";"
"IEXCED";"S";"0030";"FINDICO"
"IEXCED";"S";"0031";"*"
"IEXCED";"S";"0032";"DEBANO"
"IEXCED";"S";"0033";"   110;5;""Heures excédentaires en entrée"";"
"IEXCED";"S";"0034";"   111;5;""Heures excédentaires en sortie"";"
"IEXCED";"S";"0035";"FINANO"
"IEXCED";"S";"0036";"*"
"IEXCED";"S";"0037";"* Déclaration des donnees locales"
"IEXCED";"S";"0038";"*"
"IEXCED";"S";"0039";"SI HJOU_DATE <= TEMP_DATJOU"
"IEXCED";"S";"0040";"   SI HJOU_IJQPRESBAJ > 0"
"IEXCED";"S";"0041";"* debordement en entree"
"IEXCED";"S";"0042";"      PLAGE ""01"""
"IEXCED";"S";"0043";"      SI TEMP_TYPPLA <> "" """
"IEXCED";"S";"0044";"         ANALYSE_R TEMP_VALTRT1 TEMP_VALTRT2"
"IEXCED";"S";"0045";"         SI TEMP_HIPRE >= PROF_IPIVDEBOR1"
"IEXCED";"S";"0046";"            HJOU_IJQHEXCED1 = TEMP_HIPRE"
"IEXCED";"S";"0047";"            ANOMALIE 110"
"IEXCED";"S";"0048";"         FINSI"
"IEXCED";"S";"0049";"      FINSI"
"IEXCED";"S";"0050";"* debordement en sortie"
"IEXCED";"S";"0051";"      PLAGE ""02"""
"IEXCED";"S";"0052";"      SI TEMP_TYPPLA <> "" """
"IEXCED";"S";"0053";"         ANALYSE_R TEMP_VALTRT1 TEMP_VALTRT2"
"IEXCED";"S";"0054";"         SI TEMP_HIPRE >= PROF_IPIVDEBOR2"
"IEXCED";"S";"0055";"            HJOU_IJQHEXCED2 = TEMP_HIPRE"
"IEXCED";"S";"0056";"            ANOMALIE 111"
"IEXCED";"S";"0057";"         FINSI"
"IEXCED";"S";"0058";"      FINSI"
"IDELEG";"S";"0011";"*"
"IEXCED";"S";"0059";"* totalisation du d?bordement"
"IEXCED";"S";"0060";"      HJOU_IJQDEBORDT = HJOU_IJQHEXCED1 + HJOU_IJQHEXCED2"
"IEXCED";"S";"0061";"   FINSI"
"IEXCED";"S";"0062";"FINSI"
"IEXCED";"S";"0063";"FIN"
"ICRPRO";"S";"0001";"***********************************************************************"
"ICRPRO";"S";"0002";"* Règle     : ICRPRO"
"ICRPRO";"S";"0003";"* Ordre     : 2400"
"ICRPRO";"S";"0004";"* Titre     : Crédits automatiques"
"ICRPRO";"S";"0005";"* Package   : Privé 16.3"
"ICRPRO";"S";"0006";"*----------------------------------------------------------------------"
"ICRPRO";"S";"0007";"*"
"ICRPRO";"S";"0008";"*"
"ICRPRO";"S";"0009";"* Rôle : Crédits automatiques liés à l'horaire ou à l'employé"
"IHCOMP";"S";"0001";"************************************************************************"
"IHCOMP";"S";"0002";"* Règle     : IHCOMP"
"IHCOMP";"S";"0003";"* Ordre     : 6610"
"IHCOMP";"S";"0004";"* Titre     : Calcul des heures complémentaires pour les temps partiels"
"IHCOMP";"S";"0005";"* Package   : Privé 16.3"
"IHCOMP";"S";"0006";"*----------------------------------------------------------------------"
"IHCOMP";"S";"0007";"*"
"IHCOMP";"S";"0008";"*"
"IHCOMP";"S";"0009";"* Rôle : Calcul des heures complémentaires pour les temps partiels du lundi"
"IHCOMP";"S";"0010";"*        au dimanche (si travailleur de nuit, les heures sont toutes comptabilisées"
"IHCOMP";"S";"0011";"*        sur le dimanche)"
"IHCOMP";"S";"0012";"*         Adaptation de la règle IHSUPP avec ajout suivant :"
"IHCOMP";"S";"0013";"*"
"IHCOMP";"S";"0014";"*         Ajout de l'anomalie 225 en cas de dépassement d'heures de 10%"
"IHCOMP";"S";"0015";"*         du contrat"
"IHCOMP";"S";"0016";"*         + séparation en deux des règles IHSUPP et IHSUPPDIM afin de"
"IHCOMP";"S";"0017";"*         différencier les HS et les HC"
"IHCOMP";"S";"0018";"*         + évolution des HC avec ajout d'un compteur heures payées non majorées,"
"IHCOMP";"S";"0019";"*         HC taux 2 pour les heures payées et les heures à récupérer"
"IHCOMP";"S";"0020";"*"
"IHCOMP";"S";"0021";"*----------------------------------------------------------------------"
"IHCOMP";"S";"0022";"* Créé par : Méthodes et outils"
"IHCOMP";"S";"0023";"* Date     : 30/06/2020"
"IHCOMP";"S";"0024";"* Version  : 1"
"IABSPL";"S";"0001";"***********************************************************************"
"IABSPL";"S";"0002";"* Règle     : IABSPL"
"IABSPL";"S";"0003";"* Ordre     : 2250"
"IABSPL";"S";"0004";"* Titre     : Absences plage obligatoire"
"IABSPL";"S";"0005";"* Package   : Privé 16.3"
"IABSPL";"S";"0006";"*----------------------------------------------------------------------"
"IABSPL";"S";"0007";"*"
"IABSPL";"S";"0008";"*"
"IABSPL";"S";"0009";"* Rôle : Absences plage obligatoire"
"IABSPL";"S";"0010";"*"
"IABSPL";"S";"0011";"*"
"IABSPL";"S";"0012";"*"
"IABSPL";"S";"0013";"*"
"IABSPL";"S";"0014";"*----------------------------------------------------------------------"
"IABSPL";"S";"0015";"* Créé par : Cellule Industrialisation"
"IABSPL";"S";"0016";"* Date     : 03/09/2009"
"IABSPL";"S";"0017";"* Version  : 1"
"IABSPL";"S";"0018";"*----------------------------------------------------------------------"
"IABSPL";"S";"0019";"* Modifiée par : Cellule Industrialisation"
"IABSPL";"S";"0020";"* Date         : JJ/MM/AAAA"
"IABSPL";"S";"0021";"* Objet        :"
"IABSPL";"S";"0022";"***********************************************************************"
"IABSPL";"S";"0023";"*"
"IABSPL";"S";"0024";"* Implémentation des données industrielles"
"IABSPL";"S";"0025";"*"
"IABSPL";"S";"0026";"DEBDICO"
"IABSPL";"S";"0027";"   HJOU_IJQABSPLF1;N;T6,2;I;;;    56789;;;V2;""Absence 1ère plage"";"
"IABSPL";"S";"0028";"   HJOU_IJQNABSPFI;N;N2;I;;;     6789;;;V2;""Nombre de retards jour"";"
"IABSPL";"S";"0029";"   HJOU_IJQABSPLF2;N;T6,2;I;;;    56789;;;V2;""Absence 2ème plage"";"
"IABSPL";"S";"0030";"   HJOU_IJQABSPLFT;N;T6,2;I;;;    56789;;;V2;""Absence plages fixes jour"";"
"IABSPL";"S";"0031";"FINDICO"
"IABSPL";"S";"0032";"*"
"IABSPL";"S";"0033";"*"
"IABSPL";"S";"0034";"* Déclaration des donnees locales"
"IABSPL";"S";"0035";"*"
"IABSPL";"S";"0036";"DEF LOCA_RET T6.2"
"IABSPL";"S";"0037";"LOCA_RET = 0"
"IABSPL";"S";"0038";"*"
"IABSPL";"S";"0039";"* Absences premiere plage"
"IABSPL";"S";"0040";"*"
"IABSPL";"S";"0041";"SI HJOU_DATE <= TEMP_DATJOU"
"IABSPL";"S";"0042";"   SI PROF_IPIGABSPLF <> ""0"""
"IABSPL";"S";"0043";"      SI PROF_PTTHEO1 > 0"
"IABSPL";"S";"0044";"         ANALYSE PROF_PTTHEO1 PROF_PTTHEO2"
"IABSPL";"S";"0045";"         SI TEMP_HIPOIN > 0"
"IABSPL";"S";"0046";"            SI PROF_IPIGABSPLF = ""1"""
"IABSPL";"S";"0047";"               SI TEMP_HIABS > PROF_IPISABSPLF"
"IABSPL";"S";"0048";"                  HJOU_IJQABSPLF1 = TEMP_HIABS"
"IABSPL";"S";"0049";"               FINSI"
"IABSPL";"S";"0050";"            FINSI"
"IABSPL";"S";"0051";"            SI PROF_IPIGABSPLF = ""2"""
"IABSPL";"S";"0052";"               SI TEMP_HIPOIN > 0"
"IABSPL";"S";"0053";"                  SI TEMP_HISENS = 0"
"IABSPL";"S";"0054";"                     LOCA_RET = TEMP_HIPTPR - PROF_PTTHEO1"
"IABSPL";"S";"0055";"                     SI LOCA_RET > PROF_IPISABSPLF"
"IABSPL";"S";"0056";"                        HJOU_IJQABSPLF1 = LOCA_RET"
"IABSPL";"S";"0057";"                        HJOU_IJQNABSPFI = HJOU_IJQNABSPFI + 1"
"IABSPL";"S";"0058";"                     FINSI"
"IABSPL";"S";"0059";"                  FINSI"
"IABSPL";"S";"0060";"               FINSI"
"IABSPL";"S";"0061";"            FINSI"
"IABSPL";"S";"0062";"         FINSI"
"IABSPL";"S";"0063";"      FINSI"
"IABSPL";"S";"0064";"*"
"IABSPL";"S";"0065";"* Absence seconde plage"
"IABSPL";"S";"0066";"*"
"IABSPL";"S";"0067";"      SI PROF_PTTHEO3 > 0"
"IDELEG";"S";"0012";"*"
"IABSPL";"S";"0068";"         ANALYSE PROF_PTTHEO3 PROF_PTTHEO4"
"IABSPL";"S";"0069";"         SI TEMP_HIPOIN > 0"
"IABSPL";"S";"0070";"            SI PROF_IPIGABSPLF = ""1"""
"IABSPL";"S";"0071";"               SI TEMP_HIABS > PROF_IPISABSPLF"
"IABSPL";"S";"0072";"                  HJOU_IJQABSPLF2 = HJOU_IJQABSPLF2 + TEMP_HIABS"
"IABSPL";"S";"0073";"               FINSI"
"IABSPL";"S";"0074";"            FINSI"
"IABSPL";"S";"0075";"            SI PROF_IPIGABSPLF = ""2"""
"IABSPL";"S";"0076";"               SI TEMP_HIPOIN > 0"
"IABSPL";"S";"0077";"                  SI TEMP_HISENS = 0"
"IABSPL";"S";"0078";"                     LOCA_RET = TEMP_HIPTPR - PROF_PTTHEO3"
"IABSPL";"S";"0079";"                     SI LOCA_RET > PROF_IPISABSPLF"
"IABSPL";"S";"0080";"                        HJOU_IJQABSPLF2 = HJOU_IJQABSPLF2 + LOCA_RET"
"IABSPL";"S";"0081";"                        HJOU_IJQNABSPFI = HJOU_IJQNABSPFI + 1"
"IABSPL";"S";"0082";"                     FINSI"
"IABSPL";"S";"0083";"                  FINSI"
"IABSPL";"S";"0084";"               FINSI"
"IABSPL";"S";"0085";"            FINSI"
"IABSPL";"S";"0086";"         FINSI"
"IABSPL";"S";"0087";"      FINSI"
"IABSPL";"S";"0088";"   FINSI"
"IABSPL";"S";"0089";"** totalisation"
"IABSPL";"S";"0090";"   HJOU_IJQABSPLFT = HJOU_IJQABSPLF1 + HJOU_IJQABSPLF2"
"IABSPL";"S";"0091";"FINSI"
"IABSPL";"S";"0092";"FIN"
"ICHEVM";"S";"0001";" ***********************************************************************"
"ICHEVM";"S";"0002";"* Règle     : ICHEVM"
"ICHEVM";"S";"0003";"* Ordre     : 2350"
"ICHEVM";"S";"0004";"* Titre     : Stockage mvts pour crtl chevauchement"
"ICHEVM";"S";"0005";"* Package   : Privé 16.3"
"ICHEVM";"S";"0006";"*---------------------------------------------------------------------"
"ICHEVM";"S";"0007";"*"
"ICHEVM";"S";"0008";"*"
"ICHEVM";"S";"0009";"* Rôle : Stockage de 5 paires de mouvements"
"ICHEVM";"S";"0010";"*        pour contrôle dans la regle 3020 CHEVAU"
"ICHEVM";"S";"0011";"*        d'eventuel chevauchement avec des absences horodatées"
"ICHEVM";"S";"0012";"*"
"ICHEVM";"S";"0013";"*"
"ICHEVM";"S";"0014";"*----------------------------------------------------------------------"
"IHCOMP";"S";"0025";"*----------------------------------------------------------------------"
"IHCOMP";"S";"0026";"*"
"IHCOMP";"S";"0027";"* Modifiée par : Méthodes et outils"
"IHCOMP";"S";"0028";"* Date         : JJ/MM/AAAA"
"IHCOMP";"S";"0029";"* Objet        :"
"IHCOMP";"S";"0030";"***********************************************************************"
"IHCOMP";"S";"0031";"*"
"IHCOMP";"S";"0032";"* Implémentation des données industrielles"
"IHCOMP";"S";"0033";"*"
"IHCOMP";"S";"0034";"DEBDICO"
"IHCOMP";"S";"0035";"   HJOU_IJIGHSUPPM;O;Z1;X;;;123456789;L;;C2;""Régime HS"";"
"IHCOMP";"S";"0036";"   HJOU_IJRBHSMPAH;N;T6,2;I;;;    56789;;IJRBHSMPAH;V3;""Base HS"";"
"IHCOMP";"S";"0037";"   HJOU_IJQHS1MARE;N;T6,2;I;;;     6789;;;V3;""Heures sup taux 1 à récup."";"
"IHCOMP";"S";"0038";"   HJOU_IJQHS2MARE;N;T6,2;I;;;     6789;;;V3;""Heures sup taux 2 à récup."";"
"IHCOMP";"S";"0039";"   HJOU_IJRSHSMREH;N;T8,2;L;;;     6789;;IJRSHSMREH;V3;""Récupération HS/HC"";"
"IHCOMP";"S";"0040";"   HJOU_IJQHSNMAPA;N;T6,2;I;;;    56789;;;V3;""Heures complémentaires"";"
"IHCOMP";"S";"0041";"   HJOU_IJQHSNMARE;N;T6,2;I;;;     6789;;;V3;""Heures complémentaires récupérables"";"
"IHCOMP";"S";"0042";"   HJOU_IJRTHEOCYC;N;T6,2;I;;;    56789;;IJRTHEOCYC;V3;""Theorie du cycle"";"
"IHCOMP";"S";"0043";"   HJOU_IJQHPAYEES;N;T6,2;I;;;    56789;;;V3;""Heures payées"";"
"IHCOMP";"S";"0044";"   HJOU_IJRBHPAYEE;N;T6,2;I;;;    56789;;IJRBHPAYEE;V3;""Base des heures payées"";"
"ICHEVM";"S";"0015";"* Créé par : Cellule Industrialisation"
"ICHEVM";"S";"0016";"* Date     : 03/09/2009"
"ICHEVM";"S";"0017";"* Version  : 1"
"ICHEVM";"S";"0018";"*---------------------------------------------------------------------"
"ICHEVM";"S";"0019";"* Modifiée par : Cellule Industrialisation"
"ICHEVM";"S";"0020";"* Date         : JJ/MM/AAAA"
"ICHEVM";"S";"0021";"* Objet        :"
"ICHEVM";"S";"0022";"***********************************************************************"
"ICHEVM";"S";"0023";"*"
"ICHEVM";"S";"0024";"*"
"ICHEVM";"S";"0025";"* Implémentation des données industrielles"
"ICHEVM";"S";"0026";"*"
"ICHEVM";"S";"0027";"DEBDICO"
"ICHEVM";"S";"0028";"   HJOU_IJQMVTENT1;N;T6,2;I;;;    56789;;;V2;""Mouvement entree1"";"
"ICHEVM";"S";"0029";"   HJOU_IJQMVTENT2;N;T6,2;I;;;    56789;;;V2;""Mouvement entree2"";"
"ICHEVM";"S";"0030";"   HJOU_IJQMVTENT3;N;T6,2;I;;;    56789;;;V2;""Mouvement entree3"";"
"ICHEVM";"S";"0031";"   HJOU_IJQMVTENT4;N;T6,2;I;;;    56789;;;V2;""Mouvement entree4"";"
"ICHEVM";"S";"0032";"   HJOU_IJQMVTENT5;N;T6,2;I;;;    56789;;;V2;""Mouvement entree5"";"
"ICHEVM";"S";"0033";"   HJOU_IJQMVTSOR1;N;T6,2;I;;;    56789;;;V2;""Mouvement sortie1"";"
"ICHEVM";"S";"0034";"   HJOU_IJQMVTSOR2;N;T6,2;I;;;    56789;;;V2;""Mouvement sortie2"";"
"ICHEVM";"S";"0035";"   HJOU_IJQMVTSOR3;N;T6,2;I;;;    56789;;;V2;""Mouvement sortie3"";"
"ICHEVM";"S";"0036";"   HJOU_IJQMVTSOR4;N;T6,2;I;;;    56789;;;V2;""Mouvement sortie4"";"
"ICHEVM";"S";"0037";"   HJOU_IJQMVTSOR5;N;T6,2;I;;;    56789;;;V2;""Mouvement sortie5"";"
"ICHEVM";"S";"0038";"FINDICO"
"ICHEVM";"S";"0039";"*"
"ICHEVM";"S";"0040";"* Déclaration des donnees locales"
"ICHEVM";"S";"0041";"*"
"ICHEVM";"S";"0042";"DEF LOCA_MVT0 N1"
"ICHEVM";"S";"0043";"LOCA_MVT0 = 0"
"ICHEVM";"S";"0044";"DEF LOCA_NULL T6.2"
"ICHEVM";"S";"0045";"LOCA_NULL = 545.00"
"ICHEVM";"S";"0046";"*"
"ICHEVM";"S";"0047";"SI HJOU_DATE <= TEMP_DATJOU"
"ICHEVM";"S";"0048";"   SI HJOU_IJIGBADGEA = ""1"""
"ICHEVM";"S";"0049";"      POUR POINTAGES"
"ICHEVM";"S";"0050";"         SI LOCA_MVT0 = 0"
"ICHEVM";"S";"0051";"            HJOU_IJQMVTENT1 = POIN_HRETRAI"
"ICHEVM";"S";"0052";"            LOCA_MVT0 = 1"
"ICHEVM";"S";"0053";"*"
"ICHEVM";"S";"0054";"* cas ou le premier pointage de la journée est à 0.00"
"ICHEVM";"S";"0056";"            SI HJOU_IJQMVTENT1 = 0"
"ICHEVM";"S";"0057";"               HJOU_IJQMVTENT1 = 100"
"ICHEVM";"S";"0058";"            FINSI"
"ICHEVM";"S";"0059";"*"
"ICHEVM";"S";"0060";"         SINON"
"ICHEVM";"S";"0061";"            SI HJOU_IJQMVTSOR1 = 0"
"ICHEVM";"S";"0062";"               HJOU_IJQMVTSOR1 = POIN_HRETRAI"
"ICHEVM";"S";"0063";"            SINON"
"IINITC";"S";"0031";"* Déclaration des donnees locales"
"IINITC";"S";"0032";"*"
"ICHEVM";"S";"0064";"               SI HJOU_IJQMVTENT2 = 0"
"ICHEVM";"S";"0065";"                  HJOU_IJQMVTENT2 = POIN_HRETRAI"
"ICHEVM";"S";"0066";"               SINON"
"ICHEVM";"S";"0067";"                  SI HJOU_IJQMVTSOR2 = 0"
"ICHEVM";"S";"0068";"                     HJOU_IJQMVTSOR2 = POIN_HRETRAI"
"ICHEVM";"S";"0069";"                  SINON"
"ICHEVM";"S";"0070";"                     SI HJOU_IJQMVTENT3 = 0"
"ICHEVM";"S";"0071";"                        HJOU_IJQMVTENT3 = POIN_HRETRAI"
"ICHEVM";"S";"0072";"                     SINON"
"ICHEVM";"S";"0073";"                        SI HJOU_IJQMVTSOR3 = 0"
"ICHEVM";"S";"0074";"                           HJOU_IJQMVTSOR3 = POIN_HRETRAI"
"ICHEVM";"S";"0075";"                        SINON"
"ICHEVM";"S";"0076";"                           SI HJOU_IJQMVTENT4 = 0"
"ICHEVM";"S";"0077";"                              HJOU_IJQMVTENT4 = POIN_HRETRAI"
"ICHEVM";"S";"0078";"                           SINON"
"ICHEVM";"S";"0079";"                              SI HJOU_IJQMVTSOR4 = 0"
"ICHEVM";"S";"0080";"                                 HJOU_IJQMVTSOR4 = POIN_HRETRAI"
"ICHEVM";"S";"0081";"                              SINON"
"ICHEVM";"S";"0082";"                                 SI HJOU_IJQMVTENT5 = 0"
"ICHEVM";"S";"0083";"                                    HJOU_IJQMVTENT5 = POIN_HRETRAI"
"ICHEVM";"S";"0084";"                                 SINON"
"ICHEVM";"S";"0085";"                                    SI HJOU_IJQMVTSOR5 = 0"
"ICHEVM";"S";"0086";"                                       HJOU_IJQMVTSOR5 = POIN_HRETRAI"
"ICHEVM";"S";"0087";"                                    FINSI"
"ICHEVM";"S";"0088";"                                 FINSI"
"IINITC";"S";"0033";"POUR ACTIVITES"
"IINITC";"S";"0034";"   SI HABS_MOTIF = ""XJOU"""
"IINITC";"S";"0035";"      HJOU_IJQBHORVAJ = HJOU_IJQBHORVAJ + HABS_MOTIDUR"
"IINITC";"S";"0036";"   FINSI"
"IINITC";"S";"0037";"   SI HABS_MOTIF = ""ZJOU"""
"IINITC";"S";"0038";"      HJOU_IJQBHORVAJ = HABS_MOTIDUR"
"IINITC";"S";"0039";"   FINSI"
"IINITC";"S";"0040";"FINPOUR"
"IINITC";"S";"0041";"SI HJOU_IJQBHORVAJ < 0"
"IINITC";"S";"0042";"   HJOU_IJQBHORVAJ = 0"
"IINITC";"S";"0043";"FINSI"
"IINITC";"S";"0044";"FIN"
"IDELEG";"S";"0001";"***********************************************************************"
"IDELEG";"S";"0002";"* Règle     : IDELEG"
"IDELEG";"S";"0003";"* Ordre     : 5200"
"IDELEG";"S";"0004";"* Titre     : Délégations"
"IDELEG";"S";"0005";"* Package   : Privé 16.3"
"IDELEG";"S";"0006";"*----------------------------------------------------------------------"
"IDELEG";"S";"0007";"*"
"IDELEG";"S";"0008";"*"
"ICHEVM";"S";"0089";"                              FINSI"
"IDELEG";"S";"0009";"* Rôle : Gestion des délégations DS/DFS"
"IDELEG";"S";"0010";"*"
"IDELEG";"S";"0013";"*----------------------------------------------------------------------"
"IDELEG";"S";"0014";"* Créé par : Cellule Industrialisation"
"IDELEG";"S";"0015";"* Date     : 03/09/2009"
"IDELEG";"S";"0016";"* Version  : 1"
"IDELEG";"S";"0017";"*----------------------------------------------------------------------"
"IDELEG";"S";"0018";"* Modifiée par :"
"IDELEG";"S";"0019";"* Date         : JJ/MM/AAAA"
"IDELEG";"S";"0020";"* Objet        :"
"IDELEG";"S";"0021";"***********************************************************************"
"IDELEG";"S";"0022";"*"
"IDELEG";"S";"0023";"* Implémentation des données industrielles"
"IDELEG";"S";"0024";"*"
"IDELEG";"S";"0025";"DEBDICO"
"IDELEG";"S";"0026";"   HJOU_IJIDDELEDS;O;T6,2;I;;;123456789;;;C3;""Droit délégation DS"";"
"IDELEG";"S";"0027";"   HJOU_IJIDATDEDS;O;D10;X;;;123456789;;;C3;""Date début de mandat délégation DS"";"
"IDELEG";"S";"0028";"   HJOU_IJIDATFDDS;O;D10;X;;;123456789;;;C3;""Fin de mandat délégation DS"";"
"IDELEG";"S";"0029";"   HJOU_IJRDDELEDS;N;T6,2;I;;;     6789;;IJRDDELEDS;V3;""Droit délégation DS"";"
"IDELEG";"S";"0030";"   HJOU_IJRCDELEDS;N;T6,2;I;;;     6789;;IJRCDELEDS;V3;""Pris délégation DS"";"
"IDELEG";"S";"0031";"   HJOU_IJRSDELEDS;N;T6,2;I;;;     6789;;;V3;""Solde délégation DS"";"
"IDELEG";"S";"0032";"   HJOU_IJIDDELDFS;O;T6,2;I;;;123456789;;;C3;""Droit délégation DFS"";"
"IDELEG";"S";"0033";"   HJOU_IJIDATDDFS;O;D10;X;;;123456789;;;C3;""Date début de mandat délégation DFS"";"
"IDELEG";"S";"0034";"   HJOU_IJIDATFDFS;O;D10;X;;;123456789;;;C3;""Fin de mandat délégation DFS"";"
"IDELEG";"S";"0035";"   HJOU_IJRDDELDFS;N;T6,2;I;;;     6789;;IJRDDELDFS;V3;""Droit délégation DFS"";"
"IDELEG";"S";"0036";"   HJOU_IJRCDELDFS;N;T6,2;I;;;     6789;;IJRCDELDFS;V3;""Pris délégation DFS"";"
"IDELEG";"S";"0037";"   HJOU_IJRSDELDFS;N;T6,2;I;;;     6789;;;V3;""Solde délégation DFS"";"
"IDELEG";"S";"0038";"   HJOU_IJRNBHDELE;N;T6,2;I;;;     6789;;IJRNBHDELE;V3;""Nbre h. délég. pour jours trav. annuels"";"
"IDELEG";"S";"0039";"FINDICO"
"IDELEG";"S";"0040";"*"
"IDELEG";"S";"0041";"DEBANO"
"IDELEG";"S";"0042";"   205;8;""La date de fin de mandat DS inférieure à la date de début"";"
"IDELEG";"S";"0043";"   206;8;""Date de fin de mandat DS non renseignée"";"
"ICHEVM";"S";"0090";"                           FINSI"
"ICHEVM";"S";"0091";"                        FINSI"
"IHSUPPDIM";"S";"0487";"*"
"ICHEVM";"S";"0092";"                     FINSI"
"ICHEVM";"S";"0093";"                  FINSI"
"ICHEVM";"S";"0094";"               FINSI"
"ICHEVM";"S";"0095";"            FINSI"
"ICHEVM";"S";"0096";"         FINSI"
"ICHEVM";"S";"0097";"*FINSI"
"ICHEVM";"S";"0098";"      FINPOUR"
"ICHEVM";"S";"0099";"   FINSI"
"ICHEVM";"S";"0100";"FINSI"
"ICHEVM";"S";"0101";"*"
"ICHEVM";"S";"0102";"SI HJOU_IJIGBADGEA <> ""1"""
"ICHEVM";"S";"0103";"   SI PROF_PTTHEO1 > 0"
"ICHEVM";"S";"0104";"      SI PROF_PTTHEO1 <> LOCA_NULL"
"ICHEVM";"S";"0105";"         SI PROF_PTTHEO2 <> LOCA_NULL"
"ICHEVM";"S";"0106";"            HJOU_IJQMVTENT1 = PROF_PTTHEO1"
"ICHEVM";"S";"0107";"            HJOU_IJQMVTSOR1 = PROF_PTTHEO2"
"ICHEVM";"S";"0108";"         FINSI"
"ICHEVM";"S";"0109";"      FINSI"
"ICHEVM";"S";"0110";"   FINSI"
"ICHEVM";"S";"0111";"*"
"ICHEVM";"S";"0112";"   SI PROF_PTTHEO3 > 0"
"ICHEVM";"S";"0113";"      SI PROF_PTTHEO3 <> LOCA_NULL"
"ICHEVM";"S";"0114";"         SI PROF_PTTHEO4 <> LOCA_NULL"
"ICHEVM";"S";"0115";"            HJOU_IJQMVTENT2 = PROF_PTTHEO3"
"ICHEVM";"S";"0116";"            HJOU_IJQMVTSOR2 = PROF_PTTHEO4"
"ICHEVM";"S";"0117";"         FINSI"
"ICHEVM";"S";"0118";"      FINSI"
"ICHEVM";"S";"0119";"   FINSI"
"ICHEVM";"S";"0120";"FINSI"
"ICHEVM";"S";"0121";"FIN"
"IPRESM";"S";"0001";"************************************************************************"
"IPRESM";"S";"0002";"* Règle     : IPRESM"
"IPRESM";"S";"0003";"* Ordre     : 2450"
"IPRESM";"S";"0004";"* Titre     : Presence matin et apres-midi"
"IPRESM";"S";"0005";"* Package   : Privé 16.3"
"IPRESM";"S";"0006";"*----------------------------------------------------------------------"
"IPRESM";"S";"0007";"*"
"IPRESM";"S";"0008";"*"
"IPRESM";"S";"0009";"* Rôle : Presence matin et apres-midi"
"IPRESM";"S";"0010";"*"
"IPRESM";"S";"0011";"*"
"IPRESM";"S";"0012";"*"
"IPRESM";"S";"0013";"*"
"IPRESM";"S";"0014";"*----------------------------------------------------------------------"
"IPRESM";"S";"0015";"* Créé par : Cellule Industrialisation"
"IPRESM";"S";"0016";"* Date     : 03/09/2009"
"IPRESM";"S";"0017";"* Version  : 1"
"IPRESM";"S";"0018";"*----------------------------------------------------------------------"
"IPRESM";"S";"0019";"* Modifiée par : Cellule Industrialisation"
"IPRESM";"S";"0020";"* Date         : JJ/MM/AAAA"
"IPRESM";"S";"0021";"* Objet        :"
"IPRESM";"S";"0022";"***********************************************************************"
"IPRESM";"S";"0023";"*"
"IPRESM";"S";"0024";"*"
"IPRESM";"S";"0025";"* Implémentation des données industrielles"
"IPRESM";"S";"0026";"*"
"IPRESM";"S";"0027";"DEBDICO"
"IPRESM";"S";"0028";"   HJOU_IJQPRESBA1;N;T6,2;I;;;    56789;;;V2;""Présence badgée matin"";"
"IPRESM";"S";"0029";"   HJOU_IJQPRESBA2;N;T6,2;I;;;    56789;;;V2;""Présence badgée après-midi"";"
"IPRESM";"S";"0030";"FINDICO"
"IPRESM";"S";"0031";"*"
"IPRESM";"S";"0032";"* Déclaration des donnees locales"
"IPRESM";"S";"0033";"*"
"IPRESM";"S";"0034";"SI HJOU_DATE <= TEMP_DATJOU"
"IPRESM";"S";"0035";"   SI HJOU_IJIGBADGEA = ""1"""
"IPRESM";"S";"0036";"* Temps de presence matin"
"IPRESM";"S";"0037";"      SI PROF_PTTHEO1 > 0"
"IPRESM";"S";"0038";"         SI PROF_PTTHEO1 < 100"
"IPRESM";"S";"0039";"            ANALYSE PROF_PTTHEO1 PROF_PTTHEO2"
"IPRESM";"S";"0040";"            SI TEMP_HIPRE > 0"
"IPRESM";"S";"0041";"               HJOU_IJQPRESBA1 = 1"
"IPRESM";"S";"0042";"            FINSI"
"IPRESM";"S";"0043";"         SINON"
"IPRESM";"S";"0044";"            HJOU_IJQPRESBA1 = 2"
"IPRESM";"S";"0045";"         FINSI"
"IPRESM";"S";"0046";"      FINSI"
"IPRESM";"S";"0047";"* Temps de presence apres-midi"
"IPRESM";"S";"0048";"      SI PROF_PTTHEO3 > 0"
"IPRESM";"S";"0049";"         SI PROF_PTTHEO3 < 100"
"IPRESM";"S";"0050";"            ANALYSE PROF_PTTHEO3 PROF_PTTHEO4"
"IPRESM";"S";"0051";"            SI TEMP_HIPRE > 0"
"IPRESM";"S";"0052";"               HJOU_IJQPRESBA2 = 1"
"IPRESM";"S";"0053";"            FINSI"
"IPRESM";"S";"0054";"         SINON"
"IPRESM";"S";"0055";"            HJOU_IJQPRESBA2 = 2"
"IPRESM";"S";"0056";"         FINSI"
"IPRESM";"S";"0057";"      FINSI"
"IPRESM";"S";"0058";"   FINSI"
"IPRESM";"S";"0059";"FINSI"
"IPRESM";"S";"0060";"FIN"
"IHSUPPDIM";"S";"0488";"         SI LOCA_CONSO = 1"
"IHSUPPDIM";"S";"0489";"            SI HJOU_IJRSHSMREH < 0"
"IHSUPPDIM";"S";"0490";"               ANOMALIE 226"
"IHSUPPDIM";"S";"0491";"               TEMP_CNRETOUR = 2"
"IHSUPPDIM";"S";"0492";"               TEMP_CNMESS = 226"
"IHSUPPDIM";"S";"0493";"            FINSI"
"IHSUPPDIM";"S";"0494";"         FINSI"
"IHSUPPDIM";"S";"0495";"      FINSI"
"IHSUPPDIM";"S";"0496";"**"
"IHSUPPDIM";"S";"0497";"** Soldes previsionnels"
"IHSUPPDIM";"S";"0498";"**"
"IHSUPPDIM";"S";"0499";"      SI CTRA_DATFIN > TEMP_DATJOU"
"IHSUPPDIM";"S";"0500";"         SI CTRA_DATFIN < LOCA_DATEFU"
"IHSUPPDIM";"S";"0501";"            DATAJT CTRA_DATFIN 12 ""J"" 1"
"IHSUPPDIM";"S";"0502";"            LOCA_DATEFU = TEMP_DXFINPER"
"IHSUPPDIM";"S";"0503";"         SINON"
"ICRPRO";"S";"0010";"*"
"ICRPRO";"S";"0011";"*"
"ICRPRO";"S";"0012";"*"
"ICRPRO";"S";"0013";"*"
"ICRPRO";"S";"0014";"*----------------------------------------------------------------------"
"ICRPRO";"S";"0015";"* Créé par : Cellule Industrialisation"
"ICRPRO";"S";"0016";"* Date     : 03/09/2009"
"ICRPRO";"S";"0017";"* Version  : 1"
"ICRPRO";"S";"0018";"*----------------------------------------------------------------------"
"IHSUPPDIM";"S";"0504";"            SI CTRA_DATFIN < LOCA_DATEFU2"
"IHSUPPDIM";"S";"0505";"               DATAJT CTRA_DATFIN 12 ""J"" 1"
"IHSUPPDIM";"S";"0506";"               LOCA_DATEFU2 = TEMP_DXFINPER"
"IHSUPPDIM";"S";"0507";"            FINSI"
"IHSUPPDIM";"S";"0508";"         FINSI"
"IHSUPPDIM";"S";"0509";"      FINSI"
"IHSUPPDIM";"S";"0510";"***"
"IHSUPPDIM";"S";"0511";"      SI TEMP_DATSUI = LOCA_DATEFU"
"IHSUPPDIM";"S";"0512";"         EMPL_IEQSHSMRE1 = HJOU_IJRSHSMREH"
"IHSUPPDIM";"S";"0513";"      FINSI"
"IHSUPPDIM";"S";"0514";"**"
"IHSUPPDIM";"S";"0515";"      SI TEMP_DATSUI = LOCA_DATEFU2"
"IHSUPPDIM";"S";"0516";"         EMPL_IEQSHSMRE2 = HJOU_IJRSHSMREH"
"IHSUPPDIM";"S";"0517";"      FINSI"
"IHSUPPDIM";"S";"0518";"   FINSI"
"IHSUPPDIM";"S";"0519";"FINSI"
"IHSUPPDIM";"S";"0520";"*"
"ICRPRO";"S";"0019";"* Modifiée par : Cellule Industrialisation"
"ICRPRO";"S";"0020";"* Date         : JJ/MM/AAAA"
"ICRPRO";"S";"0021";"* Objet        :"
"ICRPRO";"S";"0022";"***********************************************************************"
"ICRPRO";"S";"0023";"*"
"ICRPRO";"S";"0024";"* Implémentation des données industrielles"
"ICRPRO";"S";"0025";"*"
"ICRPRO";"S";"0026";"DEBDICO"
"ICRPRO";"S";"0027";"   HJOU_IJIVMOTFOR;N;A10;X;;;123456789;II;;C0;""Motif de forfait temps"";"
"ICRPRO";"S";"0028";"   HJOU_IJIM2PRENB;O;A10;X;;;123456789;II;;C0;""Motif présence non badgée"";"
"ICRPRO";"S";"0029";"FINDICO"
"ICRPRO";"S";"0030";"*"
"ICRPRO";"S";"0031";"* Déclaration des donnees locales"
"ICRPRO";"S";"0032";"*"
"ICRPRO";"S";"0033";"*---------------------------------------------------------------------"
"ICRPRO";"S";"0034";"*   CREDIT AUTOMATIQUE LIE A L'HORAIRE                               *"
"ICRPRO";"S";"0035";"*---------------------------------------------------------------------"
"ICRPRO";"S";"0036";"SI HJOU_DATE <= TEMP_DATJOU"
"ICRPRO";"S";"0037";"   SI HJOU_IJIVMOTFOR <> "" """
"ICRPRO";"S";"0038";"      ENLEVER HJOU_IJIVMOTFOR"
"ICRPRO";"S";"0039";"      HJOU_IJIVMOTFOR = "" """
"ICRPRO";"S";"0040";"   FINSI"
"ICRPRO";"S";"0041";"   SI PROF_IPIVMOPANB <> "" """
"ICRPRO";"S";"0042";"      SI PROF_IPIVPREANB <> 0"
"ICRPRO";"S";"0043";"         SI HJOU_IJQPRESBAJ >= PROF_IPIVMIPANB"
"ICRPRO";"S";"0044";"            AJOUTER PROF_IPIVMOPANB ""H"" PROF_IPIVPREANB"
"ICRPRO";"S";"0045";"            HJOU_IJIVMOTFOR = PROF_IPIVMOPANB"
"ICRPRO";"S";"0046";"         FINSI"
"ICRPRO";"S";"0047";"      FINSI"
"ICRPRO";"S";"0048";"   FINSI"
"ICRPRO";"S";"0049";"FINSI"
"ICRPRO";"S";"0050";"*"
"ICRPRO";"S";"0051";"*---------------------------------------------------------------------"
"ICRPRO";"S";"0052";"*   CREDIT AUTOMATIQUE LIE A L'EMPLOYE                               *"
"ICRPRO";"S";"0053";"*---------------------------------------------------------------------"
"ICRPRO";"S";"0054";"SI HJOU_DATE <= TEMP_DATJOU"
"ICRPRO";"S";"0055";"   SI HJOU_IJIM2PRENB <> "" """
"ICRPRO";"S";"0056";"      ENLEVER HJOU_IJIM2PRENB"
"ICRPRO";"S";"0057";"      HJOU_IJIM2PRENB = "" """
"ICRPRO";"S";"0058";"   FINSI"
"ICRPRO";"S";"0059";"   SI HJOU_IJIM1PRENB <> "" """
"ICRPRO";"S";"0060";"      SI HJOU_IJIVAPRENB <> 0"
"ICRPRO";"S";"0061";"         SI HJOU_IJQPRESBAJ >= HJOU_IJIMIAPRNB"
"ICRPRO";"S";"0062";"            AJOUTER HJOU_IJIM1PRENB ""H"" HJOU_IJIVAPRENB"
"ICRPRO";"S";"0063";"            HJOU_IJIM2PRENB = HJOU_IJIM1PRENB"
"ICRPRO";"S";"0064";"         FINSI"
"ICRPRO";"S";"0065";"      FINSI"
"ICRPRO";"S";"0066";"   FINSI"
"ICRPRO";"S";"0067";"FINSI"
"ICRPRO";"S";"0068";"FIN"
"IPAUSE";"S";"0001";"***********************************************************************"
"IPAUSE";"S";"0002";"* Règle : IPAUSE"
"IPAUSE";"S";"0003";"* Ordre : 2500"
"IPAUSE";"S";"0004";"* Titre : Gestion des pauses"
"IPAUSE";"S";"0005";"* Package   : Privé 16.3"
"IHSUPPDIM";"S";"0521";"FIN"
"IHCOMP";"S";"0045";"   MOTI_IMIGHRPAYE;O;Z1;X;0;1;123456789;C;;C2;""Participe aux heures payées"";"
"IHCOMP";"S";"0046";"   EMPL_IEQSHSMRE1;N;T8,2;L;;;   456789;;;V3;""Solde prévisionnel 1 HS à recup."";"
"IHCOMP";"S";"0047";"   EMPL_IEQSHSMRE2;N;T8,2;L;;;   456789;;;V3;""Solde prévisionnel 2 HS à recup."";"
"IHCOMP";"S";"0048";"   PARD_IDIHCTAUX1;O;N2;I;;;123456789;;;C3;""Heures compl. taux 1 (%)"";"
"IHCOMP";"S";"0049";"   PARD_IDIHCTAUX2;O;N2;I;;;123456789;;;C3;""Heures compl. à récup. taux 2 (%)"";"
"IHCOMP";"S";"0050";"   HJOU_IJQHCNMAPA;N;T6,2;I;;;    56789;;;V3;""Heures comp. payées non majorées"";"
"IHCOMP";"S";"0051";"   HJOU_IJQHSNMAP2;N;T6,2;I;;;    56789;;;V3;""Heures complémentaires taux 2"";"
"IHCOMP";"S";"0052";"   HJOU_IJQHSNMAR2;N;T6,2;I;;;     6789;;;V3;""Heures complémentaires taux 2 à récup."";"
"IHCOMP";"S";"0053";"   TEMP_ITCHEHS;N;T6,2;I;;;9;;;V3;""Durée de chevauchement HS"";"
"IHCOMP";"S";"0054";"   TEMP_ITCHEHP;N;T6,2;I;;;9;;;V3;""Durée de chevauchement Heure base payée"";"
"IHCOMP";"S";"0055";"   PARD_IDIHDEBP;O;A1;X;;;     6789;L9;;C3;""Découpage semaine"";"
"IHCOMP";"S";"0056";"   HORC_IHIHCTAUX1;O;N2;I;;;123456789;;;C3;""Heures compl. taux 1 (%)"";"
"IHCOMP";"S";"0057";"   HORC_IHIHCTAUX2;O;N2;I;;;123456789;;;C3;""Heures compl. taux 2 (%)"";"
"IHCOMP";"S";"0058";"FINDICO"
"IHCOMP";"S";"0059";"DEBANO"
"IHCOMP";"S";"0060";"   171;8;""Dépassement de l'horaire hebdomadaire temps plein"";"
"IHCOMP";"S";"0061";"   192;9;""Heures non majorées payées négatives"";"
"IHCOMP";"S";"0062";"   225;6;""Nombre maxi d'heures complémentaires atteint pour ce contrat"";"
"IHCOMP";"S";"0063";"   226;9;""Solde récup HS/HC insuffisant"";"
"IHCOMP";"S";"0064";"FINANO"
"IHCOMP";"S";"0065";"*"
"IHCOMP";"S";"0066";"* Déclaration des donnees locales"
"IHCOMP";"S";"0067";"*"
"IHCOMP";"S";"0068";"DEF LOCA_NBCYCLE N2"
"IHCOMP";"S";"0069";"LOCA_NBCYCLE = 0"
"IHCOMP";"S";"0070";"DEF LOCA_CAL N1"
"IHCOMP";"S";"0071";"LOCA_CAL = 0"
"IHCOMP";"S";"0072";"DEF LOCA_HORHEB T6.2"
"IHCOMP";"S";"0073";"LOCA_HORHEB = 0"
"IHCOMP";"S";"0074";"DEF LOCA_HORCOH T6.2"
"IHCOMP";"S";"0075";"LOCA_HORCOH = 0"
"IHCOMP";"S";"0076";"DEF LOCA_10 T6.2"
"IHCOMP";"S";"0077";"LOCA_10 = 0"
"IHCOMP";"S";"0078";"DEF LOCA_HCOMP T6.2"
"IHCOMP";"S";"0079";"LOCA_HCOMP = 0"
"IHCOMP";"S";"0080";"DEF LOCA_DATE D"
"IHCOMP";"S";"0081";"LOCA_DATE = "" """
"IHCOMP";"S";"0082";"DEF LOCA_ACOURS N4"
"IHCOMP";"S";"0083";"LOCA_ACOURS = 0"
"IHCOMP";"S";"0084";"DEF LOCA_ACOURS2 N4"
"IHCOMP";"S";"0085";"LOCA_ACOURS2 = 0"
"IHCOMP";"S";"0086";"DEF LOCA_DATEFU D"
"IHCOMP";"S";"0087";"LOCA_DATEFU = "" """
"IHCOMP";"S";"0088";"DEF LOCA_DATEFU2 D"
"IHCOMP";"S";"0089";"LOCA_DATEFU2 = "" """
"IHCOMP";"S";"0090";"DEF LOCA_TAUXC N4.2"
"IHCOMP";"S";"0091";"LOCA_TAUXC = 0"
"IHCOMP";"S";"0092";"DEF LOCA_TAUXC2 N4.2"
"IHCOMP";"S";"0093";"LOCA_TAUXC2 = 0"
"IHCOMP";"S";"0094";"DEF LOCA_CAL2 T6.2"
"IHCOMP";"S";"0095";"LOCA_CAL2 = 0"
"IHCOMP";"S";"0096";"DEF LOCA_CONSO N1"
"IHCOMP";"S";"0097";"LOCA_CONSO = 0"
"IHCOMP";"S";"0098";"*"
"IHCOMP";"S";"0099";"*"
"IHCOMP";"S";"0100";"*"
"IHCOMP";"S";"0101";"SI PARD_IDIHDEBP <> ""1"""
"IHCOMP";"S";"0102";"* Si temps partiels"
"IHCOMP";"S";"0103";"   SI HJOU_IJITYPCTRA > 0"
"IHCOMP";"S";"0104";"      SI HJOU_IJITYPCTRA < 100"
"IHCOMP";"S";"0105";"*"
"IHCOMP";"S";"0106";"*"
"IHCOMP";"S";"0107";"* *Sélection des taux entre HOR et CFG"
"IHCOMP";"S";"0108";"         DEF LOCA_HOR1 N2"
"IHCOMP";"S";"0109";"         LOCA_HOR1 = 0"
"IHCOMP";"S";"0110";"         DEF LOCA_HOR2 N2"
"IHCOMP";"S";"0111";"         LOCA_HOR2 = 0"
"IHCOMP";"S";"0112";"*"
"IHCOMP";"S";"0113";"         SI HORC_IHIHCTAUX1 > 0"
"IHCOMP";"S";"0114";"            SI HORC_IHIHCTAUX1 < 545"
"IHCOMP";"S";"0115";"               LOCA_HOR1 = 1"
"IHCOMP";"S";"0116";"            FINSI"
"IHCOMP";"S";"0117";"         FINSI"
"IHCOMP";"S";"0118";"*"
"IHCOMP";"S";"0119";"         SI HORC_IHIHCTAUX2 > 0"
"IHCOMP";"S";"0120";"            SI HORC_IHIHCTAUX2 < 545"
"IHCOMP";"S";"0121";"               LOCA_HOR2 = 1"
"IHCOMP";"S";"0122";"            FINSI"
"IHCOMP";"S";"0123";"         FINSI"
"IHCOMP";"S";"0124";"*"
"IHCOMP";"S";"0125";"* * Taux 1 pour récupération"
"IHCOMP";"S";"0126";"         SI LOCA_HOR1 = 1"
"IHCOMP";"S";"0127";"            LOCA_TAUXC = HORC_IHIHCTAUX1 / 100"
"IHCOMP";"S";"0128";"         SINON"
"IHCOMP";"S";"0129";"            LOCA_TAUXC = PARD_IDIHCTAUX1 / 100"
"IHCOMP";"S";"0130";"         FINSI"
"IHCOMP";"S";"0131";"         LOCA_TAUXC = LOCA_TAUXC + 1"
"IHCOMP";"S";"0132";"* Taux 2 pour récupération"
"IHCOMP";"S";"0133";"         SI LOCA_HOR2 = 1"
"IHCOMP";"S";"0134";"            LOCA_TAUXC2 = HORC_IHIHCTAUX2 / 100"
"IHCOMP";"S";"0135";"         SINON"
"IHCOMP";"S";"0136";"            LOCA_TAUXC2 = PARD_IDIHCTAUX2 / 100"
"IHCOMP";"S";"0137";"         FINSI"
"IHCOMP";"S";"0138";"         LOCA_TAUXC2 = LOCA_TAUXC2 + 1"
"IHCOMP";"S";"0139";"*"
"IHCOMP";"S";"0140";"* Analyse des motifs"
"IHCOMP";"S";"0141";"         DEF LOCA_REHC T6.2"
"IHCOMP";"S";"0142";"         LOCA_REHC = 0"
"IHCOMP";"S";"0143";"         DEF LOCA_HPAYE T6.2"
"IHCOMP";"S";"0144";"         LOCA_HPAYE = 0"
"IHCOMP";"S";"0145";"         DEF LOCA_ZHPA T6.2"
"IHCOMP";"S";"0146";"         LOCA_ZHPA = 999"
"IHCOMP";"S";"0147";"         DEF LOCA_XHPA T6.2"
"IHCOMP";"S";"0148";"         LOCA_XHPA = 0"
"IHCOMP";"S";"0149";"         DEF LOCA_BASE T6.2"
"IHCOMP";"S";"0150";"         LOCA_BASE = 0"
"IHCOMP";"S";"0151";"         DEF LOCA_ZBHS T6.2"
"IHCOMP";"S";"0152";"         LOCA_ZBHS = 999"
"IHCOMP";"S";"0153";"         DEF LOCA_ZBPA T6.2"
"IHCOMP";"S";"0154";"         LOCA_ZBPA = 999"
"IHCOMP";"S";"0155";"         DEF LOCA_XCOP T6.2"
"IHCOMP";"S";"0156";"         LOCA_XCOP = 0"
"IHCOMP";"S";"0157";"         DEF LOCA_ZCOP T6.2"
"IHCOMP";"S";"0158";"         LOCA_ZCOP = 999"
"IHCOMP";"S";"0159";"         DEF LOCA_XCOP2 T6.2"
"IHCOMP";"S";"0160";"         LOCA_XCOP2 = 0"
"IHCOMP";"S";"0161";"         DEF LOCA_ZCOP2 T6.2"
"IHCOMP";"S";"0162";"         LOCA_ZCOP2 = 999"
"IHCOMP";"S";"0163";"         DEF LOCA_XCOR T6.2"
"IHCOMP";"S";"0164";"         LOCA_XCOR = 0"
"IHCOMP";"S";"0165";"         DEF LOCA_ZCOR T6.2"
"IHCOMP";"S";"0166";"         LOCA_ZCOR = 999"
"IHCOMP";"S";"0167";"         DEF LOCA_XCOR2 T6.2"
"IHCOMP";"S";"0168";"         LOCA_XCOR2 = 0"
"IHCOMP";"S";"0169";"         DEF LOCA_ZCOR2 T6.2"
"IHCOMP";"S";"0170";"         LOCA_ZCOR2 = 999"
"IHCOMP";"S";"0171";"         DEF LOCA_ZHCP T6.2"
"IHCOMP";"S";"0172";"         LOCA_ZHCP = 999"
"IHCOMP";"S";"0173";"         DEF LOCA_XCHS T6.2"
"IPAUSE";"S";"0006";"*----------------------------------------------------------------------"
"IPAUSE";"S";"0007";"*"
"IPAUSE";"S";"0008";"*"
"IPAUSE";"S";"0009";"* Rôle :"
"IPAUSE";"S";"0010";"*"
"IPAUSE";"S";"0011";"*  Calcul du temps de pause entre la première sortie et la première"
"IPAUSE";"S";"0012";"*  entrée et la troisième sortie et la troisième entrée"
"IPAUSE";"S";"0013";"*"
"IPAUSE";"S";"0014";"*"
"IPAUSE";"S";"0015";"*----------------------------------------------------------------------"
"IPAUSE";"S";"0016";"* Créé par : Cellule Industrialisation"
"IPAUSE";"S";"0017";"* Date     : 03/09/2009"
"IPAUSE";"S";"0018";"* Version  : 1"
"IPAUSE";"S";"0019";"*---------------------------------------------------------------------"
"IPAUSE";"S";"0020";"* Modifiée par : Cellule Industrialisation"
"IPAUSE";"S";"0021";"* Date         : JJ/MM/AAAA"
"IPAUSE";"S";"0022";"* Objet        :"
"IHCOMP";"S";"0174";"         LOCA_XCHS = 0"
"IHCOMP";"S";"0175";"         DEF LOCA_ZCHS T6.2"
"IHCOMP";"S";"0176";"         LOCA_ZCHS = 999"
"IHCOMP";"S";"0177";"         DEF LOCA_XRHA T6.2"
"IHCOMP";"S";"0178";"         LOCA_XRHA = 0"
"IHCOMP";"S";"0179";"         DEF LOCA_ZRHA T6.2"
"IHCOMP";"S";"0180";"         LOCA_ZRHA = 999"
"IHCOMP";"S";"0181";"         DEF LOCA_ZPAY T6.2"
"IHCOMP";"S";"0182";"         LOCA_ZPAY = 999"
"IHCOMP";"S";"0183";"*"
"IHCOMP";"S";"0184";"         POUR ACTIVITES"
"IHCOMP";"S";"0185";"            SI MOTI_MOTYPE <> ""C"""
"IHCOMP";"S";"0186";"               SI MOTI_IMIGHRSSUP = ""1"""
"IHCOMP";"S";"0187";"               OU MOTI_IMIGHRPAYE = ""1"""
"IHCOMP";"S";"0188";"                  LOCA_HPAYE = HABS_MOTIDUR"
"IHCOMP";"S";"0189";"               FINSI"
"IHCOMP";"S";"0190";"*"
"IHCOMP";"S";"0191";"               SI MOTI_IMIGHRSSUP = ""1"""
"IHCOMP";"S";"0192";"                  LOCA_BASE = HABS_MOTIDUR"
"IHCOMP";"S";"0193";"               FINSI"
"IHCOMP";"S";"0194";"*"
"IHCOMP";"S";"0195";"               SI HABS_MOTIF = PARD_IDIVMOTHSR"
"IHCOMP";"S";"0196";"                  LOCA_CONSO = 1"
"IHCOMP";"S";"0197";"                  LOCA_REHC = HABS_MOTIDUR"
"IHCOMP";"S";"0198";"               FINSI"
"IHCOMP";"S";"0199";"            SINON"
"IHCOMP";"S";"0200";"               SI HABS_MOTIF = ""ZHPA"""
"IHCOMP";"S";"0201";"                  LOCA_ZHPA = HABS_MOTIDUR"
"IHCOMP";"S";"0202";"               FINSI"
"IHCOMP";"S";"0203";"*"
"IHCOMP";"S";"0204";"               SI HABS_MOTIF = ""XHPA"""
"IHCOMP";"S";"0205";"                  LOCA_XHPA = LOCA_XHPA + HABS_MOTIDUR"
"IHCOMP";"S";"0206";"               FINSI"
"IHCOMP";"S";"0207";"*"
"IHCOMP";"S";"0208";"               SI HABS_MOTIF = ""ZBHS"""
"IHCOMP";"S";"0209";"                  LOCA_ZBHS = HABS_MOTIDUR"
"IHCOMP";"S";"0210";"               FINSI"
"IHCOMP";"S";"0211";"*"
"IHCOMP";"S";"0212";"               SI HABS_MOTIF = ""ZBPA"""
"IHCOMP";"S";"0213";"                  LOCA_ZBPA = HABS_MOTIDUR"
"IHCOMP";"S";"0214";"               FINSI"
"IHCOMP";"S";"0215";"*"
"IHCOMP";"S";"0216";"               SI HABS_MOTIF = ""XCOP"""
"IHCOMP";"S";"0217";"                  LOCA_XCOP = LOCA_XCOP + HABS_MOTIDUR"
"IHCOMP";"S";"0218";"               FINSI"
"IHCOMP";"S";"0219";"*"
"IHCOMP";"S";"0220";"               SI HABS_MOTIF = ""ZCOP"""
"IHCOMP";"S";"0221";"                  LOCA_ZCOP = HABS_MOTIDUR"
"IHCOMP";"S";"0222";"               FINSI"
"IHCOMP";"S";"0223";"*"
"IHCOMP";"S";"0224";"               SI HABS_MOTIF = ""XCOP2"""
"IHCOMP";"S";"0225";"                  LOCA_XCOP2 = LOCA_XCOP2 + HABS_MOTIDUR"
"IHCOMP";"S";"0226";"               FINSI"
"IHCOMP";"S";"0227";"*"
"IHCOMP";"S";"0228";"               SI HABS_MOTIF = ""ZCOP2"""
"IHCOMP";"S";"0229";"                  LOCA_ZCOP2 = HABS_MOTIDUR"
"IHCOMP";"S";"0230";"               FINSI"
"IHCOMP";"S";"0231";"*"
"IHCOMP";"S";"0232";"               SI HABS_MOTIF = ""XCOR"""
"IHCOMP";"S";"0233";"                  LOCA_XCOR = LOCA_XCOR + HABS_MOTIDUR"
"IHCOMP";"S";"0234";"               FINSI"
"IHCOMP";"S";"0235";"*"
"IHCOMP";"S";"0236";"               SI HABS_MOTIF = ""ZCOR"""
"IHCOMP";"S";"0237";"                  LOCA_ZCOR = HABS_MOTIDUR"
"IHCOMP";"S";"0238";"               FINSI"
"IHCOMP";"S";"0239";"*"
"IHCOMP";"S";"0240";"               SI HABS_MOTIF = ""XCOR2"""
"IHCOMP";"S";"0241";"                  LOCA_XCOR2 = LOCA_XCOR2 + HABS_MOTIDUR"
"IHCOMP";"S";"0242";"               FINSI"
"IHCOMP";"S";"0243";"*"
"IHCOMP";"S";"0244";"               SI HABS_MOTIF = ""ZCOR2"""
"IHCOMP";"S";"0245";"                  LOCA_ZCOR2 = HABS_MOTIDUR"
"IHCOMP";"S";"0246";"               FINSI"
"IHCOMP";"S";"0247";"*"
"IHCOMP";"S";"0248";"               SI HABS_MOTIF = ""ZHCP"""
"IHCOMP";"S";"0249";"                  LOCA_ZHCP = HABS_MOTIDUR"
"IHCOMP";"S";"0250";"               FINSI"
"IHCOMP";"S";"0251";"*"
"IHCOMP";"S";"0252";"               SI HABS_MOTIF = ""XCHS"""
"IHCOMP";"S";"0253";"                  LOCA_XCHS = LOCA_XCHS + HABS_MOTIDUR"
"IHCOMP";"S";"0254";"               FINSI"
"IHCOMP";"S";"0255";"*"
"IHCOMP";"S";"0256";"               SI HABS_MOTIF = ""ZCHS"""
"IHCOMP";"S";"0257";"                  LOCA_ZCHS = 999"
"IHCOMP";"S";"0258";"               FINSI"
"IHCOMP";"S";"0259";"*"
"IHCOMP";"S";"0260";"               SI HABS_MOTIF = ""ZRHA"""
"IHCOMP";"S";"0261";"                  LOCA_ZRHA = HABS_MOTIDUR"
"IHCOMP";"S";"0262";"               FINSI"
"IHCOMP";"S";"0263";"*"
"IHCOMP";"S";"0264";"               SI HABS_MOTIF = ""XRHA"""
"IHCOMP";"S";"0265";"                  LOCA_XRHA = LOCA_XRHA + HABS_MOTIDUR"
"IHCOMP";"S";"0266";"               FINSI"
"IHCOMP";"S";"0267";"*"
"IHCOMP";"S";"0268";"               SI HABS_MOTIF = ""ZPAY"""
"IHCOMP";"S";"0269";"                  LOCA_ZPAY = HABS_MOTIDUR"
"IHCOMP";"S";"0270";"               FINSI"
"IHCOMP";"S";"0271";"            FINSI"
"IHCOMP";"S";"0272";"         FINPOUR"
"IHCOMP";"S";"0273";"*"
"IHCOMP";"S";"0274";"* Alimentation des données locales pour calcul soldes prévisionnels"
"IHCOMP";"S";"0275";"*"
"IHCOMP";"S";"0276";"         SI PARD_IDIDDEBANN <> "" """
"IHCOMP";"S";"0277";"            LOCA_DATE(5:4) = PARD_IDIDDEBANN(5:4)"
"IHCOMP";"S";"0278";"         SINON"
"IHCOMP";"S";"0279";"            LOCA_DATE(5:4) = ""0101"""
"IHCOMP";"S";"0280";"         FINSI"
"IHCOMP";"S";"0281";"*"
"IHCOMP";"S";"0282";"         SI HJOU_DATE(5:4) = LOCA_DATE(5:4)"
"IHCOMP";"S";"0283";"            HJOU_IJRHSHMAJA = 0"
"IHCOMP";"S";"0284";"            HJOU_IJRHSMPAYA = 0"
"IHCOMP";"S";"0285";"            HJOU_IJRHRECANN = 0"
"IHCOMP";"S";"0286";"         FINSI"
"IHCOMP";"S";"0287";"*"
"IHCOMP";"S";"0288";"*"
"IHCOMP";"S";"0289";"         LOCA_ACOURS << TEMP_DATJOU(1:4)"
"IHCOMP";"S";"0290";"         LOCA_ACOURS2 = LOCA_ACOURS + 1"
"IHCOMP";"S";"0291";"*"
"IHCOMP";"S";"0292";"         SI TEMP_DATJOU(5:4) >= LOCA_DATE(5:4)"
"IHCOMP";"S";"0293";"            LOCA_ACOURS = LOCA_ACOURS + 1"
"IHCOMP";"S";"0294";"            LOCA_ACOURS2 = LOCA_ACOURS + 1"
"IHCOMP";"S";"0295";"         FINSI"
"IHCOMP";"S";"0296";"*"
"IHCOMP";"S";"0297";"         LOCA_DATEFU(1:4) << LOCA_ACOURS"
"IHCOMP";"S";"0298";"         LOCA_DATEFU(5:4) = LOCA_DATE(5:4)"
"IHCOMP";"S";"0299";"         LOCA_DATEFU2(1:4) << LOCA_ACOURS2"
"IHCOMP";"S";"0300";"         LOCA_DATEFU2(5:4) = LOCA_DATE(5:4)"
"IHCOMP";"S";"0301";"*"
"IHCOMP";"S";"0302";"* INRH = 1 calcul des HS chaque dimanche"
"IHCOMP";"S";"0303";"* INRH = 2 calcul des HS le dernier dimanche du cycle"
"IHCOMP";"S";"0304";"* INRH = 3 calcul des HS chaque dimanche et en fin d'annualisation"
"IHCOMP";"S";"0305";"* Raz de la base HS le lundi"
"IHCOMP";"S";"0306";"         SI HJOU_JOUR = ""1"""
"IHCOMP";"S";"0307";"* raz chaque lundi <> 2 (0/1/3)"
"IHCOMP";"S";"0308";"            SI HJOU_IJIGHSUPPM <> ""2"""
"IHCOMP";"S";"0309";"               HJOU_IJRBHSMPAH = 0"
"IHCOMP";"S";"0310";"               HJOU_IJRBHPAYEE = 0"
"IHCOMP";"S";"0311";"            FINSI"
"IHCOMP";"S";"0312";"* raz le premier lundi du cycle si INRH = 2"
"IHCOMP";"S";"0313";"            SI HJOU_IJIGHSUPPM = ""2"""
"IHCOMP";"S";"0314";"* stokage de la duree theorique du code horaire"
"IHCOMP";"S";"0315";"               SI HJOU_RANG = 1"
"IHCOMP";"S";"0316";"                  HJOU_IJRBHSMPAH = 0"
"IHCOMP";"S";"0317";"* raz de la duree theorique du cycle"
"IHCOMP";"S";"0318";"                  HJOU_IJRTHEOCYC = 0"
"IHCOMP";"S";"0319";"                  HJOU_IJRBHPAYEE = 0"
"IHCOMP";"S";"0320";"               FINSI"
"IHCOMP";"S";"0321";"* cumul de la duree theorique du cycle"
"IHCOMP";"S";"0322";"               HJOU_IJRTHEOCYC = HJOU_IJRTHEOCYC + HJOU_HORHEB"
"IHCOMP";"S";"0323";"            FINSI"
"IHCOMP";"S";"0324";"         FINSI"
"IHCOMP";"S";"0325";"*"
"IHCOMP";"S";"0326";"*"
"IHCOMP";"S";"0327";"********************************************************************"
"IHCOMP";"S";"0328";"* Calcul des heures payées quotidiennes"
"IHCOMP";"S";"0329";"         SI HJOU_IJIGHSUPPM <> ""0"""
"IHCOMP";"S";"0330";"         OU HJOU_IJIGRETETR = ""3"""
"IHCOMP";"S";"0331";"*"
"IHCOMP";"S";"0332";"            HJOU_IJQHPAYEES = HJOU_IJQPRESBAV"
"IHCOMP";"S";"0333";"* impact des motifs"
"IHCOMP";"S";"0334";"            HJOU_IJQHPAYEES = HJOU_IJQHPAYEES + LOCA_HPAYE"
"IHCOMP";"S";"0335";"*"
"IHCOMP";"S";"0336";"* forçage des Heures payées"
"IHCOMP";"S";"0337";"            HJOU_IJQHPAYEES = HJOU_IJQHPAYEES + LOCA_XHPA"
"IHCOMP";"S";"0338";"            SI LOCA_ZHPA <> 999"
"IHCOMP";"S";"0339";"               HJOU_IJQHPAYEES = LOCA_ZHPA"
"IHCOMP";"S";"0340";"            FINSI"
"IHCOMP";"S";"0341";"*** déduction chevauchement du temps"
"IHCOMP";"S";"0342";"*"
"IHCOMP";"S";"0343";"            SI TEMP_ITCHEHP > 0"
"IHCOMP";"S";"0344";"               HJOU_IJQHPAYEES = HJOU_IJQHPAYEES - TEMP_ITCHEHP"
"IHCOMP";"S";"0345";"               SI HJOU_IJQHPAYEES < 0"
"IHCOMP";"S";"0346";"                  HJOU_IJQHPAYEES = 0"
"IHCOMP";"S";"0347";"               FINSI"
"IHCOMP";"S";"0348";"            FINSI"
"IHCOMP";"S";"0349";"*"
"IHCOMP";"S";"0350";"**************************************************************"
"IHCOMP";"S";"0351";"** alimentation des bases hebdo"
"IHCOMP";"S";"0352";"*"
"IHCOMP";"S";"0353";"            HJOU_IJRBHSMPAH = HJOU_IJRBHSMPAH + HJOU_IJQPRESBAV"
"IHCOMP";"S";"0354";"            SI TEMP_ITCHEHS > 0"
"IHCOMP";"S";"0355";"               HJOU_IJRBHSMPAH = HJOU_IJRBHSMPAH - TEMP_ITCHEHS"
"IHCOMP";"S";"0356";"               SI HJOU_IJRBHSMPAH < 0"
"IHCOMP";"S";"0357";"                  HJOU_IJRBHSMPAH = 0"
"IHCOMP";"S";"0358";"               FINSI"
"IHCOMP";"S";"0359";"            FINSI"
"IHCOMP";"S";"0360";"*"
"IHCOMP";"S";"0361";"            HJOU_IJRBHPAYEE = HJOU_IJRBHPAYEE + HJOU_IJQHPAYEES"
"IHCOMP";"S";"0362";"* impact des motifs"
"IHCOMP";"S";"0363";"            HJOU_IJRBHSMPAH = HJOU_IJRBHSMPAH + LOCA_BASE"
"IHCOMP";"S";"0364";"* consigne de foçage"
"IHCOMP";"S";"0365";"            SI LOCA_ZBHS <> 999"
"IHCOMP";"S";"0366";"               HJOU_IJRBHSMPAH = LOCA_ZBHS"
"IHCOMP";"S";"0367";"            FINSI"
"IHCOMP";"S";"0368";"            SI LOCA_ZBPA <> 999"
"IHCOMP";"S";"0369";"               HJOU_IJRBHPAYEE = LOCA_ZBPA"
"IHCOMP";"S";"0370";"            FINSI"
"IHCOMP";"S";"0371";"*"
"IHCOMP";"S";"0372";"***************************************************************"
"IHCOMP";"S";"0373";"*"
"IHCOMP";"S";"0374";"* calcul des seuils"
"IHCOMP";"S";"0375";"            SI HJOU_JOUR = ""7"""
"IHCOMP";"S";"0376";"               SI HJOU_IJIGHSUPPM = ""1"""
"IHCOMP";"S";"0377";"               OU HJOU_IJIGHSUPPM = ""3"""
"IHCOMP";"S";"0378";"** pour les temps partiels"
"IHCOMP";"S";"0379";"**"
"IHCOMP";"S";"0380";"                  LOCA_HORHEB = HJOU_HORHEB"
"IHCOMP";"S";"0381";"                  LOCA_HORCOH = PARD_IDIVHORCOH"
"IHCOMP";"S";"0382";"* 10% du contrat pour les temps partiel"
"IHCOMP";"S";"0383";"                  LOCA_10 = LOCA_HORHEB * 0.10"
"IHCOMP";"S";"0384";"                  LOCA_CAL = 1"
"IHCOMP";"S";"0385";"               FINSI"
"IHCOMP";"S";"0386";"               SI HJOU_IJIGHSUPPM = ""2"""
"IHCOMP";"S";"0387";"* dans le cas ou les HS se calculent en fin de cycle"
"IHCOMP";"S";"0388";"* loca_nbcycle correspond au nombre de semaines"
"IHCOMP";"S";"0389";"                  LOCA_NBCYCLE = HJOU_LGCYCLE / 7"
"IHCOMP";"S";"0390";"                  SI HJOU_RANG = LOCA_NBCYCLE"
"IHCOMP";"S";"0391";"* recalcul des seuils par rapport au nombre de semaines"
"IHCOMP";"S";"0392";"** pour les temps partiels"
"IHCOMP";"S";"0393";"* LOCA_HORHEB = HJOU_HORHEB * LOCA_NBCYCLE"
"IHCOMP";"S";"0394";"                     LOCA_HORHEB = HJOU_IJRTHEOCYC"
"IHCOMP";"S";"0395";"                     LOCA_HORCOH = PARD_IDIVHORCOH * LOCA_NBCYCLE"
"IHCOMP";"S";"0396";"* 10% du contrat pour les temps partiel"
"IHCOMP";"S";"0397";"                     LOCA_10 = LOCA_HORHEB * 0.10"
"IHCOMP";"S";"0398";"                     LOCA_CAL = 1"
"IHCOMP";"S";"0399";"                  FINSI"
"IHCOMP";"S";"0400";"               FINSI"
"IHCOMP";"S";"0401";"*"
"IHCOMP";"S";"0402";"**********************************************************************"
"IHCOMP";"S";"0403";"*"
"IHCOMP";"S";"0404";"*  Calcul des heures complémentaire 10 et 25% par défaut payées"
"IHCOMP";"S";"0405";"               SI LOCA_CAL = 1"
"IHCOMP";"S";"0406";"                  SI LOCA_HORHEB < LOCA_HORCOH"
"IHCOMP";"S";"0407";"                     SI HJOU_IJRBHPAYEE > LOCA_HORHEB"
"IHCOMP";"S";"0408";"                        HJOU_IJQHCNMAPA = HJOU_IJRBHPAYEE - LOCA_HORHEB"
"IHCOMP";"S";"0409";"                     FINSI"
"IHCOMP";"S";"0410";"*"
"IHCOMP";"S";"0411";"                     SI HJOU_IJRBHSMPAH > LOCA_HORHEB"
"IHCOMP";"S";"0412";"                        LOCA_HCOMP = HJOU_IJRBHSMPAH - LOCA_HORHEB"
"IHCOMP";"S";"0413";"* cas ou LOCA_HCOMP > 10% du contrat"
"IHCOMP";"S";"0414";"                        SI LOCA_HCOMP > LOCA_10"
"IHCOMP";"S";"0415";"** calcul HS25 % dans le cas ou les heures complementaires > 10% du contra"
"IHCOMP";"S";"0416";"                           HJOU_IJQHSNMAP2 = LOCA_HCOMP - LOCA_10"
"IHCOMP";"S";"0417";"                           LOCA_HCOMP = LOCA_10"
"IHCOMP";"S";"0418";"                        FINSI"
"IHCOMP";"S";"0419";"** calcul des heures complementaires taux 1"
"IHCOMP";"S";"0420";"                        HJOU_IJQHSNMAPA = LOCA_HCOMP"
"IHCOMP";"S";"0421";"*"
"IHCOMP";"S";"0422";"* Dépassement de l'horaire hebdo temps plein"
"IHCOMP";"S";"0423";"                        SI HJOU_IJRBHSMPAH > LOCA_HORCOH"
"IHCOMP";"S";"0424";"                           ANOMALIE 171"
"IHCOMP";"S";"0425";"                        FINSI"
"IHCOMP";"S";"0426";"* Anomalie en cas de dépassement de 10% du contrat"
"IHCOMP";"S";"0427";"                        LOCA_CAL2 = HJOU_IJRBHSMPAH - LOCA_HORHEB"
"IHCOMP";"S";"0428";"                        SI LOCA_CAL2 > LOCA_10"
"IHCOMP";"S";"0429";"                           ANOMALIE 225"
"IHCOMP";"S";"0430";"                        FINSI"
"IHCOMP";"S";"0431";"                     FINSI"
"IHCOMP";"S";"0432";"                  FINSI"
"IHCOMP";"S";"0433";"* consignes de forçage pour le paiement"
"IHCOMP";"S";"0434";"* Taux 1"
"IHCOMP";"S";"0435";"                  HJOU_IJQHSNMAPA = HJOU_IJQHSNMAPA + LOCA_XCOP"
"IHCOMP";"S";"0436";"                  SI LOCA_ZCOP <> 999"
"IHCOMP";"S";"0437";"                     HJOU_IJQHSNMAPA = LOCA_ZCOP"
"IHCOMP";"S";"0438";"                  FINSI"
"IHCOMP";"S";"0439";"* Taux 2"
"IHCOMP";"S";"0440";"                  HJOU_IJQHSNMAP2 = HJOU_IJQHSNMAP2 + LOCA_XCOP2"
"IHCOMP";"S";"0441";"                  SI LOCA_ZCOP2 <> 999"
"IHCOMP";"S";"0442";"                     HJOU_IJQHSNMAP2 = LOCA_ZCOP2"
"IHCOMP";"S";"0443";"                  FINSI"
"IHCOMP";"S";"0444";"* Calcul des heures normales"
"IHCOMP";"S";"0445";"                  HJOU_IJQHCNMAPA = HJOU_IJQHCNMAPA - HJOU_IJQHSNMAPA"
"IHCOMP";"S";"0446";"                  HJOU_IJQHCNMAPA = HJOU_IJQHCNMAPA - HJOU_IJQHSNMAP2"
"IHCOMP";"S";"0447";"*"
"IHCOMP";"S";"0448";"                  SI LOCA_ZHCP <> 999"
"IHCOMP";"S";"0449";"                     HJOU_IJQHCNMAPA = LOCA_ZHCP"
"IHCOMP";"S";"0450";"                  FINSI"
"IHCOMP";"S";"0451";"*"
"IHCOMP";"S";"0452";"******************************************************************************"
"IHCOMP";"S";"0453";"*"
"IHCOMP";"S";"0454";"** cas ou les heures complementaires sont a recuperer"
"IHCOMP";"S";"0455";"                  SI HJOU_IJIGHSUPPR = ""1"""
"IHCOMP";"S";"0456";"                     HJOU_IJQHSNMAPA = HJOU_IJQHSNMAPA * LOCA_TAUXC"
"IHCOMP";"S";"0457";"                     HJOU_IJQHSNMARE = HJOU_IJQHSNMAPA"
"IHCOMP";"S";"0458";"                     HJOU_IJQHSNMAPA = 0"
"IHCOMP";"S";"0459";"* Ajout de la majoration taux 2 pour les heures à récupérer"
"IHCOMP";"S";"0460";"                     HJOU_IJQHSNMAP2 = HJOU_IJQHSNMAP2 * LOCA_TAUXC2"
"IHCOMP";"S";"0461";"* HJOU_XXXX3 = HC à récup. taux 2"
"IHCOMP";"S";"0462";"                     HJOU_IJQHSNMAR2 = HJOU_IJQHSNMAP2"
"IHCOMP";"S";"0463";"                     HJOU_IJQHSNMAP2 = 0"
"IHCOMP";"S";"0464";"                  FINSI"
"IHCOMP";"S";"0465";"*"
"IHCOMP";"S";"0466";"* Consignes de forçage"
"IHCOMP";"S";"0467";"                  HJOU_IJQHSNMARE = HJOU_IJQHSNMARE + LOCA_XCOR"
"IHCOMP";"S";"0468";"                  SI LOCA_ZCOR <> 999"
"IHCOMP";"S";"0469";"                     HJOU_IJQHSNMARE = LOCA_ZCOR"
"IHCOMP";"S";"0470";"                  FINSI"
"IHCOMP";"S";"0471";"*"
"IHCOMP";"S";"0472";"                  HJOU_IJQHSNMAR2 = HJOU_IJQHSNMAR2 + LOCA_XCOR2"
"IHCOMP";"S";"0473";"                  SI LOCA_ZCOR2 <> 999"
"IHCOMP";"S";"0474";"                     HJOU_IJQHSNMAR2 = LOCA_ZCOR2"
"IHCOMP";"S";"0475";"                  FINSI"
"IHCOMP";"S";"0476";"*"
"IHCOMP";"S";"0477";"*****************************************************************************"
"IHCOMP";"S";"0478";"* Alimentation de la récup HS/HC"
"IHCOMP";"S";"0479";"*"
"IHCOMP";"S";"0480";"                  HJOU_IJRSHSMREH = HJOU_IJRSHSMREH + HJOU_IJQHSNMARE"
"IHCOMP";"S";"0481";"                  HJOU_IJRSHSMREH = HJOU_IJRSHSMREH + HJOU_IJQHSNMAR2"
"IHCOMP";"S";"0482";"               FINSI"
"IHCOMP";"S";"0483";"*"
"IHCOMP";"S";"0484";"               SI HJOU_IJQHCNMAPA < 0"
"IHCOMP";"S";"0485";"                  ANOMALIE 192"
"IHCOMP";"S";"0486";"               FINSI"
"IHCOMP";"S";"0487";"            FINSI"
"IHCOMP";"S";"0488";"*"
"IHCOMP";"S";"0489";"*     Calcul du Compteur annuel des heures supp payees"
"IHCOMP";"S";"0490";"*"
"IHCOMP";"S";"0491";"            HJOU_IJRHSHMAJA = HJOU_IJRHSHMAJA + HJOU_IJQHSNMAPA"
"IHCOMP";"S";"0492";"            HJOU_IJRHSHMAJA = HJOU_IJRHSHMAJA + HJOU_IJQHSNMAP2"
"IHCOMP";"S";"0493";"*"
"IHCOMP";"S";"0494";"            HJOU_IJRHSHMAJA = HJOU_IJRHSHMAJA + LOCA_XCHS"
"IHCOMP";"S";"0495";"            SI LOCA_ZCHS <> 999"
"IHCOMP";"S";"0496";"               HJOU_IJRHSHMAJA = LOCA_ZCHS"
"IHCOMP";"S";"0497";"            FINSI"
"IHCOMP";"S";"0498";"*"
"IHCOMP";"S";"0499";"*     Calcul du Compteur annuel total des heures supp ? recuperer"
"IHCOMP";"S";"0500";"*"
"IHCOMP";"S";"0501";"            HJOU_IJRHRECANN = HJOU_IJRHRECANN + HJOU_IJQHSNMARE"
"IHCOMP";"S";"0502";"            HJOU_IJRHRECANN = HJOU_IJRHRECANN + HJOU_IJQHSNMAR2"
"IHCOMP";"S";"0503";"*"
"IHCOMP";"S";"0504";"            HJOU_IJRHRECANN = HJOU_IJRHRECANN + LOCA_XRHA"
"IHCOMP";"S";"0505";"            SI LOCA_ZRHA <> 999"
"IHCOMP";"S";"0506";"               HJOU_IJRHRECANN = LOCA_ZRHA"
"IHCOMP";"S";"0507";"            FINSI"
"IHCOMP";"S";"0508";"*     Calcul du Compteur HS/HC total"
"IHCOMP";"S";"0509";"            HJOU_IJRHSMPAYA = HJOU_IJRHRECANN + HJOU_IJRHSHMAJA"
"IHCOMP";"S";"0510";"*"
"IHCOMP";"S";"0511";"            SI LOCA_ZPAY <> 999"
"IHCOMP";"S";"0512";"               HJOU_IJQHRNMAPA = LOCA_ZPAY"
"IHCOMP";"S";"0513";"            FINSI"
"IHCOMP";"S";"0514";"*"
"IHCOMP";"S";"0515";"*"
"IHCOMP";"S";"0516";"            SI LOCA_CONSO = 1"
"IHCOMP";"S";"0517";"               HJOU_IJRSHSMREH = HJOU_IJRSHSMREH - LOCA_REHC"
"IHCOMP";"S";"0518";"               SI HJOU_IJRSHSMREH < 0"
"IHCOMP";"S";"0519";"                  ANOMALIE 226"
"IHCOMP";"S";"0520";"               FINSI"
"IHCOMP";"S";"0521";"            FINSI"
"IHCOMP";"S";"0522";"         FINSI"
"IHCOMP";"S";"0523";"**"
"IHCOMP";"S";"0524";"** Soldes previsionnels"
"IHCOMP";"S";"0525";"**"
"IHCOMP";"S";"0526";"         SI CTRA_DATFIN > TEMP_DATJOU"
"IHCOMP";"S";"0527";"            SI CTRA_DATFIN < LOCA_DATEFU"
"IHCOMP";"S";"0528";"               DATAJT CTRA_DATFIN 12 ""J"" 1"
"IHCOMP";"S";"0529";"               LOCA_DATEFU = TEMP_DXFINPER"
"IHCOMP";"S";"0530";"            SINON"
"IHCOMP";"S";"0531";"               SI CTRA_DATFIN < LOCA_DATEFU2"
"IHCOMP";"S";"0532";"                  DATAJT CTRA_DATFIN 12 ""J"" 1"
"IHCOMP";"S";"0533";"                  LOCA_DATEFU2 = TEMP_DXFINPER"
"IHCOMP";"S";"0534";"               FINSI"
"IHCOMP";"S";"0535";"            FINSI"
"IHCOMP";"S";"0536";"         FINSI"
"IHCOMP";"S";"0537";"***"
"IHCOMP";"S";"0538";"         SI TEMP_DATSUI = LOCA_DATEFU"
"IHCOMP";"S";"0539";"            EMPL_IEQSHSMRE1 = HJOU_IJRSHSMREH"
"IHCOMP";"S";"0540";"         FINSI"
"IHCOMP";"S";"0541";"**"
"IHCOMP";"S";"0542";"         SI TEMP_DATSUI = LOCA_DATEFU2"
"IHCOMP";"S";"0543";"            EMPL_IEQSHSMRE2 = HJOU_IJRSHSMREH"
"IHCOMP";"S";"0544";"         FINSI"
"IHCOMP";"S";"0545";"      FINSI"
"IHCOMP";"S";"0546";"   FINSI"
"IHCOMP";"S";"0547";"FINSI"
"IHCOMP";"S";"0548";"*"
"IHCOMP";"S";"0549";"FIN"
"IHCOMPDIM";"S";"0001";"************************************************************************"
"IHCOMPDIM";"S";"0002";"* Règle     : IHCOMP"
"IHCOMPDIM";"S";"0003";"* Ordre     : 6610"
"IHCOMPDIM";"S";"0004";"* Titre     : Calcul des heures complémentaires pour les temps partiels"
"IHCOMPDIM";"S";"0005";"* Package   : Privé 16.3"
"IHCOMPDIM";"S";"0006";"*----------------------------------------------------------------------"
"IHCOMPDIM";"S";"0007";"*"
"IHCOMPDIM";"S";"0008";"*"
"IGRTTH";"S";"0127";"      HJOU_IJRSNBHRTT = 0"
"IHCOMPDIM";"S";"0009";"* Rôle : Calcul des heures complémentaires pour les temps partiels du lundi"
"IHCOMPDIM";"S";"0010";"*        au dimanche (si travailleur de nuit, les heures sont toutes comptabilisées"
"IHCOMPDIM";"S";"0011";"*        sur le dimanche)"
"IHCOMPDIM";"S";"0012";"*         Adaptation de la règle IHSUPP avec ajout suivant :"
"IHCOMPDIM";"S";"0013";"*"
"IHCOMPDIM";"S";"0014";"*         Ajout de l'anomalie 225 en cas de dépassement d'heures de 10%"
"IHCOMPDIM";"S";"0015";"*         du contrat"
"IHCOMPDIM";"S";"0016";"*         + séparation en deux des règles IHSUPP et IHSUPPDIM afin de"
"IHCOMPDIM";"S";"0017";"*         différencier les HS et les HC"
"IHCOMPDIM";"S";"0018";"*         + évolution des HC avec ajout d'un compteur heures payées non majorées,"
"IHCOMPDIM";"S";"0019";"*         HC taux 2 pour les heures payées et les heures à récupérer"
"IHCOMPDIM";"S";"0020";"*"
"IHCOMPDIM";"S";"0021";"*----------------------------------------------------------------------"
"IHCOMPDIM";"S";"0022";"* Créé par : Méthodes et outils"
"IHCOMPDIM";"S";"0023";"* Date     : 30/06/2020"
"IHCOMPDIM";"S";"0024";"* Version  : 1"
"IHCOMPDIM";"S";"0025";"*----------------------------------------------------------------------"
"IHCOMPDIM";"S";"0026";"*"
"IHCOMPDIM";"S";"0027";"* Modifiée par : Méthodes et outils"
"IHCOMPDIM";"S";"0028";"* Date         : JJ/MM/AAAA"
"IHCOMPDIM";"S";"0029";"* Objet        :"
"IHCOMPDIM";"S";"0030";"***********************************************************************"
"IHCOMPDIM";"S";"0031";"*"
"IHCOMPDIM";"S";"0032";"* Implémentation des données industrielles"
"IHCOMPDIM";"S";"0033";"*"
"IHCOMPDIM";"S";"0034";"DEBDICO"
"IHCOMPDIM";"S";"0035";"   HJOU_IJIGHSUPPM;O;Z1;X;;;123456789;L;;C2;""Régime HS"";"
"IHCOMPDIM";"S";"0036";"   HJOU_IJRBHSMPAH;N;T6,2;I;;;    56789;;IJRBHSMPAH;V3;""Base HS"";"
"IHCOMPDIM";"S";"0037";"   HJOU_IJQHS1MARE;N;T6,2;I;;;     6789;;;V3;""Heures sup taux 1 à récup."";"
"IHCOMPDIM";"S";"0038";"   HJOU_IJQHS2MARE;N;T6,2;I;;;     6789;;;V3;""Heures sup taux 2 à récup."";"
"IHCOMPDIM";"S";"0039";"   HJOU_IJRSHSMREH;N;T8,2;L;;;     6789;;IJRSHSMREH;V3;""Récupération HS/HC"";"
"IHCOMPDIM";"S";"0040";"   HJOU_IJQHSNMAPA;N;T6,2;I;;;    56789;;;V3;""Heures complémentaires"";"
"IHCOMPDIM";"S";"0041";"   HJOU_IJQHSNMARE;N;T6,2;I;;;     6789;;;V3;""Heures complémentaires récupérables"";"
"IHCOMPDIM";"S";"0042";"   HJOU_IJRTHEOCYC;N;T6,2;I;;;    56789;;IJRTHEOCYC;V3;""Theorie du cycle"";"
"IHCOMPDIM";"S";"0043";"   HJOU_IJQHPAYEES;N;T6,2;I;;;    56789;;;V3;""Heures payées"";"
"IHCOMPDIM";"S";"0044";"   HJOU_IJRBHPAYEE;N;T6,2;I;;;    56789;;IJRBHPAYEE;V3;""Base des heures payées"";"
"IHCOMPDIM";"S";"0045";"   MOTI_IMIGHRPAYE;O;Z1;X;0;1;123456789;C;;C2;""Participe aux heures payées"";"
"IHCOMPDIM";"S";"0046";"   EMPL_IEQSHSMRE1;N;T8,2;L;;;   456789;;;V3;""Solde prévisionnel 1 HS à recup."";"
"IHCOMPDIM";"S";"0047";"   EMPL_IEQSHSMRE2;N;T8,2;L;;;   456789;;;V3;""Solde prévisionnel 2 HS à recup."";"
"IHCOMPDIM";"S";"0048";"   PARD_IDIHCTAUX1;O;N2;I;;;123456789;;;C3;""Heures compl. taux 1 (%)"";"
"IHCOMPDIM";"S";"0049";"   PARD_IDIHCTAUX2;O;N2;I;;;123456789;;;C3;""Heures compl. à récup. taux 2 (%)"";"
"IHCOMPDIM";"S";"0050";"   HJOU_IJQHCNMAPA;N;T6,2;I;;;    56789;;;V3;""Heures comp. payées non majorées"";"
"IHCOMPDIM";"S";"0051";"   HJOU_IJQHSNMAP2;N;T6,2;I;;;    56789;;;V3;""Heures complémentaires taux 2"";"
"IHCOMPDIM";"S";"0052";"   HJOU_IJQHSNMAR2;N;T6,2;I;;;     6789;;;V3;""Heures complémentaires taux 2 à récup."";"
"IHCOMPDIM";"S";"0053";"   TEMP_ITCHEHS;N;T6,2;I;;;9;;;V3;""Durée de chevauchement HS"";"
"IHCOMPDIM";"S";"0054";"   TEMP_ITCHEHP;N;T6,2;I;;;9;;;V3;""Durée de chevauchement Heure base payée"";"
"IHCOMPDIM";"S";"0055";"   PARD_IDIHDEBP;O;A1;X;;;     6789;L9;;C3;""Découpage semaine"";"
"IHCOMPDIM";"S";"0056";"   HORC_IHIHCTAUX1;O;N2;I;;;123456789;;;C3;""Heures compl. taux 1 (%)"";"
"IHCOMPDIM";"S";"0057";"   HORC_IHIHCTAUX2;O;N2;I;;;123456789;;;C3;""Heures compl. taux 2 (%)"";"
"IHCOMPDIM";"S";"0058";"FINDICO"
"IHCOMPDIM";"S";"0059";"DEBANO"
"IHCOMPDIM";"S";"0060";"   171;8;""Dépassement de l'horaire hebdomadaire temps plein"";"
"IHCOMPDIM";"S";"0061";"   192;9;""Heures non majorées payées négatives"";"
"IHCOMPDIM";"S";"0062";"   225;6;""Nombre maxi d'heures complémentaires atteint pour ce contrat"";"
"IHCOMPDIM";"S";"0063";"   226;9;""Solde récup HS/HC insuffisant"";"
"IHCOMPDIM";"S";"0064";"FINANO"
"IHCOMPDIM";"S";"0065";"*"
"IHCOMPDIM";"S";"0066";"* Déclaration des donnees locales"
"IHCOMPDIM";"S";"0067";"*"
"IHCOMPDIM";"S";"0068";"DEF LOCA_NBCYCLE N2"
"IHCOMPDIM";"S";"0069";"LOCA_NBCYCLE = 0"
"IHCOMPDIM";"S";"0070";"DEF LOCA_CAL N1"
"IHCOMPDIM";"S";"0071";"LOCA_CAL = 0"
"IHCOMPDIM";"S";"0072";"DEF LOCA_HORHEB T6.2"
"IHCOMPDIM";"S";"0073";"LOCA_HORHEB = 0"
"IHCOMPDIM";"S";"0074";"DEF LOCA_HORCOH T6.2"
"IHCOMPDIM";"S";"0075";"LOCA_HORCOH = 0"
"IHCOMPDIM";"S";"0076";"DEF LOCA_10 T6.2"
"IHCOMPDIM";"S";"0077";"LOCA_10 = 0"
"IHCOMPDIM";"S";"0078";"DEF LOCA_HCOMP T6.2"
"IHCOMPDIM";"S";"0079";"LOCA_HCOMP = 0"
"IHCOMPDIM";"S";"0080";"DEF LOCA_DATE D"
"IHCOMPDIM";"S";"0081";"LOCA_DATE = "" """
"IHCOMPDIM";"S";"0082";"DEF LOCA_ACOURS N4"
"IHCOMPDIM";"S";"0083";"LOCA_ACOURS = 0"
"IHCOMPDIM";"S";"0084";"DEF LOCA_ACOURS2 N4"
"IHCOMPDIM";"S";"0085";"LOCA_ACOURS2 = 0"
"IHCOMPDIM";"S";"0086";"DEF LOCA_DATEFU D"
"IHCOMPDIM";"S";"0087";"LOCA_DATEFU = "" """
"IHCOMPDIM";"S";"0088";"DEF LOCA_DATEFU2 D"
"IHCOMPDIM";"S";"0089";"LOCA_DATEFU2 = "" """
"IHCOMPDIM";"S";"0090";"DEF LOCA_TAUXC N4.2"
"IGESRC";"S";"0001";"***********************************************************************"
"IGESRC";"S";"0002";"* Règle     : IGESRC"
"IGESRC";"S";"0003";"* Ordre     : 6640"
"IGESRC";"S";"0004";"* Titre     : Gestion de la contrepartie obligatoire en repos"
"IGESRC";"S";"0005";"* Package   : Privé 16.3"
"IGESRC";"S";"0006";"*----------------------------------------------------------------------"
"IGESRC";"S";"0007";"*"
"IGESRC";"S";"0008";"*"
"IGRTTH";"S";"0128";"   FINSI"
"IGESRC";"S";"0009";"* Rôle : Gestion de la contrepartie obligatoire en repos (COR)"
"IGESRC";"S";"0010";"*"
"IGESRC";"S";"0011";"*"
"IGESRC";"S";"0012";"*"
"IGESRC";"S";"0013";"*----------------------------------------------------------------------"
"IGESRC";"S";"0014";"* Créé par : Méthodes et outils"
"IGESRC";"S";"0015";"* Date     : 26/10/2020"
"IGESRC";"S";"0016";"* Version  : 2"
"IGESRC";"S";"0017";"*----------------------------------------------------------------------"
"IGESRC";"S";"0018";"* Modifiée par :"
"IGESRC";"S";"0019";"* Date         : JJ/MM/AAAA"
"IGESRC";"S";"0020";"* Objet        :"
"IGESRC";"S";"0021";"***********************************************************************"
"IGESRC";"S";"0022";"*"
"IGESRC";"S";"0023";"* Implémentation des données industrielles"
"IGESRC";"S";"0024";"*"
"IGESRC";"S";"0025";"*"
"IGESRC";"S";"0026";"DEBDICO"
"IGESRC";"S";"0027";"   HJOU_IJQARCHSMA;N;T6,2;I;;;    56789;;;V3;""COR acquis"";"
"IGESRC";"S";"0028";"   HJOU_IJRSRCHSMA;N;T8,2;L;;;     6789;;IJRSRCHSMA;V3;""Solde COR"";"
"IGESRC";"S";"0029";"   EMPL_IEQSPRCHSM;N;T6,2;I;;;     6789;;;V3;""Solde RC s/ HS majorées"";"
"IGESRC";"S";"0030";"FINDICO"
"IGESRC";"S";"0031";"*"
"IGESRC";"S";"0032";"* Déclaration des donnees locales"
"IGESRC";"S";"0033";"*"
"IGESRC";"S";"0034";"DEF LOCA_RC T6.2"
"IGESRC";"S";"0035";"LOCA_RC = 0"
"IGESRC";"S";"0036";"DEF LOCA_DATE D"
"IGESRC";"S";"0037";"LOCA_DATE = "" """
"IGESRC";"S";"0038";"DEF LOCA_ACOURS N4"
"IGESRC";"S";"0039";"LOCA_ACOURS = 0"
"IGESRC";"S";"0040";"****************"
"IGESRC";"S";"0041";"DEF LOCA_HS T6.2"
"IGESRC";"S";"0042";"LOCA_HS = 0"
"IGESRC";"S";"0043";"DEF LOCA_ACQPER T6.2"
"IGESRC";"S";"0044";"LOCA_ACQPER = 0"
"IGESRC";"S";"0045";"DEF LOCA_DIFF T6.2"
"IGESRC";"S";"0046";"LOCA_DIFF = 0"
"IGESRC";"S";"0047";"*"
"IGESRC";"S";"0048";"*  Calcul repos compensateur en prenant en compte le contingent"
"IGESRC";"S";"0049";"*  le dimanche"
"IGESRC";"S";"0050";"*"
"IGESRC";"S";"0051";"SI HJOU_JOUR = ""7"""
"IGESRC";"S";"0052";"* totalisation des HS25 HS50"
"IGESRC";"S";"0053";"   LOCA_HS = HJOU_IJQHS1MAPA + HJOU_IJQHS2MAPA"
"IGESRC";"S";"0054";"   SI LOCA_HS > 0"
"IGESRC";"S";"0055";"** si le cuml annuel HS > contingent annuel HS"
"IGESRC";"S";"0056";"      SI HJOU_IJRHSHMAJA > PARD_IDISCONTHS"
"IGESRC";"S";"0057";"         LOCA_ACQPER = HJOU_IJRHSHMAJA - PARD_IDISCONTHS"
"IGESRC";"S";"0058";"         *"
"IGESRC";"S";"0059";"         SI LOCA_HS > LOCA_ACQPER"
"IGESRC";"S";"0060";"            LOCA_DIFF = LOCA_HS - LOCA_ACQPER"
"IGESRC";"S";"0061";"            LOCA_ACQPER = LOCA_HS - LOCA_DIFF"
"IGESRC";"S";"0062";"         SINON"
"IGESRC";"S";"0063";"            LOCA_ACQPER = LOCA_HS"
"IGESRC";"S";"0064";"         FINSI"
"IGESRC";"S";"0065";"         ** entreprise de 20 salariés majoration de 50%"
"IGESRC";"S";"0066";"         SI PARD_IDIEFFECTI = ""1"""
"IGESRC";"S";"0067";"            LOCA_RC = LOCA_ACQPER / 2"
"IGESRC";"S";"0068";"         SINON"
"IGESRC";"S";"0069";"            LOCA_RC = LOCA_ACQPER"
"IGESRC";"S";"0070";"         FINSI"
"IGESRC";"S";"0071";"      FINSI"
"IGESRC";"S";"0072";"* acquis période"
"IGESRC";"S";"0073";"      HJOU_IJQARCHSMA = LOCA_RC"
"IGESRC";"S";"0074";"* Cumul annuel"
"IGESRC";"S";"0075";"      HJOU_IJRSRCHSMA = HJOU_IJRSRCHSMA + HJOU_IJQARCHSMA"
"IGESRC";"S";"0076";"*"
"IGESRC";"S";"0077";"   FINSI"
"IGESRC";"S";"0078";"FINSI"
"IGESRC";"S";"0079";"*  Déduction de l'absence RC"
"IGESRC";"S";"0080";"*  Alimentation par consignes"
"IGESRC";"S";"0081";"SI HJOU_IJIGHSUPPM <> ""0"""
"IGESRC";"S";"0082";"   POUR ACTIVITES"
"IGESRC";"S";"0083";"      SI HABS_MOTIF = PARD_IDIVMRCREC"
"IGESRC";"S";"0084";"         HJOU_IJRSRCHSMA = HJOU_IJRSRCHSMA - HABS_MOTIDUR"
"IGESRC";"S";"0085";"      FINSI"
"IGESRC";"S";"0086";"* analyse de la consigne d'initialisation de l'acquis RC"
"IGESRC";"S";"0087";"      SI HABS_MOTIF = ""ZARC"""
"IGESRC";"S";"0088";"         HJOU_IJRSRCHSMA = HJOU_IJRSRCHSMA - HJOU_IJQARCHSMA"
"IGESRC";"S";"0089";"         HJOU_IJQARCHSMA = HABS_MOTIDUR"
"IGESRC";"S";"0090";"         HJOU_IJRSRCHSMA = HJOU_IJRSRCHSMA + HJOU_IJQARCHSMA"
"IGESRC";"S";"0091";"      FINSI"
"IGESRC";"S";"0092";"* ANALYSE de la consigne de mise à jour du solde"
"IGESRC";"S";"0093";"      SI HABS_MOTIF = ""XSRC"""
"IGESRC";"S";"0094";"         HJOU_IJRSRCHSMA = HJOU_IJRSRCHSMA + HABS_MOTIDUR"
"IGESRC";"S";"0095";"      FINSI"
"IGESRC";"S";"0096";"* analyse de la consigne d'initialisation du solde"
"IGESRC";"S";"0097";"      SI HABS_MOTIF = ""ZSRC"""
"IGESRC";"S";"0098";"         HJOU_IJRSRCHSMA = HABS_MOTIDUR"
"IGESRC";"S";"0099";"      FINSI"
"IGESRC";"S";"0100";"   FINPOUR"
"IGESRC";"S";"0101";"FINSI"
"IGESRC";"S";"0102";"** Alimentation du compteur prévisionnel"
"IGESRC";"S";"0103";"LOCA_ACOURS << TEMP_DATJOU(1:4)"
"IGESRC";"S";"0104";"LOCA_ACOURS = LOCA_ACOURS + 1"
"IGESRC";"S";"0105";"LOCA_DATE(1:4) << LOCA_ACOURS"
"IGESRC";"S";"0106";"LOCA_DATE(5:4) = ""0101"""
"IGESRC";"S";"0107";"SI TEMP_DATSUI = LOCA_DATE"
"IGESRC";"S";"0108";"   EMPL_IEQSPRCHSM = HJOU_IJRSRCHSMA"
"IGESRC";"S";"0109";"FINSI"
"IGESRC";"S";"0110";"FIN"
"IGRTTJ";"S";"0001";"***********************************************************************"
"IGRTTH";"S";"0001";"***********************************************************************"
"IGRTTH";"S";"0002";"* Règle     : IGRTTH"
"IGRTTH";"S";"0003";"* Ordre     : 6700"
"IGRTTH";"S";"0004";"* Titre     : Gestion RTT en heures"
"IGRTTH";"S";"0005";"* Package   : Privé 16.3"
"IGRTTH";"S";"0006";"*----------------------------------------------------------------------"
"IGRTTH";"S";"0007";"*"
"IGRTTH";"S";"0008";"*"
"IGRTTH";"S";"0009";"* Rôle : Calcul des RTT en heures"
"IGRTTH";"S";"0010";"*"
"IGRTTH";"S";"0011";"*"
"IGRTTH";"S";"0012";"*"
"IGRTTH";"S";"0013";"*----------------------------------------------------------------------"
"IGRTTH";"S";"0014";"*"
"IGRTTH";"S";"0015";"* Créé par : Méthodes et outils"
"IGRTTH";"S";"0016";"* Date     : 23/11/2020"
"IGRTTH";"S";"0017";"* Version  : 3"
"IGRTTH";"S";"0018";"*"
"IGRTTH";"S";"0019";"*----------------------------------------------------------------------"
"IGRTTH";"S";"0020";"* Modifiée par :"
"IGRTTH";"S";"0021";"* Date         : JJ/MM/AAAA"
"IGRTTH";"S";"0022";"* Objet        :"
"IGRTTH";"S";"0023";"***********************************************************************"
"IGRTTH";"S";"0024";"*"
"IGRTTH";"S";"0025";"* Implémentation des données industrielles"
"IGRTTH";"S";"0026";"*"
"IGRTTH";"S";"0027";"DEBDICO"
"IGRTTH";"S";"0028";"   HJOU_IJRARTTHEU;N;T6,2;L;;;     6789;;IJRARTTHEU;V3;""RTT acquis (H)"";"
"IGRTTH";"S";"0029";"   HJOU_IJRCRTTHEU;N;T6,2;L;;;     6789;;IJRCRTTHEU;V3;""RTT pris (H)"";"
"IGRTTH";"S";"0030";"   HJOU_IJRSNBHRTT;N;T6,2;L;;;     6789;;IJRSNBHRTT;V3;""Solde RTT (H)"";"
"IGRTTH";"S";"0031";"   EMPL_IEQSPRTTHE;N;T6,2;L;;;     6789;;;V3;""Solde previsionnel RTT en heures"";"
"IGRTTH";"S";"0032";"   PARD_IDISACQRTT;O;T6,2;I;0;;123456789;;;C3;""Seuil RTT"";"
"IGRTTH";"S";"0033";"   CONF_IGIREFRTT;O;A4;X;;;123456789;;;C3;""Date de référence RTT (JJMM)"";"
"IGRTTH";"S";"0034";"   HJOU_IJRNRTTJEM;N;N3,1;I;;;    56789;;IJRNRTTJEM;V3;""Nbre RTT employeurs pris"";"
"IGRTTH";"S";"0035";"   * Ajout des seuils HS dans le code horaire, choix de la gestion à partir de JOU"
"IGRTTH";"S";"0036";"   HORC_IHISHSMTX1;O;T6,2;I;;;123456789;;;C3;""Seuil HS taux 1"";"
"IGRTTH";"S";"0037";"FINDICO"
"IGRTTH";"S";"0038";"*"
"IGRTTH";"S";"0039";"DEBANO"
"IGRTTH";"S";"0040";"   135;5;""Solde RTT insuffisant"";"
"IGRTTH";"S";"0041";"FINANO"
"IGRTTH";"S";"0042";"*"
"IGRTTH";"S";"0043";"* Déclaration des donnees locales"
"IGRTTH";"S";"0044";"*"
"IGRTTH";"S";"0045";"DEF LOCA_ACQRTTH T6.2"
"IGRTTH";"S";"0046";"LOCA_ACQRTTH = 0"
"IGRTTH";"S";"0047";"DEF LOCA_BARTT T6.2"
"IGRTTH";"S";"0048";"LOCA_BARTT = 0"
"IGRTTH";"S";"0049";"DEF LOCA_MIRTTS T6.2"
"IGRTTH";"S";"0050";"LOCA_MIRTTS = PROF_IPIVARTTSA / 2"
"IGRTTH";"S";"0051";"DEF LOCA_DATE D"
"IGRTTH";"S";"0052";"LOCA_DATE = "" """
"IGRTTH";"S";"0053";"DEF LOCA_ACOURS N4"
"IGRTTH";"S";"0054";"LOCA_ACOURS = 0"
"IGRTTH";"S";"0055";"DEF LOCA_ACOURS2 N4"
"IGRTTH";"S";"0056";"LOCA_ACOURS2 = 0"
"IGRTTH";"S";"0057";"DEF LOCA_MOT N1"
"IGRTTH";"S";"0058";"LOCA_MOT = 0"
"IGRTTH";"S";"0059";"DEF LOCA_REST N6.3"
"IGRTTH";"S";"0060";"LOCA_REST = 0"
"IGRTTH";"S";"0061";"DEF LOCA_ENTIER N6.1"
"IGRTTH";"S";"0062";"LOCA_ENTIER = 0"
"IGRTTH";"S";"0063";"DEF LOCA_ENLEVER N1"
"IGRTTH";"S";"0064";"LOCA_ENLEVER = 0"
"IGRTTH";"S";"0065";"DEF LOCA_VALID A4"
"IGRTTH";"S";"0066";"LOCA_VALID = "" """
"IGRTTH";"S";"0067";"DEF LOCA_MOTIF A10"
"IGRTTH";"S";"0068";"LOCA_MOTIF = "" """
"IGRTTH";"S";"0069";"DEF LOCA_REF N2"
"IGRTTH";"S";"0070";"LOCA_REF = 0"
"IGRTTH";"S";"0071";"DEF LOCA_DATEFU D"
"IGRTTH";"S";"0072";"LOCA_DATEFU = "" """
"IGRTTH";"S";"0073";"DEF LOCA_DATEFU2 D"
"IGRTTH";"S";"0074";"LOCA_DATEFU2 = "" """
"IGRTTH";"S";"0075";"*"
"IGRTTH";"S";"0076";"* Alimentation du taux 1 à partir de CFG ou du code horaire"
"IGRTTH";"S";"0077";"*"
"IGRTTH";"S";"0078";"DEF LOCA_TAUX1 T6.2"
"IGRTTH";"S";"0079";"DEF LOCA_HOR N2"
"IGRTTH";"S";"0080";"LOCA_HOR = 0"
"IGRTTH";"S";"0081";"*"
"IGRTTH";"S";"0082";"SI HORC_IHISHSMTX1 > 0"
"IGRTTH";"S";"0083";"   SI HORC_IHISHSMTX1 < 545"
"IGRTTH";"S";"0084";"      LOCA_HOR = 1"
"IGRTTH";"S";"0085";"   FINSI"
"IGRTTH";"S";"0086";"FINSI"
"IGRTTH";"S";"0087";"*"
"IGRTTH";"S";"0088";"SI LOCA_HOR = 1"
"IGRTTH";"S";"0089";"   LOCA_TAUX1 = HORC_IHISHSMTX1"
"IGRTTH";"S";"0090";"SINON"
"IGRTTH";"S";"0091";"   LOCA_TAUX1 = PARD_IDISHSMTX1"
"IGRTTH";"S";"0092";"FINSI"
"IGRTTH";"S";"0093";"*"
"IGRTTH";"S";"0094";"* RAZ à la date de référence RTT ou en début d'annualisation"
"IGRTTH";"S";"0095";"*"
"IGRTTH";"S";"0096";"SI HJOU_IJIGRETETR = ""1"""
"IGRTTH";"S";"0097";"OU HJOU_IJIGRETETR = ""3"""
"IGRTTH";"S";"0098";"   LOCA_DATE(1:4) = HJOU_DATE(1:4)"
"IGRTTH";"S";"0099";"*"
"IGRTTH";"S";"0100";"   SI CONF_IGIREFRTT <> "" """
"IGRTTH";"S";"0101";"      LOCA_REF << CONF_IGIREFRTT(1:2)"
"IGRTTH";"S";"0102";"      LOCA_DATE(7:2) << LOCA_REF"
"IGRTTH";"S";"0103";"      LOCA_REF << CONF_IGIREFRTT(3:2)"
"IGRTTH";"S";"0104";"      LOCA_DATE(5:2) << LOCA_REF"
"IGRTTH";"S";"0105";"   SINON"
"IGRTTH";"S";"0106";"      LOCA_DATE = PARD_IDIDDEBANN"
"IGRTTH";"S";"0107";"   FINSI"
"IGRTTH";"S";"0108";"**"
"IGRTTH";"S";"0109";"   LOCA_ACOURS << TEMP_DATJOU(1:4)"
"IGRTTH";"S";"0110";"   LOCA_ACOURS2 = LOCA_ACOURS + 1"
"IGRTTH";"S";"0111";"*"
"IGRTTH";"S";"0112";"   SI TEMP_DATJOU(5:4) >= LOCA_DATE(5:4)"
"IGRTTH";"S";"0113";"      LOCA_ACOURS = LOCA_ACOURS + 1"
"IGRTTH";"S";"0114";"      LOCA_ACOURS2 = LOCA_ACOURS + 1"
"IGRTTH";"S";"0115";"*"
"IGRTTH";"S";"0116";"   FINSI"
"IGRTTH";"S";"0117";"   LOCA_DATEFU(1:4) << LOCA_ACOURS"
"IGRTTH";"S";"0118";"   LOCA_DATEFU(5:4) = LOCA_DATE(5:4)"
"IGRTTH";"S";"0119";"   LOCA_DATEFU2(1:4) << LOCA_ACOURS2"
"IGRTTH";"S";"0120";"   LOCA_DATEFU2(5:4) = LOCA_DATE(5:4)"
"IGRTTH";"S";"0121";"*"
"IGRTTH";"S";"0122";"*"
"IGRTTH";"S";"0123";"*"
"IGRTTH";"S";"0124";"   SI HJOU_DATE(5:4) = LOCA_DATE(5:4)"
"IGRTTH";"S";"0125";"      HJOU_IJRARTTHEU = 0"
"IGRTTH";"S";"0126";"      HJOU_IJRCRTTHEU = 0"
"IGRTTH";"S";"0129";"**"
"IGRTTH";"S";"0130";"** Traitement des RTT en heures - acquisition quotidienne"
"IGRTTH";"S";"0131";"**"
"IGRTTH";"S";"0132";"* calcul de la base RTT"
"IGRTTH";"S";"0133";"   SI HJOU_IJIGRETETR = ""1"""
"IGRTTH";"S";"0134";"      LOCA_BARTT = HJOU_IJQPRESBAV"
"IGRTTH";"S";"0135";"      POUR ACTIVITES"
"IGRTTH";"S";"0136";"         SI MOTI_MOTYPE <> ""C"""
"IGRTTH";"S";"0137";"            SI MOTI_IMIGRETETR = ""1"""
"IGRTTH";"S";"0138";"               LOCA_BARTT = LOCA_BARTT + HABS_MOTIDUR"
"IGRTTH";"S";"0139";"            FINSI"
"IGRTTH";"S";"0140";"         FINSI"
"IGRTTH";"S";"0141";"      FINPOUR"
"IGRTTH";"S";"0142";"*    calcul de l'acquisition par rapport au(x) seuil(s) fixé(s) dans le profil journalier"
"IGRTTH";"S";"0143";"* calcul à la journée"
"IGRTTH";"S";"0144";"      SI PROF_IPISRTTACQ > 0"
"IGRTTH";"S";"0145";"         SI LOCA_BARTT >= PROF_IPISRTTACQ"
"IGRTTH";"S";"0146";"            HJOU_IJRARTTHEU = HJOU_IJRARTTHEU + PROF_IPIVARTTSA"
"IGRTTH";"S";"0147";"         SINON"
"IGRTTH";"S";"0148";"* acquisition d'un demi-RTT à partir du seuil demi-RTT"
"IGRTTH";"S";"0149";"            SI PROF_IPISRTTACD > 0"
"IGRTTH";"S";"0150";"               SI LOCA_BARTT >= PROF_IPISRTTACD"
"IGRTTH";"S";"0151";"                  HJOU_IJRARTTHEU = HJOU_IJRARTTHEU + LOCA_MIRTTS"
"IGRTTH";"S";"0152";"               FINSI"
"IGRTTH";"S";"0153";"            FINSI"
"IGRTTH";"S";"0154";"         FINSI"
"IGRTTH";"S";"0155";"      FINSI"
"IGRTTH";"S";"0156";"   FINSI"
"IGRTTH";"S";"0157";"**"
"IGRTTH";"S";"0158";"**"
"IGRTTH";"S";"0159";"** Traitement des RTT en heures acquisition hebdomadaire"
"IGRTTH";"S";"0160";"   SI HJOU_IJIGRETETR = ""3"""
"IGRTTH";"S";"0161";"      SI HJOU_JOUR = ""7"""
"IGRTTH";"S";"0162";"** cas ou on gere egalement des HS"
"IGRTTH";"S";"0163";"         SI HJOU_IJIGHSUPPM <> ""0"""
"IGRTTH";"S";"0164";"** cas ou la base HS >= seuil HS25"
"IGRTTH";"S";"0165";"            SI HJOU_IJRBHSMPAH >= LOCA_TAUX1"
"IGRTTH";"S";"0166";"               LOCA_ACQRTTH = LOCA_TAUX1 - PARD_IDISACQRTT"
"IGRTTH";"S";"0167";"            SINON"
"IGRTTH";"S";"0168";"               SI HJOU_IJRBHSMPAH >= PARD_IDISACQRTT"
"IGRTTH";"S";"0169";"                  LOCA_ACQRTTH = HJOU_IJRBHSMPAH - PARD_IDISACQRTT"
"IGRTTH";"S";"0170";"               FINSI"
"IGRTTH";"S";"0171";"            FINSI"
"IGRTTH";"S";"0172";"** cas ou ne gere pas de HS"
"IGRTTH";"S";"0173";"         SINON"
"IGRTTH";"S";"0174";"            SI HJOU_IJRBHSMPAH > PARD_IDISACQRTT"
"IGRTTH";"S";"0175";"               LOCA_ACQRTTH = HJOU_IJRBHSMPAH - PARD_IDISACQRTT"
"IGRTTH";"S";"0176";"            FINSI"
"IGRTTH";"S";"0177";"         FINSI"
"IGRTTH";"S";"0178";"** calcul de l'acquiistion"
"IGRTTH";"S";"0179";"         HJOU_IJRARTTHEU = HJOU_IJRARTTHEU + LOCA_ACQRTTH"
"IGRTTH";"S";"0180";"      FINSI"
"IGRTTH";"S";"0181";"   FINSI"
"IGRTTH";"S";"0182";"*"
"IGRTTH";"S";"0183";"* calcul des soldes"
"IGRTTH";"S";"0184";"   FAIRE SOLDE"
"IGRTTH";"S";"0185";"*"
"IGRTTH";"S";"0186";"**"
"IGRTTH";"S";"0187";"**"
"IGRTTH";"S";"0188";"* traitement du motif RTT pris"
"IGRTTH";"S";"0189";"   POUR ACTIVITES"
"IGRTTH";"S";"0190";"      SI HABS_MOTIF = PARD_IDIVMRTTSA"
"IGRTTH";"S";"0191";"      OU HABS_MOTIF = PARD_IDIVMRTTEM"
"IGRTTH";"S";"0192";"         LOCA_MOTIF = HABS_MOTIF"
"IGRTTH";"S";"0193";"         LOCA_MOT = 1"
"IGRTTH";"S";"0194";"         SI HJOU_IJIGRETETR = ""1"""
"IGRTTH";"S";"0195";"         OU HJOU_IJIGRETETR = ""3"""
"IGRTTH";"S";"0196";"            HJOU_IJRCRTTHEU = HJOU_IJRCRTTHEU + HABS_MOTIDUR"
"IGRTTH";"S";"0197";"         FINSI"
"IGRTTH";"S";"0198";"      FINSI"
"IGRTTH";"S";"0199";"*   Contrôle du nombre de RTT employeurs pris"
"IGRTTH";"S";"0200";"*   et mise en place anomalie si cela dépasse"
"IGRTTH";"S";"0201";"*   la valeur indiquée dans les données globales datées"
"IGRTTH";"S";"0202";"      SI HABS_MOTIF = PARD_IDIVMRTTEM"
"IGRTTH";"S";"0203";"         SI HABS_VALORIS = ""J"""
"IGRTTH";"S";"0204";"            HJOU_IJRNRTTJEM = HJOU_IJRNRTTJEM + 1"
"IGRTTH";"S";"0205";"         SINON"
"IGRTTH";"S";"0206";"            HJOU_IJRNRTTJEM = HJOU_IJRNRTTJEM + 0.5"
"IGRTTH";"S";"0207";"         FINSI"
"IGRTTH";"S";"0208";"         SI HJOU_IJRNRTTJEM > PARD_IDISRTTEMP"
"IGRTTH";"S";"0209";"            ANOMALIE 136"
"IGRTTH";"S";"0210";"         FINSI"
"IGRTTH";"S";"0211";"      FINSI"
"IGRTTH";"S";"0212";"   FINPOUR"
"IGRTTH";"S";"0213";"*"
"IGRTTH";"S";"0214";"* calcul des soldes"
"IGRTTH";"S";"0215";"   FAIRE SOLDE"
"IGRTTH";"S";"0216";"*"
"IGRTTH";"S";"0217";"* analyse des consignes d'initialisation et de mise à jour"
"IGRTTH";"S";"0218";"*"
"IGRTTH";"S";"0219";"   POUR ACTIVITES"
"IGRTTH";"S";"0220";"      SI HABS_MOTIF = ""ZRTT"""
"IGRTTH";"S";"0221";"         HJOU_IJRARTTHEU = HABS_MOTIDUR"
"IGRTTH";"S";"0222";"      FINSI"
"IGRTTH";"S";"0223";"      SI HABS_MOTIF = ""XRTT"""
"IGRTTH";"S";"0224";"         HJOU_IJRARTTHEU = HJOU_IJRARTTHEU + HABS_MOTIDUR"
"IGRTTH";"S";"0225";"      FINSI"
"IGRTTH";"S";"0226";"      SI HABS_MOTIF = ""ZCRH"""
"IGRTTH";"S";"0227";"         HJOU_IJRCRTTHEU = HABS_MOTIDUR"
"IGRTTH";"S";"0228";"      FINSI"
"IGRTTH";"S";"0229";"      SI HABS_MOTIF = ""XCRH"""
"IGRTTH";"S";"0230";"         HJOU_IJRCRTTHEU = HJOU_IJRCRTTHEU + HABS_MOTIDUR"
"IGRTTH";"S";"0231";"      FINSI"
"IGRTTH";"S";"0232";"   FINPOUR"
"IGRTTH";"S";"0233";"*"
"IGRTTH";"S";"0234";"* calcul des soldes"
"IGRTTH";"S";"0235";"   FAIRE SOLDE"
"IGRTTH";"S";"0236";"*"
"IGRTTH";"S";"0237";"   SI HJOU_IJRSNBHRTT < 0"
"IGRTTH";"S";"0238";"      SI LOCA_MOT = 1"
"IGRTTH";"S";"0239";"         ANOMALIE 135"
"IGRTTH";"S";"0240";"      FINSI"
"IGRTTH";"S";"0241";"   FINSI"
"IGRTTH";"S";"0242";"**"
"IGRTTH";"S";"0243";"** soldes previsionnels"
"IGRTTH";"S";"0244";"**"
"IGRTTH";"S";"0245";"   SI CTRA_DATFIN > TEMP_DATJOU"
"IGRTTH";"S";"0246";"      SI CTRA_DATFIN < LOCA_DATEFU"
"IGRTTH";"S";"0247";"         DATAJT CTRA_DATFIN 12 ""J"" 1"
"IGRTTH";"S";"0248";"         LOCA_DATEFU = TEMP_DXFINPER"
"IGRTTH";"S";"0249";"      SINON"
"IGRTTH";"S";"0250";"         SI CTRA_DATFIN < LOCA_DATEFU2"
"IGRTTH";"S";"0251";"            DATAJT CTRA_DATFIN 12 ""J"" 1"
"IGRTTH";"S";"0252";"            LOCA_DATEFU2 = TEMP_DXFINPER"
"IGRTTH";"S";"0253";"         FINSI"
"IGRTTH";"S";"0254";"      FINSI"
"IGRTTH";"S";"0255";"   FINSI"
"IGRTTH";"S";"0256";"   SI TEMP_DATSUI = LOCA_DATEFU"
"IGRTTH";"S";"0257";"      EMPL_IEQSPRTTHE = HJOU_IJRSNBHRTT"
"IGRTTH";"S";"0258";"   FINSI"
"IGRTTH";"S";"0259";"**"
"IGRTTH";"S";"0260";"FINSI"
"IGRTTH";"S";"0261";"FIN"
"IGRTTH";"S";"0262";"*"
"IGRTTH";"S";"0263";"PROC SOLDE"
"IGRTTH";"S";"0264";"   HJOU_IJRSNBHRTT = HJOU_IJRARTTHEU - HJOU_IJRCRTTHEU"
"IGRTTH";"S";"0265";"FINPROC"
"IGRTTJ";"S";"0002";"* Règle     : IGRTTJ"
"IGRTTJ";"S";"0003";"* Ordre     : 6750"
"IGRTTJ";"S";"0004";"* Libellé   : Gestion RTT en jours"
"IGRTTJ";"S";"0005";"* Package   : Privé 16.3"
"IGRTTJ";"S";"0006";"*----------------------------------------------------------------------"
"IGRTTJ";"S";"0007";"* Objectif  : Calcul des RTT en jours"
"IGRTTJ";"S";"0008";"*"
"IGRTTJ";"S";"0009";"*"
"IGRTTJ";"S";"0010";"* Remarques : Mise en place d'un système d'abattement de RTT en cas d'absence du salarié"
"IGRTTJ";"S";"0011";"*"
"IGRTTJ";"S";"0012";"*----------------------------------------------------------------------"
"IGRTTJ";"S";"0013";"* Créée par : BDR"
"IGRTTJ";"S";"0014";"* Date      : 27/02/2025"
"IGRTTJ";"S";"0015";"*----------------------------------------------------------------------"
"IGRTTJ";"S";"0016";"* Màj par   :"
"IGRTTJ";"S";"0017";"* Date      : JJ.MM.AAAA"
"IGRTTJ";"S";"0018";"* Objet     :"
"IGRTTJ";"S";"0019";"***********************************************************************"
"IGRTTJ";"S";"0020";"*"
"IGRTTJ";"S";"0021";"*"
"IGRTTJ";"S";"0022";"DEBDICO"
"IGRTTJ";"S";"0023";"   HJOU_IJRARTTJOU;N;N6,1;I;;;     6789;;IJRARTTJOU;V3;""RTT acquis (J)"";"
"IGRTTJ";"S";"0024";"   HJOU_IJRACRTTJM;N;N6,3;L;;;     6789;;IJRACRTTJM;V3;""RTT acquis mensuel (J)"";"
"IGRTTJ";"S";"0025";"   HJOU_IJRCRTTJOU;N;N6,1;I;;;     6789;;IJRCRTTJOU;V3;""RTT pris (J)"";"
"IGRTTJ";"S";"0026";"   HJOU_IJRSNBJRTT;N;N6,1;I;;;     6789;;IJRSNBJRTT;V3;""Solde RTT (J)"";"
"IGRTTJ";"S";"0027";"   HJOU_IJRNRTTJEM;N;N3,1;I;;;    56789;;IJRNRTTJEM;V3;""Nbre RTT employeurs pris"";"
"IGRTTJ";"S";"0028";"   EMPL_IEQSPRTTJO;N;N6,1;I;;;     6789;;;V3;""Solde prévisionnel RTT en jour"";"
"IGRTTJ";"S";"0029";"   HJOU_IJRTRRTCET;N;N6,1;I;;;    56789;;IJRTRRTCET;V3;""Cpt intermediaire transfert RTT/CET"";"
"IGRTTJ";"S";"0030";"   CONF_IGIREFRTT;O;A4;X;;;123456789;;;C3;""Date de référence RTT (JJMM)"";"
"IGRTTJ";"S";"0031";"   EMPL_IEQSPRTTJ2;N;N6,1;I;;;     6789;;;V3;""Solde prév. RTT en jour deuxième période"";"
"IGRTTJ";"S";"0032";"   HJOU_IJQPRETHEJ;O;T6,2;I;;;    56789;;;C0;""Présence théorique jour"";"
"IGRTTJ";"S";"0033";"   PARD_IDISRPEP;N;N4,1;I;000000000000;;    56789;;;C3;""Nbre de jours de repos annuels"";"
"IGRTTJ";"S";"0034";"   PARD_IDIDDEBANN;O;D10;X;;;    56789;;;C3;""Début période annualisation"";"
"IGRTTJ";"S";"0035";"   *  Données liées à l'abattement"
"IGRTTJ";"S";"0036";"   MOTI_IMIABTRTT;O;Z1;X;0;1;    56789;C;;C2;""Abattement RTT"";"
"IGRTTJ";"S";"0037";"   HORC_IHIABTRTT;O;N6,2;I;;;    56789;;;C3;""Seuil abattement RTT"";"
"IGRTTJ";"S";"0038";"   HORC_IHINBABRTT;O;N6,2;I;;;    56789;;;C3;""Nombre RTT abattu"";"
"IGRTTJ";"S";"0039";"   HORC_IHINBRTT;O;N4,1;I;000000000000;;    56789;;;C3;""Nbre de jours de repos annuels / RTT"";"
"IGRTTJ";"S";"0040";"   HJOU_IJRABTRTT;N;N6,2;I;;;  3456789;;IJRABTRTT;V3;""Nb absence abattant RTT"";"
"IGRTTJ";"S";"0041";"FINDICO"
"IGRTTJ";"S";"0042";"*"
"IGRTTJ";"S";"0043";"*"
"IGRTTJ";"S";"0044";"DEBANO"
"IGRTTJ";"S";"0045";"   135;5;""Solde RTT insuffisant"";"
"IGRTTJ";"S";"0046";"   136;5;""Nbre de jours RTT employeur supérieur au seuil autorisé"";"
"IGRTTJ";"S";"0047";"   158;9;""Solde RTT en jours insuffisant pour transfert en CET"";"
"IGRTTJ";"S";"0048";"   147;5;""Abattement de RTT"";"
"IGRTTJ";"S";"0049";"   190;9;""Solde RTT insuffisant pour transfert en don jours d'absence"";"
"IGRTTJ";"S";"0050";"FINANO"
"IGRTTJ";"S";"0051";"*"
"IGRTTJ";"S";"0052";"*"
"IGRTTJ";"S";"0053";"* Déclaration des donnees locales"
"IGRTTJ";"S";"0054";"*"
"IGRTTJ";"S";"0055";"DEF LOCA_DATE D"
"IGRTTJ";"S";"0056";"LOCA_DATE = "" """
"IGRTTJ";"S";"0057";"DEF LOCA_ACOURS N4"
"IGRTTJ";"S";"0058";"LOCA_ACOURS = 0"
"IGRTTJ";"S";"0059";"DEF LOCA_ACOURS2 N4"
"IGRTTJ";"S";"0060";"LOCA_ACOURS2 = 0"
"IGRTTJ";"S";"0061";"DEF LOCA_MOT N1"
"IGRTTJ";"S";"0062";"LOCA_MOT = 0"
"IGRTTJ";"S";"0063";"DEF LOCA_REST N6.3"
"IGRTTJ";"S";"0064";"LOCA_REST = 0"
"IGRTTJ";"S";"0065";"DEF LOCA_ENTIER N6.1"
"IGRTTJ";"S";"0066";"LOCA_ENTIER = 0"
"IGRTTJ";"S";"0067";"DEF LOCA_ENLEVER N1"
"IGRTTJ";"S";"0068";"LOCA_ENLEVER = 0"
"IGRTTJ";"S";"0069";"DEF LOCA_VALID A4"
"IGRTTJ";"S";"0070";"LOCA_VALID = "" """
"IGRTTJ";"S";"0071";"DEF LOCA_MOTIF A10"
"IGRTTJ";"S";"0072";"LOCA_MOTIF = "" """
"IGRTTJ";"S";"0073";"DEF LOCA_REF N2"
"IGRTTJ";"S";"0074";"LOCA_REF = 0"
"IGRTTJ";"S";"0075";"DEF LOCA_DATEFU D"
"IGRTTJ";"S";"0076";"LOCA_DATEFU = "" """
"IGRTTJ";"S";"0077";"DEF LOCA_DATEFU2 D"
"IGRTTJ";"S";"0078";"LOCA_DATEFU2 = "" """
"IGRTTJ";"S";"0079";"DEF LOCA_TRANS N6.1"
"IGRTTJ";"S";"0080";"LOCA_TRANS = 0"
"IGRTTJ";"S";"0081";"DEF LOCA_PRIS N6.1"
"IGRTTJ";"S";"0082";"LOCA_PRIS = 0"
"IGRTTJ";"S";"0083";"DEF LOCA_DROIT N6.1"
"IGRTTJ";"S";"0084";"LOCA_DROIT = 0"
"IGRTTJ";"S";"0085";"* Locales pour abattement"
"IGRTTJ";"S";"0086";"DEF LOCA_SEUILABT N6.2"
"IGRTTJ";"S";"0087";"LOCA_SEUILABT = HORC_IHIABTRTT"
"IGRTTJ";"S";"0088";"DEF LOCA_NBABTRTT N6.2"
"IGRTTJ";"S";"0089";"LOCA_NBABTRTT = HORC_IHINBABRTT"
"IGRTTJ";"S";"0090";"DEF LOCA_ABAT N1"
"IGRTTJ";"S";"0091";"LOCA_ABAT = 0"
"IGRTTJ";"S";"0092";"DEF LOCA_NBABT N6.2"
"IGRTTJ";"S";"0093";"LOCA_NBABT = 0"
"IGRTTJ";"S";"0094";"DEF LOCA_RESTE N6.2"
"IGRTTJ";"S";"0095";"LOCA_RESTE = 0"
"IGRTTJ";"S";"0096";"*"
"IGRTTJ";"S";"0097";"* RAZ au a la date de référence RTT ou en debut d'annualisation"
"IGRTTJ";"S";"0098";"*"
"IGRTTJ";"S";"0099";"SI HJOU_IJIGRETETR = ""2"""
"IGRTTJ";"S";"0100";"OU HJOU_IJIGRETETR = ""4"""
"IGRTTJ";"S";"0101";"   LOCA_DATE(1:4) = HJOU_DATE(1:4)"
"IGRTTJ";"S";"0102";"*"
"IGRTTJ";"S";"0103";"   SI CONF_IGIREFRTT <> "" """
"IGRTTJ";"S";"0104";"      LOCA_REF << CONF_IGIREFRTT(1:2)"
"IGRTTJ";"S";"0105";"      LOCA_DATE(7:2) << LOCA_REF"
"IGRTTJ";"S";"0106";"      LOCA_REF << CONF_IGIREFRTT(3:2)"
"IGRTTJ";"S";"0107";"      LOCA_DATE(5:2) << LOCA_REF"
"IGRTTJ";"S";"0108";"   SINON"
"IGRTTJ";"S";"0109";"      LOCA_DATE = PARD_IDIDDEBANN"
"IGRTTJ";"S";"0110";"   FINSI"
"IGRTTJ";"S";"0111";"**"
"IGRTTJ";"S";"0112";"   LOCA_ACOURS << TEMP_DATJOU(1:4)"
"IGRTTJ";"S";"0113";"   LOCA_ACOURS2 = LOCA_ACOURS + 1"
"IGRTTJ";"S";"0114";"*"
"IGRTTJ";"S";"0115";"   SI TEMP_DATJOU(5:4) >= LOCA_DATE(5:4)"
"IGRTTJ";"S";"0116";"      LOCA_ACOURS = LOCA_ACOURS + 1"
"IGRTTJ";"S";"0117";"      LOCA_ACOURS2 = LOCA_ACOURS + 1"
"IGRTTJ";"S";"0118";"*"
"IGRTTJ";"S";"0119";"   FINSI"
"IGRTTJ";"S";"0120";"   LOCA_DATEFU(1:4) << LOCA_ACOURS"
"IGRTTJ";"S";"0121";"   LOCA_DATEFU(5:4) = LOCA_DATE(5:4)"
"IGRTTJ";"S";"0122";"   LOCA_DATEFU2(1:4) << LOCA_ACOURS2"
"IGRTTJ";"S";"0123";"   LOCA_DATEFU2(5:4) = LOCA_DATE(5:4)"
"IGRTTJ";"S";"0124";"*"
"IGRTTJ";"S";"0125";"*"
"IGRTTJ";"S";"0126";"*"
"IGRTTJ";"S";"0127";"   SI HJOU_DATE(5:4) = LOCA_DATE(5:4)"
"IGRTTJ";"S";"0128";"      HJOU_IJRSNBHRTT = 0"
"IGRTTJ";"S";"0129";"      HJOU_IJRARTTJOU = 0"
"IGRTTJ";"S";"0130";"      HJOU_IJRCRTTJOU = 0"
"IGRTTJ";"S";"0131";"      HJOU_IJRSNBJRTT = 0"
"IGRTTJ";"S";"0132";"      HJOU_IJRNRTTJEM = 0"
"IGRTTJ";"S";"0133";"      HJOU_IJRTRRTCET = 0"
"IGRTTJ";"S";"0134";"      HJOU_IJRACRTTJM = 0"
"IGRTTJ";"S";"0135";"      HJOU_IJRABTRTT = 0"
"IGRTTJ";"S";"0136";"   FINSI"
"IGRTTJ";"S";"0137";"**Traitement des RTT en acquisition annuelle"
"IGRTTJ";"S";"0138";"   SI HJOU_IJIGRETETR = ""2"""
"IGRTTJ";"S";"0139";"      SI HJOU_DATE(5:4) = LOCA_DATE(5:4)"
"IGRTTJ";"S";"0140";"* Acquisition annuelle"
"IGRTTJ";"S";"0141";"         SI HORC_IHINBRTT > 0"
"IGRTTJ";"S";"0142";"            HJOU_IJRARTTJOU = HORC_IHINBRTT"
"IGRTTJ";"S";"0143";"         SINON"
"IGRTTJ";"S";"0144";"            HJOU_IJRARTTJOU = PARD_IDISRPEP"
"IGRTTJ";"S";"0145";"         FINSI"
"IGRTTJ";"S";"0146";"      FINSI"
"IGRTTJ";"S";"0147";"   FINSI"
"IGRTTJ";"S";"0148";"** traitement des RTT en jour acquisition mensuelle"
"IGRTTJ";"S";"0149";"   SI HJOU_IJIGRETETR = ""4"""
"IGRTTJ";"S";"0150";"      SI HJOU_DATE(7:2) = ""01"""
"IGRTTJ";"S";"0151";"* Cumul de l'acquis mensuel"
"IGRTTJ";"S";"0152";"         HJOU_IJRACRTTJM = HJOU_IJRACRTTJM + HJOU_IJIACQRTTJ"
"IGRTTJ";"S";"0153";"*"
"IGRTTJ";"S";"0154";"* arrondi de l'acquis a l'entier supérieur"
"IGRTTJ";"S";"0155";"         LOCA_REST = HJOU_IJRACRTTJM % 1"
"IGRTTJ";"S";"0156";"         LOCA_ENTIER = HJOU_IJRACRTTJM - LOCA_REST"
"IGRTTJ";"S";"0157";"         SI LOCA_REST > 0"
"IGRTTJ";"S";"0158";"            LOCA_ENTIER = LOCA_ENTIER + 1"
"IGRTTJ";"S";"0159";"         FINSI"
"IGRTTJ";"S";"0160";"* alimentation du compteur de droit"
"IGRTTJ";"S";"0161";"         LOCA_TRANS = LOCA_ENTIER - HJOU_IJRARTTJOU"
"IGRTTJ";"S";"0162";"         HJOU_IJRARTTJOU = LOCA_ENTIER"
"IGRTTJ";"S";"0163";"      FINSI"
"IGRTTJ";"S";"0164";"   FINSI"
"IGRTTJ";"S";"0165";"*"
"IGRTTJ";"S";"0166";"*  Calcul du solde"
"IGRTTJ";"S";"0167";"   HJOU_IJRSNBJRTT = HJOU_IJRARTTJOU - HJOU_IJRCRTTJOU"
"IGRTTJ";"S";"0168";"*"
"IGRTTJ";"S";"0169";"* traitement du motif RTT pris"
"IGRTTJ";"S";"0170";"   POUR ACTIVITES"
"IGRTTJ";"S";"0171";"      SI HABS_MOTIF = PARD_IDIVMRTTSA"
"IGRTTJ";"S";"0172";"      OU HABS_MOTIF = PARD_IDIVMRTTEM"
"IGRTTJ";"S";"0173";"         LOCA_MOTIF = HABS_MOTIF"
"IGRTTJ";"S";"0174";"         LOCA_MOT = 1"
"IGRTTJ";"S";"0175";"         SI HJOU_IJIGRETETR = ""2"""
"IGRTTJ";"S";"0176";"         OU HJOU_IJIGRETETR = ""4"""
"IGRTTJ";"S";"0177";"* La regle VALACT qui permet de supprimer un motif"
"IGRTTJ";"S";"0178";"* par rapport au type de jour O/S/D/F n'étant pas"
"IGRTTJ";"S";"0179";"* déroulée dans le futur on va tester la validité du motif"
"IGRTTJ";"S";"0180";"* avant d'effectuer le calcul des soldes"
"IGRTTJ";"S";"0181";"* pour que le solde prévisionnel soit juste"
"IGRTTJ";"S";"0182";"**********************************************"
"IGRTTJ";"S";"0183";"            LOCA_ENLEVER = 0"
"IGRTTJ";"S";"0184";"            LOCA_VALID = MOTI_VALID"
"IGRTTJ";"S";"0185";"            SI LOCA_VALID(1:1) = ""O"""
"IGRTTJ";"S";"0186";"               SI PARD_IDIJOUROUV = ""1"""
"IGRTTJ";"S";"0187";"                  SI HJOU_IJQPRETHEJ = 0"
"IGRTTJ";"S";"0188";"                     LOCA_ENLEVER = 1"
"IGRTTJ";"S";"0189";"                  FINSI"
"IGRTTJ";"S";"0190";"               SINON"
"IGRTTJ";"S";"0191";"                  SI HJOU_JOUR = ""6"""
"IGRTTJ";"S";"0192";"                     SI HJOU_IJQPRETHEJ = 0"
"IGRTTJ";"S";"0193";"                        LOCA_ENLEVER = 1"
"IGRTTJ";"S";"0194";"                     FINSI"
"IGRTTJ";"S";"0195";"                  FINSI"
"IGRTTJ";"S";"0196";"               FINSI"
"IGRTTJ";"S";"0197";"            FINSI"
"IGRTTJ";"S";"0198";"            SI LOCA_VALID(2:1) = ""S"""
"IGRTTJ";"S";"0199";"               LOCA_ENLEVER = 0"
"IGRTTJ";"S";"0200";"            FINSI"
"IGRTTJ";"S";"0201";"            SI LOCA_VALID(3:1) = "" """
"IGRTTJ";"S";"0202";"               SI HJOU_JOUR = ""7"""
"IGRTTJ";"S";"0203";"                  SI HJOU_IJQPRETHEJ = 0"
"IGRTTJ";"S";"0204";"                     LOCA_ENLEVER = 1"
"IGRTTJ";"S";"0205";"                  FINSI"
"IGRTTJ";"S";"0206";"               FINSI"
"IGRTTJ";"S";"0207";"            FINSI"
"IGRTTJ";"S";"0208";"******************************************************"
"IGRTTJ";"S";"0209";"            SI LOCA_ENLEVER = 0"
"IGRTTJ";"S";"0210";"               SI HABS_VALORIS = ""J"""
"IGRTTJ";"S";"0211";"                  HJOU_IJRCRTTJOU = HJOU_IJRCRTTJOU + 1"
"IGRTTJ";"S";"0212";"                  HJOU_IJRSNBJRTT = HJOU_IJRSNBJRTT - 1"
"IGRTTJ";"S";"0213";"               SINON"
"IGRTTJ";"S";"0214";"                  HJOU_IJRCRTTJOU = HJOU_IJRCRTTJOU + 0.5"
"IGRTTJ";"S";"0215";"                  HJOU_IJRSNBJRTT = HJOU_IJRSNBJRTT - 0.5"
"IGRTTJ";"S";"0216";"               FINSI"
"IGRTTJ";"S";"0217";"            FINSI"
"IGRTTJ";"S";"0218";"         FINSI"
"IGRTTJ";"S";"0219";"      FINSI"
"IGRTTJ";"S";"0220";"*   Contrôle du nombre de RTT employeurs pris"
"IGRTTJ";"S";"0221";"*   et mise en place anomalie si cela dépasse"
"IGRTTJ";"S";"0222";"*   la valeur indiquée dans les données globales datées"
"IGRTTJ";"S";"0223";"      SI HABS_MOTIF = PARD_IDIVMRTTEM"
"IGRTTJ";"S";"0224";"         SI HABS_VALORIS = ""J"""
"IGRTTJ";"S";"0225";"            HJOU_IJRNRTTJEM = HJOU_IJRNRTTJEM + 1"
"IGRTTJ";"S";"0226";"         SINON"
"IGRTTJ";"S";"0227";"            HJOU_IJRNRTTJEM = HJOU_IJRNRTTJEM + 0.5"
"IGRTTJ";"S";"0228";"         FINSI"
"IGRTTJ";"S";"0229";"         SI HJOU_IJRNRTTJEM > PARD_IDISRTTEMP"
"IGRTTJ";"S";"0230";"            ANOMALIE 136"
"IGRTTJ";"S";"0231";"         FINSI"
"IGRTTJ";"S";"0232";"      FINSI"
"IGRTTJ";"S";"0233";"   FINPOUR"
"IGRTTJ";"S";"0234";"*"
"IGRTTJ";"S";"0235";"*  Calcul du solde"
"IGRTTJ";"S";"0236";"   HJOU_IJRSNBJRTT = HJOU_IJRARTTJOU - HJOU_IJRCRTTJOU"
"IGRTTJ";"S";"0237";"*"
"IGRTTJ";"S";"0238";"   SI LOCA_ENLEVER = 1"
"IGRTTJ";"S";"0239";"      ENLEVER LOCA_MOTIF"
"IGRTTJ";"S";"0240";"   FINSI"
"IGRTTJ";"S";"0241";"*"
"IGRTTJ";"S";"0242";"* analyse des consignes d'initialisation et de mise à jour"
"IGRTTJ";"S";"0243";"*"
"IGRTTJ";"S";"0244";"   POUR ACTIVITES"
"IGRTTJ";"S";"0245";"*"
"IGRTTJ";"S";"0246";"      SI HJOU_IJIGRETETR = ""4"""
"IGRTTJ";"S";"0247";"         SI HABS_MOTIF = ""ZARTJ"""
"IGRTTJ";"S";"0248";"            LOCA_MOT = 1"
"IGRTTJ";"S";"0249";"            HJOU_IJRACRTTJM = HABS_MOTINBR"
"IGRTTJ";"S";"0250";"*"
"IGRTTJ";"S";"0251";"* arrondi de l'acquis a l'entier supérieur"
"IGRTTJ";"S";"0252";"            LOCA_REST = HJOU_IJRACRTTJM % 1"
"IGRTTJ";"S";"0253";"            LOCA_ENTIER = HJOU_IJRACRTTJM - LOCA_REST"
"IGRTTJ";"S";"0254";"            SI LOCA_REST > 0"
"IGRTTJ";"S";"0255";"               LOCA_ENTIER = LOCA_ENTIER + 1"
"IGRTTJ";"S";"0256";"            FINSI"
"IGRTTJ";"S";"0257";"*"
"IGRTTJ";"S";"0258";"            LOCA_TRANS = LOCA_ENTIER - HJOU_IJRARTTJOU"
"IGRTTJ";"S";"0259";"* alimentation du compteur de droit"
"IGRTTJ";"S";"0260";"            HJOU_IJRARTTJOU = LOCA_ENTIER"
"IGRTTJ";"S";"0261";"         FINSI"
"IGRTTJ";"S";"0262";"      FINSI"
"IGRTTJ";"S";"0263";"**"
"IGRTTJ";"S";"0264";"      SI HJOU_IJIGRETETR = ""4"""
"IGRTTJ";"S";"0265";"         SI HABS_MOTIF = ""XARTJ"""
"IGRTTJ";"S";"0266";"            LOCA_MOT = 1"
"IGRTTJ";"S";"0267";"            HJOU_IJRACRTTJM = HJOU_IJRACRTTJM + HABS_MOTINBR"
"IGRTTJ";"S";"0268";"*"
"IGRTTJ";"S";"0269";"* arrondi de l'acquis a l'entier supérieur"
"IGRTTJ";"S";"0270";"            LOCA_REST = HJOU_IJRACRTTJM % 1"
"IGRTTJ";"S";"0271";"            LOCA_ENTIER = HJOU_IJRACRTTJM - LOCA_REST"
"IGRTTJ";"S";"0272";"            SI LOCA_REST > 0"
"IGRTTJ";"S";"0273";"               LOCA_ENTIER = LOCA_ENTIER + 1"
"IGRTTJ";"S";"0274";"            FINSI"
"IGRTTJ";"S";"0275";"*"
"IGRTTJ";"S";"0276";"* alimentation du compteur de droit"
"IGRTTJ";"S";"0277";"            HJOU_IJRARTTJOU = LOCA_ENTIER"
"IGRTTJ";"S";"0278";"         FINSI"
"IGRTTJ";"S";"0279";"      FINSI"
"IGRTTJ";"S";"0280";"**"
"IGRTTJ";"S";"0281";"      SI HJOU_IJIGRETETR = ""2"""
"IGRTTJ";"S";"0282";"         SI HABS_MOTIF = ""ZRTJ"""
"IGRTTJ";"S";"0283";"            LOCA_MOT = 1"
"IGRTTJ";"S";"0284";"            HJOU_IJRARTTJOU = HABS_MOTINBR"
"IGRTTJ";"S";"0285";"         FINSI"
"IGRTTJ";"S";"0286";"         SI HABS_MOTIF = ""XRTJ"""
"IGRTTJ";"S";"0287";"            LOCA_MOT = 1"
"IGRTTJ";"S";"0288";"            HJOU_IJRARTTJOU = HJOU_IJRARTTJOU + HABS_MOTINBR"
"IGRTTJ";"S";"0289";"         FINSI"
"IGRTTJ";"S";"0290";"      FINSI"
"IGRTTJ";"S";"0291";"**"
"IGRTTJ";"S";"0292";"      SI HABS_MOTIF = ""ZCRJ"""
"IGRTTJ";"S";"0293";"         LOCA_MOT = 1"
"IGRTTJ";"S";"0294";"         HJOU_IJRCRTTJOU = HABS_MOTINBR"
"IGRTTJ";"S";"0295";"      FINSI"
"IGRTTJ";"S";"0296";"      SI HABS_MOTIF = ""XCRJ"""
"IGRTTJ";"S";"0297";"         LOCA_MOT = 1"
"IGRTTJ";"S";"0298";"         HJOU_IJRCRTTJOU = HJOU_IJRCRTTJOU + HABS_MOTINBR"
"IGRTTJ";"S";"0299";"      FINSI"
"IGRTTJ";"S";"0300";"   FINPOUR"
"IGRTTJ";"S";"0301";"*"
"IGRTTJ";"S";"0302";"** Calcul du solde"
"IGRTTJ";"S";"0303";"   HJOU_IJRSNBJRTT = HJOU_IJRARTTJOU - HJOU_IJRCRTTJOU"
"IGRTTJ";"S";"0304";"*"
"IGRTTJ";"S";"0305";"*"
"IGRTTJ";"S";"0306";"* calcul des soldes"
"IGRTTJ";"S";"0307";"   SI HJOU_IJRSNBJRTT < 0"
"IGRTTJ";"S";"0308";"      SI LOCA_MOT = 1"
"IGRTTJ";"S";"0309";"         ANOMALIE 135"
"IGRTTJ";"S";"0310";"      FINSI"
"IGRTTJ";"S";"0311";"   FINSI"
"IGRTTJ";"S";"0312";"*"
"IGRTTJ";"S";"0313";"** consigne de transfert du compteur RTT en jour en CET"
"IGRTTJ";"S";"0314";"   POUR ACTIVITES"
"IGRTTJ";"S";"0315";"      SI HABS_MOTIF = ""YRTCET"""
"IGRTTJ";"S";"0316";"         SI HABS_MOTINBR <= HJOU_IJRSNBJRTT"
"IGRTTJ";"S";"0317";"            HJOU_IJRTRRTCET = HJOU_IJRTRRTCET + HABS_MOTINBR"
"IGRTTJ";"S";"0318";"            HJOU_IJRCRTTJOU = HJOU_IJRCRTTJOU + HABS_MOTINBR"
"IGRTTJ";"S";"0319";"         SINON"
"IGRTTJ";"S";"0320";"* solde insuffisant"
"IGRTTJ";"S";"0321";"            ANOMALIE 158"
"IGRTTJ";"S";"0322";"         FINSI"
"IGRTTJ";"S";"0323";"      FINSI"
"IGRTTJ";"S";"0324";"** transfert de RTT en jours  en don absence"
"IGRTTJ";"S";"0325";"      SI HABS_MOTIF = ""YRTTDON"""
"IGRTTJ";"S";"0326";"         SI HABS_MOTINBR <= HJOU_IJRSNBJRTT"
"IGRTTJ";"S";"0327";"            HJOU_IJRCRTTJOU = HJOU_IJRCRTTJOU + HABS_MOTINBR"
"IGRTTJ";"S";"0328";"         SINON"
"IGRTTJ";"S";"0329";"* solde RTT insuffisant pour transfert en don absence"
"IGRTTJ";"S";"0330";"            ANOMALIE 190"
"IGRTTJ";"S";"0331";"         FINSI"
"IGRTTJ";"S";"0332";"      FINSI"
"IGRTTJ";"S";"0333";"   FINPOUR"
"IGRTTJ";"S";"0334";"*"
"IGRTTJ";"S";"0335";"** Calcul du solde"
"IGRTTJ";"S";"0336";"   HJOU_IJRSNBJRTT = HJOU_IJRARTTJOU - HJOU_IJRCRTTJOU"
"IGRTTJ";"S";"0337";"*"
"IGRTTJ";"S";"0338";"**"
"IGRTTJ";"S";"0339";"**"
"IGRTTJ";"S";"0340";"** Gestion des abattements de RTT"
"IGRTTJ";"S";"0341";"**"
"IGRTTJ";"S";"0342";"* Alimentation du nombre d'absence abattant les RTT"
"IGRTTJ";"S";"0343";"   POUR ACTIVITES"
"IGRTTJ";"S";"0344";"      SI MOTI_IMIABTRTT = ""1"""
"IGRTTJ";"S";"0345";"         LOCA_ABAT = 1"
"IGRTTJ";"S";"0346";"         SI HABS_VALORIS = ""J"""
"IGRTTJ";"S";"0347";"            HJOU_IJRABTRTT = HJOU_IJRABTRTT + 1"
"IGRTTJ";"S";"0348";"         SINON"
"IGRTTJ";"S";"0349";"            HJOU_IJRABTRTT = HJOU_IJRABTRTT + 0.5"
"IGRTTJ";"S";"0350";"         FINSI"
"IGRTTJ";"S";"0351";"      FINSI"
"IGRTTJ";"S";"0352";"   FINPOUR"
"IGRTTJ";"S";"0353";"* Abattement sur le droit RTT"
"IGRTTJ";"S";"0354";"   SI LOCA_ABAT = 1"
"IGRTTJ";"S";"0355";"      SI LOCA_SEUILABT > 0"
"IGRTTJ";"S";"0356";"         SI LOCA_NBABTRTT > 0"
"IGRTTJ";"S";"0357";"            SI HJOU_IJRABTRTT >= LOCA_SEUILABT"
"IGRTTJ";"S";"0358";"               LOCA_NBABT = HJOU_IJRABTRTT / LOCA_SEUILABT"
"IGRTTJ";"S";"0359";"               LOCA_RESTE = LOCA_NBABT % 1"
"IGRTTJ";"S";"0360";"               LOCA_NBABT = LOCA_NBABT - LOCA_RESTE"
"IGRTTJ";"S";"0361";"               LOCA_SEUILABT = LOCA_SEUILABT * LOCA_NBABT"
"IGRTTJ";"S";"0362";"               HJOU_IJRABTRTT = HJOU_IJRABTRTT - LOCA_SEUILABT"
"IGRTTJ";"S";"0363";"               LOCA_NBABT = LOCA_NBABT * LOCA_NBABTRTT"
"IGRTTJ";"S";"0364";"               ANOMALIE 147"
"IGRTTJ";"S";"0365";"               HJOU_IJRARTTJOU = HJOU_IJRARTTJOU - LOCA_NBABT"
"IGRTTJ";"S";"0366";"               HJOU_IJRSNBJRTT = HJOU_IJRARTTJOU - HJOU_IJRCRTTJOU"
"IGRTTJ";"S";"0367";"            FINSI"
"IGRTTJ";"S";"0368";"         FINSI"
"IGRTTJ";"S";"0369";"      FINSI"
"IGRTTJ";"S";"0370";"   FINSI"
"IGRTTJ";"S";"0371";"*"
"IGRTTJ";"S";"0372";"** soldes previsionnels"
"IGRTTJ";"S";"0373";"**"
"IGRTTJ";"S";"0374";"   SI CTRA_DATFIN > TEMP_DATJOU"
"IGRTTJ";"S";"0375";"      SI CTRA_DATFIN < LOCA_DATEFU"
"IGRTTJ";"S";"0376";"         DATAJT CTRA_DATFIN 12 ""J"" 1"
"IGRTTJ";"S";"0377";"         LOCA_DATEFU = TEMP_DXFINPER"
"IGRTTJ";"S";"0378";"      SINON"
"IGRTTJ";"S";"0379";"         SI CTRA_DATFIN < LOCA_DATEFU2"
"IGRTTJ";"S";"0380";"            DATAJT CTRA_DATFIN 12 ""J"" 1"
"IGRTTJ";"S";"0381";"            LOCA_DATEFU2 = TEMP_DXFINPER"
"IGRTTJ";"S";"0382";"         FINSI"
"IGRTTJ";"S";"0383";"      FINSI"
"IGRTTJ";"S";"0384";"   FINSI"
"IGRTTJ";"S";"0385";"***"
"IGRTTJ";"S";"0386";"   SI TEMP_DATSUI = LOCA_DATEFU"
"IGRTTJ";"S";"0387";"      EMPL_IEQSPRTTJO = HJOU_IJRSNBJRTT"
"IGRTTJ";"S";"0388";"   FINSI"
"IGRTTJ";"S";"0389";"**"
"IGRTTJ";"S";"0390";"   SI TEMP_DATSUI = LOCA_DATEFU2"
"IGRTTJ";"S";"0391";"      EMPL_IEQSPRTTJ2 = HJOU_IJRSNBJRTT"
"IGRTTJ";"S";"0392";"   FINSI"
"IGRTTJ";"S";"0393";"FINSI"
"IGRTTJ";"S";"0394";"FIN"
"IGRTTJ";"S";"0395";"*"
"IANNU";"S";"0001";"***********************************************************************"
"IANNU";"S";"0002";"* Règle     : IANNU"
"IANNU";"S";"0003";"* Ordre     : 6900"
"IANNU";"S";"0004";"* Titre     : Gestion de l'annualisation"
"IANNU";"S";"0005";"* Package   : Privé 16.3"
"IANNU";"S";"0006";"*----------------------------------------------------------------------"
"IANNU";"S";"0007";"*"
"IANNU";"S";"0008";"*"
"IANNU";"S";"0009";"* Rôle : Gestion de l'annualisation"
"IANNU";"S";"0010";"*"
"IANNU";"S";"0011";"*"
"IANNU";"S";"0012";"*----------------------------------------------------------------------"
"IANNU";"S";"0013";"* Créé par : Cellule Industrialisation"
"IANNU";"S";"0014";"* Date     : 03/09/2009"
"IANNU";"S";"0015";"* Version  : 1"
"IANNU";"S";"0016";"*----------------------------------------------------------------------"
"IANNU";"S";"0017";"* Modifiée par : Cellule Industrialisation"
"IANNU";"S";"0018";"* Date         : JJ/MM/AAAA"
"IANNU";"S";"0019";"* Objet        :"
"IANNU";"S";"0020";"***********************************************************************"
"IANNU";"S";"0021";"*"
"IANNU";"S";"0022";"* Implémentation des données industrielles"
"IANNU";"S";"0023";"*"
"IANNU";"S";"0024";"DEBDICO"
"IANNU";"S";"0025";"   HJOU_IJRCTRPMOD;N;T8,2;L;;;     6789;;IJRCTRPMOD;V3;""Contrat théorique annuel"";"
"IANNU";"S";"0026";"   HJOU_IJRTTEPMOD;N;T8,2;L;;;     6789;;IJRTTEPMOD;V3;""Heures effectives annuelles"";"
"IANNU";"S";"0027";"   HJOU_IJQHSMAPAA;N;T6,2;L;;;    56789;;;V3;""Heures supplémentaires 25% annuelles"";"
"IANNU";"S";"0028";"   EMPL_IEQTTREFFA;N;T8,2;L;;;     6789;;;V3;""Temps de travail effectif annuel"";"
"IANNU";"S";"0029";"   EMPL_IEQECARANN;N;T8,2;L;;;     6789;;;V3;""Ecart annuel"";"
"IANNU";"S";"0030";"FINDICO"
"IANNU";"S";"0031";"*"
"IANNU";"S";"0032";"* Déclaration des donnees locales"
"IANNU";"S";"0033";"*"
"IANNU";"S";"0034";"DEF LOCA_DATANU D"
"IANNU";"S";"0035";"LOCA_DATANU = "" """
"IANNU";"S";"0036";"DEF LOCA_DATEFU D"
"IANNU";"S";"0037";"LOCA_DATEFU = "" """
"IANNU";"S";"0038";"DEF LOCA_ACOURS N4"
"IANNU";"S";"0039";"LOCA_ACOURS = 0"
"IANNU";"S";"0040";"** calcul des hs annuelles"
"IANNU";"S";"0041";"SI PARD_IDIDDEBANN <> "" """
"IANNU";"S";"0042";"   LOCA_DATANU = PARD_IDIDDEBANN"
"IANNU";"S";"0043";"   SI HJOU_DATE = PARD_IDIDDEBANN"
"IRCNUIT";"S";"0001";"**********************************************************************"
"IRCNUIT";"S";"0002";"* Règle     : IRCNUIT"
"IRCNUIT";"S";"0003";"* Ordre     : 6810"
"IRCNUIT";"S";"0004";"* Titre     : Repos compensateur de nuit"
"IRCNUIT";"S";"0005";"* Package   : Privé 16.3"
"IRCNUIT";"S";"0006";"*---------------------------------------------------------------------"
"IRCNUIT";"S";"0007";"*"
"IRCNUIT";"S";"0008";"*"
"IRCNUIT";"S";"0009";"* Rôle :"
"IRCNUIT";"S";"0010";"*"
"IRCNUIT";"S";"0011";"* Acquisition du RC de nuit"
"IRCNUIT";"S";"0012";"* Définition du travail de nuit selon l'accord national sur le travail de nuit"
"IRCNUIT";"S";"0013";"* dans la métallurgie du 3 janvier 2002"
"IRCNUIT";"S";"0014";"*"
"IRCNUIT";"S";"0015";"*"
"IRCNUIT";"S";"0016";"*----------------------------------------------------------------------"
"IRCNUIT";"S";"0017";"* Créé par : Cellule Industrialisation"
"IRCNUIT";"S";"0018";"* Date     : 14/10/2015"
"IRCNUIT";"S";"0019";"* Version  : 1"
"IRCNUIT";"S";"0020";"*---------------------------------------------------------------------"
"IRCNUIT";"S";"0021";"* Modifiée par : Cellule Industrialisation"
"IRCNUIT";"S";"0022";"* Date         : JJ/MM/AAAA"
"IRCNUIT";"S";"0023";"* Objet        :"
"IRCNUIT";"S";"0024";"***********************************************************************"
"IRCNUIT";"S";"0025";"*"
"IHCOMPDIM";"S";"0091";"LOCA_TAUXC = 0"
"IHCOMPDIM";"S";"0092";"DEF LOCA_TAUXC2 N4.2"
"IFRANCP";"S";"0202";"            SI HORC_IHIMAIN1 > 0"
"IFRANCP";"S";"0203";"               LOCA_DANC1 = LOCA_DANC"
"IFRANCP";"S";"0204";"               LOCA_ACOURS << LOCA_DANC1(1:4)"
"IFRANCP";"S";"0205";"               LOCA_ACOURS = LOCA_ACOURS - HORC_IHIANC1"
"IFRANCP";"S";"0206";"               LOCA_DANC1(1:4) << LOCA_ACOURS"
"IFRANCP";"S";"0207";"               SI EMPS_E2DATEANC < LOCA_DANC1"
"IFRANCP";"S";"0208";"                  LOCA_NBJMAIN = HORC_IHIMAIN1"
"IFRANCP";"S";"0209";"               FINSI"
"IFRANCP";"S";"0210";"            FINSI"
"IFRANCP";"S";"0211";"*"
"IFRANCP";"S";"0212";"            SI HORC_IHIANC2 > 0"
"IFRANCP";"S";"0213";"               SI HORC_IHIMAIN2 > 0"
"IFRANCP";"S";"0214";"                  LOCA_DANC1 = LOCA_DANC"
"IFRANCP";"S";"0215";"                  LOCA_ACOURS << LOCA_DANC1(1:4)"
"IFRANCP";"S";"0216";"                  LOCA_ACOURS = LOCA_ACOURS - HORC_IHIANC2"
"IFRANCP";"S";"0217";"                  LOCA_DANC1(1:4) << LOCA_ACOURS"
"IFRANCP";"S";"0218";"                  SI EMPS_E2DATEANC < LOCA_DANC1"
"IFRANCP";"S";"0219";"                     LOCA_NBJMAIN = HORC_IHIMAIN2"
"IFRANCP";"S";"0220";"                  FINSI"
"IFRANCP";"S";"0221";"               FINSI"
"IFRANCP";"S";"0222";"            FINSI"
"IFRANCP";"S";"0223";"*"
"IFRANCP";"S";"0224";"            SI HORC_IHIANC3 > 0"
"IFRANCP";"S";"0225";"               SI HORC_IHIMAIN3 > 0"
"IFRANCP";"S";"0226";"                  LOCA_DANC1 = LOCA_DANC"
"IFRANCP";"S";"0227";"                  LOCA_ACOURS << LOCA_DANC1(1:4)"
"IFRANCP";"S";"0228";"                  LOCA_ACOURS = LOCA_ACOURS - HORC_IHIANC3"
"IFRANCP";"S";"0229";"                  LOCA_DANC1(1:4) << LOCA_ACOURS"
"IFRANCP";"S";"0230";"                  SI EMPS_E2DATEANC < LOCA_DANC1"
"IFRANCP";"S";"0231";"                     LOCA_NBJMAIN = HORC_IHIMAIN3"
"IFRANCP";"S";"0232";"                  FINSI"
"IFRANCP";"S";"0233";"               FINSI"
"IFRANCP";"S";"0234";"            FINSI"
"IFRANCP";"S";"0235";"*"
"IFRANCP";"S";"0236";"            SI HORC_IHIANC4 > 0"
"IFRANCP";"S";"0237";"               SI HORC_IHIMAIN4 > 0"
"IFRANCP";"S";"0238";"                  LOCA_DANC1 = LOCA_DANC"
"IFRANCP";"S";"0239";"                  LOCA_ACOURS << LOCA_DANC1(1:4)"
"IFRANCP";"S";"0240";"                  LOCA_ACOURS = LOCA_ACOURS - HORC_IHIANC4"
"IFRANCP";"S";"0241";"                  LOCA_DANC1(1:4) << LOCA_ACOURS"
"IFRANCP";"S";"0242";"                  SI EMPS_E2DATEANC < LOCA_DANC1"
"IFRANCP";"S";"0243";"                     LOCA_NBJMAIN = HORC_IHIMAIN4"
"IFRANCP";"S";"0244";"                  FINSI"
"IFRANCP";"S";"0245";"               FINSI"
"IFRANCP";"S";"0246";"            FINSI"
"IFRANCP";"S";"0247";"*"
"IFRANCP";"S";"0248";"         FINSI"
"IFRANCP";"S";"0249";"*"
"IFRANCP";"S";"0250";"      FINSI"
"IFRANCP";"S";"0251";"   FINSI"
"IFRANCP";"S";"0252";"*"
"IFRANCP";"S";"0253";"*******************************************************************************************"
"IFRANCP";"S";"0254";"* Alimentation du compteur de NB jours maintien"
"IFRANCP";"S";"0255";"*******************************************************************************************"
"IFRANCP";"S";"0256";"*"
"IFRANCP";"S";"0257";"* Pas de maintien de congé"
"IFRANCP";"S";"0258";"   SI HORC_IHIGMAINCP = ""0"""
"IFRANCP";"S";"0259";"      HJOU_IJRNBJMAIN = 0"
"IFRANCP";"S";"0260";"   SINON"
"IFRANCP";"S";"0261";"*"
"IFRANCP";"S";"0262";"* chargement du compteur de maintien de congé période civil"
"IFRANCP";"S";"0263";"      SI HORC_IHIGMAINCP = ""1"""
"IFRANCP";"S";"0264";"      OU HORC_IHIGMAINCP = ""3"""
"IFRANCP";"S";"0265";"         SI HJOU_DATE(5:4) = ""0101"""
"IFRANCP";"S";"0266";"            SI LOCA_ARRET = 0"
"IFRANCP";"S";"0267";"               HJOU_IJRNBJMAIN = LOCA_NBJMAIN"
"IFRANCP";"S";"0268";"            SINON"
"IHCOMPDIM";"S";"0093";"LOCA_TAUXC2 = 0"
"IHCOMPDIM";"S";"0094";"DEF LOCA_CAL2 T6.2"
"IHCOMPDIM";"S";"0095";"LOCA_CAL2 = 0"
"IHCOMPDIM";"S";"0096";"DEF LOCA_CONSO N1"
"IHCOMPDIM";"S";"0097";"LOCA_CONSO = 0"
"IHCOMPDIM";"S";"0098";"DEF LOCA_BASEHS T6.2"
"IHCOMPDIM";"S";"0099";"LOCA_BASEHS = 0"
"IHCOMPDIM";"S";"0100";"*"
"IHCOMPDIM";"S";"0101";"*"
"IHCOMPDIM";"S";"0102";"*"
"IHCOMPDIM";"S";"0103";"SI PARD_IDIHDEBP = ""1"""
"IHCOMPDIM";"S";"0104";"* Si temps partiels"
"IHCOMPDIM";"S";"0105";"   SI HJOU_IJITYPCTRA > 0"
"IHCOMPDIM";"S";"0106";"      SI HJOU_IJITYPCTRA < 100"
"IHCOMPDIM";"S";"0107";"*"
"IHCOMPDIM";"S";"0108";"*"
"IHCOMPDIM";"S";"0109";"* *Sélection des taux entre HOR et CFG"
"IHCOMPDIM";"S";"0110";"         DEF LOCA_HOR1 N2"
"IHCOMPDIM";"S";"0111";"         LOCA_HOR1 = 0"
"IHCOMPDIM";"S";"0112";"         DEF LOCA_HOR2 N2"
"IHCOMPDIM";"S";"0113";"         LOCA_HOR2 = 0"
"IHCOMPDIM";"S";"0114";"*"
"IHCOMPDIM";"S";"0115";"         SI HORC_IHIHCTAUX1 > 0"
"IHCOMPDIM";"S";"0116";"            SI HORC_IHIHCTAUX1 < 545"
"IHCOMPDIM";"S";"0117";"               LOCA_HOR1 = 1"
"IHCOMPDIM";"S";"0118";"            FINSI"
"IHCOMPDIM";"S";"0119";"         FINSI"
"IHCOMPDIM";"S";"0120";"*"
"IHCOMPDIM";"S";"0121";"         SI HORC_IHIHCTAUX2 > 0"
"IHCOMPDIM";"S";"0122";"            SI HORC_IHIHCTAUX2 < 545"
"IHCOMPDIM";"S";"0123";"               LOCA_HOR2 = 1"
"IHCOMPDIM";"S";"0124";"            FINSI"
"IHCOMPDIM";"S";"0125";"         FINSI"
"IHCOMPDIM";"S";"0126";"*"
"IHCOMPDIM";"S";"0127";"* * Taux 1 pour récupération"
"IHCOMPDIM";"S";"0128";"         SI LOCA_HOR1 = 1"
"IHCOMPDIM";"S";"0129";"            LOCA_TAUXC = HORC_IHIHCTAUX1 / 100"
"IHCOMPDIM";"S";"0130";"         SINON"
"IHCOMPDIM";"S";"0131";"            LOCA_TAUXC = PARD_IDIHCTAUX1 / 100"
"IHCOMPDIM";"S";"0132";"         FINSI"
"IHCOMPDIM";"S";"0133";"         LOCA_TAUXC = LOCA_TAUXC + 1"
"IHCOMPDIM";"S";"0134";"* Taux 2 pour récupération"
"IHCOMPDIM";"S";"0135";"         SI LOCA_HOR2 = 1"
"IHCOMPDIM";"S";"0136";"            LOCA_TAUXC2 = HORC_IHIHCTAUX2 / 100"
"IHCOMPDIM";"S";"0137";"         SINON"
"IHCOMPDIM";"S";"0138";"            LOCA_TAUXC2 = PARD_IDIHCTAUX2 / 100"
"IHCOMPDIM";"S";"0139";"         FINSI"
"IHCOMPDIM";"S";"0140";"         LOCA_TAUXC2 = LOCA_TAUXC2 + 1"
"IHCOMPDIM";"S";"0141";"*"
"IHCOMPDIM";"S";"0142";"* Analyse des motifs"
"IPAUSE";"S";"0023";"***********************************************************************"
"IPAUSE";"S";"0024";"*"
"IPAUSE";"S";"0025";"* Implémentation des données industrielles"
"IPAUSE";"S";"0026";"*"
"IPAUSE";"S";"0027";"DEBDICO"
"IPAUSE";"S";"0028";"   PROF_IPIFPAUSBA;O;Z1;X;0;1;123456789;C;;C2;""Pause badgée"";"
"IPAUSE";"S";"0029";"   HJOU_IJQPAUSMAT;N;T6,2;I;;;     6789;;;V2;""Pause première plage"";"
"IPAUSE";"S";"0030";"   HJOU_IJQPAUSSOI;N;T6,2;I;;;     6789;;;V2;""Pause seconde plage"";"
"IPAUSE";"S";"0031";"FINDICO"
"IPAUSE";"S";"0032";"*"
"IPAUSE";"S";"0033";"* Déclaration des donnees locales"
"IPAUSE";"S";"0034";"*"
"IPAUSE";"S";"0035";"DEF LOCA_NOB N2"
"IPAUSE";"S";"0036";"LOCA_NOB = 0"
"IPAUSE";"S";"0037";"DEF LOCA_SORTIE1 T6.2"
"IPAUSE";"S";"0038";"LOCA_SORTIE1 = 0"
"IPAUSE";"S";"0039";"DEF LOCA_ENTREE1 T6.2"
"IPAUSE";"S";"0040";"LOCA_ENTREE1 = 0"
"IPAUSE";"S";"0041";"DEF LOCA_SORTIE2 T6.2"
"IPAUSE";"S";"0042";"LOCA_SORTIE2 = 0"
"IPAUSE";"S";"0043";"DEF LOCA_ENTREE2 T6.2"
"IPAUSE";"S";"0044";"LOCA_ENTREE2 = 0"
"IPAUSE";"S";"0045";"DEF LOCA_PAUSEMA N1"
"IPAUSE";"S";"0046";"LOCA_PAUSEMA = 0"
"IPAUSE";"S";"0047";"*"
"IPAUSE";"S";"0048";"*"
"IPAUSE";"S";"0049";"SI HJOU_DATE <= TEMP_DATJOU"
"IPAUSE";"S";"0050";"** Contrôle si plus de 2 badgeages dans la première plage pour"
"IHCOMPDIM";"S";"0143";"         DEF LOCA_REHC T6.2"
"IHCOMPDIM";"S";"0144";"         LOCA_REHC = 0"
"IHCOMPDIM";"S";"0145";"         DEF LOCA_HPAYE T6.2"
"IHCOMPDIM";"S";"0146";"         LOCA_HPAYE = 0"
"IHCOMPDIM";"S";"0147";"         DEF LOCA_ZHPA T6.2"
"IHCOMPDIM";"S";"0148";"         LOCA_ZHPA = 999"
"IHCOMPDIM";"S";"0149";"         DEF LOCA_XHPA T6.2"
"IHCOMPDIM";"S";"0150";"         LOCA_XHPA = 0"
"IHCOMPDIM";"S";"0151";"         DEF LOCA_BASE T6.2"
"IHCOMPDIM";"S";"0152";"         LOCA_BASE = 0"
"IHCOMPDIM";"S";"0153";"         DEF LOCA_ZBHS T6.2"
"IHCOMPDIM";"S";"0154";"         LOCA_ZBHS = 999"
"IHCOMPDIM";"S";"0155";"         DEF LOCA_ZBPA T6.2"
"IHCOMPDIM";"S";"0156";"         LOCA_ZBPA = 999"
"IHCOMPDIM";"S";"0157";"         DEF LOCA_XCOP T6.2"
"IHCOMPDIM";"S";"0158";"         LOCA_XCOP = 0"
"IHCOMPDIM";"S";"0159";"         DEF LOCA_ZCOP T6.2"
"IHCOMPDIM";"S";"0160";"         LOCA_ZCOP = 999"
"IHCOMPDIM";"S";"0161";"         DEF LOCA_XCOP2 T6.2"
"IFRANCP";"S";"0269";"               HJOU_IJRABSFIN = 1"
"IHCOMPDIM";"S";"0162";"         LOCA_XCOP2 = 0"
"IHCOMPDIM";"S";"0163";"         DEF LOCA_ZCOP2 T6.2"
"IHCOMPDIM";"S";"0164";"         LOCA_ZCOP2 = 999"
"IHCOMPDIM";"S";"0165";"         DEF LOCA_XCOR T6.2"
"IHCOMPDIM";"S";"0166";"         LOCA_XCOR = 0"
"IFRANCP";"S";"0270";"            FINSI"
"IHCOMPDIM";"S";"0167";"         DEF LOCA_ZCOR T6.2"
"IHCOMPDIM";"S";"0168";"         LOCA_ZCOR = 999"
"IHCOMPDIM";"S";"0169";"         DEF LOCA_XCOR2 T6.2"
"IHCOMPDIM";"S";"0170";"         LOCA_XCOR2 = 0"
"IHCOMPDIM";"S";"0171";"         DEF LOCA_ZCOR2 T6.2"
"IHCOMPDIM";"S";"0172";"         LOCA_ZCOR2 = 999"
"IHCOMPDIM";"S";"0173";"         DEF LOCA_ZHCP T6.2"
"IHCOMPDIM";"S";"0174";"         LOCA_ZHCP = 999"
"IHCOMPDIM";"S";"0175";"         DEF LOCA_XCHS T6.2"
"IHCOMPDIM";"S";"0176";"         LOCA_XCHS = 0"
"IHCOMPDIM";"S";"0177";"         DEF LOCA_ZCHS T6.2"
"IHCOMPDIM";"S";"0178";"         LOCA_ZCHS = 999"
"IHCOMPDIM";"S";"0179";"         DEF LOCA_XRHA T6.2"
"IHCOMPDIM";"S";"0180";"         LOCA_XRHA = 0"
"IHCOMPDIM";"S";"0181";"         DEF LOCA_ZRHA T6.2"
"IHCOMPDIM";"S";"0182";"         LOCA_ZRHA = 999"
"IHCOMPDIM";"S";"0183";"         DEF LOCA_ZPAY T6.2"
"IHCOMPDIM";"S";"0184";"         LOCA_ZPAY = 999"
"IHCOMPDIM";"S";"0185";"*"
"IHCOMPDIM";"S";"0186";"         POUR ACTIVITES"
"IHCOMPDIM";"S";"0187";"            SI MOTI_MOTYPE <> ""C"""
"IHCOMPDIM";"S";"0188";"               SI MOTI_IMIGHRSSUP = ""1"""
"IHCOMPDIM";"S";"0189";"               OU MOTI_IMIGHRPAYE = ""1"""
"IFRANCP";"S";"0271";"         SINON"
"IHCOMPDIM";"S";"0190";"                  LOCA_HPAYE = HABS_MOTIDUR"
"IHREFF";"S";"0037";"LOCA_VAL = 0"
"IHREFF";"S";"0001";"***********************************************************************"
"IHREFF";"S";"0002";"* Règle     : IHREFF"
"IHREFF";"S";"0003";"* Ordre     : 5100"
"IHREFF";"S";"0004";"* Titre     : Heures effectives"
"IHREFF";"S";"0005";"* Package   : Privé 16.3"
"IHREFF";"S";"0006";"*----------------------------------------------------------------------"
"IHREFF";"S";"0007";"*"
"IHREFF";"S";"0008";"*"
"IHREFF";"S";"0009";"* Rôle : Heures effectives"
"IHREFF";"S";"0010";"*"
"IHREFF";"S";"0011";"*"
"IHREFF";"S";"0012";"*"
"IHREFF";"S";"0013";"*"
"IHREFF";"S";"0014";"*"
"IHREFF";"S";"0015";"*----------------------------------------------------------------------"
"IHREFF";"S";"0016";"* Créé par : HQ sector"
"IHREFF";"S";"0017";"* Date     : 17/03/2025"
"IHREFF";"S";"0018";"* Version  : 1"
"IHREFF";"S";"0019";"*----------------------------------------------------------------------"
"IHREFF";"S";"0020";"* Modifiée par : Cellule Industrialisation"
"IHREFF";"S";"0021";"* Date         : JJ/MM/AAAA"
"IHREFF";"S";"0022";"* Objet        :"
"IHREFF";"S";"0023";"***********************************************************************"
"IHREFF";"S";"0024";"*"
"IHREFF";"S";"0025";"* Implémentation des données industrielles"
"IHREFF";"S";"0026";"*"
"IHREFF";"S";"0027";"DEBDICO"
"IHREFF";"S";"0028";"   HJOU_IJQTTEFFEJ;N;T6,2;I;;;     6789;;;V3;""Heures effectives"";"
"IHREFF";"S";"0029";"   TEMP_ITCHEVTTE;N;T6,2;I;;;        9;;;V3;""Durée de chevauchement TTE"";"
"IHREFF";"S";"0030";"FINDICO"
"IHREFF";"S";"0031";"*"
"IHREFF";"S";"0032";"* Déclaration des donnees locales"
"IHREFF";"S";"0033";"*"
"IHREFF";"S";"0034";"DEF LOCA_INBADG Z1"
"IHREFF";"S";"0035";"LOCA_INBADG = ""0"""
"IHREFF";"S";"0036";"DEF LOCA_VAL T6.2"
"IHREFF";"S";"0038";"* si on est dans le futur"
"IHREFF";"S";"0039";"* on positionne la variable INBADG à 0"
"IHREFF";"S";"0040";"* ce qui permet de traiter les badgeants comme des non badgeants"
"IHREFF";"S";"0041";"* afin d'alimenter une présence badgéé fictive (HJPOINV)qui correspond"
"IHREFF";"S";"0042";"* à la théorie - les motifs d'absences non créditeur"
"IHREFF";"S";"0043";"SI HJOU_DATE <= TEMP_DATJOU"
"IHREFF";"S";"0044";"   LOCA_INBADG = HJOU_IJIGBADGEA"
"IHREFF";"S";"0045";"SINON"
"IHREFF";"S";"0046";"   LOCA_INBADG = ""0"""
"IHREFF";"S";"0047";"FINSI"
"IHREFF";"S";"0048";"*HJOU_IJQTTEFFEJ = HJOU_IJQPRESBAV"
"IHREFF";"S";"0049";"HJOU_IJQTTEFFEJ = HJOU_IJQPRESEFF"
"IHREFF";"S";"0050";"*"
"IHREFF";"S";"0051";"*** déduction du temps en chevauchement"
"IHREFF";"S";"0052";"*"
"IHREFF";"S";"0053";"SI TEMP_ITCHEVTTE > 0"
"IHREFF";"S";"0054";"   HJOU_IJQTTEFFEJ = HJOU_IJQTTEFFEJ - TEMP_ITCHEVTTE"
"IHREFF";"S";"0055";"FINSI"
"IHREFF";"S";"0056";"*"
"IHREFF";"S";"0057";"POUR ACTIVITES"
"IHREFF";"S";"0058";"   SI MOTI_MOTYPE <> ""C"""
"IHREFF";"S";"0059";"      SI MOTI_IMIGTTEFFE = ""1"""
"IHREFF";"S";"0060";"         HJOU_IJQTTEFFEJ = HJOU_IJQTTEFFEJ + HABS_MOTIDUR"
"IHREFF";"S";"0061";"      FINSI"
"IHREFF";"S";"0062";"      SI MOTI_IMIGTTEFFE = ""2"""
"IHREFF";"S";"0063";"         SI LOCA_INBADG <> ""0"""
"IHREFF";"S";"0064";"            HJOU_IJQTTEFFEJ = HJOU_IJQTTEFFEJ - HABS_MOTIDUR"
"IHREFF";"S";"0065";"         FINSI"
"IHREFF";"S";"0066";"      FINSI"
"IHREFF";"S";"0067";"      SI MOTI_IMIGTTEFFE = ""3"""
"IHREFF";"S";"0068";"         SI HABS_VALORIS = ""J"""
"IHREFF";"S";"0069";"            LOCA_VAL = PROF_IPIABSFORJ"
"IHREFF";"S";"0070";"         FINSI"
"IHREFF";"S";"0071";"         SI HABS_VALORIS = ""M"""
"IHREFF";"S";"0072";"            LOCA_VAL = PROF_IPIABSFORM"
"IHREFF";"S";"0073";"         FINSI"
"IHREFF";"S";"0074";"         SI HABS_VALORIS = ""A"""
"IHREFF";"S";"0075";"            LOCA_VAL = PROF_IPIABSFORS"
"IHREFF";"S";"0076";"         FINSI"
"IHREFF";"S";"0077";"         SI HABS_VALORIS = ""H"""
"IHREFF";"S";"0078";"            LOCA_VAL = HABS_MOTIDUR"
"IHREFF";"S";"0079";"         FINSI"
"IHREFF";"S";"0080";"         HJOU_IJQTTEFFEJ = HJOU_IJQTTEFFEJ + LOCA_VAL"
"IHREFF";"S";"0081";"      FINSI"
"IHREFF";"S";"0082";"   FINSI"
"IHREFF";"S";"0083";"FINPOUR"
"IHREFF";"S";"0084";"*** ecretage des heures effectives"
"IHREFF";"S";"0085";"SI HJOU_IJQTTEFFEJ > PROF_ECRJOU"
"IHREFF";"S";"0086";"   HJOU_IJQTTEFFEJ = PROF_ECRJOU"
"IHREFF";"S";"0087";"FINSI"
"IHREFF";"S";"0088";"*  alimentation par consignes"
"IHREFF";"S";"0089";"POUR ACTIVITES"
"IHREFF";"S";"0090";"   SI HABS_MOTIF = ""XEFF"""
"IHREFF";"S";"0091";"      HJOU_IJQTTEFFEJ = HJOU_IJQTTEFFEJ + HABS_MOTIDUR"
"IHREFF";"S";"0092";"   FINSI"
"IHREFF";"S";"0093";"   SI HABS_MOTIF = ""ZEFF"""
"IHREFF";"S";"0094";"      HJOU_IJQTTEFFEJ = HABS_MOTIDUR"
"IHREFF";"S";"0095";"   FINSI"
"IHREFF";"S";"0096";"FINPOUR"
"IHREFF";"S";"0097";"SI HJOU_IJQTTEFFEJ < 0"
"IHREFF";"S";"0098";"   HJOU_IJQTTEFFEJ = 0"
"IHREFF";"S";"0099";"FINSI"
"IHREFF";"S";"0100";"FIN"
"IHCOMPDIM";"S";"0191";"               FINSI"
"IHCOMPDIM";"S";"0192";"*"
"IDELEG";"S";"0044";"   207;8;""Date de début de mandat DS non renseignée"";"
"IDELEG";"S";"0045";"   208;8;""Pas de mandat délégation DS"";"
"IDELEG";"S";"0046";"   209;8;""Solde délégation DS insuffisant"";"
"IDELEG";"S";"0047";"   210;8;""La date de fin de mandat DFS est inférieure à la date de début"";"
"IDELEG";"S";"0048";"   211;8;""Date de fin de mandat DFS non renseignée"";"
"IDELEG";"S";"0049";"   212;8;""Date de début de mandat DFS non renseignée"";"
"IDELEG";"S";"0050";"   213;8;""Pas de mandat délégation DFS"";"
"IDELEG";"S";"0051";"   214;8;""Solde délégation DFS insuffisant"";"
"IDELEG";"S";"0052";"FINANO"
"IDELEG";"S";"0053";"* Déclaration des donnees locales"
"IDELEG";"S";"0054";"*"
"IDELEG";"S";"0055";"DEF LOCA_MOTDS N1"
"IDELEG";"S";"0056";"LOCA_MOTDS = 0"
"IDELEG";"S";"0057";"DEF LOCA_MOTDFS N1"
"IDELEG";"S";"0058";"LOCA_MOTDFS = 0"
"IDELEG";"S";"0059";"DEF LOCA_ADEDUIRE T6.2"
"IDELEG";"S";"0060";"LOCA_ADEDUIRE = 0"
"IDELEG";"S";"0061";"DEF LOCA_ENTIER N6.2"
"IDELEG";"S";"0062";"LOCA_ENTIER = 0"
"IDELEG";"S";"0063";"DEF LOCA_RESTE N6.2"
"IDELEG";"S";"0064";"LOCA_RESTE = 01"
"IDELEG";"S";"0065";"DEF LOCA_DIV T6.2"
"IDELEG";"S";"0066";"LOCA_DIV = 4"
"IDELEG";"S";"0067";"DEF LOCA_NB N6.2"
"IDELEG";"S";"0068";"LOCA_NB = 0"
"IDELEG";"S";"0069";"**"
"IDELEG";"S";"0070";"** RAZ du nombre annuel de délégation pris"
"IDELEG";"S";"0071";"**"
"IDELEG";"S";"0072";"SI PARD_IDIDDEBANN <> "" """
"IDELEG";"S";"0073";"   SI HJOU_DATE = PARD_IDIDDEBANN"
"IDELEG";"S";"0074";"      HJOU_IJRNBHDELE = 0"
"IDELEG";"S";"0075";"   FINSI"
"IDELEG";"S";"0076";"SINON"
"IDELEG";"S";"0077";"   SI HJOU_DATE(5:4) = ""0101"""
"IDELEG";"S";"0078";"      HJOU_IJRNBHDELE = 0"
"IDELEG";"S";"0079";"   FINSI"
"IDELEG";"S";"0080";"FINSI"
"IDELEG";"S";"0081";"**"
"IDELEG";"S";"0082";"**"
"IDELEG";"S";"0083";"** Raz des compteurs droit/pris si la date de début de délégation est à blanc"
"IDELEG";"S";"0084";"**"
"IDELEG";"S";"0085";"SI HJOU_IJIDATDEDS = "" """
"IDELEG";"S";"0086";"   HJOU_IJRDDELEDS = 0"
"IDELEG";"S";"0087";"   HJOU_IJRCDELEDS = 0"
"IDELEG";"S";"0088";"FINSI"
"IDELEG";"S";"0089";"*"
"IDELEG";"S";"0090";"SI HJOU_IJIDATDDFS = "" """
"IDELEG";"S";"0091";"   HJOU_IJRDDELDFS = 0"
"IDELEG";"S";"0092";"   HJOU_IJRCDELDFS = 0"
"IDELEG";"S";"0093";"FINSI"
"IDELEG";"S";"0094";"*"
"IDELEG";"S";"0095";"** alimentation du droit DS"
"IDELEG";"S";"0096";"** test si le droit est renseigné"
"IDELEG";"S";"0097";"** remise à 0 des compteurs de pris"
"IDELEG";"S";"0098";"SI HJOU_DATE(7:2) = ""01"""
"IDELEG";"S";"0099";"   HJOU_IJRCDELEDS = 0"
"IDELEG";"S";"0100";"   HJOU_IJRCDELDFS = 0"
"IDELEG";"S";"0101";"FINSI"
"IDELEG";"S";"0102";"*********************************************************************************"
"IDELEG";"S";"0103";"** Délégation DS"
"IDELEG";"S";"0104";"*********************************************************************************"
"IDELEG";"S";"0105";"SI HJOU_IJIDDELEDS > 0"
"IDELEG";"S";"0106";"* test si la date de début de mandat est renseignée"
"IDELEG";"S";"0107";"   SI HJOU_IJIDATDEDS <> "" """
"IDELEG";"S";"0108";"      SI HJOU_IJIDATFDDS > HJOU_IJIDATDEDS"
"IDELEG";"S";"0109";"         SI HJOU_DATE(7:2) = ""01"""
"IDELEG";"S";"0110";"         OU HJOU_DATE = HJOU_IJIDATDEDS"
"IDELEG";"S";"0111";"            SI HJOU_DATE >= HJOU_IJIDATDEDS"
"IHCOMPDIM";"S";"0193";"               SI MOTI_IMIGHRSSUP = ""1"""
"IHCOMPDIM";"S";"0194";"                  LOCA_BASE = HABS_MOTIDUR"
"IHCOMPDIM";"S";"0195";"               FINSI"
"IHCOMPDIM";"S";"0196";"*"
"IHCOMPDIM";"S";"0197";"               SI HABS_MOTIF = PARD_IDIVMOTHSR"
"IHCOMPDIM";"S";"0198";"                  LOCA_CONSO = 1"
"IHCOMPDIM";"S";"0199";"                  LOCA_REHC = HABS_MOTIDUR"
"IHCOMPDIM";"S";"0200";"               FINSI"
"IHCOMPDIM";"S";"0201";"            SINON"
"IHCOMPDIM";"S";"0202";"               SI HABS_MOTIF = ""ZHPA"""
"IHCOMPDIM";"S";"0203";"                  LOCA_ZHPA = HABS_MOTIDUR"
"IHCOMPDIM";"S";"0204";"               FINSI"
"IHCOMPDIM";"S";"0205";"*"
"IHCOMPDIM";"S";"0206";"               SI HABS_MOTIF = ""XHPA"""
"IHCOMPDIM";"S";"0207";"                  LOCA_XHPA = LOCA_XHPA + HABS_MOTIDUR"
"IHCOMPDIM";"S";"0208";"               FINSI"
"IHCOMPDIM";"S";"0209";"*"
"IHCOMPDIM";"S";"0210";"               SI HABS_MOTIF = ""ZBHS"""
"IHCOMPDIM";"S";"0211";"                  LOCA_ZBHS = HABS_MOTIDUR"
"IHCOMPDIM";"S";"0212";"               FINSI"
"IHCOMPDIM";"S";"0213";"*"
"IHCOMPDIM";"S";"0214";"               SI HABS_MOTIF = ""ZBPA"""
"IHCOMPDIM";"S";"0215";"                  LOCA_ZBPA = HABS_MOTIDUR"
"IHCOMPDIM";"S";"0216";"               FINSI"
"IHCOMPDIM";"S";"0217";"*"
"IHCOMPDIM";"S";"0218";"               SI HABS_MOTIF = ""XCOP"""
"IHCOMPDIM";"S";"0219";"                  LOCA_XCOP = LOCA_XCOP + HABS_MOTIDUR"
"IHCOMPDIM";"S";"0220";"               FINSI"
"IHCOMPDIM";"S";"0221";"*"
"IHCOMPDIM";"S";"0222";"               SI HABS_MOTIF = ""ZCOP"""
"IHCOMPDIM";"S";"0223";"                  LOCA_ZCOP = HABS_MOTIDUR"
"IDELEG";"S";"0112";"               SI HJOU_DATE <= HJOU_IJIDATFDDS"
"IDELEG";"S";"0113";"                  HJOU_IJRDDELEDS = HJOU_IJIDDELEDS"
"IDELEG";"S";"0114";"               SINON"
"IDELEG";"S";"0115";"* la date de fin de mandat est dépassée"
"IDELEG";"S";"0116";"* le compteur est remis à 0"
"IDELEG";"S";"0117";"                  HJOU_IJRDDELEDS = 0"
"IDELEG";"S";"0118";"               FINSI"
"IDELEG";"S";"0119";"            FINSI"
"IHCOMPDIM";"S";"0224";"               FINSI"
"IHCOMPDIM";"S";"0225";"*"
"IHCOMPDIM";"S";"0226";"               SI HABS_MOTIF = ""XCOP2"""
"IHCOMPDIM";"S";"0227";"                  LOCA_XCOP2 = LOCA_XCOP2 + HABS_MOTIDUR"
"IHCOMPDIM";"S";"0228";"               FINSI"
"IHCOMPDIM";"S";"0229";"*"
"IHCOMPDIM";"S";"0230";"               SI HABS_MOTIF = ""ZCOP2"""
"IHCOMPDIM";"S";"0231";"                  LOCA_ZCOP2 = HABS_MOTIDUR"
"IHCOMPDIM";"S";"0232";"               FINSI"
"IHCOMPDIM";"S";"0233";"*"
"IHCOMPDIM";"S";"0234";"               SI HABS_MOTIF = ""XCOR"""
"IHCOMPDIM";"S";"0235";"                  LOCA_XCOR = LOCA_XCOR + HABS_MOTIDUR"
"IHCOMPDIM";"S";"0236";"               FINSI"
"IHCOMPDIM";"S";"0237";"*"
"IHCOMPDIM";"S";"0238";"               SI HABS_MOTIF = ""ZCOR"""
"IHCOMPDIM";"S";"0239";"                  LOCA_ZCOR = HABS_MOTIDUR"
"IHCOMPDIM";"S";"0240";"               FINSI"
"IHCOMPDIM";"S";"0241";"*"
"IHCOMPDIM";"S";"0242";"               SI HABS_MOTIF = ""XCOR2"""
"IHCOMPDIM";"S";"0243";"                  LOCA_XCOR2 = LOCA_XCOR2 + HABS_MOTIDUR"
"IHCOMPDIM";"S";"0244";"               FINSI"
"IHCOMPDIM";"S";"0245";"*"
"IHCOMPDIM";"S";"0246";"               SI HABS_MOTIF = ""ZCOR2"""
"IHCOMPDIM";"S";"0247";"                  LOCA_ZCOR2 = HABS_MOTIDUR"
"IHCOMPDIM";"S";"0248";"               FINSI"
"IHCOMPDIM";"S";"0249";"*"
"IHCOMPDIM";"S";"0250";"               SI HABS_MOTIF = ""ZHCP"""
"IHCOMPDIM";"S";"0251";"                  LOCA_ZHCP = HABS_MOTIDUR"
"IHCOMPDIM";"S";"0252";"               FINSI"
"IHCOMPDIM";"S";"0253";"*"
"IHCOMPDIM";"S";"0254";"               SI HABS_MOTIF = ""XCHS"""
"IHCOMPDIM";"S";"0255";"                  LOCA_XCHS = LOCA_XCHS + HABS_MOTIDUR"
"IHCOMPDIM";"S";"0256";"               FINSI"
"IHCOMPDIM";"S";"0257";"*"
"IHCOMPDIM";"S";"0258";"               SI HABS_MOTIF = ""ZCHS"""
"IHCOMPDIM";"S";"0259";"                  LOCA_ZCHS = 999"
"IHCOMPDIM";"S";"0260";"               FINSI"
"IHCOMPDIM";"S";"0261";"*"
"IHCOMPDIM";"S";"0262";"               SI HABS_MOTIF = ""ZRHA"""
"IHCOMPDIM";"S";"0263";"                  LOCA_ZRHA = HABS_MOTIDUR"
"IHCOMPDIM";"S";"0264";"               FINSI"
"IHCOMPDIM";"S";"0265";"*"
"IHCOMPDIM";"S";"0266";"               SI HABS_MOTIF = ""XRHA"""
"IHCOMPDIM";"S";"0267";"                  LOCA_XRHA = LOCA_XRHA + HABS_MOTIDUR"
"IHCOMPDIM";"S";"0268";"               FINSI"
"IHCOMPDIM";"S";"0269";"*"
"IHCOMPDIM";"S";"0270";"               SI HABS_MOTIF = ""ZPAY"""
"IHCOMPDIM";"S";"0271";"                  LOCA_ZPAY = HABS_MOTIDUR"
"IHCOMPDIM";"S";"0272";"               FINSI"
"IHCOMPDIM";"S";"0273";"            FINSI"
"IHCOMPDIM";"S";"0274";"         FINPOUR"
"IHCOMPDIM";"S";"0275";"*"
"IHCOMPDIM";"S";"0276";"* Alimentation des données locales pour calcul soldes prévisionnels"
"IHCOMPDIM";"S";"0277";"*"
"IHCOMPDIM";"S";"0278";"         SI PARD_IDIDDEBANN <> "" """
"IHCOMPDIM";"S";"0279";"            LOCA_DATE(5:4) = PARD_IDIDDEBANN(5:4)"
"IHCOMPDIM";"S";"0280";"         SINON"
"IHCOMPDIM";"S";"0281";"            LOCA_DATE(5:4) = ""0101"""
"IHCOMPDIM";"S";"0282";"         FINSI"
"IHCOMPDIM";"S";"0283";"*"
"IHCOMPDIM";"S";"0284";"         SI HJOU_DATE(5:4) = LOCA_DATE(5:4)"
"IHCOMPDIM";"S";"0285";"            HJOU_IJRHSHMAJA = 0"
"IHCOMPDIM";"S";"0286";"            HJOU_IJRHSMPAYA = 0"
"IHCOMPDIM";"S";"0287";"            HJOU_IJRHRECANN = 0"
"IHCOMPDIM";"S";"0288";"         FINSI"
"IHCOMPDIM";"S";"0289";"*"
"IHCOMPDIM";"S";"0290";"*"
"IHCOMPDIM";"S";"0291";"         LOCA_ACOURS << TEMP_DATJOU(1:4)"
"IHCOMPDIM";"S";"0292";"         LOCA_ACOURS2 = LOCA_ACOURS + 1"
"IHCOMPDIM";"S";"0293";"*"
"IHCOMPDIM";"S";"0294";"         SI TEMP_DATJOU(5:4) >= LOCA_DATE(5:4)"
"IHCOMPDIM";"S";"0295";"            LOCA_ACOURS = LOCA_ACOURS + 1"
"IHCOMPDIM";"S";"0296";"            LOCA_ACOURS2 = LOCA_ACOURS + 1"
"IHCOMPDIM";"S";"0297";"         FINSI"
"IHCOMPDIM";"S";"0298";"*"
"IHCOMPDIM";"S";"0299";"         LOCA_DATEFU(1:4) << LOCA_ACOURS"
"IHCOMPDIM";"S";"0300";"         LOCA_DATEFU(5:4) = LOCA_DATE(5:4)"
"IHCOMPDIM";"S";"0301";"         LOCA_DATEFU2(1:4) << LOCA_ACOURS2"
"IHCOMPDIM";"S";"0302";"         LOCA_DATEFU2(5:4) = LOCA_DATE(5:4)"
"IHCOMPDIM";"S";"0303";"*"
"IHCOMPDIM";"S";"0304";"* INRH = 1 calcul des HS chaque dimanche"
"IHCOMPDIM";"S";"0305";"* INRH = 2 calcul des HS le dernier dimanche du cycle"
"IHCOMPDIM";"S";"0306";"* INRH = 3 calcul des HS chaque dimanche et en fin d'annualisation"
"IHCOMPDIM";"S";"0307";"* Raz de la base HS le lundi"
"IHCOMPDIM";"S";"0308";"         SI HJOU_JOUR = ""1"""
"IHCOMPDIM";"S";"0309";"* raz chaque lundi <> 2 (0/1/3)"
"IHCOMPDIM";"S";"0310";"            SI HJOU_IJIGHSUPPM <> ""2"""
"IHCOMPDIM";"S";"0311";"               HJOU_IJRBHSMPAH = 0"
"IHCOMPDIM";"S";"0312";"               HJOU_IJRBHPAYEE = 0"
"IDELEG";"S";"0120";"         FINSI"
"IDELEG";"S";"0121";"      SINON"
"IDELEG";"S";"0122";"         SI HJOU_IJIDATFDDS <> "" """
"IDELEG";"S";"0123";"* la date de fin de mandat DS est inférieure à la date de début"
"IDELEG";"S";"0124";"            ANOMALIE 205"
"IDELEG";"S";"0125";"         SINON"
"IDELEG";"S";"0126";"* la date de fin de mandat DS n'est pas renseignée"
"IDELEG";"S";"0127";"            ANOMALIE 206"
"IHCOMPDIM";"S";"0313";"            FINSI"
"IDELEG";"S";"0128";"         FINSI"
"IHCOMPDIM";"S";"0314";"* raz le premier lundi du cycle si INRH = 2"
"IHCOMPDIM";"S";"0315";"            SI HJOU_IJIGHSUPPM = ""2"""
"IHCOMPDIM";"S";"0316";"* stokage de la duree theorique du code horaire"
"IHCOMPDIM";"S";"0317";"               SI HJOU_RANG = 1"
"IHCOMPDIM";"S";"0318";"                  HJOU_IJRBHSMPAH = 0"
"IHCOMPDIM";"S";"0319";"* raz de la duree theorique du cycle"
"IHCOMPDIM";"S";"0320";"                  HJOU_IJRTHEOCYC = 0"
"IHCOMPDIM";"S";"0321";"                  HJOU_IJRBHPAYEE = 0"
"IHCOMPDIM";"S";"0322";"               FINSI"
"IDELEG";"S";"0129";"      FINSI"
"IDELEG";"S";"0130";"   SINON"
"IDELEG";"S";"0131";"* la date de début de mandat DS n'est pas renseignée"
"IDELEG";"S";"0132";"      ANOMALIE 207"
"IDELEG";"S";"0133";"   FINSI"
"IDELEG";"S";"0134";"FINSI"
"IDELEG";"S";"0135";"*********************************************************************************"
"IDELEG";"S";"0136";"** Délégation DFS"
"IDELEG";"S";"0137";"*********************************************************************************"
"IDELEG";"S";"0138";"SI HJOU_IJIDDELDFS > 0"
"IDELEG";"S";"0139";"* test si la date de début de mandat est renseignée"
"IDELEG";"S";"0140";"   SI HJOU_IJIDATDDFS <> "" """
"IDELEG";"S";"0141";"      SI HJOU_IJIDATFDFS > HJOU_IJIDATDDFS"
"IDELEG";"S";"0142";"         SI HJOU_DATE(7:2) = ""01"""
"IDELEG";"S";"0143";"         OU HJOU_DATE = HJOU_IJIDATDDFS"
"IDELEG";"S";"0144";"            SI HJOU_DATE >= HJOU_IJIDATDDFS"
"IDELEG";"S";"0145";"               SI HJOU_DATE <= HJOU_IJIDATFDFS"
"IDELEG";"S";"0146";"                  HJOU_IJRDDELDFS = HJOU_IJIDDELDFS"
"IDELEG";"S";"0147";"               SINON"
"IDELEG";"S";"0148";"* la date de fin de mandat est dépassée"
"IDELEG";"S";"0149";"* le compteur est remis à 0"
"IDELEG";"S";"0150";"                  HJOU_IJRDDELDFS = 0"
"IDELEG";"S";"0151";"               FINSI"
"IDELEG";"S";"0152";"            FINSI"
"IDELEG";"S";"0153";"         FINSI"
"IDELEG";"S";"0154";"      SINON"
"IDELEG";"S";"0155";"         SI HJOU_IJIDATFDFS <> "" """
"IDELEG";"S";"0156";"* la date de fin de mandat DFS est inférieure à la date de début"
"IDELEG";"S";"0157";"            ANOMALIE 210"
"IDELEG";"S";"0158";"         SINON"
"IDELEG";"S";"0159";"            ANOMALIE 211"
"IDELEG";"S";"0160";"         FINSI"
"IDELEG";"S";"0161";"      FINSI"
"IDELEG";"S";"0162";"   SINON"
"IDELEG";"S";"0163";"* la date de début de mandat DFS n'est pas renseignée"
"IDELEG";"S";"0164";"      ANOMALIE 212"
"IDELEG";"S";"0165";"   FINSI"
"IDELEG";"S";"0166";"FINSI"
"IDELEG";"S";"0167";"*********************************************************************************"
"IDELEG";"S";"0168";"** alimentation du pris"
"IDELEG";"S";"0169";"*********************************************************************************"
"IDELEG";"S";"0170";"POUR ACTIVITES"
"IDELEG";"S";"0171";"* délégation DS"
"IDELEG";"S";"0172";"   SI HABS_MOTIF = ""DEDS"""
"IDELEG";"S";"0173";"* contrôle si le droit est alimenté"
"IDELEG";"S";"0174";"      SI HJOU_IJRDDELEDS > 0"
"IDELEG";"S";"0175";"         HJOU_IJRCDELEDS = HJOU_IJRCDELEDS + HABS_MOTIDUR"
"IDELEG";"S";"0176";"         LOCA_MOTDS = 1"
"IDELEG";"S";"0177";"      SINON"
"IDELEG";"S";"0178";"* pas de droit"
"IDELEG";"S";"0179";"         ANOMALIE 208"
"IDELEG";"S";"0180";"      FINSI"
"IDELEG";"S";"0181";"   FINSI"
"IDELEG";"S";"0182";"* délégation DFS"
"IDELEG";"S";"0183";"   SI HABS_MOTIF = ""DEDFS"""
"IDELEG";"S";"0184";"* contrôle si le droit est alimenté"
"IDELEG";"S";"0185";"      SI HJOU_IJRDDELDFS > 0"
"IDELEG";"S";"0186";"         HJOU_IJRCDELDFS = HJOU_IJRCDELDFS + HABS_MOTIDUR"
"IDELEG";"S";"0187";"         LOCA_MOTDFS = 1"
"IDELEG";"S";"0188";"      SINON"
"IDELEG";"S";"0189";"* pas de droit"
"IDELEG";"S";"0190";"         ANOMALIE 213"
"IDELEG";"S";"0191";"      FINSI"
"IDELEG";"S";"0192";"   FINSI"
"IDELEG";"S";"0193";"FINPOUR"
"IDELEG";"S";"0194";"**************************************************************************************"
"IDELEG";"S";"0195";"** comptabilisation du nomnbre d'heures motifs délégation"
"IDELEG";"S";"0196";"** pour minoration du nombre de jour travaillés"
"IDELEG";"S";"0197";"** pour les cadre forfait jours"
"IDELEG";"S";"0198";"**************************************************************************************"
"IDELEG";"S";"0199";"SI HJOU_IJICATEGOR = ""03"""
"IDELEG";"S";"0200";"   POUR ACTIVITES"
"IDELEG";"S";"0201";"      SI HABS_MOTIF = ""DEDS"""
"IDELEG";"S";"0202";"      OU HABS_MOTIF = ""DEDFS"""
"IDELEG";"S";"0203";"         HJOU_IJRNBHDELE = HJOU_IJRNBHDELE + HABS_MOTIDUR"
"IDELEG";"S";"0204";"      FINSI"
"IDELEG";"S";"0205";"   FINPOUR"
"IDELEG";"S";"0206";"   SI HJOU_IJRNBHDELE >= 4"
"IDELEG";"S";"0207";"      LOCA_NB = HJOU_IJRNBHDELE / LOCA_DIV"
"IDELEG";"S";"0208";"      LOCA_RESTE = LOCA_NB % 1"
"IDELEG";"S";"0209";"      LOCA_ENTIER = LOCA_NB - LOCA_RESTE"
"IDELEG";"S";"0210";"      LOCA_ADEDUIRE = LOCA_ENTIER * 4"
"IDELEG";"S";"0211";"      HJOU_IJRNBHDELE = HJOU_IJRNBHDELE - LOCA_ADEDUIRE"
"IDELEG";"S";"0212";"** alimentation du compteur de 1/2 journée à deduire dans les jours travaillés"
"IDELEG";"S";"0213";"      TEMP_ITQNBJTRAV = LOCA_ENTIER * 0.5"
"IDELEG";"S";"0214";"   FINSI"
"IDELEG";"S";"0215";"FINSI"
"IDELEG";"S";"0216";"*************************************************************************"
"IDELEG";"S";"0217";"**"
"IDELEG";"S";"0218";"** initialisation du pris par consigne"
"IDELEG";"S";"0219";"*************************************************************************"
"IDELEG";"S";"0220";"POUR ACTIVITES"
"IDELEG";"S";"0221";"   SI HABS_MOTIF = ""XCDEDS"""
"IDELEG";"S";"0222";"      HJOU_IJRCDELEDS = HJOU_IJRCDELEDS + HABS_MOTIDUR"
"IDELEG";"S";"0223";"   FINSI"
"IDELEG";"S";"0224";"   SI HABS_MOTIF = ""ZCDEDS"""
"IDELEG";"S";"0225";"      HJOU_IJRCDELEDS = HABS_MOTIDUR"
"IDELEG";"S";"0226";"   FINSI"
"IDELEG";"S";"0227";"   SI HABS_MOTIF = ""XCDDFS"""
"IDELEG";"S";"0228";"      HJOU_IJRCDELDFS = HJOU_IJRCDELDFS + HABS_MOTIDUR"
"IDELEG";"S";"0229";"   FINSI"
"IDELEG";"S";"0230";"   SI HABS_MOTIF = ""ZCDDFS"""
"IDELEG";"S";"0231";"      HJOU_IJRCDELDFS = HABS_MOTIDUR"
"IDELEG";"S";"0232";"   FINSI"
"IDELEG";"S";"0233";"FINPOUR"
"IDELEG";"S";"0234";"*************************************************************************"
"IDELEG";"S";"0235";"** gestion des soldes"
"IDELEG";"S";"0236";"*************************************************************************"
"IDELEG";"S";"0237";"* DFS"
"IDELEG";"S";"0238";"HJOU_IJRSDELDFS = HJOU_IJRDDELDFS - HJOU_IJRCDELDFS"
"IDELEG";"S";"0239";"SI HJOU_IJRSDELDFS < 0"
"IDELEG";"S";"0240";"   SI LOCA_MOTDFS = 1"
"IDELEG";"S";"0241";"      ANOMALIE 214"
"IDELEG";"S";"0242";"   FINSI"
"IDELEG";"S";"0243";"FINSI"
"IDELEG";"S";"0244";"*"
"IDELEG";"S";"0245";"* DS"
"IDELEG";"S";"0246";"HJOU_IJRSDELEDS = HJOU_IJRDDELEDS - HJOU_IJRCDELEDS"
"IDELEG";"S";"0247";"SI HJOU_IJRSDELEDS < 0"
"IDELEG";"S";"0248";"   SI LOCA_MOTDS = 1"
"IDELEG";"S";"0249";"      ANOMALIE 209"
"IDELEG";"S";"0250";"   FINSI"
"IDELEG";"S";"0251";"FINSI"
"IDELEG";"S";"0252";"FIN"
"ICUMUL";"S";"0001";"***********************************************************************"
"ICUMUL";"S";"0002";"* Règle     : ICUMUL"
"ICUMUL";"S";"0003";"* Ordre     : 5300"
"ICUMUL";"S";"0004";"* Titre     : Cumul des compteurs hebdo et periodiques"
"IHCOMPDIM";"S";"0323";"* cumul de la duree theorique du cycle"
"IHCOMPDIM";"S";"0324";"               HJOU_IJRTHEOCYC = HJOU_IJRTHEOCYC + HJOU_HORHEB"
"IHCOMPDIM";"S";"0325";"            FINSI"
"IHCOMPDIM";"S";"0326";"         FINSI"
"IHCOMPDIM";"S";"0327";"*"
"IHCOMPDIM";"S";"0328";"*"
"IHCOMPDIM";"S";"0329";"********************************************************************"
"IHCOMPDIM";"S";"0330";"* Calcul des heures payées quotidiennes"
"IHCOMPDIM";"S";"0331";"         SI HJOU_IJIGHSUPPM <> ""0"""
"IHCOMPDIM";"S";"0332";"         OU HJOU_IJIGRETETR = ""3"""
"IHCOMPDIM";"S";"0333";"*"
"ICUMUL";"S";"0005";"* Package   : Privé 16.3"
"IHCOMPDIM";"S";"0334";"            LOCA_BASEHS = HJOU_IJQPRESBAV"
"IHCOMPDIM";"S";"0335";"*"
"IHCOMPDIM";"S";"0336";"* le dimanche on ne prend que les heures jour en cours"
"IHCOMPDIM";"S";"0337";"            SI HJOU_JOUR = ""7"""
"IHCOMPDIM";"S";"0338";"               LOCA_BASEHS = HJOU_IJQPREJENC"
"IHCOMPDIM";"S";"0339";"            FINSI"
"IHCOMPDIM";"S";"0340";"*"
"IHCOMPDIM";"S";"0341";"* le lundi , dans le cas ou l'agent a commençé à 21h00 le dimanche"
"IHCOMPDIM";"S";"0342";"* on prend les heures faites le dimanche apres minuit"
"IHCOMPDIM";"S";"0343";"*"
"IHCOMPDIM";"S";"0344";"            SI HJOU_JOUR = ""1"""
"IHCOMPDIM";"S";"0345";"               LOCA_BASEHS = LOCA_BASEHS + HJOU_IJRPREVEIL"
"IHCOMPDIM";"S";"0346";"            FINSI"
"IHCOMPDIM";"S";"0347";"*"
"IFRANCP";"S";"0318";"*"
"IHCOMPDIM";"S";"0348";"            HJOU_IJQHPAYEES = LOCA_BASEHS"
"IHCOMPDIM";"S";"0349";"* impact des motifs"
"IHCOMPDIM";"S";"0350";"            HJOU_IJQHPAYEES = HJOU_IJQHPAYEES + LOCA_HPAYE"
"IHCOMPDIM";"S";"0351";"*"
"IHCOMPDIM";"S";"0352";"* forçage des Heures payées"
"IHCOMPDIM";"S";"0353";"            HJOU_IJQHPAYEES = HJOU_IJQHPAYEES + LOCA_XHPA"
"IHCOMPDIM";"S";"0354";"            SI LOCA_ZHPA <> 999"
"IHCOMPDIM";"S";"0355";"               HJOU_IJQHPAYEES = LOCA_ZHPA"
"IHCOMPDIM";"S";"0356";"            FINSI"
"IHCOMPDIM";"S";"0357";"*** déduction chevauchement du temps"
"IHCOMPDIM";"S";"0358";"*"
"IHCOMPDIM";"S";"0359";"            SI TEMP_ITCHEHS > 0"
"IHCOMPDIM";"S";"0360";"               LOCA_BASEHS = LOCA_BASEHS - TEMP_ITCHEHS"
"IHCOMPDIM";"S";"0361";"               SI LOCA_BASEHS < 0"
"IHCOMPDIM";"S";"0362";"                  LOCA_BASEHS = 0"
"IHCOMPDIM";"S";"0363";"               FINSI"
"IHCOMPDIM";"S";"0364";"            FINSI"
"IHCOMPDIM";"S";"0365";"            SI TEMP_ITCHEHP > 0"
"IHCOMPDIM";"S";"0366";"               HJOU_IJQHPAYEES = HJOU_IJQHPAYEES - TEMP_ITCHEHP"
"IHCOMPDIM";"S";"0367";"               SI HJOU_IJQHPAYEES < 0"
"IHCOMPDIM";"S";"0368";"                  HJOU_IJQHPAYEES = 0"
"IHCOMPDIM";"S";"0369";"               FINSI"
"IHCOMPDIM";"S";"0370";"            FINSI"
"IHCOMPDIM";"S";"0371";"**************************************************************"
"IHCOMPDIM";"S";"0372";"** alimentation des bases hebdo"
"IHCOMPDIM";"S";"0373";"            HJOU_IJRBHSMPAH = HJOU_IJRBHSMPAH + LOCA_BASEHS"
"IHCOMPDIM";"S";"0374";"            HJOU_IJRBHPAYEE = HJOU_IJRBHPAYEE + HJOU_IJQHPAYEES"
"IHCOMPDIM";"S";"0375";"* impact des motifs"
"IHCOMPDIM";"S";"0376";"            HJOU_IJRBHSMPAH = HJOU_IJRBHSMPAH + LOCA_BASE"
"IHCOMPDIM";"S";"0377";"* consigne de foçage"
"IHCOMPDIM";"S";"0378";"            SI LOCA_ZBHS <> 999"
"IHCOMPDIM";"S";"0379";"               HJOU_IJRBHSMPAH = LOCA_ZBHS"
"IHCOMPDIM";"S";"0380";"            FINSI"
"IHCOMPDIM";"S";"0381";"            SI LOCA_ZBPA <> 999"
"IHCOMPDIM";"S";"0382";"               HJOU_IJRBHPAYEE = LOCA_ZBPA"
"IHCOMPDIM";"S";"0383";"            FINSI"
"IHCOMPDIM";"S";"0384";"*"
"IHCOMPDIM";"S";"0385";"***************************************************************"
"IHCOMPDIM";"S";"0386";"*"
"IHCOMPDIM";"S";"0387";"* calcul des seuils"
"IHCOMPDIM";"S";"0388";"            SI HJOU_JOUR = ""7"""
"IHCOMPDIM";"S";"0389";"               SI HJOU_IJIGHSUPPM = ""1"""
"IHCOMPDIM";"S";"0390";"               OU HJOU_IJIGHSUPPM = ""3"""
"IHCOMPDIM";"S";"0391";"** pour les temps partiels"
"IHCOMPDIM";"S";"0392";"**"
"IHCOMPDIM";"S";"0393";"                  LOCA_HORHEB = HJOU_HORHEB"
"IHCOMPDIM";"S";"0394";"                  LOCA_HORCOH = PARD_IDIVHORCOH"
"IHCOMPDIM";"S";"0395";"* 10% du contrat pour les temps partiel"
"IHCOMPDIM";"S";"0396";"                  LOCA_10 = LOCA_HORHEB * 0.10"
"IHCOMPDIM";"S";"0397";"                  LOCA_CAL = 1"
"IHCOMPDIM";"S";"0398";"               FINSI"
"IHCOMPDIM";"S";"0399";"               SI HJOU_IJIGHSUPPM = ""2"""
"IHCOMPDIM";"S";"0400";"* dans le cas ou les HS se calculent en fin de cycle"
"IHCOMPDIM";"S";"0401";"* loca_nbcycle correspond au nombre de semaines"
"IHCOMPDIM";"S";"0402";"                  LOCA_NBCYCLE = HJOU_LGCYCLE / 7"
"IHCOMPDIM";"S";"0403";"                  SI HJOU_RANG = LOCA_NBCYCLE"
"IHCOMPDIM";"S";"0404";"* recalcul des seuils par rapport au nombre de semaines"
"IFRANCP";"S";"0272";"            SI LOCA_ARRET = 0"
"IFRANCP";"S";"0273";"               SI HJOU_IJRABSFIN = 1"
"IFRANCP";"S";"0274";"                  HJOU_IJRNBJMAIN = LOCA_NBJMAIN"
"IFRANCP";"S";"0275";"                  HJOU_IJRABSFIN = 0"
"IFRANCP";"S";"0276";"               FINSI"
"IFRANCP";"S";"0277";"            FINSI"
"IFRANCP";"S";"0278";"         FINSI"
"IFRANCP";"S";"0279";"      SINON"
"IFRANCP";"S";"0280";"*"
"IFRANCP";"S";"0281";"* chargement du compteur de maintien de congé période de ref"
"IFRANCP";"S";"0282";"         SI HJOU_DATE(5:4) = LOCA_DATE(5:4)"
"IFRANCP";"S";"0283";"            SI LOCA_ARRET = 0"
"IFRANCP";"S";"0284";"               HJOU_IJRNBJMAIN = LOCA_NBJMAIN"
"IFRANCP";"S";"0285";"            SINON"
"IFRANCP";"S";"0286";"               HJOU_IJRABSFIN = 1"
"IFRANCP";"S";"0287";"            FINSI"
"IFRANCP";"S";"0288";"         SINON"
"IFRANCP";"S";"0289";"            SI LOCA_ARRET = 0"
"IFRANCP";"S";"0290";"               SI HJOU_IJRABSFIN = 1"
"IFRANCP";"S";"0291";"                  HJOU_IJRNBJMAIN = LOCA_NBJMAIN"
"IFRANCP";"S";"0292";"                  HJOU_IJRABSFIN = 0"
"IFRANCP";"S";"0293";"               FINSI"
"IFRANCP";"S";"0294";"            FINSI"
"IFRANCP";"S";"0295";"         FINSI"
"IFRANCP";"S";"0296";"      FINSI"
"IFRANCP";"S";"0297";"   FINSI"
"IFRANCP";"S";"0298";"*"
"IFRANCP";"S";"0299";"*"
"IFRANCP";"S";"0300";"*******************************************************************************************"
"IFRANCP";"S";"0301";"* consigne"
"IFRANCP";"S";"0302";"*******************************************************************************************"
"IFRANCP";"S";"0303";"*"
"IFRANCP";"S";"0304";"   POUR ACTIVITES"
"IFRANCP";"S";"0305";"      SI HABS_MOTIF = ""ZNBJMCP"""
"IFRANCP";"S";"0306";"         HJOU_IJRABSFIN = 0"
"IFRANCP";"S";"0307";"         HJOU_IJRNBJMAIN = HABS_MOTINBR"
"IFRANCP";"S";"0308";"      FINSI"
"IFRANCP";"S";"0309";"   FINPOUR"
"IFRANCP";"S";"0310";"*"
"IFRANCP";"S";"0311";"FINSI"
"IFRANCP";"S";"0312";"FIN"
"IFRANCP";"S";"0313";"*"
"IFRANCP";"S";"0314";"*"
"IFRANCP";"S";"0315";"*------------------------------------------------*"
"IFRANCP";"S";"0316";"* PROC <Procédure 1>"
"IFRANCP";"S";"0317";"* Objectif :"
"IFRANCP";"S";"0319";"*"
"IFRANCP";"S";"0320";"* FINPROC"
"IFRANCP";"S";"0321";"*------------------------------------------------*"
"IFRANCP";"S";"0322";"*"
"IACQCPAN1";"S";"0001";"***********************************************************************"
"IACQCPAN1";"S";"0002";"* Règle     : IACQCPAN1"
"IACQCPAN1";"S";"0003";"* Ordre     : 6210"
"IACQCPAN1";"S";"0004";"* Titre     : Gestion de l'acquisition des congés payés d'acnienneté"
"IACQCPAN1";"S";"0005";"*             pour SITE UNIQUE et date de réf. = date de réf. des CP"
"IACQCPAN1";"S";"0006";"* Package   : Privé 16.3"
"IACQCPAN1";"S";"0007";"*----------------------------------------------------------------------"
"IACQCPAN1";"S";"0008";"*"
"IACQCPAN1";"S";"0009";"*"
"IACQCPAN1";"S";"0010";"* Rôle : BT 65154 : Gestion acquisition des CP d'ancienneté SITE UNIQUE"
"IACQCPAN1";"S";"0011";"*                   et même date de référence que les CP"
"IACQCPAN1";"S";"0012";"*"
"IACQCPAN1";"S";"0013";"*        Récupération de la partie acquisition des congés d'ancienneté"
"IACQCPAN1";"S";"0014";"*        de la règle ICONGES du package indus V11"
"IACQCPAN1";"S";"0015";"*        Ajout de l'acquisition des congés d'ancienneté suivant différents"
"IACQCPAN1";"S";"0016";"*        seuils et droits à paramétrer dans PARD"
"IACQCPAN1";"S";"0017";"*        Date de réf. des congés d'ancienneté = Date de réf. des CP"
"IACQCPAN1";"S";"0018";"*"
"IACQCPAN1";"S";"0019";"*"
"IACQCPAN1";"S";"0020";"*----------------------------------------------------------------------"
"IACQCPAN1";"S";"0021";"* Créé par : Méthodes et outils"
"IACQCPAN1";"S";"0022";"* Date     : 02/05/2019"
"IACQCPAN1";"S";"0023";"* Version  : 1"
"IACQCPAN1";"S";"0024";"*----------------------------------------------------------------------"
"IACQCPAN1";"S";"0025";"* Modifiée par :"
"IACQCPAN1";"S";"0026";"* Date         : JJ/MM/AAAA"
"IACQCPAN1";"S";"0027";"* Objet        :"
"IACQCPAN1";"S";"0028";"***********************************************************************"
"IACQCPAN1";"S";"0029";"*"
"IACQCPAN1";"S";"0030";"* Implémentation des données industrielles"
"IACQCPAN1";"S";"0031";"DEBDICO"
"IACQCPAN1";"S";"0032";"   HJOU_IJRDCOANCI;N;N5,1;I;;;    56789;;IJRDCOANCI;V3;""Droit congé ancienneté"";"
"IACQCPAN1";"S";"0033";"   HJOU_IJRCCOANCI;N;N5,1;I;;;    56789;;IJRCCOANCI;V3;""Congé ancienneté pris"";"
"IACQCPAN1";"S";"0034";"   HJOU_IJRSCOANCI;N;N6,1;I;;;    56789;;IJRSCOANCI;V3;""Solde congé ancienneté"";"
"IACQCPAN1";"S";"0035";"   CONF_ITIVMREFCP;O;A4;X;;;123456789;;;C3;""Date de référence congé payé (JJMM)"";"
"IACQCPAN1";"S";"0036";"   *********"
"IACQCPAN1";"S";"0037";"   HJOU_IJIREGCPAN;O;Z1;X;;;123456789;L;;C2;""Régime des congés d'ancienneté"";"
"IACQCPAN1";"S";"0038";"   PARD_IDISANC1;O;N3;I;;;123456789;;;C3;""Seuil ancienneté 1 ""RÉGIME 1"""";"
"IACQCPAN1";"S";"0039";"   PARD_IDISANC2;O;N3;I;;;123456789;;;C3;""Seuil ancienneté 2 ""RÉGIME 1"""";"
"IACQCPAN1";"S";"0040";"   PARD_IDISANC3;O;N3;I;;;123456789;;;C3;""Seuil ancienneté 3 ""RÉGIME 1"""";"
"IACQCPAN1";"S";"0041";"   PARD_IDISANC4;O;N3;I;;;123456789;;;C3;""Seuil ancienneté 4 ""RÉGIME 1"""";"
"IACQCPAN1";"S";"0042";"   PARD_IDISANC5;O;N3;I;;;123456789;;;C3;""Seuil ancienneté 5 ""RÉGIME 1"""";"
"IACQCPAN1";"S";"0043";"   PARD_IDISANC6;O;N3;I;;;123456789;;;C3;""Seuil ancienneté 6 ""RÉGIME 1"""";"
"IACQCPAN1";"S";"0044";"   PARD_IDIDCANC1;O;N4,1;I;;;123456789;;;C3;""Droit congé ancienneté 1 ""RÉGIME 1"""";"
"IACQCPAN1";"S";"0045";"   PARD_IDIDCANC2;O;N4,1;I;;;123456789;;;C3;""Droit congé ancienneté 2 ""RÉGIME 1"""";"
"IACQCPAN1";"S";"0046";"   PARD_IDIDCANC3;O;N4,1;I;;;123456789;;;C3;""Droit congé ancienneté 3 ""RÉGIME 1"""";"
"IACQCPAN1";"S";"0047";"   PARD_IDIDCANC4;O;N4,1;I;;;123456789;;;C3;""Droit congé ancienneté 4 ""RÉGIME 1"""";"
"IACQCPAN1";"S";"0048";"   PARD_IDIDCANC5;O;N4,1;I;;;123456789;;;C3;""Droit congé ancienneté 5 ""RÉGIME 1"""";"
"IACQCPAN1";"S";"0049";"   PARD_IDIDCANC6;O;N4,1;I;;;123456789;;;C3;""Droit congé ancienneté 6 ""RÉGIME 1"""";"
"IACQCPAN1";"S";"0050";"   PARD_IDISANNC1;O;N3;I;;;123456789;;;C3;""Seuil ancienneté 1 ""RÉGIME 2"""";"
"IACQCPAN1";"S";"0051";"   PARD_IDISANNC2;O;N3;I;;;123456789;;;C3;""Seuil ancienneté 2 ""RÉGIME 2"""";"
"IACQCPAN1";"S";"0052";"   PARD_IDISANNC3;O;N3;I;;;123456789;;;C3;""Seuil ancienneté 3 ""RÉGIME 2"""";"
"IACQCPAN1";"S";"0053";"   PARD_IDISANNC4;O;N3;I;;;123456789;;;C3;""Seuil ancienneté 4 ""RÉGIME 2"""";"
"IACQCP";"S";"0001";"***********************************************************************"
"IACQCP";"S";"0002";"* Règle     : IACQCP"
"IACQCP";"S";"0003";"* Ordre     : 6200"
"IACQCP";"S";"0004";"* Libellé   : Gestion de l'acquisition des congés payés"
"IACQCP";"S";"0005";"* Package   : Privé 16.3"
"IACQCP";"S";"0006";"*----------------------------------------------------------------------"
"IACQCP";"S";"0007";"* Objectif  : Calcul de l'acquisition des congés :"
"IACQCP";"S";"0008";"*            * Gestion en ouvré : acquisition de 2.08 par période de 20 jours"
"IACQCP";"S";"0009";"*              plafonné à 2.08/mois (sauf le dernier mois qui est la régularisation"
"IACQCP";"S";"0010";"*              de la période)"
"IACQCP";"S";"0011";"*            * Gestion en ouvrable : acquisition de 2.50 par période de 24 jours"
"IACQCP";"S";"0012";"*              plafonné à 2.50/mois (sauf le dernier mois qui est la régularisation"
"IACQCP";"S";"0013";"*              de la période)"
"IACQCP";"S";"0014";"*            * Gestion de l'abattement en cas d'absence"
"IACQCP";"S";"0015";"*            * Acquisition partielle des congés en cas de maladie"
"IACQCP";"S";"0016";"*            * Report des congés selon 3 méthodes :"
"IACQCP";"S";"0017";"*                1/ Légale"
"IACQCP";"S";"0018";"*                2/ Report des congés sans RAZ"
"IACQCP";"S";"0019";"*                3/ Mixte : report légal quand le salarié est en maladie + report"
"IACQCP";"S";"0020";"*                des congés sans RAZ lorsqu'il n'est pas en maladie"
"IACQCP";"S";"0021";"*----------------------------------------------------------------------"
"IACQCP";"S";"0022";"* Créée par : HQ Sector"
"IACQCP";"S";"0023";"* Date      : 11.12.2024"
"IACQCP";"S";"0024";"*----------------------------------------------------------------------"
"IACQCP";"S";"0025";"* Màj par   :"
"IACQCP";"S";"0026";"* Date      :"
"IACQCP";"S";"0027";"* Objet     :"
"IACQCP";"S";"0028";"***********************************************************************"
"IACQCP";"S";"0029";"*"
"IACQCP";"S";"0030";"DEBDICO"
"IACQCP";"S";"0031";"   HJOU_IJRDCORELI;N;N6,1;I;;;    56789;;IJRDCORELI;V3;""Droit reliquat"";"
"IACQCP";"S";"0032";"   HJOU_IJRCCORELI;N;N6,1;I;;;    56789;;IJRCCORELI;V3;""Pris reliquat"";"
"IACQCP";"S";"0033";"   HJOU_IJRSCORELI;N;N6,1;I;;;    56789;;IJRSCORELI;V3;""Solde reliquat"";"
"IACQCP";"S";"0034";"   HJOU_IJRSCOPRIN;N;N6,1;I;;;    56789;;IJRSCOPRIN;V3;""Solde CP"";"
"IACQCP";"S";"0035";"   HJOU_IJRDCOPRIN;N;N6,1;I;;;    56789;;IJRDCOPRIN;V3;""Droit CP"";"
"IACQCP";"S";"0036";"   HJOU_IJRCCOPRIN;N;N6,1;I;;;    56789;;IJRCCOPRIN;V3;""Pris CP"";"
"IACQCP";"S";"0037";"   MOTI_IMICONTCPS;O;Z1;X;;;123456789;L9;;C3;""Maintien congé"";"
"IACQCP";"S";"0038";"   HJOU_IJRNBCPSAM;N;N2;I;;;    56789;;IJRNBCPSAM;V3;""Nombre de congés samedi"";"
"IACQCP";"S";"0039";"   HJOU_IJRSAMEAPR;N;N2;I;;;    56789;;IJRSAMEAPR;V3;""Calcul interm nbr. samedi a prendre."";"
"IACQCP";"S";"0040";"   PARD_IDINBRSAMD;O;N2;I;0;;123456789;;;C3;""Nombre de congés samedi à prendre"";"
"IACQCP";"S";"0041";"   CONF_ITIVMREFCP;O;A4;X;;;123456789;;;C3;""Date de référence congé payé (JJMM)"";"
"IACQCP";"S";"0042";"   * Acquisition des CP"
"IACQCP";"S";"0043";"   HORC_IHIVMREFCP;O;A4;X;;;123456789;;;C2;""Date de référence congé payé (JJMM)"";"
"IACQCP";"S";"0044";"   HJOU_IJQACQM;N;N5,2;I;;;    56789;;;V3;""Acquisition mensuelle"";"
"IACQCP";"S";"0045";"   HJOU_IJRACQMAL;N;N6,3;I;;;    56789;;IJRACQMAL;V3;""Acquisition annuelle sur maladie"";"
"IACQCP";"S";"0046";"   HJOU_IJRABSCP;N;N6,1;L;;;    56789;;IJRABSCP;V3;""Nb absences abattant l'acquisition"";"
"IACQCP";"S";"0047";"   HJOU_IJRMALCPO;N;N6,1;L;;;    56789;;IJRMALCPO;V3;""Nb jours maladie annuel"";"
"IACQCP";"S";"0048";"   HJOU_IJRDACQCP;N;N5,2;I;;;    56789;;IJRDACQCP;V3;""Droit CP en cours"";"
"IACQCP";"S";"0049";"   HJOU_IJRPACQCP;N;N5,2;I;;;    56789;;IJRPACQCP;V3;""Pris CP en cours"";"
"IACQCP";"S";"0050";"   HJOU_IJRSACQCP;N;N6,2;I;;;    56789;;IJRSACQCP;V3;""Solde CP en cours"";"
"IACQCP";"S";"0051";"   * CP pris hebdo"
"IACQCP";"S";"0052";"   HJOU_IJRCPCOH;N;N5,1;I;;;    56789;;IJRCPCOH;V3;""Congés pris hebdo"";"
"IACQCP";"S";"0053";"   HORC_IHIGESRELI;O;Z1;X;;;123456789;L;;C3;""Gestion des reliquats"";"
"IACQCP";"S";"0054";"   * Jours de congés versés"
"IACQCP";"S";"0055";"   HJOU_IJRCOVER;N;N5,2;I;;;    56789;;IJRCOVER;V3;""Jours de congés versés"";"
"IACQCP";"S";"0056";"   * Report congé"
"IACQCP";"S";"0057";"   HJOU_IJRDARRET;N;D10;X;;;    56789;;IJRDARRET;V3;""Date d'arrêt (report CP)"";"
"IACQCP";"S";"0058";"   HJOU_IJRRCPM1;N;N6,1;I;;;    56789;;IJRRCPM1;V3;""Report congé maladie -1 an"";"
"IACQCP";"S";"0059";"   HJOU_IJRRRCPM1;N;N6,1;I;;;    56789;;IJRRRCPM1;V3;""Congé reporté (maladie -1 an)"";"
"IACQCP";"S";"0060";"   HJOU_IJRRCPP1;N;N6,1;I;;;    56789;;IJRRCPP1;V3;""Report congé maladie +1 an"";"
"IACQCP";"S";"0061";"   HJOU_IJRRRCPP1;N;N6,1;I;;;    56789;;IJRRRCPP1;V3;""Congé reporté (maladie +1 an)"";"
"IACQCP";"S";"0062";"   HJOU_IJRFRCPM1;N;D10;X;;;    56789;;IJRFRCPM1;V3;""Date fin report du congé maladie -1an"";"
"IACQCP";"S";"0063";"   HJOU_IJRFRRCPM1;N;D10;X;;;    56789;;IJRFRRCPM1;V3;""Date de perte"";"
"IACQCP";"S";"0064";"   HJOU_IJRFRCPP1;N;D10;X;;;    56789;;IJRFRCPP1;V3;""Date fin report du congé maladie +1an"";"
"IACQCP";"S";"0065";"   HJOU_IJRFRRCPP1;N;D10;X;;;    56789;;IJRFRRCPP1;V3;""Date de perte"";"
"IACQCP";"S";"0066";"   HJOU_IJRRRCP2M1;N;N6,1;I;;;    56789;;IJRRRCP2M1;V3;""Congé reporté (2ème maladie -1 an)"";"
"IACQCP";"S";"0067";"   HJOU_IJRFRCP2M1;N;D10;X;;;    56789;;IJRFRCP2M1;V3;""Date de perte"";"
"IACQCP";"S";"0068";"   MOTI_IMIMINOCP;O;Z1;X;;;123456789;L9;;C3;""Acquisition CP"";"
"IACQCP";"S";"0069";"   HORC_IHIDRJTRAV;O;N4,2;I;;;123456789;;;C3;""Acquis congé payé"";"
"IACQCP";"S";"0070";"   HORC_IHIDRCPMAL;O;N5,2;I;;;123456789;;;C3;""Acquis congé payé maladie"";"
"IACQCP";"S";"0071";"   HORC_IHIMOACQCP;O;A1;X;;;123456789;L;;C3;""Mode d'acquisition des congés"";"
"IACQCP";"S";"0072";"   HJOU_IJIACOPRIN;O;Z1;X;0;1;123456789;C;;C2;""Gestion acquis congé payé"";"
"IACQCP";"S";"0073";"   HJOU_IJRCPTJTRA;N;N5,1;I;;;    56789;;IJRCPTJTRA;V3;""Présence annuelle"";"
"IACQCP";"S";"0074";"   HJOU_IJRMABATCP;N;N2;I;;;   456789;;IJRMABATCP;V3;""Maintien abattement CP"";"
"IACQCP";"S";"0075";"   * maintien congé"
"IACQCP";"S";"0076";"   HJOU_IJRNBJMAIN;N;N4;L;;;    56789;;IJRNBJMAIN;V3;""Nb jours maintien d'acquisition"";"
"IACQCP";"S";"0077";"   HJOU_IJRDACQCPL;N;N5,2;I;;;    56789;;IJRDACQCPL;V3;""Acquisition légale"";"
"IACQCP";"S";"0078";"   HJOU_IJRJTRAM;N;N5,1;I;;;    56789;;IJRJTRAM;V3;""Présence mensuelle"";"
"IACQCP";"S";"0079";"   HJOU_IJRJMALM;N;N5,1;I;;;    56789;;IJRJMALM;V3;""Nb jours maladie mensuelle"";"
"IACQCP";"S";"0080";"   HORC_IHIREPCON;O;A1;X;;;123456789;L9;;C3;""Acquisition fin de période"";"
"IACQCP";"S";"0081";"   HJOU_IJRDPERTE;N;D10;X;;;    56789;;IJRDPERTE;V3;""Date perte congé"";"
"IACQCP";"S";"0082";"   PARD_IDIREP15M;O;N3;I;;;123456789;;;C3;""Nb mois report congé maladie"";"
"IACQCP";"S";"0083";"   HORC_IHIMCOLE;O;A1;X;;;123456789;L9;;C3;""Post période de maintien"";"
"IACQCP";"S";"0084";"FINDICO"
"IACQCP";"S";"0085";"*"
"IACQCP";"S";"0086";"DEBANO"
"IACQCP";"S";"0087";"   134;5;""Prise de congés anticipés"";"
"IACQCP";"S";"0088";"   177;8;""Congés samedi non pris reportés"";"
"IACQCP";"S";"0089";"   178;8;""Le nombre de congés samedi à prendre n'est pas respecté"";"
"IACQCP";"S";"0090";"   196;8;""Reliquat congé payé insuffisant"";"
"IACQCP";"S";"0091";"   198;8;""Solde congé payé insuffisant"";"
"IACQCP";"S";"0092";"   199;8;""Solde report congé pour maladie insuffisant"";"
"IACQCP";"S";"0093";"   230;9;""Saisie consigne CP incohérente calcul impossible"";"
"IACQCP";"S";"0094";"FINANO"
"IACQCP";"S";"0095";"*"
"IACQCP";"S";"0096";"* Déclaration des donnees locales"
"IACQCP";"S";"0097";"*"
"IACQCP";"S";"0098";"* Locales pour calculer la date de reference"
"IACQCP";"S";"0099";"DEF LOCA_DATE D"
"IACQCP";"S";"0100";"LOCA_DATE = "" """
"IACQCP";"S";"0101";"DEF LOCA_REF N2"
"IACQCP";"S";"0102";"LOCA_REF = 0"
"IACQCP";"S";"0103";"*"
"IACQCP";"S";"0104";"*************************************************"
"IACQCP";"S";"0105";"* Locales pour arrondi de l'acquis fin de période"
"IACQCP";"S";"0106";"DEF LOCA_ENTIER N5.2"
"IACQCP";"S";"0107";"LOCA_ENTIER = 0"
"IACQCP";"S";"0108";"DEF LOCA_RESTE N5.2"
"IACQCP";"S";"0109";"LOCA_RESTE = 0"
"IACQCP";"S";"0110";"*"
"IACQCP";"S";"0111";"*************************************************"
"IACQCP";"S";"0112";"* Locales pour calcul nb de samedi à prendre"
"IACQCP";"S";"0113";"DEF LOCA_DIFFSAM N1"
"IACQCP";"S";"0114";"LOCA_DIFFSAM = 0"
"IHCOMPDIM";"S";"0405";"** pour les temps partiels"
"IHCOMPDIM";"S";"0406";"* LOCA_HORHEB = HJOU_HORHEB * LOCA_NBCYCLE"
"IHCOMPDIM";"S";"0407";"                     LOCA_HORHEB = HJOU_IJRTHEOCYC"
"IHCOMPDIM";"S";"0408";"                     LOCA_HORCOH = PARD_IDIVHORCOH * LOCA_NBCYCLE"
"IHCOMPDIM";"S";"0409";"* 10% du contrat pour les temps partiel"
"IHCOMPDIM";"S";"0410";"                     LOCA_10 = LOCA_HORHEB * 0.10"
"IHCOMPDIM";"S";"0411";"                     LOCA_CAL = 1"
"IHCOMPDIM";"S";"0412";"                  FINSI"
"IHCOMPDIM";"S";"0413";"               FINSI"
"IHCOMPDIM";"S";"0414";"*"
"IHCOMPDIM";"S";"0415";"**********************************************************************"
"IHCOMPDIM";"S";"0416";"*"
"IHCOMPDIM";"S";"0417";"*  Calcul des heures complémentaire 10 et 25% par défaut payées"
"IHCOMPDIM";"S";"0418";"               SI LOCA_CAL = 1"
"IHCOMPDIM";"S";"0419";"                  SI LOCA_HORHEB < LOCA_HORCOH"
"IHCOMPDIM";"S";"0420";"                     SI HJOU_IJRBHPAYEE > LOCA_HORHEB"
"IHCOMPDIM";"S";"0421";"                        HJOU_IJQHCNMAPA = HJOU_IJRBHPAYEE - LOCA_HORHEB"
"IHCOMPDIM";"S";"0422";"                     FINSI"
"IHCOMPDIM";"S";"0423";"*"
"IHCOMPDIM";"S";"0424";"                     SI HJOU_IJRBHSMPAH > LOCA_HORHEB"
"IHCOMPDIM";"S";"0425";"                        LOCA_HCOMP = HJOU_IJRBHSMPAH - LOCA_HORHEB"
"IHCOMPDIM";"S";"0426";"* cas ou LOCA_HCOMP > 10% du contrat"
"IHCOMPDIM";"S";"0427";"                        SI LOCA_HCOMP > LOCA_10"
"IHCOMPDIM";"S";"0428";"** calcul HS25 % dans le cas ou les heures complementaires > 10% du contra"
"IHCOMPDIM";"S";"0429";"                           HJOU_IJQHSNMAP2 = LOCA_HCOMP - LOCA_10"
"IHCOMPDIM";"S";"0430";"                           LOCA_HCOMP = LOCA_10"
"IHCOMPDIM";"S";"0431";"                        FINSI"
"IHCOMPDIM";"S";"0432";"** calcul des heures complementaires taux 1"
"IHCOMPDIM";"S";"0433";"                        HJOU_IJQHSNMAPA = LOCA_HCOMP"
"IHCOMPDIM";"S";"0434";"*"
"IHCOMPDIM";"S";"0435";"* Dépassement de l'horaire hebdo temps plein"
"IACQCP";"S";"0115";"*"
"IACQCP";"S";"0116";"************************************************"
"IACQCP";"S";"0117";"* Calcul de l'acquis mensuel"
"IACQCP";"S";"0118";"DEF LOCA_XJOUR N2"
"IACQCP";"S";"0119";"LOCA_XJOUR = 0"
"IACQCP";"S";"0120";"DEF LOCA_JOUR1 A1"
"IACQCP";"S";"0121";"LOCA_JOUR1 = "" """
"IACQCP";"S";"0122";"DEF LOCA_JOUR2 A1"
"IACQCP";"S";"0123";"LOCA_JOUR2 = "" """
"IACQCP";"S";"0124";"DEF LOCA_DRCP N6.3"
"IACQCP";"S";"0125";"LOCA_DRCP = 0"
"IACQCP";"S";"0126";"DEF LOCA_DRCPMAL N6.3"
"IACQCP";"S";"0127";"LOCA_DRCPMAL = 0"
"IACQCP";"S";"0128";"DEF LOCA_JPRES N6.2"
"IACQCP";"S";"0129";"LOCA_JPRES = 0"
"IACQCP";"S";"0130";"DEF LOCA_PLAFOND N6.2"
"IACQCP";"S";"0131";"LOCA_PLAFOND = 0"
"IACQCP";"S";"0132";"DEF LOCA_IJRDACQCP N6.2"
"IACQCP";"S";"0133";"LOCA_IJRDACQCP = 0"
"IACQCP";"S";"0134";"DEF LOCA_CPACQ N6.2"
"IACQCP";"S";"0135";"LOCA_CPACQ = 0"
"IACQCP";"S";"0136";"DEF LOCA_CAL N5.1"
"IACQCP";"S";"0137";"LOCA_CAL = 0"
"IACQCP";"S";"0138";"DEF LOCA_ACQUIS N4.2"
"IACQCP";"S";"0139";"LOCA_ACQUIS = 0"
"IACQCP";"S";"0140";"*"
"IACQCP";"S";"0141";"***************************************************"
"IACQCP";"S";"0142";"* Locales pour calcul de l'abattement"
"IACQCP";"S";"0143";"DEF LOCA_ABAT N1"
"IACQCP";"S";"0144";"LOCA_ABAT = 0"
"IACQCP";"S";"0145";"DEF LOCA_VALABS N6.2"
"IACQCP";"S";"0146";"LOCA_VALABS = 0"
"IACQCP";"S";"0147";"DEF LOCA_NCONTI N1"
"IACQCP";"S";"0148";"LOCA_NCONTI = 0"
"IACQCP";"S";"0149";"*"
"IACQCP";"S";"0150";"*****************************************************"
"IACQCP";"S";"0151";"* Locales pour calcul jours de congé enfant à charge"
"IACQCP";"S";"0152";"DEF LOCA_AGE N2"
"IACQCP";"S";"0153";"LOCA_AGE = 0"
"IACQCP";"S";"0154";"DEF LOCA_AGEENF N2"
"IACQCP";"S";"0155";"LOCA_AGEENF = 0"
"IACQCP";"S";"0156";"DEF LOCA_AVRIL D"
"IACQCP";"S";"0157";"LOCA_AVRIL = "" """
"IACQCP";"S";"0158";"DEF LOCA_AVRIL2 D"
"IACQCP";"S";"0159";"LOCA_AVRIL2 = "" """
"IACQCP";"S";"0160";"DEF LOCA_NBENFANT N2"
"IACQCP";"S";"0161";"LOCA_NBENFANT = 0"
"IACQCP";"S";"0162";"DEF LOCA_NBJENF N2"
"IACQCP";"S";"0163";"LOCA_NBJENF = 0"
"IACQCP";"S";"0164";"*"
"IACQCP";"S";"0165";"******************************************************"
"IACQCP";"S";"0166";"* Locales pour gestion des anomalies"
"IACQCP";"S";"0167";"DEF LOCA_ACP N1"
"IACQCP";"S";"0168";"LOCA_ACP = 0"
"IACQCP";"S";"0169";"DEF LOCA_CP N1"
"IACQCP";"S";"0170";"LOCA_CP = 0"
"IACQCP";"S";"0171";"DEF LOCA_RELCP N1"
"IACQCP";"S";"0172";"LOCA_RELCP = 0"
"IACQCP";"S";"0173";"DEF LOCA_MOTRCP N1"
"IACQCP";"S";"0174";"LOCA_MOTRCP = 0"
"IACQCP";"S";"0175";"*"
"IACQCP";"S";"0176";"******************************************************"
"IACQCP";"S";"0177";"* Locales pour report congé"
"IACQCP";"S";"0178";"DEF LOCA_ARRET N1"
"IACQCP";"S";"0179";"LOCA_ARRET = 0"
"IACQCP";"S";"0180";"DEF LOCA_IJRDARRET D"
"IACQCP";"S";"0181";"LOCA_IJRDARRET = "" """
"IACQCP";"S";"0182";"DEF LOCA_DATEMINO D"
"IACQCP";"S";"0183";"LOCA_DATEMINO = "" """
"IACQCP";"S";"0184";"DEF LOCA_JOUR N6.0"
"IACQCP";"S";"0185";"LOCA_JOUR = 0"
"IACQCP";"S";"0186";"DEF LOCA_FLAG N1"
"IACQCP";"S";"0187";"LOCA_FLAG = 0"
"IACQCP";"S";"0188";"DEF LOCA_FABT N1"
"IACQCP";"S";"0189";"LOCA_FABT = 0"
"IACQCP";"S";"0190";"DEF LOCA_JTRAV N2"
"IACQCP";"S";"0191";"LOCA_JTRAV = 0"
"IACQCP";"S";"0192";"DEF LOCA_JMOIS N2"
"IACQCP";"S";"0193";"LOCA_JMOIS = 0"
"IACQCP";"S";"0194";"DEF LOCA_J30 N2"
"IACQCP";"S";"0195";"LOCA_J30 = 30"
"IACQCP";"S";"0196";"DEF LOCA_J20 N2"
"IACQCP";"S";"0197";"LOCA_J20 = 20"
"IACQCP";"S";"0198";"DEF LOCA_J24 N2"
"IACQCP";"S";"0199";"LOCA_J24 = 24"
"IACQCP";"S";"0200";"DEF LOCA_QUOEF N9.6"
"IACQCP";"S";"0201";"LOCA_QUOEF = 1"
"IACQCP";"S";"0202";"DEF LOCA_DCPM N6.2"
"IACQCP";"S";"0203";"LOCA_DCPM = 0"
"IACQCP";"S";"0204";"DEF LOCA_QUOEFM N9.5"
"IACQCP";"S";"0205";"LOCA_QUOEFM = 0"
"IACQCP";"S";"0206";"DEF LOCA_DCPMM N6.2"
"IACQCP";"S";"0207";"LOCA_DCPMM = 0"
"IACQCP";"S";"0208";"DEF LOCA_JCALM N6.2"
"IACQCP";"S";"0209";"LOCA_JCALM = 0"
"IACQCP";"S";"0210";"DEF LOCA_PLAFACQ N6.2"
"IACQCP";"S";"0211";"LOCA_PLAFACQ = 0"
"IACQCP";"S";"0212";"*"
"IACQCP";"S";"0213";"* Alerte consigne incorrecte"
"IACQCP";"S";"0214";"DEF LOCA_SCONS N1"
"IACQCP";"S";"0215";"LOCA_SCONS = 0"
"IACQCP";"S";"0216";"* Locales pour contrôle de la date de référence CP"
"IACQCP";"S";"0217";"DEF LOCA_CTRLREFCP A4"
"IACQCP";"S";"0218";"LOCA_CTRLREFCP = "" """
"IACQCP";"S";"0219";"*"
"IACQCP";"S";"0220";"*"
"IACQCP";"S";"0221";"*----------------------------------- DEBUT DE REGLE ---------------------------------------"
"IACQCP";"S";"0222";"*"
"IACQCP";"S";"0223";"*******************************************************************************************"
"IACQCP";"S";"0224";"* Calcul de la date de référence CP : alimentation HOR > CFG > début de période CP légale"
"IACQCP";"S";"0225";"*                                     à défaut d'accord"
"IACQCP";"S";"0226";"*******************************************************************************************"
"IACQCP";"S";"0227";"*"
"IACQCP";"S";"0228";"* stockage de l'année du jour de l'historique"
"IACQCP";"S";"0229";"SI HORC_IHIVMREFCP <> "" """
"IACQCP";"S";"0230";"   LOCA_CTRLREFCP = HORC_IHIVMREFCP"
"IACQCP";"S";"0231";"SINON"
"IACQCP";"S";"0232";"   SI CONF_ITIVMREFCP <> "" """
"IACQCP";"S";"0233";"      LOCA_CTRLREFCP = CONF_ITIVMREFCP"
"IACQCP";"S";"0234";"   SINON"
"IACQCP";"S";"0235";"      LOCA_CTRLREFCP = ""0106"""
"IACQCP";"S";"0236";"   FINSI"
"IACQCP";"S";"0237";"FINSI"
"IACQCP";"S";"0238";"*"
"IACQCP";"S";"0239";"* Calcul de la date de référence CP"
"IACQCP";"S";"0240";"* stockage de l'année du jour de l'historique"
"IACQCP";"S";"0241";"LOCA_DATE(1:4) = HJOU_DATE(1:4)"
"IACQCP";"S";"0242";"* stockage du mois de reference"
"IACQCP";"S";"0243";"LOCA_REF << LOCA_CTRLREFCP(3:2)"
"IACQCP";"S";"0244";"* stokage du mois de reference"
"IACQCP";"S";"0245";"LOCA_DATE(5:2) << LOCA_REF"
"IACQCP";"S";"0246";"* stockage du jour de reference"
"IACQCP";"S";"0247";"LOCA_REF << LOCA_CTRLREFCP(1:2)"
"IACQCP";"S";"0248";"* loca_date contient maintenant l'année du jour de l'historique"
"IACQCP";"S";"0249";"* et le mois et le jour de reference"
"IACQCP";"S";"0250";"LOCA_DATE(7:2) << LOCA_REF"
"IACQCP";"S";"0251";"*"
"IACQCP";"S";"0252";"* Test si gestion des CP"
"IACQCP";"S";"0253";"*"
"IACQCP";"S";"0254";"SI HJOU_IJIACOPRIN = ""1"""
"IACQCP";"S";"0255";"*"
"IACQCP";"S";"0256";"* RAZ début de mois"
"IACQCP";"S";"0257";"   SI HJOU_DATE(7:2) = ""01"""
"IACQCP";"S";"0258";"      HJOU_IJRJTRAM = 0"
"IACQCP";"S";"0259";"      HJOU_IJRJMALM = 0"
"IACQCP";"S";"0260";"   FINSI"
"IACQCP";"S";"0261";"*"
"IACQCP";"S";"0262";"*"
"IACQCP";"S";"0263";"*******************************************************************************************"
"IACQCP";"S";"0264";"* Flag salarié en absence maladie période précédente et nouvelle période"
"IACQCP";"S";"0265";"*******************************************************************************************"
"IACQCP";"S";"0266";"*"
"IACQCP";"S";"0267";"   POUR ACTIVITES"
"IACQCP";"S";"0268";"      SI MOTI_IMIMINOCP = ""2"""
"IACQCP";"S";"0269";"      OU MOTI_IMIMINOCP = ""3"""
"IACQCP";"S";"0270";"         LOCA_ARRET = 1"
"IACQCP";"S";"0271";"      FINSI"
"IACQCP";"S";"0272";"      SI MOTI_IMIMINOCP = ""2"""
"IACQCP";"S";"0273";"* franchise acquisition CP 100%"
"IACQCP";"S";"0274";"         SI HJOU_IJRNBJMAIN > 0"
"IACQCP";"S";"0275";"            HJOU_IJRNBJMAIN = HJOU_IJRNBJMAIN - 1"
"IACQCP";"S";"0276";"            SI HJOU_IJRNBJMAIN < 0"
"IACQCP";"S";"0277";"               HJOU_IJRNBJMAIN = 0"
"IACQCP";"S";"0278";"            FINSI"
"IACQCP";"S";"0279";"* si franchise épuisée"
"IACQCP";"S";"0280";"         SINON"
"IACQCP";"S";"0281";"            LOCA_FABT = 1"
"IACQCP";"S";"0282";"            SI HORC_IHIMCOLE = ""1"""
"IACQCP";"S";"0283";"               SI HORC_IHIMOACQCP = ""3"""
"IACQCP";"S";"0284";"               OU HORC_IHIMOACQCP = ""4"""
"IACQCP";"S";"0285";"                  HJOU_IJRJMALM = HJOU_IJRJMALM + 1"
"IACQCP";"S";"0286";"               FINSI"
"IACQCP";"S";"0287";"            FINSI"
"IACQCP";"S";"0288";"         FINSI"
"IACQCP";"S";"0289";"* si pas droit maintien conventionnel"
"IACQCP";"S";"0290";"      SINON"
"IACQCP";"S";"0291";"         SI MOTI_IMIMINOCP = ""1"""
"IACQCP";"S";"0292";"            LOCA_FABT = 1"
"IACQCP";"S";"0293";"         FINSI"
"IACQCP";"S";"0294";"      FINSI"
"IACQCP";"S";"0295";"   FINPOUR"
"IACQCP";"S";"0296";"*"
"IACQCP";"S";"0297";"   SI LOCA_ARRET = 1"
"IACQCP";"S";"0298";"      SI HJOU_IJRDARRET = "" """
"IACQCP";"S";"0299";"         HJOU_IJRDARRET = HJOU_DATE"
"IACQCP";"S";"0300";"         HJOU_IJRRCPM1 = 0"
"IACQCP";"S";"0301";"         HJOU_IJRFRCPM1 = "" """
"IACQCP";"S";"0302";"      FINSI"
"IACQCP";"S";"0303";"   SINON"
"IACQCP";"S";"0304";"* Sinon RAZ du compteur arrêt si plus d'absence"
"IACQCP";"S";"0305";"      HJOU_IJRDARRET = "" """
"IACQCP";"S";"0306";"   FINSI"
"IACQCP";"S";"0307";"*"
"IACQCP";"S";"0308";"* Si le salarié revient d'arrêt en cours de période"
"IACQCP";"S";"0309";"   LIREVALPRE LOCA_IJRDARRET HJOU_IJRDARRET"
"IACQCP";"S";"0310";"   SI LOCA_IJRDARRET <> "" """
"IACQCP";"S";"0311";"      SI LOCA_IJRDARRET < HJOU_DATE"
"IACQCP";"S";"0312";"         SI HJOU_IJRDARRET = "" """
"IACQCP";"S";"0313";"            SI HJOU_IJRRRCPM1 > 0"
"IACQCP";"S";"0314";"               SI HJOU_IJRFRRCPM1 = "" """
"IACQCP";"S";"0315";"                  DATAJT HJOU_DATE 12 ""M"" PARD_IDIREP15M"
"IACQCP";"S";"0316";"                  HJOU_IJRFRRCPM1 = TEMP_DXFINPER"
"IACQCP";"S";"0317";"               FINSI"
"IACQCP";"S";"0318";"            FINSI"
"IACQCP";"S";"0319";"            SI HJOU_IJRRCPM1 > 0"
"IACQCP";"S";"0320";"               SI HJOU_IJRFRCPM1 = "" """
"IACQCP";"S";"0321";"                  DATAJT HJOU_DATE 12 ""M"" PARD_IDIREP15M"
"IACQCP";"S";"0322";"                  HJOU_IJRFRCPM1 = TEMP_DXFINPER"
"IACQCP";"S";"0323";"               FINSI"
"IACQCP";"S";"0324";"            FINSI"
"IACQCP";"S";"0325";"         FINSI"
"IACQCP";"S";"0326";"      FINSI"
"IACQCP";"S";"0327";"   FINSI"
"IACQCP";"S";"0328";"*"
"IACQCP";"S";"0329";"*"
"IACQCP";"S";"0330";"*******************************************************************************************"
"IACQCP";"S";"0331";"* Stockage des valeurs pour acquisition des congés"
"IACQCP";"S";"0332";"*******************************************************************************************"
"IACQCP";"S";"0333";"*"
"IACQCP";"S";"0334";"*RAZ le lundi du compteur congés pris hebdo"
"IACQCP";"S";"0335";"   SI HJOU_JOUR = ""1"""
"IACQCP";"S";"0336";"      HJOU_IJRCPCOH = 0"
"IACQCP";"S";"0337";"   FINSI"
"IACQCP";"S";"0338";"*"
"IACQCP";"S";"0339";"* Valeur acquis mensuel"
"IACQCP";"S";"0340";"   LOCA_ACQUIS = HORC_IHIDRJTRAV"
"IACQCP";"S";"0341";"*"
"IACQCP";"S";"0342";"*Gestion si jour ouvrés/ouvrables"
"IACQCP";"S";"0343";"* 1/ Acquisition à la période sur un cycle de 24 jours"
"IACQCP";"S";"0344";"   SI HORC_IHIMOACQCP = ""1"""
"IACQCP";"S";"0345";"   OU HORC_IHIMOACQCP = ""3"""
"IACQCP";"S";"0346";"*Nb jours cycle"
"IACQCP";"S";"0347";"      LOCA_XJOUR = 24"
"IACQCP";"S";"0348";"*Lundi au samedi"
"IACQCP";"S";"0349";"      LOCA_JOUR1 = ""1"""
"IACQCP";"S";"0350";"      LOCA_JOUR2 = ""6"""
"IACQCP";"S";"0351";"   SINON"
"IACQCP";"S";"0352";"* 2/ Acquisition à la période sur un cycle de 20 jours"
"IACQCP";"S";"0353";"      SI HORC_IHIMOACQCP = ""2"""
"IACQCP";"S";"0354";"      OU HORC_IHIMOACQCP = ""4"""
"IACQCP";"S";"0355";"*Nb jours cycle"
"IACQCP";"S";"0356";"         LOCA_XJOUR = 20"
"IACQCP";"S";"0357";"*Lundi au vendredi"
"IACQCP";"S";"0358";"         LOCA_JOUR1 = ""1"""
"IACQCP";"S";"0359";"         LOCA_JOUR2 = ""5"""
"IACQCP";"S";"0360";"      FINSI"
"IACQCP";"S";"0361";"   FINSI"
"IACQCP";"S";"0362";"*"
"IACQCP";"S";"0363";"* Plafond"
"IACQCP";"S";"0364";"   LOCA_PLAFOND = HORC_IHIDRJTRAV * 12"
"IACQCP";"S";"0365";"   SI LOCA_PLAFOND > 0"
"IACQCP";"S";"0366";"      LOCA_RESTE = LOCA_PLAFOND % 1"
"IACQCP";"S";"0367";"      LOCA_ENTIER = LOCA_PLAFOND - LOCA_RESTE"
"IACQCP";"S";"0368";"      SI LOCA_RESTE > 0"
"IACQCP";"S";"0369";"         LOCA_ENTIER = LOCA_ENTIER + 1"
"IACQCP";"S";"0370";"      FINSI"
"IACQCP";"S";"0371";"      LOCA_PLAFOND = LOCA_ENTIER"
"IACQCP";"S";"0372";"   FINSI"
"IACQCP";"S";"0373";"*"
"IACQCP";"S";"0374";"*"
"IACQCP";"S";"0375";"*******************************************************************************************"
"IACQCP";"S";"0376";"* Acquisition droit CP et période de basculement des compteurs"
"IACQCP";"S";"0377";"*******************************************************************************************"
"IACQCP";"S";"0378";"*"
"IACQCP";"S";"0379";"   SI HJOU_DATE(5:4) = LOCA_DATE(5:4)"
"IACQCP";"S";"0380";"*"
"IACQCP";"S";"0381";"* Calcul des jours de congé pour enfant à charge"
"IACQCP";"S";"0382";"*"
"IACQCP";"S";"0383";"* Age de l'employé au 1er avril de l'année N-1"
"IACQCP";"S";"0384";"      LOCA_AVRIL(1:4) = HJOU_DATE(1:4)"
"IPAUSE";"S";"0051";"** dans le cas ou la pause est badgée et qu'il n'y a pas"
"IPAUSE";"S";"0052";"** de mouvement de pause la sortie du matin et l'entree de"
"IPAUSE";"S";"0053";"** l'apres-midi ne soit pas considérée comme une pause"
"IPAUSE";"S";"0054";"   SI PROF_PTTHEO1 > 0"
"IPAUSE";"S";"0055";"      SI PROF_PTTHEO1 < 100"
"IPAUSE";"S";"0056";"         ANALYSE 0.00 PROF_PTTHEO2"
"IPAUSE";"S";"0057";"         SI TEMP_HIPOIN > 2"
"IPAUSE";"S";"0058";"* on considere qu'il y a une pause badgée"
"IPAUSE";"S";"0059";"            LOCA_PAUSEMA = 1"
"IPAUSE";"S";"0060";"         SINON"
"IPAUSE";"S";"0061";"* il n'y a pas de pause badgée et dans ce cas"
"IPAUSE";"S";"0062";"* le deuxieme et troisieme mvts ne sont pas une pause"
"IPAUSE";"S";"0063";"* exemple 8.00 12.00 14.00 18.00 il ne faut pas"
"IPAUSE";"S";"0064";"* comptabiliser un temps de pause entre 12h00 et 14h00"
"IPAUSE";"S";"0065";"            LOCA_PAUSEMA = 2"
"IPAUSE";"S";"0066";"         FINSI"
"IPAUSE";"S";"0067";"      FINSI"
"IPAUSE";"S";"0068";"   FINSI"
"IPAUSE";"S";"0069";"   SI PROF_IPIFPAUSBA = ""1"""
"IPAUSE";"S";"0070";"** pause baddgée"
"IPAUSE";"S";"0071";"      POUR POINTAGES"
"IPAUSE";"S";"0072";"         LOCA_NOB = LOCA_NOB + 1"
"IPAUSE";"S";"0073";"* gestion de la prmier pause"
"IPAUSE";"S";"0074";"         SI LOCA_PAUSEMA = 1"
"IPAUSE";"S";"0075";"            SI LOCA_NOB = 2"
"IPAUSE";"S";"0076";"               SI POIN_IMPUT = "" """
"IPAUSE";"S";"0077";"                  LOCA_SORTIE1 = POIN_HRETRAI"
"IPAUSE";"S";"0078";"               FINSI"
"IPAUSE";"S";"0079";"            FINSI"
"IPAUSE";"S";"0080";"            SI LOCA_NOB = 3"
"IPAUSE";"S";"0081";"               SI LOCA_SORTIE1 > 0"
"IPAUSE";"S";"0082";"                  LOCA_ENTREE1 = POIN_HRETRAI"
"IPAUSE";"S";"0083";"               FINSI"
"IPAUSE";"S";"0084";"            FINSI"
"IPAUSE";"S";"0085";"         FINSI"
"IPAUSE";"S";"0086";"** gestion de la seconde pause"
"IPAUSE";"S";"0087";"** dans le cas ou la premiere pause n'a pas été badgée"
"IPAUSE";"S";"0088";"** le test doit être fait sur le 4ème et 5ème mouvement"
"IPAUSE";"S";"0089";"         SI LOCA_PAUSEMA = 1"
"IPAUSE";"S";"0090";"            SI LOCA_NOB = 6"
"IPAUSE";"S";"0091";"               SI POIN_IMPUT = "" """
"IPAUSE";"S";"0092";"                  LOCA_SORTIE2 = POIN_HRETRAI"
"IPAUSE";"S";"0093";"               FINSI"
"IPAUSE";"S";"0094";"            FINSI"
"IPAUSE";"S";"0095";"            SI LOCA_NOB = 7"
"IPAUSE";"S";"0096";"               SI LOCA_SORTIE2 > 0"
"IPAUSE";"S";"0097";"                  LOCA_ENTREE2 = POIN_HRETRAI"
"IPAUSE";"S";"0098";"               FINSI"
"IPAUSE";"S";"0099";"            FINSI"
"IPAUSE";"S";"0100";"         FINSI"
"IPAUSE";"S";"0101";"         SI LOCA_PAUSEMA = 2"
"IPAUSE";"S";"0102";"            SI LOCA_NOB = 4"
"IPAUSE";"S";"0103";"               SI POIN_IMPUT = "" """
"IPAUSE";"S";"0104";"                  LOCA_SORTIE2 = POIN_HRETRAI"
"IPAUSE";"S";"0105";"               FINSI"
"IPAUSE";"S";"0106";"            FINSI"
"IPAUSE";"S";"0107";"            SI LOCA_NOB = 5"
"IPAUSE";"S";"0108";"               SI LOCA_SORTIE2 > 0"
"IPAUSE";"S";"0109";"                  LOCA_ENTREE2 = POIN_HRETRAI"
"IPAUSE";"S";"0110";"               FINSI"
"IPAUSE";"S";"0111";"            FINSI"
"IPAUSE";"S";"0112";"         FINSI"
"IPAUSE";"S";"0113";"      FINPOUR"
"IPAUSE";"S";"0114";"** Premiere pause"
"IPAUSE";"S";"0115";"      SI LOCA_ENTREE1 > LOCA_SORTIE1"
"IPAUSE";"S";"0116";"         HJOU_IJQPAUSMAT = LOCA_ENTREE1 - LOCA_SORTIE1"
"IPAUSE";"S";"0117";"      FINSI"
"IPAUSE";"S";"0118";"*** seconde pause"
"IPAUSE";"S";"0119";"      SI LOCA_ENTREE2 > LOCA_SORTIE2"
"IPAUSE";"S";"0120";"         HJOU_IJQPAUSSOI = LOCA_ENTREE2 - LOCA_SORTIE2"
"IPAUSE";"S";"0121";"      FINSI"
"IPAUSE";"S";"0122";"   SINON"
"IPAUSE";"S";"0123";"**"
"IPAUSE";"S";"0124";"** pause fofaitaire non badgée"
"IPAUSE";"S";"0125";"*"
"IPAUSE";"S";"0126";"* pause forfaitaire non badgee si presence matin"
"IPAUSE";"S";"0127";"      SI HJOU_IJQPRESBA1 > 0"
"IPAUSE";"S";"0128";"         HJOU_IJQPAUSMAT = PROF_IPIVFPAUMA"
"IPAUSE";"S";"0129";"      FINSI"
"IPAUSE";"S";"0130";"* pause forfaitaire non badgee si presence matin"
"IPAUSE";"S";"0131";"      SI HJOU_IJQPRESBA2 > 0"
"IPAUSE";"S";"0132";"         HJOU_IJQPAUSSOI = PROF_IPIVFPAUSO"
"IPAUSE";"S";"0133";"      FINSI"
"IPAUSE";"S";"0134";"   FINSI"
"IPAUSE";"S";"0135";"FINSI"
"IPAUSE";"S";"0136";"FIN"
"IHCOMPDIM";"S";"0436";"                        SI HJOU_IJRBHSMPAH > LOCA_HORCOH"
"IHCOMPDIM";"S";"0437";"                           ANOMALIE 171"
"IHCOMPDIM";"S";"0438";"                        FINSI"
"IHCOMPDIM";"S";"0439";"* Anomalie en cas de dépassement de 10% du contrat"
"IHCOMPDIM";"S";"0440";"                        LOCA_CAL2 = HJOU_IJRBHSMPAH - LOCA_HORHEB"
"IHCOMPDIM";"S";"0441";"                        SI LOCA_CAL2 > LOCA_10"
"IHCOMPDIM";"S";"0442";"                           ANOMALIE 225"
"IHCOMPDIM";"S";"0443";"                        FINSI"
"IHCOMPDIM";"S";"0444";"                     FINSI"
"IHCOMPDIM";"S";"0445";"                  FINSI"
"IHCOMPDIM";"S";"0446";"* consignes de forçage pour le paiement"
"IHCOMPDIM";"S";"0447";"* Taux 1"
"IHCOMPDIM";"S";"0448";"                  HJOU_IJQHSNMAPA = HJOU_IJQHSNMAPA + LOCA_XCOP"
"IHCOMPDIM";"S";"0449";"                  SI LOCA_ZCOP <> 999"
"IHCOMPDIM";"S";"0466";"*"
"IHCOMPDIM";"S";"0450";"                     HJOU_IJQHSNMAPA = LOCA_ZCOP"
"IHCOMPDIM";"S";"0451";"                  FINSI"
"IHCOMPDIM";"S";"0452";"* Taux 2"
"IHCOMPDIM";"S";"0453";"                  HJOU_IJQHSNMAP2 = HJOU_IJQHSNMAP2 + LOCA_XCOP2"
"IHCOMPDIM";"S";"0454";"                  SI LOCA_ZCOP2 <> 999"
"IHCOMPDIM";"S";"0455";"                     HJOU_IJQHSNMAP2 = LOCA_ZCOP2"
"IHCOMPDIM";"S";"0456";"                  FINSI"
"IHCOMPDIM";"S";"0457";"* Calcul des heures normales"
"IHCOMPDIM";"S";"0458";"                  HJOU_IJQHCNMAPA = HJOU_IJQHCNMAPA - HJOU_IJQHSNMAPA"
"IHCOMPDIM";"S";"0459";"                  HJOU_IJQHCNMAPA = HJOU_IJQHCNMAPA - HJOU_IJQHSNMAP2"
"IHCOMPDIM";"S";"0460";"*"
"IHCOMPDIM";"S";"0461";"                  SI LOCA_ZHCP <> 999"
"IHCOMPDIM";"S";"0462";"                     HJOU_IJQHCNMAPA = LOCA_ZHCP"
"IHCOMPDIM";"S";"0463";"                  FINSI"
"IHCOMPDIM";"S";"0464";"*"
"IHCOMPDIM";"S";"0465";"******************************************************************************"
"IHCOMPDIM";"S";"0467";"** cas ou les heures complementaires sont a recuperer"
"IHCOMPDIM";"S";"0468";"                  SI HJOU_IJIGHSUPPR = ""1"""
"IHCOMPDIM";"S";"0469";"                     HJOU_IJQHSNMAPA = HJOU_IJQHSNMAPA * LOCA_TAUXC"
"IHCOMPDIM";"S";"0470";"                     HJOU_IJQHSNMARE = HJOU_IJQHSNMAPA"
"IHCOMPDIM";"S";"0471";"                     HJOU_IJQHSNMAPA = 0"
"IHCOMPDIM";"S";"0472";"* Ajout de la majoration taux 2 pour les heures à récupérer"
"IHCOMPDIM";"S";"0473";"                     HJOU_IJQHSNMAP2 = HJOU_IJQHSNMAP2 * LOCA_TAUXC2"
"IHCOMPDIM";"S";"0474";"* HJOU_XXXX3 = HC à récup. taux 2"
"IHCOMPDIM";"S";"0475";"                     HJOU_IJQHSNMAR2 = HJOU_IJQHSNMAP2"
"IHCOMPDIM";"S";"0476";"                     HJOU_IJQHSNMAP2 = 0"
"IHCOMPDIM";"S";"0477";"                  FINSI"
"IHCOMPDIM";"S";"0478";"*"
"IHCOMPDIM";"S";"0479";"* Consignes de forçage"
"IHCOMPDIM";"S";"0480";"                  HJOU_IJQHSNMARE = HJOU_IJQHSNMARE + LOCA_XCOR"
"IHCOMPDIM";"S";"0481";"                  SI LOCA_ZCOR <> 999"
"IHCOMPDIM";"S";"0482";"                     HJOU_IJQHSNMARE = LOCA_ZCOR"
"IHCOMPDIM";"S";"0483";"                  FINSI"
"IHCOMPDIM";"S";"0484";"*"
"IHCOMPDIM";"S";"0485";"                  HJOU_IJQHSNMAR2 = HJOU_IJQHSNMAR2 + LOCA_XCOR2"
"IHCOMPDIM";"S";"0486";"                  SI LOCA_ZCOR2 <> 999"
"IHCOMPDIM";"S";"0487";"                     HJOU_IJQHSNMAR2 = LOCA_ZCOR2"
"IHCOMPDIM";"S";"0488";"                  FINSI"
"IHCOMPDIM";"S";"0489";"*"
"IHCOMPDIM";"S";"0490";"*****************************************************************************"
"IHCOMPDIM";"S";"0491";"* Alimentation de la récup HS/HC"
"IHCOMPDIM";"S";"0492";"*"
"IHCOMPDIM";"S";"0493";"                  HJOU_IJRSHSMREH = HJOU_IJRSHSMREH + HJOU_IJQHSNMARE"
"IHCOMPDIM";"S";"0494";"                  HJOU_IJRSHSMREH = HJOU_IJRSHSMREH + HJOU_IJQHSNMAR2"
"IHCOMPDIM";"S";"0495";"               FINSI"
"IHCOMPDIM";"S";"0496";"*"
"IHCOMPDIM";"S";"0497";"               SI HJOU_IJQHCNMAPA < 0"
"IHCOMPDIM";"S";"0498";"                  ANOMALIE 192"
"IHCOMPDIM";"S";"0499";"               FINSI"
"IHCOMPDIM";"S";"0500";"            FINSI"
"IHCOMPDIM";"S";"0501";"*"
"IHCOMPDIM";"S";"0502";"*     Calcul du Compteur annuel des heures supp payees"
"IHCOMPDIM";"S";"0503";"*"
"IHCOMPDIM";"S";"0504";"            HJOU_IJRHSHMAJA = HJOU_IJRHSHMAJA + HJOU_IJQHSNMAPA"
"IHCOMPDIM";"S";"0505";"            HJOU_IJRHSHMAJA = HJOU_IJRHSHMAJA + HJOU_IJQHSNMAP2"
"IHCOMPDIM";"S";"0506";"*"
"IHCOMPDIM";"S";"0507";"            HJOU_IJRHSHMAJA = HJOU_IJRHSHMAJA + LOCA_XCHS"
"IHCOMPDIM";"S";"0508";"            SI LOCA_ZCHS <> 999"
"IHCOMPDIM";"S";"0509";"               HJOU_IJRHSHMAJA = LOCA_ZCHS"
"IHCOMPDIM";"S";"0510";"            FINSI"
"IHCOMPDIM";"S";"0511";"*"
"IHCOMPDIM";"S";"0512";"*     Calcul du Compteur annuel total des heures supp ? recuperer"
"IHCOMPDIM";"S";"0513";"*"
"IHCOMPDIM";"S";"0514";"            HJOU_IJRHRECANN = HJOU_IJRHRECANN + HJOU_IJQHSNMARE"
"IHCOMPDIM";"S";"0515";"            HJOU_IJRHRECANN = HJOU_IJRHRECANN + HJOU_IJQHSNMAR2"
"IHCOMPDIM";"S";"0516";"*"
"IHCOMPDIM";"S";"0517";"            HJOU_IJRHRECANN = HJOU_IJRHRECANN + LOCA_XRHA"
"IHCOMPDIM";"S";"0518";"            SI LOCA_ZRHA <> 999"
"IHCOMPDIM";"S";"0519";"               HJOU_IJRHRECANN = LOCA_ZRHA"
"IHCOMPDIM";"S";"0520";"            FINSI"
"IACQCP";"S";"0385";"      LOCA_AVRIL(5:4) = ""0430"""
"IHCOMPDIM";"S";"0521";"*     Calcul du Compteur HS/HC total"
"IHCOMPDIM";"S";"0522";"            HJOU_IJRHSMPAYA = HJOU_IJRHRECANN + HJOU_IJRHSHMAJA"
"IHCOMPDIM";"S";"0523";"*"
"IHCOMPDIM";"S";"0524";"            SI LOCA_ZPAY <> 999"
"IHCOMPDIM";"S";"0525";"               HJOU_IJQHRNMAPA = LOCA_ZPAY"
"IHCOMPDIM";"S";"0526";"            FINSI"
"IHCOMPDIM";"S";"0527";"*"
"IHCOMPDIM";"S";"0528";"*"
"IHCOMPDIM";"S";"0529";"            SI LOCA_CONSO = 1"
"IHCOMPDIM";"S";"0530";"               HJOU_IJRSHSMREH = HJOU_IJRSHSMREH - LOCA_REHC"
"IHCOMPDIM";"S";"0531";"               SI HJOU_IJRSHSMREH < 0"
"IHCOMPDIM";"S";"0532";"                  ANOMALIE 226"
"IHCOMPDIM";"S";"0533";"               FINSI"
"IANALJ";"S";"0001";"***********************************************************************"
"IANALJ";"S";"0002";"* Règle     : IANALJ"
"IANALJ";"S";"0003";"* Ordre     : 2550"
"IANALJ";"S";"0004";"* Titre     : Analyse des journees"
"IANALJ";"S";"0005";"* Package   : Privé 16.3"
"IANALJ";"S";"0006";"*----------------------------------------------------------------------"
"IANALJ";"S";"0007";"*"
"IANALJ";"S";"0008";"*"
"IANALJ";"S";"0009";"* Rôle :  Analyse des journees"
"IANALJ";"S";"0010";"*"
"IANALJ";"S";"0011";"*"
"IANALJ";"S";"0012";"*"
"IANALJ";"S";"0013";"*"
"IANALJ";"S";"0014";"*----------------------------------------------------------------------"
"IANALJ";"S";"0015";"* Créé par : Cellule Industrialisation"
"IANALJ";"S";"0016";"* Date     : 03/09/2009"
"IANALJ";"S";"0017";"* Version  : 1"
"IANALJ";"S";"0018";"*----------------------------------------------------------------------"
"IANALJ";"S";"0019";"* Modifiée par : Cellule Industrialisation"
"IANALJ";"S";"0020";"* Date         : JJ/MM/AAAA"
"IANALJ";"S";"0021";"* Objet        :"
"IANALJ";"S";"0022";"***********************************************************************"
"IANALJ";"S";"0023";"*"
"IANALJ";"S";"0024";"* Implémentation des données industrielles"
"IANALJ";"S";"0025";"*"
"IANALJ";"S";"0026";"DEBDICO"
"IANALJ";"S";"0027";"   HJOU_IJRPREVEIL;O;T6,2;I;;;        9;;IJQPRELEND;V3;""Présence de la veille"";"
"IANALJ";"S";"0028";"   HJOU_IJQPREJENC;O;T6,2;I;;;        9;;;V2;""Présence jour en cours"";"
"IANALJ";"S";"0029";"   HJOU_IJQPRELEND;O;T6,2;I;;;        9;;;V2;""Présence du lendemain"";"
"IANALJ";"S";"0030";"   HJOU_IJQDEBADGV;N;T6,2;I;;;     6789;;;V2;""Dernier badgeage validé"";"
"IPLGDYN";"S";"0051";"SI PROF_PLAGEDYN = 1"
"IANALJ";"S";"0031";"   HJOU_IJQPRBADGV;N;T6,2;I;;;     6789;;;V2;""Premier badgeage validé"";"
"IANALJ";"S";"0032";"FINDICO"
"IANALJ";"S";"0033";"*"
"IANALJ";"S";"0034";"* Déclaration des donnees locales"
"IANALJ";"S";"0035";"*"
"IANALJ";"S";"0036";"* Analyse de la veille"
"IANALJ";"S";"0037";"* Modifie le 13/10/97."
"IANALJ";"S";"0038";"* Les deux lignes  17 18 ont ete mises en remarque ."
"IANALJ";"S";"0039";"* Par defaut, dans le package HJVEILLE est le report de la donn?e"
"IANALJ";"S";"0040";"* HJREPORT."
"IANALJ";"S";"0041";"* Ceci permettra de calculer par exemple les heures travaill?es f?ri?e"
"IANALJ";"S";"0042";"* tenant compte des heures faites de 0 a 24h sur la veille."
"IANALJ";"S";"0043";"* Si vous avez un profil avec une borne sur la journee de la veille"
"IANALJ";"S";"0044";"* (exemple 21< - 5), vous pouvez r?activer les lignes pour calculer le"
"IANALJ";"S";"0045";"* temps de la veille (et mettre dans le dico de report de la donn?e"
"IANALJ";"S";"0046";"* HJREPORT a zero)"
"IANALJ";"S";"0047";"*"
"IANALJ";"S";"0048";"* ANALYSE -12 0"
"IANALJ";"S";"0049";"* HJOU_IJRPREVEIL = TEMP_HIPRE"
"IANALJ";"S";"0050";"*"
"IANALJ";"S";"0051";"* Analyse de la journee en cours"
"IANALJ";"S";"0052";"* Cette analyse permet de calculer dans le compteur hjou_hjenc"
"IANALJ";"S";"0053";"* les heures comprises entre 0 et 24 (exemple, sur un horaire 21h00 5h"
"IANALJ";"S";"0054";"* hjou_hjenc = 3.00 )"
"IANALJ";"S";"0055";"*"
"IANALJ";"S";"0056";"SI HJOU_DATE <= TEMP_DATJOU"
"IANALJ";"S";"0057";"   DEF LOCA_NUM N1"
"IANALJ";"S";"0058";"   LOCA_NUM = 0"
"IANALJ";"S";"0059";"   ANALYSE 0 24"
"IANALJ";"S";"0060";"   HJOU_IJQPREJENC = TEMP_HIPRE"
"IANALJ";"S";"0061";"*"
"IANALJ";"S";"0062";"*  Analyse apres minuit"
"IANALJ";"S";"0063";"*  Cette analyse permet de calculer dans le compteur hjou_hjreport"
"IANALJ";"S";"0064";"*  les heures apres minuit (exemple sur horaire 21h00 5h00,"
"IANALJ";"S";"0065";"*  hjou_hjreport = 5.00)"
"IANALJ";"S";"0066";"   ANALYSE 24 36"
"IANALJ";"S";"0067";"   HJOU_IJQPRELEND = TEMP_HIPRE"
"IANALJ";"S";"0068";"*  recuperation du premier et dernier badgeages"
"IANALJ";"S";"0069";"*  utilise dans le controle des contraintes l?gales"
"IANALJ";"S";"0070";"   POUR POINTAGES"
"IANALJ";"S";"0071";"*recuperation du dernier pointage"
"IANALJ";"S";"0072";"      HJOU_IJQDEBADGV = POIN_HRETRAI"
"IANALJ";"S";"0073";"*Recuperation du 1er pointage"
"IANALJ";"S";"0074";"      LOCA_NUM = LOCA_NUM + 1"
"IANALJ";"S";"0075";"      SI LOCA_NUM = 1"
"IANALJ";"S";"0076";"         HJOU_IJQPRBADGV = POIN_HRETRAI"
"IANALJ";"S";"0077";"      FINSI"
"IANALJ";"S";"0078";"   FINPOUR"
"IANALJ";"S";"0079";"FINSI"
"IANALJ";"S";"0080";"FIN"
"IPLGDYN";"S";"0001";"***********************************************************************"
"IPLGDYN";"S";"0002";"* Règle     : IPLGDYN"
"IPLGDYN";"S";"0003";"* Ordre     : 2570"
"IPLGDYN";"S";"0004";"* Titre     : Récupération des plages dynamiques"
"IPLGDYN";"S";"0005";"* Package   : Privé 16.3"
"IPLGDYN";"S";"0006";"*----------------------------------------------------------------------"
"IPLGDYN";"S";"0007";"*"
"IPLGDYN";"S";"0008";"*"
"IPLGDYN";"S";"0009";"* Rôle : Récupération des plages avec un profil dynamique"
"IPLGDYN";"S";"0010";"*"
"IPLGDYN";"S";"0011";"*"
"IPLGDYN";"S";"0012";"*----------------------------------------------------------------------"
"IPLGDYN";"S";"0013";"* Créé par : Méthodes et outils"
"IPLGDYN";"S";"0014";"* Date     : 06/08/2018"
"IPLGDYN";"S";"0015";"* Version  : 1"
"IPLGDYN";"S";"0016";"*----------------------------------------------------------------------"
"IPLGDYN";"S";"0017";"* Màj par   :"
"IPLGDYN";"S";"0018";"* Date      : JJ.MM.AAAA"
"IPLGDYN";"S";"0019";"* Objet     :"
"IPLGDYN";"S";"0020";"***********************************************************************"
"IPLGDYN";"S";"0021";"*"
"IPLGDYN";"S";"0022";"* Implémentation des données industrielles"
"IPLGDYN";"S";"0023";"*"
"IPLGDYN";"S";"0024";"DEBDICO"
"IPLGDYN";"S";"0025";"   EMPL_IEIEMPRESS;O;Z1;X;;;123456789;L;;C2;""Géré dans Ressources"";"
"IPLGDYN";"S";"0026";"   HJOU_IJQENTREE1;N;T6,2;I;;;    56789;;;C0;""Entrée 1 plage dynamique"";"
"IPLGDYN";"S";"0027";"   HJOU_IJQSORTIE1;N;T6,2;I;;;    56789;;;C0;""Sortie 1 plage dynamique"";"
"IPLGDYN";"S";"0028";"   HJOU_IJQENTREE2;N;T6,2;I;;;    56789;;;C0;""Entrée 2 plage dynamique"";"
"IPLGDYN";"S";"0029";"   HJOU_IJQSORTIE2;N;T6,2;I;;;    56789;;;C0;""Sortie 2 plage dynamique"";"
"IPLGDYN";"S";"0030";"   HJOU_IJQENTREE3;N;T6,2;I;;;    56789;;;C0;""Entrée 3 plage dynamique"";"
"IPLGDYN";"S";"0031";"   HJOU_IJQSORTIE3;N;T6,2;I;;;    56789;;;C0;""Sortie 3 plage dynamique"";"
"IPLGDYN";"S";"0032";"   HJOU_IJQENTREE4;N;T6,2;I;;;    56789;;;C0;""Entrée 4 plage dynamique"";"
"IPLGDYN";"S";"0033";"   HJOU_IJQSORTIE4;N;T6,2;I;;;    56789;;;C0;""Sortie 4 plage dynamique"";"
"IPLGDYN";"S";"0034";"   HJOU_IJQENTREE5;N;T6,2;I;;;    56789;;;C0;""Entrée 5 plage dynamique"";"
"IPLGDYN";"S";"0035";"   HJOU_IJQSORTIE5;N;T6,2;I;;;    56789;;;C0;""Sortie 5 plage dynamique"";"
"IPLGDYN";"S";"0036";"   HJOU_IJQENTREE6;N;T6,2;I;;;    56789;;;C0;""Entrée 6 plage dynamique"";"
"IPLGDYN";"S";"0037";"   HJOU_IJQSORTIE6;N;T6,2;I;;;    56789;;;C0;""Sortie 6 plage dynamique"";"
"IPLGDYN";"S";"0038";"   HJOU_IJQENTREE7;N;T6,2;I;;;    56789;;;C0;""Entrée 7 plage dynamique"";"
"IPLGDYN";"S";"0039";"   HJOU_IJQSORTIE7;N;T6,2;I;;;    56789;;;C0;""Sortie 7 plage dynamique"";"
"IPLGDYN";"S";"0040";"FINDICO"
"IPLGDYN";"S";"0041";"*"
"IPLGDYN";"S";"0042";"DEBANO"
"IPLGDYN";"S";"0043";"   222;5;""Vérifier le paramétrage du profil dynamique (7 plages obligatoires maximum)"";"
"IPLGDYN";"S";"0044";"FINANO"
"IPLGDYN";"S";"0045";"*"
"IPLGDYN";"S";"0046";"* variables locales"
"IPLGDYN";"S";"0047";"DEF LOCA_R N1"
"IPLGDYN";"S";"0048";"LOCA_R = 0"
"IPLGDYN";"S";"0049";"*"
"IPLGDYN";"S";"0050";"* profil dynamique"
"IPLGDYN";"S";"0052";"* récupération des plages uniquement pour une gestion en plages PLG ou optimum non validé"
"IPLGDYN";"S";"0053";"* plages PLG"
"IPLGDYN";"S";"0054";"   SI CTRA_TYPEPLAN = ""0"""
"IPLGDYN";"S";"0055";"      SI EMPL_IEIEMPRESS <> ""1"""
"IPLGDYN";"S";"0056";"         LOCA_R = 1"
"IPLGDYN";"S";"0057";"      FINSI"
"IPLGDYN";"S";"0058";"* optimum non validé"
"IPLGDYN";"S";"0059";"   SINON"
"IPLGDYN";"S";"0060";"      SI CTRA_TYPEPLAN = ""1"""
"IPLGDYN";"S";"0061";"      OU CTRA_TYPEPLAN = ""6"""
"IPLGDYN";"S";"0062";"         SI HJOU_HJVALPLN = 0"
"IPLGDYN";"S";"0063";"         OU HJOU_HJVALPLN = 2"
"IPLGDYN";"S";"0064";"            LOCA_R = 1"
"IPLGDYN";"S";"0065";"         FINSI"
"IPLGDYN";"S";"0066";"      FINSI"
"IPLGDYN";"S";"0067";"   FINSI"
"IPLGDYN";"S";"0068";"   SI LOCA_R = 1"
"IPLGDYN";"S";"0069";"* RAZ de debut de journée"
"IPLGDYN";"S";"0070";"      HJOU_IJQENTREE1 = 0"
"IPLGDYN";"S";"0071";"      HJOU_IJQSORTIE1 = 0"
"IPLGDYN";"S";"0072";"      HJOU_IJQENTREE2 = 0"
"IPLGDYN";"S";"0073";"      HJOU_IJQSORTIE2 = 0"
"IPLGDYN";"S";"0074";"      HJOU_IJQENTREE3 = 0"
"IPLGDYN";"S";"0075";"      HJOU_IJQSORTIE3 = 0"
"IPLGDYN";"S";"0076";"      HJOU_IJQENTREE4 = 0"
"IPLGDYN";"S";"0077";"      HJOU_IJQSORTIE4 = 0"
"IPLGDYN";"S";"0078";"      HJOU_IJQENTREE5 = 0"
"IPLGDYN";"S";"0079";"      HJOU_IJQSORTIE5 = 0"
"IPLGDYN";"S";"0080";"      HJOU_IJQENTREE6 = 0"
"IPLGDYN";"S";"0081";"      HJOU_IJQSORTIE6 = 0"
"IPLGDYN";"S";"0082";"      HJOU_IJQENTREE7 = 0"
"IPLGDYN";"S";"0083";"      HJOU_IJQSORTIE7 = 0"
"IPLGDYN";"S";"0084";"*"
"IPLGDYN";"S";"0085";"* test de l'existence de plage"
"IPLGDYN";"S";"0086";"      SI TEMP_NXPLAG > 0"
"IPLGDYN";"S";"0087";"* 1ère plage"
"IPLGDYN";"S";"0088";"         PLAGE "" "" 1"
"IPLGDYN";"S";"0089";"         SI TEMP_TYPPLA = ""O"""
"IPLGDYN";"S";"0090";"            HJOU_IJQENTREE1 = TEMP_HREDEB"
"IPLGDYN";"S";"0091";"            HJOU_IJQSORTIE1 = TEMP_HREFIN"
"IPLGDYN";"S";"0092";"         FINSI"
"IPLGDYN";"S";"0093";"* 2ème plage"
"IPLGDYN";"S";"0094";"         PLAGE "" "" 2"
"IPLGDYN";"S";"0095";"         SI TEMP_TYPPLA = ""O"""
"IPLGDYN";"S";"0096";"            SI HJOU_IJQENTREE1 = 0"
"IPLGDYN";"S";"0097";"               HJOU_IJQENTREE1 = TEMP_HREDEB"
"IPLGDYN";"S";"0098";"               HJOU_IJQSORTIE1 = TEMP_HREFIN"
"IPLGDYN";"S";"0099";"            SINON"
"IPLGDYN";"S";"0100";"               HJOU_IJQENTREE2 = TEMP_HREDEB"
"IPLGDYN";"S";"0101";"               HJOU_IJQSORTIE2 = TEMP_HREFIN"
"IPLGDYN";"S";"0102";"            FINSI"
"IPLGDYN";"S";"0103";"         FINSI"
"IPLGDYN";"S";"0104";"* 3ème plage"
"IPLGDYN";"S";"0105";"         PLAGE "" "" 3"
"IPLGDYN";"S";"0106";"         SI TEMP_TYPPLA = ""O"""
"IPLGDYN";"S";"0107";"            SI HJOU_IJQENTREE1 = 0"
"IPLGDYN";"S";"0108";"               HJOU_IJQENTREE1 = TEMP_HREDEB"
"IPLGDYN";"S";"0109";"               HJOU_IJQSORTIE1 = TEMP_HREFIN"
"IPLGDYN";"S";"0110";"            SINON"
"IPLGDYN";"S";"0111";"               SI HJOU_IJQENTREE2 = 0"
"IPLGDYN";"S";"0112";"                  HJOU_IJQENTREE2 = TEMP_HREDEB"
"IPLGDYN";"S";"0113";"                  HJOU_IJQSORTIE2 = TEMP_HREFIN"
"IPLGDYN";"S";"0114";"               SINON"
"IPLGDYN";"S";"0115";"                  HJOU_IJQENTREE3 = TEMP_HREDEB"
"IPLGDYN";"S";"0116";"                  HJOU_IJQSORTIE3 = TEMP_HREFIN"
"IPLGDYN";"S";"0117";"               FINSI"
"IPLGDYN";"S";"0118";"            FINSI"
"IPLGDYN";"S";"0119";"         FINSI"
"IPLGDYN";"S";"0120";"* 4ème plage"
"IPLGDYN";"S";"0121";"         PLAGE "" "" 4"
"IPLGDYN";"S";"0122";"         SI TEMP_TYPPLA = ""O"""
"IPLGDYN";"S";"0123";"            SI HJOU_IJQENTREE1 = 0"
"IPLGDYN";"S";"0124";"               HJOU_IJQENTREE1 = TEMP_HREDEB"
"IPLGDYN";"S";"0125";"               HJOU_IJQSORTIE1 = TEMP_HREFIN"
"IPLGDYN";"S";"0126";"            SINON"
"IPLGDYN";"S";"0127";"               SI HJOU_IJQENTREE2 = 0"
"IPLGDYN";"S";"0128";"                  HJOU_IJQENTREE2 = TEMP_HREDEB"
"IPLGDYN";"S";"0129";"                  HJOU_IJQSORTIE2 = TEMP_HREFIN"
"IPLGDYN";"S";"0130";"               SINON"
"IPLGDYN";"S";"0131";"                  SI HJOU_IJQENTREE3 = 0"
"IPLGDYN";"S";"0132";"                     HJOU_IJQENTREE3 = TEMP_HREDEB"
"IPLGDYN";"S";"0133";"                     HJOU_IJQSORTIE3 = TEMP_HREFIN"
"IPLGDYN";"S";"0134";"                  SINON"
"IPLGDYN";"S";"0135";"                     HJOU_IJQENTREE4 = TEMP_HREDEB"
"IPLGDYN";"S";"0136";"                     HJOU_IJQSORTIE4 = TEMP_HREFIN"
"IPLGDYN";"S";"0137";"                  FINSI"
"IPLGDYN";"S";"0138";"               FINSI"
"IPLGDYN";"S";"0139";"            FINSI"
"IPLGDYN";"S";"0140";"         FINSI"
"IPLGDYN";"S";"0141";"* 5ème plage"
"IPLGDYN";"S";"0142";"         PLAGE "" "" 5"
"IPLGDYN";"S";"0143";"         SI TEMP_TYPPLA = ""O"""
"IPLGDYN";"S";"0144";"            SI HJOU_IJQENTREE1 = 0"
"IPLGDYN";"S";"0145";"               HJOU_IJQENTREE1 = TEMP_HREDEB"
"IPLGDYN";"S";"0146";"               HJOU_IJQSORTIE1 = TEMP_HREFIN"
"IPLGDYN";"S";"0147";"            SINON"
"IPLGDYN";"S";"0148";"               SI HJOU_IJQENTREE2 = 0"
"IPLGDYN";"S";"0149";"                  HJOU_IJQENTREE2 = TEMP_HREDEB"
"IPLGDYN";"S";"0150";"                  HJOU_IJQSORTIE2 = TEMP_HREFIN"
"IPLGDYN";"S";"0151";"               SINON"
"IPLGDYN";"S";"0152";"                  SI HJOU_IJQENTREE3 = 0"
"IPLGDYN";"S";"0153";"                     HJOU_IJQENTREE3 = TEMP_HREDEB"
"IPLGDYN";"S";"0154";"                     HJOU_IJQSORTIE3 = TEMP_HREFIN"
"IPLGDYN";"S";"0155";"                  SINON"
"IPLGDYN";"S";"0156";"                     SI HJOU_IJQENTREE4 = 0"
"IPLGDYN";"S";"0157";"                        HJOU_IJQENTREE4 = TEMP_HREDEB"
"IPLGDYN";"S";"0158";"                        HJOU_IJQSORTIE4 = TEMP_HREFIN"
"IPLGDYN";"S";"0159";"                     SINON"
"IPLGDYN";"S";"0160";"                        HJOU_IJQENTREE5 = TEMP_HREDEB"
"IPLGDYN";"S";"0161";"                        HJOU_IJQSORTIE5 = TEMP_HREFIN"
"IPLGDYN";"S";"0162";"                     FINSI"
"IPLGDYN";"S";"0163";"                  FINSI"
"IPLGDYN";"S";"0164";"               FINSI"
"IPLGDYN";"S";"0165";"            FINSI"
"IPLGDYN";"S";"0166";"         FINSI"
"IPLGDYN";"S";"0167";"* 6ème plage"
"IPLGDYN";"S";"0168";"         PLAGE "" "" 6"
"IPLGDYN";"S";"0169";"         SI TEMP_TYPPLA = ""O"""
"IPLGDYN";"S";"0170";"            SI HJOU_IJQENTREE1 = 0"
"IPLGDYN";"S";"0171";"               HJOU_IJQENTREE1 = TEMP_HREDEB"
"IPLGDYN";"S";"0172";"               HJOU_IJQSORTIE1 = TEMP_HREFIN"
"IPLGDYN";"S";"0173";"            SINON"
"IPLGDYN";"S";"0174";"               SI HJOU_IJQENTREE2 = 0"
"IPLGDYN";"S";"0175";"                  HJOU_IJQENTREE2 = TEMP_HREDEB"
"IPLGDYN";"S";"0176";"                  HJOU_IJQSORTIE2 = TEMP_HREFIN"
"IPLGDYN";"S";"0177";"               SINON"
"IPLGDYN";"S";"0178";"                  SI HJOU_IJQENTREE3 = 0"
"IPLGDYN";"S";"0179";"                     HJOU_IJQENTREE3 = TEMP_HREDEB"
"IPLGDYN";"S";"0180";"                     HJOU_IJQSORTIE3 = TEMP_HREFIN"
"IPLGDYN";"S";"0181";"                  SINON"
"IPLGDYN";"S";"0182";"                     SI HJOU_IJQENTREE4 = 0"
"IPLGDYN";"S";"0183";"                        HJOU_IJQENTREE4 = TEMP_HREDEB"
"IPLGDYN";"S";"0184";"                        HJOU_IJQSORTIE4 = TEMP_HREFIN"
"IPLGDYN";"S";"0185";"                     SINON"
"IPLGDYN";"S";"0186";"                        SI HJOU_IJQENTREE5 = 0"
"IPLGDYN";"S";"0187";"                           HJOU_IJQENTREE5 = TEMP_HREDEB"
"IPLGDYN";"S";"0188";"                           HJOU_IJQSORTIE5 = TEMP_HREFIN"
"IPLGDYN";"S";"0189";"                        SINON"
"IPLGDYN";"S";"0190";"                           HJOU_IJQENTREE6 = TEMP_HREDEB"
"IPLGDYN";"S";"0191";"                           HJOU_IJQSORTIE6 = TEMP_HREFIN"
"IPLGDYN";"S";"0192";"                        FINSI"
"IPLGDYN";"S";"0193";"                     FINSI"
"IPLGDYN";"S";"0194";"                  FINSI"
"IPLGDYN";"S";"0195";"               FINSI"
"IPLGDYN";"S";"0196";"            FINSI"
"IPLGDYN";"S";"0197";"         FINSI"
"IPLGDYN";"S";"0198";"* 7ème plage"
"IPLGDYN";"S";"0199";"         PLAGE "" "" 7"
"IPLGDYN";"S";"0200";"         SI TEMP_TYPPLA = ""O"""
"IPLGDYN";"S";"0201";"            SI HJOU_IJQENTREE1 = 0"
"IPLGDYN";"S";"0202";"               HJOU_IJQENTREE1 = TEMP_HREDEB"
"IPLGDYN";"S";"0203";"               HJOU_IJQSORTIE1 = TEMP_HREFIN"
"IPLGDYN";"S";"0204";"            SINON"
"IPLGDYN";"S";"0205";"               SI HJOU_IJQENTREE2 = 0"
"IPLGDYN";"S";"0206";"                  HJOU_IJQENTREE2 = TEMP_HREDEB"
"IPLGDYN";"S";"0207";"                  HJOU_IJQSORTIE2 = TEMP_HREFIN"
"IPLGDYN";"S";"0208";"               SINON"
"IPLGDYN";"S";"0209";"                  SI HJOU_IJQENTREE3 = 0"
"IPLGDYN";"S";"0210";"                     HJOU_IJQENTREE3 = TEMP_HREDEB"
"IPLGDYN";"S";"0211";"                     HJOU_IJQSORTIE3 = TEMP_HREFIN"
"IPLGDYN";"S";"0212";"                  SINON"
"IPLGDYN";"S";"0213";"                     SI HJOU_IJQENTREE4 = 0"
"IPLGDYN";"S";"0214";"                        HJOU_IJQENTREE4 = TEMP_HREDEB"
"IPLGDYN";"S";"0215";"                        HJOU_IJQSORTIE4 = TEMP_HREFIN"
"IPLGDYN";"S";"0216";"                     SINON"
"IPLGDYN";"S";"0217";"                        SI HJOU_IJQENTREE5 = 0"
"IPLGDYN";"S";"0218";"                           HJOU_IJQENTREE5 = TEMP_HREDEB"
"IPLGDYN";"S";"0219";"                           HJOU_IJQSORTIE5 = TEMP_HREFIN"
"IPLGDYN";"S";"0220";"                        SINON"
"IPLGDYN";"S";"0221";"                           SI HJOU_IJQENTREE6 = 0"
"IPLGDYN";"S";"0222";"                              HJOU_IJQENTREE6 = TEMP_HREDEB"
"IPLGDYN";"S";"0223";"                              HJOU_IJQSORTIE6 = TEMP_HREFIN"
"IPLGDYN";"S";"0224";"                           SINON"
"IPLGDYN";"S";"0225";"                              HJOU_IJQENTREE7 = TEMP_HREDEB"
"IPLGDYN";"S";"0226";"                              HJOU_IJQSORTIE7 = TEMP_HREFIN"
"IPLGDYN";"S";"0227";"                           FINSI"
"IPLGDYN";"S";"0228";"                        FINSI"
"IPLGDYN";"S";"0229";"                     FINSI"
"IPLGDYN";"S";"0230";"                  FINSI"
"IPLGDYN";"S";"0231";"               FINSI"
"IPLGDYN";"S";"0232";"            FINSI"
"IPLGDYN";"S";"0233";"         FINSI"
"IPLGDYN";"S";"0234";"* 8ème plage"
"IPLGDYN";"S";"0235";"         PLAGE "" "" 8"
"IPLGDYN";"S";"0236";"         SI TEMP_TYPPLA = ""O"""
"IPLGDYN";"S";"0237";"            SI HJOU_IJQENTREE1 = 0"
"IPLGDYN";"S";"0238";"               HJOU_IJQENTREE1 = TEMP_HREDEB"
"IPLGDYN";"S";"0239";"               HJOU_IJQSORTIE1 = TEMP_HREFIN"
"IPLGDYN";"S";"0240";"            SINON"
"IPLGDYN";"S";"0241";"               SI HJOU_IJQENTREE2 = 0"
"IPLGDYN";"S";"0242";"                  HJOU_IJQENTREE2 = TEMP_HREDEB"
"IPLGDYN";"S";"0243";"                  HJOU_IJQSORTIE2 = TEMP_HREFIN"
"IPLGDYN";"S";"0244";"               SINON"
"IPLGDYN";"S";"0245";"                  SI HJOU_IJQENTREE3 = 0"
"IPLGDYN";"S";"0246";"                     HJOU_IJQENTREE3 = TEMP_HREDEB"
"IPLGDYN";"S";"0247";"                     HJOU_IJQSORTIE3 = TEMP_HREFIN"
"IPLGDYN";"S";"0248";"                  SINON"
"IPLGDYN";"S";"0249";"                     SI HJOU_IJQENTREE4 = 0"
"IPLGDYN";"S";"0250";"                        HJOU_IJQENTREE4 = TEMP_HREDEB"
"IPLGDYN";"S";"0251";"                        HJOU_IJQSORTIE4 = TEMP_HREFIN"
"IPLGDYN";"S";"0252";"                     SINON"
"IPLGDYN";"S";"0253";"                        SI HJOU_IJQENTREE5 = 0"
"IPLGDYN";"S";"0254";"                           HJOU_IJQENTREE5 = TEMP_HREDEB"
"IPLGDYN";"S";"0255";"                           HJOU_IJQSORTIE5 = TEMP_HREFIN"
"IPLGDYN";"S";"0256";"                        SINON"
"IPLGDYN";"S";"0257";"                           SI HJOU_IJQENTREE6 = 0"
"IPLGDYN";"S";"0258";"                              HJOU_IJQENTREE6 = TEMP_HREDEB"
"IPLGDYN";"S";"0259";"                              HJOU_IJQSORTIE6 = TEMP_HREFIN"
"IPLGDYN";"S";"0260";"                           SINON"
"IPLGDYN";"S";"0261";"                              SI HJOU_IJQENTREE7 = 0"
"IPLGDYN";"S";"0262";"                                 HJOU_IJQENTREE7 = TEMP_HREDEB"
"IPLGDYN";"S";"0263";"                                 HJOU_IJQSORTIE7 = TEMP_HREFIN"
"IPLGDYN";"S";"0264";"                              SINON"
"IPLGDYN";"S";"0265";"                                 ANOMALIE 222"
"IPLGDYN";"S";"0266";"                              FINSI"
"IPLGDYN";"S";"0267";"                           FINSI"
"IPLGDYN";"S";"0268";"                        FINSI"
"IPLGDYN";"S";"0269";"                     FINSI"
"IPLGDYN";"S";"0270";"                  FINSI"
"IPLGDYN";"S";"0271";"               FINSI"
"IPLGDYN";"S";"0272";"            FINSI"
"IPLGDYN";"S";"0273";"         FINSI"
"IPLGDYN";"S";"0274";"* 9ème plage"
"IPLGDYN";"S";"0275";"         PLAGE "" "" 9"
"IPLGDYN";"S";"0276";"         SI TEMP_TYPPLA = ""O"""
"IPLGDYN";"S";"0277";"            SI HJOU_IJQENTREE1 = 0"
"IPLGDYN";"S";"0278";"               HJOU_IJQENTREE1 = TEMP_HREDEB"
"IPLGDYN";"S";"0279";"               HJOU_IJQSORTIE1 = TEMP_HREFIN"
"IPLGDYN";"S";"0280";"            SINON"
"IPLGDYN";"S";"0281";"               SI HJOU_IJQENTREE2 = 0"
"IPLGDYN";"S";"0282";"                  HJOU_IJQENTREE2 = TEMP_HREDEB"
"IPLGDYN";"S";"0283";"                  HJOU_IJQSORTIE2 = TEMP_HREFIN"
"IPLGDYN";"S";"0284";"               SINON"
"IPLGDYN";"S";"0285";"                  SI HJOU_IJQENTREE3 = 0"
"IPLGDYN";"S";"0286";"                     HJOU_IJQENTREE3 = TEMP_HREDEB"
"IPLGDYN";"S";"0287";"                     HJOU_IJQSORTIE3 = TEMP_HREFIN"
"IPLGDYN";"S";"0288";"                  SINON"
"IPLGDYN";"S";"0289";"                     SI HJOU_IJQENTREE4 = 0"
"IPLGDYN";"S";"0290";"                        HJOU_IJQENTREE4 = TEMP_HREDEB"
"IPLGDYN";"S";"0291";"                        HJOU_IJQSORTIE4 = TEMP_HREFIN"
"IPLGDYN";"S";"0292";"                     SINON"
"IPLGDYN";"S";"0293";"                        SI HJOU_IJQENTREE5 = 0"
"IPLGDYN";"S";"0294";"                           HJOU_IJQENTREE5 = TEMP_HREDEB"
"IPLGDYN";"S";"0295";"                           HJOU_IJQSORTIE5 = TEMP_HREFIN"
"IPLGDYN";"S";"0296";"                        SINON"
"IPLGDYN";"S";"0297";"                           SI HJOU_IJQENTREE6 = 0"
"IPLGDYN";"S";"0298";"                              HJOU_IJQENTREE6 = TEMP_HREDEB"
"IPLGDYN";"S";"0299";"                              HJOU_IJQSORTIE6 = TEMP_HREFIN"
"IPLGDYN";"S";"0300";"                           SINON"
"IPLGDYN";"S";"0301";"                              SI HJOU_IJQENTREE7 = 0"
"IPLGDYN";"S";"0302";"                                 HJOU_IJQENTREE7 = TEMP_HREDEB"
"IPLGDYN";"S";"0303";"                                 HJOU_IJQSORTIE7 = TEMP_HREFIN"
"IPLGDYN";"S";"0304";"                              SINON"
"IPLGDYN";"S";"0305";"                                 ANOMALIE 222"
"IPLGDYN";"S";"0306";"                              FINSI"
"IPLGDYN";"S";"0307";"                           FINSI"
"IPLGDYN";"S";"0308";"                        FINSI"
"IPLGDYN";"S";"0309";"                     FINSI"
"IPLGDYN";"S";"0310";"                  FINSI"
"IPLGDYN";"S";"0311";"               FINSI"
"IPLGDYN";"S";"0312";"            FINSI"
"IPLGDYN";"S";"0313";"         FINSI"
"IPLGDYN";"S";"0314";"* 10ème plage"
"IPLGDYN";"S";"0315";"         PLAGE "" "" 10"
"IPLGDYN";"S";"0316";"         SI TEMP_TYPPLA = ""O"""
"IPLGDYN";"S";"0317";"            SI HJOU_IJQENTREE1 = 0"
"IPLGDYN";"S";"0318";"               HJOU_IJQENTREE1 = TEMP_HREDEB"
"IPLGDYN";"S";"0319";"               HJOU_IJQSORTIE1 = TEMP_HREFIN"
"IPLGDYN";"S";"0320";"            SINON"
"IHCOMPDIM";"S";"0534";"            FINSI"
"IPLGDYN";"S";"0321";"               SI HJOU_IJQENTREE2 = 0"
"IPLGDYN";"S";"0322";"                  HJOU_IJQENTREE2 = TEMP_HREDEB"
"IPLGDYN";"S";"0323";"                  HJOU_IJQSORTIE2 = TEMP_HREFIN"
"IPLGDYN";"S";"0324";"               SINON"
"IPLGDYN";"S";"0325";"                  SI HJOU_IJQENTREE3 = 0"
"IPLGDYN";"S";"0326";"                     HJOU_IJQENTREE3 = TEMP_HREDEB"
"IPLGDYN";"S";"0327";"                     HJOU_IJQSORTIE3 = TEMP_HREFIN"
"IPLGDYN";"S";"0328";"                  SINON"
"IPLGDYN";"S";"0329";"                     SI HJOU_IJQENTREE4 = 0"
"IPLGDYN";"S";"0330";"                        HJOU_IJQENTREE4 = TEMP_HREDEB"
"IPLGDYN";"S";"0331";"                        HJOU_IJQSORTIE4 = TEMP_HREFIN"
"IPLGDYN";"S";"0332";"                     SINON"
"IPLGDYN";"S";"0333";"                        SI HJOU_IJQENTREE5 = 0"
"IPLGDYN";"S";"0334";"                           HJOU_IJQENTREE5 = TEMP_HREDEB"
"IPLGDYN";"S";"0335";"                           HJOU_IJQSORTIE5 = TEMP_HREFIN"
"IPLGDYN";"S";"0336";"                        SINON"
"IPLGDYN";"S";"0337";"                           SI HJOU_IJQENTREE6 = 0"
"IPLGDYN";"S";"0338";"                              HJOU_IJQENTREE6 = TEMP_HREDEB"
"IPLGDYN";"S";"0339";"                              HJOU_IJQSORTIE6 = TEMP_HREFIN"
"IPLGDYN";"S";"0340";"                           SINON"
"IPLGDYN";"S";"0341";"                              SI HJOU_IJQENTREE7 = 0"
"IPLGDYN";"S";"0342";"                                 HJOU_IJQENTREE7 = TEMP_HREDEB"
"IPLGDYN";"S";"0343";"                                 HJOU_IJQSORTIE7 = TEMP_HREFIN"
"IPLGDYN";"S";"0344";"                              SINON"
"IPLGDYN";"S";"0345";"                                 ANOMALIE 222"
"IPLGDYN";"S";"0346";"                              FINSI"
"IPLGDYN";"S";"0347";"                           FINSI"
"IPLGDYN";"S";"0348";"                        FINSI"
"IPLGDYN";"S";"0349";"                     FINSI"
"IPLGDYN";"S";"0350";"                  FINSI"
"IPLGDYN";"S";"0351";"               FINSI"
"IPLGDYN";"S";"0352";"            FINSI"
"IPLGDYN";"S";"0353";"         FINSI"
"IPLGDYN";"S";"0354";"* 11ème plage"
"IPLGDYN";"S";"0355";"         PLAGE "" "" 11"
"IPLGDYN";"S";"0356";"         SI TEMP_TYPPLA = ""O"""
"IPLGDYN";"S";"0357";"            SI HJOU_IJQENTREE1 = 0"
"IPLGDYN";"S";"0358";"               HJOU_IJQENTREE1 = TEMP_HREDEB"
"IPLGDYN";"S";"0359";"               HJOU_IJQSORTIE1 = TEMP_HREFIN"
"IPLGDYN";"S";"0360";"            SINON"
"IPLGDYN";"S";"0361";"               SI HJOU_IJQENTREE2 = 0"
"IPLGDYN";"S";"0362";"                  HJOU_IJQENTREE2 = TEMP_HREDEB"
"IPLGDYN";"S";"0363";"                  HJOU_IJQSORTIE2 = TEMP_HREFIN"
"IPLGDYN";"S";"0364";"               SINON"
"IPLGDYN";"S";"0365";"                  SI HJOU_IJQENTREE3 = 0"
"IPLGDYN";"S";"0366";"                     HJOU_IJQENTREE3 = TEMP_HREDEB"
"IPLGDYN";"S";"0367";"                     HJOU_IJQSORTIE3 = TEMP_HREFIN"
"IPLGDYN";"S";"0368";"                  SINON"
"IPLGDYN";"S";"0369";"                     SI HJOU_IJQENTREE4 = 0"
"IPLGDYN";"S";"0370";"                        HJOU_IJQENTREE4 = TEMP_HREDEB"
"IPLGDYN";"S";"0371";"                        HJOU_IJQSORTIE4 = TEMP_HREFIN"
"IPLGDYN";"S";"0372";"                     SINON"
"IPLGDYN";"S";"0373";"                        SI HJOU_IJQENTREE5 = 0"
"IPLGDYN";"S";"0374";"                           HJOU_IJQENTREE5 = TEMP_HREDEB"
"IPLGDYN";"S";"0375";"                           HJOU_IJQSORTIE5 = TEMP_HREFIN"
"IPLGDYN";"S";"0376";"                        SINON"
"IPLGDYN";"S";"0377";"                           SI HJOU_IJQENTREE6 = 0"
"IPLGDYN";"S";"0378";"                              HJOU_IJQENTREE6 = TEMP_HREDEB"
"IPLGDYN";"S";"0379";"                              HJOU_IJQSORTIE6 = TEMP_HREFIN"
"IPLGDYN";"S";"0380";"                           SINON"
"IPLGDYN";"S";"0381";"                              SI HJOU_IJQENTREE7 = 0"
"IPLGDYN";"S";"0382";"                                 HJOU_IJQENTREE7 = TEMP_HREDEB"
"IPLGDYN";"S";"0383";"                                 HJOU_IJQSORTIE7 = TEMP_HREFIN"
"IPLGDYN";"S";"0384";"                              SINON"
"IPLGDYN";"S";"0385";"                                 ANOMALIE 222"
"IPLGDYN";"S";"0386";"                              FINSI"
"IPLGDYN";"S";"0387";"                           FINSI"
"IPLGDYN";"S";"0388";"                        FINSI"
"IPLGDYN";"S";"0389";"                     FINSI"
"IPLGDYN";"S";"0390";"                  FINSI"
"IPLGDYN";"S";"0391";"               FINSI"
"IPLGDYN";"S";"0392";"            FINSI"
"IPLGDYN";"S";"0393";"         FINSI"
"IPLGDYN";"S";"0394";"* 12ème plage"
"IPLGDYN";"S";"0395";"         PLAGE "" "" 12"
"IPLGDYN";"S";"0396";"         SI TEMP_TYPPLA = ""O"""
"IPLGDYN";"S";"0397";"            SI HJOU_IJQENTREE1 = 0"
"IPLGDYN";"S";"0398";"               HJOU_IJQENTREE1 = TEMP_HREDEB"
"IPLGDYN";"S";"0399";"               HJOU_IJQSORTIE1 = TEMP_HREFIN"
"IPLGDYN";"S";"0400";"            SINON"
"IPLGDYN";"S";"0401";"               SI HJOU_IJQENTREE2 = 0"
"IPLGDYN";"S";"0402";"                  HJOU_IJQENTREE2 = TEMP_HREDEB"
"IPLGDYN";"S";"0403";"                  HJOU_IJQSORTIE2 = TEMP_HREFIN"
"IPLGDYN";"S";"0404";"               SINON"
"IPLGDYN";"S";"0405";"                  SI HJOU_IJQENTREE3 = 0"
"IPLGDYN";"S";"0406";"                     HJOU_IJQENTREE3 = TEMP_HREDEB"
"IPLGDYN";"S";"0407";"                     HJOU_IJQSORTIE3 = TEMP_HREFIN"
"IPLGDYN";"S";"0408";"                  SINON"
"IPLGDYN";"S";"0409";"                     SI HJOU_IJQENTREE4 = 0"
"IPLGDYN";"S";"0410";"                        HJOU_IJQENTREE4 = TEMP_HREDEB"
"IPLGDYN";"S";"0411";"                        HJOU_IJQSORTIE4 = TEMP_HREFIN"
"IPLGDYN";"S";"0412";"                     SINON"
"IPLGDYN";"S";"0413";"                        SI HJOU_IJQENTREE5 = 0"
"IPLGDYN";"S";"0414";"                           HJOU_IJQENTREE5 = TEMP_HREDEB"
"IHCOMPDIM";"S";"0535";"         FINSI"
"IPLGDYN";"S";"0415";"                           HJOU_IJQSORTIE5 = TEMP_HREFIN"
"IPLGDYN";"S";"0416";"                        SINON"
"IPLGDYN";"S";"0417";"                           SI HJOU_IJQENTREE6 = 0"
"IPLGDYN";"S";"0418";"                              HJOU_IJQENTREE6 = TEMP_HREDEB"
"IPLGDYN";"S";"0419";"                              HJOU_IJQSORTIE6 = TEMP_HREFIN"
"IPLGDYN";"S";"0420";"                           SINON"
"IPLGDYN";"S";"0421";"                              SI HJOU_IJQENTREE7 = 0"
"IPLGDYN";"S";"0422";"                                 HJOU_IJQENTREE7 = TEMP_HREDEB"
"IPLGDYN";"S";"0423";"                                 HJOU_IJQSORTIE7 = TEMP_HREFIN"
"IPLGDYN";"S";"0424";"                              SINON"
"IPLGDYN";"S";"0425";"                                 ANOMALIE 222"
"IPLGDYN";"S";"0426";"                              FINSI"
"IPLGDYN";"S";"0427";"                           FINSI"
"IPLGDYN";"S";"0428";"                        FINSI"
"IPLGDYN";"S";"0429";"                     FINSI"
"IPLGDYN";"S";"0430";"                  FINSI"
"IPLGDYN";"S";"0431";"               FINSI"
"IPLGDYN";"S";"0432";"            FINSI"
"IPLGDYN";"S";"0433";"         FINSI"
"IPLGDYN";"S";"0434";"* 13ème plage"
"IPLGDYN";"S";"0435";"         PLAGE "" "" 13"
"IPLGDYN";"S";"0436";"         SI TEMP_TYPPLA = ""O"""
"IPLGDYN";"S";"0437";"            SI HJOU_IJQENTREE1 = 0"
"IPLGDYN";"S";"0438";"               HJOU_IJQENTREE1 = TEMP_HREDEB"
"IPLGDYN";"S";"0439";"               HJOU_IJQSORTIE1 = TEMP_HREFIN"
"IPLGDYN";"S";"0440";"            SINON"
"IPLGDYN";"S";"0441";"               SI HJOU_IJQENTREE2 = 0"
"IPLGDYN";"S";"0442";"                  HJOU_IJQENTREE2 = TEMP_HREDEB"
"IPLGDYN";"S";"0443";"                  HJOU_IJQSORTIE2 = TEMP_HREFIN"
"IPLGDYN";"S";"0444";"               SINON"
"IPLGDYN";"S";"0445";"                  SI HJOU_IJQENTREE3 = 0"
"IPLGDYN";"S";"0446";"                     HJOU_IJQENTREE3 = TEMP_HREDEB"
"IPLGDYN";"S";"0447";"                     HJOU_IJQSORTIE3 = TEMP_HREFIN"
"IPLGDYN";"S";"0448";"                  SINON"
"IPLGDYN";"S";"0449";"                     SI HJOU_IJQENTREE4 = 0"
"IPLGDYN";"S";"0450";"                        HJOU_IJQENTREE4 = TEMP_HREDEB"
"IPLGDYN";"S";"0451";"                        HJOU_IJQSORTIE4 = TEMP_HREFIN"
"IPLGDYN";"S";"0452";"                     SINON"
"IPLGDYN";"S";"0453";"                        SI HJOU_IJQENTREE5 = 0"
"IPLGDYN";"S";"0454";"                           HJOU_IJQENTREE5 = TEMP_HREDEB"
"IPLGDYN";"S";"0455";"                           HJOU_IJQSORTIE5 = TEMP_HREFIN"
"IPLGDYN";"S";"0456";"                        SINON"
"IPLGDYN";"S";"0457";"                           SI HJOU_IJQENTREE6 = 0"
"IPLGDYN";"S";"0458";"                              HJOU_IJQENTREE6 = TEMP_HREDEB"
"IPLGDYN";"S";"0459";"                              HJOU_IJQSORTIE6 = TEMP_HREFIN"
"IPLGDYN";"S";"0460";"                           SINON"
"IPLGDYN";"S";"0461";"                              SI HJOU_IJQENTREE7 = 0"
"IPLGDYN";"S";"0462";"                                 HJOU_IJQENTREE7 = TEMP_HREDEB"
"IPLGDYN";"S";"0463";"                                 HJOU_IJQSORTIE7 = TEMP_HREFIN"
"IPLGDYN";"S";"0464";"                              SINON"
"IPLGDYN";"S";"0465";"                                 ANOMALIE 222"
"IPLGDYN";"S";"0466";"                              FINSI"
"IPLGDYN";"S";"0467";"                           FINSI"
"IPLGDYN";"S";"0468";"                        FINSI"
"IPLGDYN";"S";"0469";"                     FINSI"
"IPLGDYN";"S";"0470";"                  FINSI"
"IPLGDYN";"S";"0471";"               FINSI"
"IPLGDYN";"S";"0472";"            FINSI"
"IPLGDYN";"S";"0473";"         FINSI"
"IPLGDYN";"S";"0474";"* 14ème plage"
"IPLGDYN";"S";"0475";"         PLAGE "" "" 14"
"IPLGDYN";"S";"0476";"         SI TEMP_TYPPLA = ""O"""
"IPLGDYN";"S";"0477";"            SI HJOU_IJQENTREE1 = 0"
"IPLGDYN";"S";"0478";"               HJOU_IJQENTREE1 = TEMP_HREDEB"
"IPLGDYN";"S";"0479";"               HJOU_IJQSORTIE1 = TEMP_HREFIN"
"IPLGDYN";"S";"0480";"            SINON"
"IPLGDYN";"S";"0481";"               SI HJOU_IJQENTREE2 = 0"
"IPLGDYN";"S";"0482";"                  HJOU_IJQENTREE2 = TEMP_HREDEB"
"IPLGDYN";"S";"0483";"                  HJOU_IJQSORTIE2 = TEMP_HREFIN"
"IPLGDYN";"S";"0484";"               SINON"
"IPLGDYN";"S";"0485";"                  SI HJOU_IJQENTREE3 = 0"
"IPLGDYN";"S";"0486";"                     HJOU_IJQENTREE3 = TEMP_HREDEB"
"IPLGDYN";"S";"0487";"                     HJOU_IJQSORTIE3 = TEMP_HREFIN"
"IPLGDYN";"S";"0488";"                  SINON"
"IPLGDYN";"S";"0489";"                     SI HJOU_IJQENTREE4 = 0"
"IPLGDYN";"S";"0490";"                        HJOU_IJQENTREE4 = TEMP_HREDEB"
"IPLGDYN";"S";"0491";"                        HJOU_IJQSORTIE4 = TEMP_HREFIN"
"IPLGDYN";"S";"0492";"                     SINON"
"IPLGDYN";"S";"0493";"                        SI HJOU_IJQENTREE5 = 0"
"IPLGDYN";"S";"0494";"                           HJOU_IJQENTREE5 = TEMP_HREDEB"
"IPLGDYN";"S";"0495";"                           HJOU_IJQSORTIE5 = TEMP_HREFIN"
"IPLGDYN";"S";"0496";"                        SINON"
"IPLGDYN";"S";"0497";"                           SI HJOU_IJQENTREE6 = 0"
"IPLGDYN";"S";"0498";"                              HJOU_IJQENTREE6 = TEMP_HREDEB"
"IPLGDYN";"S";"0499";"                              HJOU_IJQSORTIE6 = TEMP_HREFIN"
"IPLGDYN";"S";"0500";"                           SINON"
"IPLGDYN";"S";"0501";"                              SI HJOU_IJQENTREE7 = 0"
"IPLGDYN";"S";"0502";"                                 HJOU_IJQENTREE7 = TEMP_HREDEB"
"IPLGDYN";"S";"0503";"                                 HJOU_IJQSORTIE7 = TEMP_HREFIN"
"IPLGDYN";"S";"0504";"                              SINON"
"IPLGDYN";"S";"0505";"                                 ANOMALIE 222"
"IPLGDYN";"S";"0506";"                              FINSI"
"IPLGDYN";"S";"0507";"                           FINSI"
"IPLGDYN";"S";"0508";"                        FINSI"
"IPLGDYN";"S";"0509";"                     FINSI"
"IPLGDYN";"S";"0510";"                  FINSI"
"IPLGDYN";"S";"0511";"               FINSI"
"IPLGDYN";"S";"0512";"            FINSI"
"IPLGDYN";"S";"0513";"         FINSI"
"IPLGDYN";"S";"0514";"* 15ème plage"
"IPLGDYN";"S";"0515";"         PLAGE "" "" 15"
"IPLGDYN";"S";"0516";"         SI TEMP_TYPPLA = ""O"""
"IPLGDYN";"S";"0517";"            SI HJOU_IJQENTREE1 = 0"
"IPLGDYN";"S";"0518";"               HJOU_IJQENTREE1 = TEMP_HREDEB"
"IPLGDYN";"S";"0519";"               HJOU_IJQSORTIE1 = TEMP_HREFIN"
"IPLGDYN";"S";"0520";"            SINON"
"IPLGDYN";"S";"0521";"               SI HJOU_IJQENTREE2 = 0"
"IPLGDYN";"S";"0522";"                  HJOU_IJQENTREE2 = TEMP_HREDEB"
"IPLGDYN";"S";"0523";"                  HJOU_IJQSORTIE2 = TEMP_HREFIN"
"IPLGDYN";"S";"0524";"               SINON"
"IPLGDYN";"S";"0525";"                  SI HJOU_IJQENTREE3 = 0"
"IPLGDYN";"S";"0526";"                     HJOU_IJQENTREE3 = TEMP_HREDEB"
"IPLGDYN";"S";"0527";"                     HJOU_IJQSORTIE3 = TEMP_HREFIN"
"IPLGDYN";"S";"0528";"                  SINON"
"IPLGDYN";"S";"0529";"                     SI HJOU_IJQENTREE4 = 0"
"IPLGDYN";"S";"0530";"                        HJOU_IJQENTREE4 = TEMP_HREDEB"
"IPLGDYN";"S";"0531";"                        HJOU_IJQSORTIE4 = TEMP_HREFIN"
"IPLGDYN";"S";"0532";"                     SINON"
"IPLGDYN";"S";"0533";"                        SI HJOU_IJQENTREE5 = 0"
"IPLGDYN";"S";"0534";"                           HJOU_IJQENTREE5 = TEMP_HREDEB"
"IPLGDYN";"S";"0535";"                           HJOU_IJQSORTIE5 = TEMP_HREFIN"
"IPLGDYN";"S";"0536";"                        SINON"
"IPLGDYN";"S";"0631";"               FINSI"
"IPLGDYN";"S";"0537";"                           SI HJOU_IJQENTREE6 = 0"
"IPLGDYN";"S";"0538";"                              HJOU_IJQENTREE6 = TEMP_HREDEB"
"IPLGDYN";"S";"0539";"                              HJOU_IJQSORTIE6 = TEMP_HREFIN"
"IPLGDYN";"S";"0540";"                           SINON"
"IPLGDYN";"S";"0541";"                              SI HJOU_IJQENTREE7 = 0"
"IPLGDYN";"S";"0542";"                                 HJOU_IJQENTREE7 = TEMP_HREDEB"
"IPLGDYN";"S";"0543";"                                 HJOU_IJQSORTIE7 = TEMP_HREFIN"
"IPLGDYN";"S";"0544";"                              SINON"
"IPLGDYN";"S";"0545";"                                 ANOMALIE 222"
"IPLGDYN";"S";"0546";"                              FINSI"
"IPLGDYN";"S";"0547";"                           FINSI"
"IPLGDYN";"S";"0548";"                        FINSI"
"IPLGDYN";"S";"0549";"                     FINSI"
"IPLGDYN";"S";"0550";"                  FINSI"
"IPLGDYN";"S";"0551";"               FINSI"
"IPLGDYN";"S";"0552";"            FINSI"
"IPLGDYN";"S";"0553";"         FINSI"
"IPLGDYN";"S";"0554";"* 16ème plage"
"IPLGDYN";"S";"0555";"         PLAGE "" "" 16"
"IPLGDYN";"S";"0556";"         SI TEMP_TYPPLA = ""O"""
"IPLGDYN";"S";"0557";"            SI HJOU_IJQENTREE1 = 0"
"IPLGDYN";"S";"0558";"               HJOU_IJQENTREE1 = TEMP_HREDEB"
"IPLGDYN";"S";"0559";"               HJOU_IJQSORTIE1 = TEMP_HREFIN"
"IPLGDYN";"S";"0560";"            SINON"
"IPLGDYN";"S";"0561";"               SI HJOU_IJQENTREE2 = 0"
"IPLGDYN";"S";"0562";"                  HJOU_IJQENTREE2 = TEMP_HREDEB"
"IPLGDYN";"S";"0563";"                  HJOU_IJQSORTIE2 = TEMP_HREFIN"
"IPLGDYN";"S";"0564";"               SINON"
"IPLGDYN";"S";"0565";"                  SI HJOU_IJQENTREE3 = 0"
"IPLGDYN";"S";"0566";"                     HJOU_IJQENTREE3 = TEMP_HREDEB"
"IPLGDYN";"S";"0567";"                     HJOU_IJQSORTIE3 = TEMP_HREFIN"
"IPLGDYN";"S";"0568";"                  SINON"
"IPLGDYN";"S";"0569";"                     SI HJOU_IJQENTREE4 = 0"
"IPLGDYN";"S";"0570";"                        HJOU_IJQENTREE4 = TEMP_HREDEB"
"IPLGDYN";"S";"0571";"                        HJOU_IJQSORTIE4 = TEMP_HREFIN"
"IPLGDYN";"S";"0572";"                     SINON"
"IPLGDYN";"S";"0573";"                        SI HJOU_IJQENTREE5 = 0"
"IPLGDYN";"S";"0574";"                           HJOU_IJQENTREE5 = TEMP_HREDEB"
"IPLGDYN";"S";"0575";"                           HJOU_IJQSORTIE5 = TEMP_HREFIN"
"IPLGDYN";"S";"0576";"                        SINON"
"IPLGDYN";"S";"0577";"                           SI HJOU_IJQENTREE6 = 0"
"IPLGDYN";"S";"0578";"                              HJOU_IJQENTREE6 = TEMP_HREDEB"
"IPLGDYN";"S";"0579";"                              HJOU_IJQSORTIE6 = TEMP_HREFIN"
"IPLGDYN";"S";"0580";"                           SINON"
"IPLGDYN";"S";"0581";"                              SI HJOU_IJQENTREE7 = 0"
"IPLGDYN";"S";"0582";"                                 HJOU_IJQENTREE7 = TEMP_HREDEB"
"IPLGDYN";"S";"0583";"                                 HJOU_IJQSORTIE7 = TEMP_HREFIN"
"IPLGDYN";"S";"0584";"                              SINON"
"IPLGDYN";"S";"0585";"                                 ANOMALIE 222"
"IPLGDYN";"S";"0586";"                              FINSI"
"IPLGDYN";"S";"0587";"                           FINSI"
"IPLGDYN";"S";"0588";"                        FINSI"
"IPLGDYN";"S";"0589";"                     FINSI"
"IPLGDYN";"S";"0590";"                  FINSI"
"IPLGDYN";"S";"0591";"               FINSI"
"IPLGDYN";"S";"0592";"            FINSI"
"IPLGDYN";"S";"0593";"         FINSI"
"IPLGDYN";"S";"0594";"* 17ème plage"
"IPLGDYN";"S";"0595";"         PLAGE "" "" 17"
"IPLGDYN";"S";"0596";"         SI TEMP_TYPPLA = ""O"""
"IPLGDYN";"S";"0597";"            SI HJOU_IJQENTREE1 = 0"
"IPLGDYN";"S";"0598";"               HJOU_IJQENTREE1 = TEMP_HREDEB"
"IPLGDYN";"S";"0599";"               HJOU_IJQSORTIE1 = TEMP_HREFIN"
"IPLGDYN";"S";"0600";"            SINON"
"IPLGDYN";"S";"0601";"               SI HJOU_IJQENTREE2 = 0"
"IPLGDYN";"S";"0602";"                  HJOU_IJQENTREE2 = TEMP_HREDEB"
"IPLGDYN";"S";"0603";"                  HJOU_IJQSORTIE2 = TEMP_HREFIN"
"IPLGDYN";"S";"0604";"               SINON"
"IPLGDYN";"S";"0605";"                  SI HJOU_IJQENTREE3 = 0"
"IPLGDYN";"S";"0606";"                     HJOU_IJQENTREE3 = TEMP_HREDEB"
"IPLGDYN";"S";"0607";"                     HJOU_IJQSORTIE3 = TEMP_HREFIN"
"IPLGDYN";"S";"0608";"                  SINON"
"IPLGDYN";"S";"0609";"                     SI HJOU_IJQENTREE4 = 0"
"IPLGDYN";"S";"0610";"                        HJOU_IJQENTREE4 = TEMP_HREDEB"
"IPLGDYN";"S";"0611";"                        HJOU_IJQSORTIE4 = TEMP_HREFIN"
"IPLGDYN";"S";"0612";"                     SINON"
"IPLGDYN";"S";"0613";"                        SI HJOU_IJQENTREE5 = 0"
"IPLGDYN";"S";"0614";"                           HJOU_IJQENTREE5 = TEMP_HREDEB"
"IPLGDYN";"S";"0615";"                           HJOU_IJQSORTIE5 = TEMP_HREFIN"
"IPLGDYN";"S";"0616";"                        SINON"
"IPLGDYN";"S";"0617";"                           SI HJOU_IJQENTREE6 = 0"
"IPLGDYN";"S";"0618";"                              HJOU_IJQENTREE6 = TEMP_HREDEB"
"IPLGDYN";"S";"0619";"                              HJOU_IJQSORTIE6 = TEMP_HREFIN"
"IPLGDYN";"S";"0620";"                           SINON"
"IPLGDYN";"S";"0621";"                              SI HJOU_IJQENTREE7 = 0"
"IPLGDYN";"S";"0622";"                                 HJOU_IJQENTREE7 = TEMP_HREDEB"
"IPLGDYN";"S";"0623";"                                 HJOU_IJQSORTIE7 = TEMP_HREFIN"
"IPLGDYN";"S";"0624";"                              SINON"
"IPLGDYN";"S";"0625";"                                 ANOMALIE 222"
"IPLGDYN";"S";"0626";"                              FINSI"
"IPLGDYN";"S";"0627";"                           FINSI"
"IPLGDYN";"S";"0628";"                        FINSI"
"IPLGDYN";"S";"0629";"                     FINSI"
"IPLGDYN";"S";"0630";"                  FINSI"
"IPLGDYN";"S";"0632";"            FINSI"
"IPLGDYN";"S";"0633";"         FINSI"
"IPLGDYN";"S";"0634";"* 18ème plage"
"IPLGDYN";"S";"0635";"         PLAGE "" "" 18"
"IPLGDYN";"S";"0636";"         SI TEMP_TYPPLA = ""O"""
"IPLGDYN";"S";"0637";"            SI HJOU_IJQENTREE1 = 0"
"IPLGDYN";"S";"0638";"               HJOU_IJQENTREE1 = TEMP_HREDEB"
"IPLGDYN";"S";"0639";"               HJOU_IJQSORTIE1 = TEMP_HREFIN"
"IPLGDYN";"S";"0640";"            SINON"
"IPLGDYN";"S";"0641";"               SI HJOU_IJQENTREE2 = 0"
"IPLGDYN";"S";"0642";"                  HJOU_IJQENTREE2 = TEMP_HREDEB"
"IPLGDYN";"S";"0643";"                  HJOU_IJQSORTIE2 = TEMP_HREFIN"
"IPLGDYN";"S";"0644";"               SINON"
"IPLGDYN";"S";"0645";"                  SI HJOU_IJQENTREE3 = 0"
"IPLGDYN";"S";"0646";"                     HJOU_IJQENTREE3 = TEMP_HREDEB"
"IPLGDYN";"S";"0647";"                     HJOU_IJQSORTIE3 = TEMP_HREFIN"
"IPLGDYN";"S";"0648";"                  SINON"
"IPLGDYN";"S";"0649";"                     SI HJOU_IJQENTREE4 = 0"
"IPLGDYN";"S";"0650";"                        HJOU_IJQENTREE4 = TEMP_HREDEB"
"IPLGDYN";"S";"0651";"                        HJOU_IJQSORTIE4 = TEMP_HREFIN"
"IPLGDYN";"S";"0652";"                     SINON"
"IPLGDYN";"S";"0653";"                        SI HJOU_IJQENTREE5 = 0"
"IPLGDYN";"S";"0654";"                           HJOU_IJQENTREE5 = TEMP_HREDEB"
"IPLGDYN";"S";"0655";"                           HJOU_IJQSORTIE5 = TEMP_HREFIN"
"IPLGDYN";"S";"0656";"                        SINON"
"IPLGDYN";"S";"0657";"                           SI HJOU_IJQENTREE6 = 0"
"IPLGDYN";"S";"0658";"                              HJOU_IJQENTREE6 = TEMP_HREDEB"
"IPLGDYN";"S";"0659";"                              HJOU_IJQSORTIE6 = TEMP_HREFIN"
"IPLGDYN";"S";"0660";"                           SINON"
"IPLGDYN";"S";"0661";"                              SI HJOU_IJQENTREE7 = 0"
"IPLGDYN";"S";"0662";"                                 HJOU_IJQENTREE7 = TEMP_HREDEB"
"IPLGDYN";"S";"0663";"                                 HJOU_IJQSORTIE7 = TEMP_HREFIN"
"IPLGDYN";"S";"0664";"                              SINON"
"IPLGDYN";"S";"0665";"                                 ANOMALIE 222"
"IPLGDYN";"S";"0666";"                              FINSI"
"IPLGDYN";"S";"0667";"                           FINSI"
"IPLGDYN";"S";"0668";"                        FINSI"
"IPLGDYN";"S";"0669";"                     FINSI"
"IPLGDYN";"S";"0670";"                  FINSI"
"IPLGDYN";"S";"0671";"               FINSI"
"IPLGDYN";"S";"0672";"            FINSI"
"IPLGDYN";"S";"0673";"         FINSI"
"IPLGDYN";"S";"0674";"      FINSI"
"IPLGDYN";"S";"0675";"   FINSI"
"IPLGDYN";"S";"0676";"* RAZ des plages si le profil n'est pas dynamique"
"IPLGDYN";"S";"0677";"SINON"
"IPLGDYN";"S";"0678";"   HJOU_IJQENTREE1 = 0"
"IPLGDYN";"S";"0679";"   HJOU_IJQSORTIE1 = 0"
"IPLGDYN";"S";"0680";"   HJOU_IJQENTREE2 = 0"
"IPLGDYN";"S";"0681";"   HJOU_IJQSORTIE2 = 0"
"IPLGDYN";"S";"0682";"   HJOU_IJQENTREE3 = 0"
"IPLGDYN";"S";"0683";"   HJOU_IJQSORTIE3 = 0"
"IPLGDYN";"S";"0684";"   HJOU_IJQENTREE4 = 0"
"IPLGDYN";"S";"0685";"   HJOU_IJQSORTIE4 = 0"
"IPLGDYN";"S";"0686";"   HJOU_IJQENTREE5 = 0"
"IPLGDYN";"S";"0687";"   HJOU_IJQSORTIE5 = 0"
"IPLGDYN";"S";"0688";"   HJOU_IJQENTREE6 = 0"
"IPLGDYN";"S";"0689";"   HJOU_IJQSORTIE6 = 0"
"IPLGDYN";"S";"0690";"   HJOU_IJQENTREE7 = 0"
"IPLGDYN";"S";"0691";"   HJOU_IJQSORTIE7 = 0"
"IPLGDYN";"S";"0692";"FINSI"
"IPLGDYN";"S";"0693";"FIN"
"IPAUS5BADG";"S";"0001";"***********************************************************************"
"IPAUS5BADG";"S";"0002";"* Règle     : IPAUS5BADG"
"IPAUS5BADG";"S";"0003";"* Ordre     : 2580"
"IPAUS5BADG";"S";"0004";"* Titre     : Pause 5% badgée"
"IPAUS5BADG";"S";"0005";"* Package   : Privé 16.3"
"IPAUS5BADG";"S";"0006";"*----------------------------------------------------------------------"
"IPAUS5BADG";"S";"0007";"* Créé par : Méthodes et outils"
"IPAUS5BADG";"S";"0008";"* Date     : 16/08/2018"
"IPAUS5BADG";"S";"0009";"* Version  : 1"
"IPAUS5BADG";"S";"0010";"*----------------------------------------------------------------------"
"IPAUS5BADG";"S";"0011";"*"
"IPAUS5BADG";"S";"0012";"*"
"IPAUS5BADG";"S";"0013";"* Rôle :"
"IPAUS5BADG";"S";"0014";"*"
"IPAUS5BADG";"S";"0015";"* Calcul de la pause badgée (5% du temps travaillé)"
"IPAUS5BADG";"S";"0016";"*"
"IPAUS5BADG";"S";"0017";"*"
"IPAUS5BADG";"S";"0018";"*----------------------------------------------------------------------"
"IPAUS5BADG";"S";"0019";"* Créé par : Méthodes et outils"
"IPAUS5BADG";"S";"0020";"* Date     : 16/08/2018"
"IPAUS5BADG";"S";"0021";"* Version  : 1"
"IPAUS5BADG";"S";"0022";"*----------------------------------------------------------------------"
"IPAUS5BADG";"S";"0023";"* Màj par   :"
"IPAUS5BADG";"S";"0024";"* Date      : JJ.MM.AAAA"
"IPAUS5BADG";"S";"0025";"* Objet     :"
"IPAUS5BADG";"S";"0026";"***********************************************************************"
"IPAUS5BADG";"S";"0027";"*"
"IPAUS5BADG";"S";"0028";"* Implémentation des données industrielles"
"IPAUS5BADG";"S";"0029";"*"
"IPAUS5BADG";"S";"0030";"DEBDICO"
"IPAUS5BADG";"S";"0031";"   HJOU_IJQPAUSE5J;N;T6,2;I;;;    56789;;;C0;""Pause 5%"";"
"IPAUS5BADG";"S";"0032";"FINDICO"
"IPAUS5BADG";"S";"0033";"*"
"IPAUS5BADG";"S";"0034";"*"
"IPAUS5BADG";"S";"0035";"DEBANO"
"IPAUS5BADG";"S";"0036";"   223;5;""Pas de retour sur une sortie pause"";"
"IPAUS5BADG";"S";"0037";"FINANO"
"IPAUS5BADG";"S";"0038";"* Déclaration des donnees locales"
"IPAUS5BADG";"S";"0039";"*"
"IPAUS5BADG";"S";"0040";"DEF LOCA_IMPUT A6"
"IPAUS5BADG";"S";"0041";"LOCA_IMPUT = "" """
"IPAUS5BADG";"S";"0042";"DEF LOCA_DUREE T6.2"
"IPAUS5BADG";"S";"0043";"LOCA_DUREE = 0"
"IPAUS5BADG";"S";"0044";"DEF LOCA_PTPA N1"
"IPAUS5BADG";"S";"0045";"LOCA_PTPA = 0"
"IPAUS5BADG";"S";"0046";"DEF LOCA_SORTIE T6.2"
"IPAUS5BADG";"S";"0047";"LOCA_SORTIE = 0"
"IPAUS5BADG";"S";"0048";"DEF LOCA_RETPA T6.2"
"IPAUS5BADG";"S";"0049";"LOCA_RETPA = 0"
"IPAUS5BADG";"S";"0050";"DEF LOCA_DUREET T6.2"
"IPAUS5BADG";"S";"0051";"LOCA_DUREET = 0"
"IPAUS5BADG";"S";"0052";"*"
"IPAUS5BADG";"S";"0053";"SI HJOU_DATE <= TEMP_DATJOU"
"IPAUS5BADG";"S";"0054";"* profil badgeant"
"IPAUS5BADG";"S";"0055";"   SI PROF_IPIVMINBAD > 0"
"IPAUS5BADG";"S";"0056";"* gestion pause 5%"
"IPAUS5BADG";"S";"0057";"      SI PROF_IPIGPAUSME = ""4"""
"IPAUS5BADG";"S";"0058";"* pause badgée"
"IPAUS5BADG";"S";"0059";"         SI PROF_IPIFPAUSBA = ""1"""
"IPAUS5BADG";"S";"0060";"* calcul du temps de pause avec touche PA"
"IPAUS5BADG";"S";"0061";"            POUR POINTAGES"
"IPAUS5BADG";"S";"0062";"* Recuperation de l'heure de badgeage"
"IPAUS5BADG";"S";"0063";"* si c'est un mouvement de sortie avec motif ""PA"""
"IPAUS5BADG";"S";"0064";"               SI POIN_SENS = ""1"""
"IPAUS5BADG";"S";"0065";"                  SI POIN_IMPUT = ""PA"""
"IPAUS5BADG";"S";"0066";"                     LOCA_PTPA = 1"
"IPAUS5BADG";"S";"0067";"                     LOCA_IMPUT = POIN_IMPUT"
"IPAUS5BADG";"S";"0068";"                     LOCA_SORTIE = POIN_HRETRAI"
"IPAUS5BADG";"S";"0069";"                  FINSI"
"IPAUS5BADG";"S";"0070";"               FINSI"
"IPAUS5BADG";"S";"0071";"               SI POIN_SENS = ""0"""
"IPAUS5BADG";"S";"0072";"                  LOCA_PTPA = 0"
"IPAUS5BADG";"S";"0073";"* si le badgeage en entree est un retour motif"
"IPAUS5BADG";"S";"0074";"                  SI LOCA_IMPUT = ""PA"""
"IPAUS5BADG";"S";"0075";"                     LOCA_RETPA = POIN_HRETRAI"
"IPAUS5BADG";"S";"0076";"                     LOCA_IMPUT = "" """
"IPAUS5BADG";"S";"0077";"** Calcul de la durée"
"IPAUS5BADG";"S";"0078";"                     LOCA_DUREE = LOCA_RETPA - LOCA_SORTIE"
"IPAUS5BADG";"S";"0079";"                     LOCA_DUREET = LOCA_DUREET + LOCA_DUREE"
"IPAUS5BADG";"S";"0080";"                  FINSI"
"IPAUS5BADG";"S";"0081";"               FINSI"
"IPAUS5BADG";"S";"0082";"            FINPOUR"
"IPAUS5BADG";"S";"0083";"* depart sans retour dans la meme journne"
"IPAUS5BADG";"S";"0084";"            SI LOCA_IMPUT = ""PA"""
"IPAUS5BADG";"S";"0085";"               SI LOCA_PTPA = 1"
"IPAUS5BADG";"S";"0086";"                  ANOMALIE 223"
"IPAUS5BADG";"S";"0087";"               FINSI"
"IPAUS5BADG";"S";"0088";"            FINSI"
"IPAUS5BADG";"S";"0089";"            HJOU_IJQPAUSE5J = 0"
"IPAUS5BADG";"S";"0090";"            SI LOCA_DUREET > 0"
"IPAUS5BADG";"S";"0091";"               HJOU_IJQPAUSE5J = HJOU_IJQPAUSE5J + LOCA_DUREET"
"IPAUS5BADG";"S";"0092";"            FINSI"
"IPAUS5BADG";"S";"0093";"         FINSI"
"IPAUS5BADG";"S";"0094";"      FINSI"
"IPAUS5BADG";"S";"0095";"   FINSI"
"IPAUS5BADG";"S";"0096";"FINSI"
"IPAUS5BADG";"S";"0097";"FIN"
"ITRPAMINE";"S";"0001";"***********************************************************************"
"ITRPAMINE";"S";"0002";"* Règle     : ITRPAMINE"
"ITRPAMINE";"S";"0003";"* Ordre     : 2600"
"ITRPAMINE";"S";"0004";"* Titre     : Vérif temps de pause travail des mineurs"
"ITRPAMINE";"S";"0005";"* Package   : Privé 16.3"
"ITRPAMINE";"S";"0006";"*----------------------------------------------------------------------"
"ITRPAMINE";"S";"0007";"*"
"IGESTFEIRE";"S";"0001";"***********************************************************************"
"IGESTFEIRE";"S";"0002";"* Règle     : IGESTFEIRE"
"IGESTFEIRE";"S";"0003";"* Ordre     : 3000"
"IGESTFEIRE";"S";"0004";"* Libellé   : Gestion des jours férié"
"IGESTFEIRE";"S";"0005";"* Package   : Privé 16.3"
"IGESTFEIRE";"S";"0006";"*----------------------------------------------------------------------"
"IGESTFEIRE";"S";"0007";"* Objectif  : récupération des jours férié dans le calendrier"
"IGESTFEIRE";"S";"0008";"*             + génération du motif"
"IGESTFEIRE";"S";"0009";"*"
"IGESTFEIRE";"S";"0010";"* Remarques :"
"IGESTFEIRE";"S";"0011";"*"
"IGESTFEIRE";"S";"0012";"*----------------------------------------------------------------------"
"IGESTFEIRE";"S";"0013";"* Créée par : HQ Sector"
"IGESTFEIRE";"S";"0014";"* Date      : 10/12/2024"
"IGESTFEIRE";"S";"0015";"*----------------------------------------------------------------------"
"IGESTFEIRE";"S";"0016";"* Màj par   :"
"IGESTFEIRE";"S";"0017";"* Date      : JJ.MM.AAAA"
"IGESTFEIRE";"S";"0018";"* Objet     :"
"IGESTFEIRE";"S";"0019";"***********************************************************************"
"IGESTFEIRE";"S";"0020";"*"
"IGESTFEIRE";"S";"0021";"*"
"IGESTFEIRE";"S";"0022";"DEBDICO"
"IGESTFEIRE";"S";"0023";"   TEMP_ITQJVJF;O;A3;X;;;     6789;;;V3;""Jour veille jour férié"";"
"IGESTFEIRE";"S";"0024";"   TEMP_ITQJJF;O;A3;X;;;     6789;;;V3;""Jour jour férié"";"
"IGESTFEIRE";"S";"0025";"   TEMP_ITQJLJF;O;A3;X;;;     6789;;;V3;""Jour lendemain jour férié"";"
"IGESTFEIRE";"S";"0026";"   PARD_IDIMOTJF;O;A10;X;;;6789;;;C2;""Motif jour férié"";"
"IGESTFEIRE";"S";"0027";"   PARD_IDIMOTJFT;O;A10;X;;;6789;;;C2;""Motif jour férié travaillé"";"
"IGESTFEIRE";"S";"0028";"FINDICO"
"IGESTFEIRE";"S";"0029";"*"
"IGESTFEIRE";"S";"0030";"*"
"IGESTFEIRE";"S";"0031";"DEBANO"
"IGESTFEIRE";"S";"0032";"   *"
"IGESTFEIRE";"S";"0033";"FINANO"
"IGESTFEIRE";"S";"0034";"*"
"IGESTFEIRE";"S";"0035";"*"
"IGESTFEIRE";"S";"0036";"*------------------------------------------------*"
"IGESTFEIRE";"S";"0037";"* Définition des variables locales"
"IHCOMPDIM";"S";"0536";"**"
"ITRPAMINE";"S";"0008";"* Rôle :"
"ITRPAMINE";"S";"0009";"*"
"ITRPAMINE";"S";"0010";"* S'assurer de la présence d'une pause d'au moins 30 mn consécutives"
"ITRPAMINE";"S";"0011";"* au-delà de 4h30 travaillées pour les moins de 18 ans"
"ITRPAMINE";"S";"0012";"*"
"ITRPAMINE";"S";"0013";"*----------------------------------------------------------------------"
"ITRPAMINE";"S";"0014";"* Créé par : Méthodes et outils"
"ITRPAMINE";"S";"0015";"* Date     : 04/11/2019"
"ITRPAMINE";"S";"0016";"* Version  : 1"
"ITRPAMINE";"S";"0017";"*----------------------------------------------------------------------"
"ITRPAMINE";"S";"0018";"* Modifiée par :"
"ITRPAMINE";"S";"0019";"* Date         :"
"ITRPAMINE";"S";"0020";"* Objet        :"
"ITRPAMINE";"S";"0021";"*----------------------------------------------------------------------"
"ITRPAMINE";"S";"0022";"*"
"ITRPAMINE";"S";"0023";"* Implémentation des données industrielles"
"ITRPAMINE";"S";"0024";"*"
"ITRPAMINE";"S";"0025";"DEBDICO"
"ITRPAMINE";"S";"0026";"FINDICO"
"ITRPAMINE";"S";"0027";"*"
"ITRPAMINE";"S";"0028";"DEBANO"
"ITRPAMINE";"S";"0029";"   167;8;""Moins de 18 ans : une pause de 30 min est obligatoire au-delà de 4h30 de travail"";"
"ITRPAMINE";"S";"0030";"FINANO"
"ITRPAMINE";"S";"0031";"*"
"ITRPAMINE";"S";"0032";"***********************************************************************"
"ITRPAMINE";"S";"0033";"*"
"ITRPAMINE";"S";"0034";"* Déclaration des donnees locales"
"ITRPAMINE";"S";"0035";"*"
"ITRPAMINE";"S";"0036";"***************************"
"ITRPAMINE";"S";"0037";"DEF LOCA_PASS N1"
"ITRPAMINE";"S";"0038";"LOCA_PASS = 0"
"ITRPAMINE";"S";"0039";"DEF LOCA_SORTIE T6.2"
"ITRPAMINE";"S";"0040";"LOCA_SORTIE = 0"
"ITRPAMINE";"S";"0041";"DEF LOCA_ENTREE T6.2"
"ITRPAMINE";"S";"0042";"LOCA_ENTREE = 0"
"ITRPAMINE";"S";"0043";"DEF LOCA_DUR T6.2"
"ITRPAMINE";"S";"0044";"LOCA_DUR = 0"
"ITRPAMINE";"S";"0045";"DEF LOCA_ANO N1"
"ITRPAMINE";"S";"0046";"LOCA_ANO = 0"
"ITRPAMINE";"S";"0047";"DEF LOCA_AGE N2"
"ITRPAMINE";"S";"0048";"LOCA_AGE = 0"
"ITRPAMINE";"S";"0049";"*"
"ITRPAMINE";"S";"0050";"*"
"ITRPAMINE";"S";"0051";"SI EMPS_E2DATENAI <> "" """
"ITRPAMINE";"S";"0052";"    DATDIFF EMPS_E2DATENAI 12 HJOU_DATE 12"
"ITRPAMINE";"S";"0053";"    LOCA_AGE = TEMP_NXANNEE"
"ITRPAMINE";"S";"0054";"    * Pour les personnes de moins de 18 ans"
"ITRPAMINE";"S";"0055";"    SI LOCA_AGE < 18"
"ITRPAMINE";"S";"0056";"        * Test si la durée de travail sans pause > 4.30 heures"
"ITRPAMINE";"S";"0057";"        POUR POINTAGES"
"ITRPAMINE";"S";"0058";"           SI POIN_SENS = ""0"""
"ITRPAMINE";"S";"0059";"              SI LOCA_PASS = 0"
"ITRPAMINE";"S";"0060";"                 LOCA_ENTREE = POIN_HRETRAI"
"ITRPAMINE";"S";"0061";"                 LOCA_PASS = 1"
"ITRPAMINE";"S";"0062";"              FINSI"
"ITRPAMINE";"S";"0063";"           FINSI"
"ITRPAMINE";"S";"0064";"           SI POIN_SENS = ""1"""
"ITRPAMINE";"S";"0065";"              SI LOCA_PASS = 1"
"ITRPAMINE";"S";"0066";"                 LOCA_SORTIE = POIN_HRETRAI"
"ITRPAMINE";"S";"0067";"                 LOCA_PASS = 0"
"ITRPAMINE";"S";"0068";"                 LOCA_DUR = LOCA_SORTIE - LOCA_ENTREE"
"ITRPAMINE";"S";"0069";"                 SI LOCA_DUR > 4.30"
"ITRPAMINE";"S";"0070";"                    LOCA_ANO = 1"
"ITRPAMINE";"S";"0071";"                 FINSI"
"ITRPAMINE";"S";"0072";"              FINSI"
"ITRPAMINE";"S";"0073";"           FINSI"
"ITRPAMINE";"S";"0074";"        FINPOUR"
"ITRPAMINE";"S";"0075";"        *"
"ITRPAMINE";"S";"0076";"        SI LOCA_ANO = 1"
"ITRPAMINE";"S";"0077";"           ANOMALIE 167"
"ITRPAMINE";"S";"0078";"        FINSI"
"ITRPAMINE";"S";"0079";"    FINSI"
"ITRPAMINE";"S";"0080";"FINSI"
"ITRPAMINE";"S";"0081";"*"
"ITRPAMINE";"S";"0082";"FIN"
"ICSEBADG";"S";"0001";"***********************************************************************"
"ICSEBADG";"S";"0002";"* Règle     : ICSEBADG"
"ICSEBADG";"S";"0003";"* Ordre     : 2650"
"ICSEBADG";"S";"0004";"* Titre     : Gestion des heures de délégation CSE badgées au lecteur"
"ICSEBADG";"S";"0005";"* Package   : Privé 16.3"
"ICSEBADG";"S";"0006";"*----------------------------------------------------------------------"
"ICSEBADG";"S";"0007";"*"
"ICSEBADG";"S";"0008";"*"
"ICSEBADG";"S";"0009";"* Rôle : Gestion des heures de délégation CSE badgées au lecteur"
"ICSEBADG";"S";"0010";"*"
"ICSEBADG";"S";"0011";"*"
"ICSEBADG";"S";"0012";"*"
"ICSEBADG";"S";"0013";"*----------------------------------------------------------------------"
"ICSEBADG";"S";"0014";"* Créé par : Méthodes et outils"
"ICSEBADG";"S";"0015";"* Date     : 23/12/2019"
"ICSEBADG";"S";"0016";"* Version  : 1"
"ICSEBADG";"S";"0017";"*----------------------------------------------------------------------"
"ICSEBADG";"S";"0018";"* Modifiée par :"
"ICSEBADG";"S";"0019";"* Date         : JJ/MM/AAAA"
"ICSEBADG";"S";"0020";"* Objet        :"
"ICSEBADG";"S";"0021";"***********************************************************************"
"ICSEBADG";"S";"0022";"*"
"ICSEBADG";"S";"0023";"* Implémentation des données industrielles"
"ICSEBADG";"S";"0024";"*"
"ICSEBADG";"S";"0025";"DEBDICO"
"ICSEBADG";"S";"0026";"FINDICO"
"ICSEBADG";"S";"0027";"*"
"ICSEBADG";"S";"0028";"DEBANO"
"ICSEBADG";"S";"0029";"FINANO"
"ICSEBADG";"S";"0030";"*"
"ICSEBADG";"S";"0031";"* -------------------------------"
"ICSEBADG";"S";"0032";"* Déclaration des donnees locales"
"ICSEBADG";"S";"0033";"* -------------------------------"
"ICSEBADG";"S";"0034";"*"
"ICSEBADG";"S";"0035";"DEF LOCA_DECSEB A10"
"ICSEBADG";"S";"0036";"LOCA_DECSEB = "" """
"ICSEBADG";"S";"0037";"DEF LOCA_ENTREE T6.2"
"ICSEBADG";"S";"0038";"LOCA_ENTREE = 0"
"ICSEBADG";"S";"0039";"DEF LOCA_DIFF T6.2"
"ICSEBADG";"S";"0040";"LOCA_DIFF = 0"
"ICSEBADG";"S";"0041";"DEF LOCA_DUREE T6.2"
"ICSEBADG";"S";"0042";"LOCA_DUREE = 0"
"ICSEBADG";"S";"0043";"DEF LOCA_SORTIE T6.2"
"ICSEBADG";"S";"0044";"LOCA_SORTIE = 0"
"ICSEBADG";"S";"0045";"DEF LOCA_MOTIF A10"
"ICSEBADG";"S";"0046";"LOCA_MOTIF = ""DECSEB"""
"ICSEBADG";"S";"0047";"*"
"ICSEBADG";"S";"0048";"*"
"ICSEBADG";"S";"0049";"SI HJOU_DATE <= HJOU_IJIDFIN"
"ICSEBADG";"S";"0050";"    POUR POINTAGES"
"ICSEBADG";"S";"0051";"        SI POIN_SENS = ""1"""
"ICSEBADG";"S";"0052";"            SI POIN_IMPUT = LOCA_MOTIF"
"ICSEBADG";"S";"0053";"                LOCA_DECSEB = POIN_IMPUT"
"ICSEBADG";"S";"0054";"                LOCA_SORTIE = POIN_HRETRAI"
"ICSEBADG";"S";"0055";"            FINSI"
"ICSEBADG";"S";"0056";"        FINSI"
"ICSEBADG";"S";"0057";"        SI POIN_SENS = ""0"""
"ICSEBADG";"S";"0058";"            SI LOCA_DECSEB = LOCA_MOTIF"
"ICSEBADG";"S";"0059";"                LOCA_DECSEB = "" """
"ICSEBADG";"S";"0060";"                LOCA_ENTREE = POIN_HRETRAI"
"ICSEBADG";"S";"0061";"                LOCA_DIFF = LOCA_ENTREE - LOCA_SORTIE"
"ICSEBADG";"S";"0062";"                LOCA_DUREE = LOCA_DUREE + LOCA_DIFF"
"ICSEBADG";"S";"0063";"            FINSI"
"ICSEBADG";"S";"0064";"        FINSI"
"ICSEBADG";"S";"0065";"    FINPOUR"
"ICSEBADG";"S";"0066";"    *"
"ICSEBADG";"S";"0067";"    ENLEVER LOCA_MOTIF"
"ICSEBADG";"S";"0068";"    SI LOCA_DUREE > 0"
"ICSEBADG";"S";"0069";"        AJOUTER LOCA_MOTIF ""H"" LOCA_DUREE"
"ICSEBADG";"S";"0070";"    FINSI"
"ICSEBADG";"S";"0071";"FINSI"
"ICSEBADG";"S";"0072";"*"
"ICSEBADG";"S";"0073";"FIN"
"IHCOMPDIM";"S";"0537";"** Soldes previsionnels"
"IHCOMPDIM";"S";"0538";"**"
"IHCOMPDIM";"S";"0539";"         SI CTRA_DATFIN > TEMP_DATJOU"
"IHCOMPDIM";"S";"0540";"            SI CTRA_DATFIN < LOCA_DATEFU"
"IHCOMPDIM";"S";"0541";"               DATAJT CTRA_DATFIN 12 ""J"" 1"
"IHCOMPDIM";"S";"0542";"               LOCA_DATEFU = TEMP_DXFINPER"
"IHCOMPDIM";"S";"0543";"            SINON"
"IHCOMPDIM";"S";"0544";"               SI CTRA_DATFIN < LOCA_DATEFU2"
"IHCOMPDIM";"S";"0545";"                  DATAJT CTRA_DATFIN 12 ""J"" 1"
"IHCOMPDIM";"S";"0546";"                  LOCA_DATEFU2 = TEMP_DXFINPER"
"IHCOMPDIM";"S";"0547";"               FINSI"
"IHCOMPDIM";"S";"0548";"            FINSI"
"IHCOMPDIM";"S";"0549";"         FINSI"
"IHCOMPDIM";"S";"0550";"***"
"IHCOMPDIM";"S";"0551";"         SI TEMP_DATSUI = LOCA_DATEFU"
"IHCOMPDIM";"S";"0552";"            EMPL_IEQSHSMRE1 = HJOU_IJRSHSMREH"
"IHCOMPDIM";"S";"0553";"         FINSI"
"IHCOMPDIM";"S";"0554";"**"
"IHCOMPDIM";"S";"0555";"         SI TEMP_DATSUI = LOCA_DATEFU2"
"IHCOMPDIM";"S";"0556";"            EMPL_IEQSHSMRE2 = HJOU_IJRSHSMREH"
"IHCOMPDIM";"S";"0557";"         FINSI"
"IHCOMPDIM";"S";"0558";"      FINSI"
"IHCOMPDIM";"S";"0559";"   FINSI"
"IHCOMPDIM";"S";"0560";"FINSI"
"IHCOMPDIM";"S";"0561";"*"
"IHCOMPDIM";"S";"0562";"FIN"
"IGESTFEIRE";"S";"0038";"*------------------------------------------------*"
"IGESTFEIRE";"S";"0039";"*"
"IGESTFEIRE";"S";"0040";"DEF LOCA_FERIE A10"
"IGESTFEIRE";"S";"0041";"LOCA_FERIE = PARD_IDIMOTJF"
"IGESTFEIRE";"S";"0042";"DEF LOCA_FERIET A3"
"IGESTFEIRE";"S";"0043";"LOCA_FERIET = "" """
"IGESTFEIRE";"S";"0044";"*"
"IGESTFEIRE";"S";"0045";"*************************************************************"
"IGESTFEIRE";"S";"0046";"* Alimentation des compteurs jours férié                    *"
"IGESTFEIRE";"S";"0047";"*************************************************************"
"IGESTFEIRE";"S";"0048";"*"
"IGESTFEIRE";"S";"0049";"*------------------------------------------------*"
"IGESTFEIRE";"S";"0050";"* récupération du férié sur jour suivant         *"
"IGESTFEIRE";"S";"0051";"*------------------------------------------------*"
"IGESTFEIRE";"S";"0052";"*"
"IGESTFEIRE";"S";"0053";"CALENDRIER LOCA_FERIE"
"IGESTFEIRE";"S";"0054";"SI TEMP_CALENDSUI = LOCA_FERIE"
"IGESTFEIRE";"S";"0055";"   TEMP_ITQJLJF = ""OUI"""
"IGESTFEIRE";"S";"0056";"SINON"
"IGESTFEIRE";"S";"0057";"   TEMP_ITQJLJF = ""NON"""
"IGESTFEIRE";"S";"0058";"FINSI"
"IGESTFEIRE";"S";"0059";"*"
"IGESTFEIRE";"S";"0060";"*------------------------------------------------*"
"IGESTFEIRE";"S";"0061";"* récupération du férié sur jour                 *"
"IGESTFEIRE";"S";"0062";"*------------------------------------------------*"
"IGESTFEIRE";"S";"0063";"*"
"IGESTFEIRE";"S";"0064";"CALENDRIER LOCA_FERIE"
"IGESTFEIRE";"S";"0065";"SI TEMP_CALEND = LOCA_FERIE"
"IGESTFEIRE";"S";"0066";"   TEMP_ITQJJF = ""OUI"""
"IGESTFEIRE";"S";"0067";"SINON"
"IGESTFEIRE";"S";"0068";"   TEMP_ITQJJF = ""NON"""
"IGESTFEIRE";"S";"0069";"FINSI"
"IGESTFEIRE";"S";"0070";"*"
"IGESTFEIRE";"S";"0071";"*------------------------------------------------*"
"IGESTFEIRE";"S";"0072";"* récupération du férié sur jour précédent       *"
"IGESTFEIRE";"S";"0073";"*------------------------------------------------*"
"IGESTFEIRE";"S";"0074";"*"
"IGESTFEIRE";"S";"0075";"CALENDRIER LOCA_FERIE"
"IGESTFEIRE";"S";"0076";"SI TEMP_CALENDPRE = LOCA_FERIE"
"IGESTFEIRE";"S";"0077";"   TEMP_ITQJVJF = ""OUI"""
"IGESTFEIRE";"S";"0078";"SINON"
"IGESTFEIRE";"S";"0079";"   TEMP_ITQJVJF = ""NON"""
"IGESTFEIRE";"S";"0080";"FINSI"
"IGESTFEIRE";"S";"0081";"*"
"IGESTFEIRE";"S";"0082";"*"
"IGESTFEIRE";"S";"0083";"*************************************************************"
"IGESTFEIRE";"S";"0084";"* Fin Alimentation des compteurs jours férié                *"
"IGESTFEIRE";"S";"0085";"*************************************************************"
"IGESTFEIRE";"S";"0086";"*"
"IGESTFEIRE";"S";"0087";"*************************************************************"
"IGESTFEIRE";"S";"0088";"* Génération du motif férié                                 *"
"IGESTFEIRE";"S";"0089";"*************************************************************"
"IGESTFEIRE";"S";"0090";"*"
"IGESTFEIRE";"S";"0091";"ENLEVER LOCA_FERIE"
"IGESTFEIRE";"S";"0092";"ENLEVER LOCA_FERIE"
"IGESTFEIRE";"S";"0093";"*"
"IGESTFEIRE";"S";"0094";"* férié travaillé"
"IGESTFEIRE";"S";"0095";"*"
"IGESTFEIRE";"S";"0096";"POUR ACTIVITES"
"IGESTFEIRE";"S";"0097";"   SI HABS_MOTIF = PARD_IDIMOTJFT"
"IGESTFEIRE";"S";"0098";"      LOCA_FERIET = ""OUI"""
"IGESTFEIRE";"S";"0099";"   FINSI"
"IGESTFEIRE";"S";"0100";"FINPOUR"
"IGESTFEIRE";"S";"0101";"*"
"IGESTFEIRE";"S";"0102";"SI TEMP_ITQJJF = ""OUI"""
"IGESTFEIRE";"S";"0103";"   SI LOCA_FERIET <> ""OUI"""
"IGESTFEIRE";"S";"0104";"      AJOUTER LOCA_FERIE ""J"" PROF_ABSENJ"
"IGESTFEIRE";"S";"0105";"      POUR ACTIVITES"
"IGESTFEIRE";"S";"0106";"         SI HABS_MOTIF = LOCA_FERIE"
"IGESTFEIRE";"S";"0107";"            HABS_UTILMOD(2:9) = ""IGESTFEIR"""
"IGESTFEIRE";"S";"0108";"         FINSI"
"IGESTFEIRE";"S";"0109";"      FINPOUR"
"IGESTFEIRE";"S";"0110";"   FINSI"
"IGESTFEIRE";"S";"0111";"FINSI"
"IGESTFEIRE";"S";"0112";"*"
"IGESTFEIRE";"S";"0113";"*************************************************************"
"IGESTFEIRE";"S";"0114";"* Fin génération du motif férié                             *"
"IGESTFEIRE";"S";"0115";"*************************************************************"
"IGESTFEIRE";"S";"0116";"*"
"IGESTFEIRE";"S";"0117";"*"
"IGESTFEIRE";"S";"0118";"FIN"
"ITTRAVMINE";"S";"0001";"***********************************************************************"
"ITTRAVMINE";"S";"0002";"* Règle     : ITTRAVMINE"
"ITTRAVMINE";"S";"0003";"* Ordre     : 7630"
"ITTRAVMINE";"S";"0004";"* Libellé   : Gestion temps de travail moins de 18 ans"
"ITTRAVMINE";"S";"0005";"* Package   : Privé 16.3"
"ITTRAVMINE";"S";"0006";"*----------------------------------------------------------------------"
"ITTRAVMINE";"S";"0007";"* Objectif  : Gestion du temps de travail des moins de 18 ans"
"ITTRAVMINE";"S";"0008";"*"
"ITTRAVMINE";"S";"0009";"* Remarques :"
"ITTRAVMINE";"S";"0010";"*----------------------------------------------------------------------"
"ITTRAVMINE";"S";"0011";"* Créée par : HQSector"
"ITTRAVMINE";"S";"0012";"* Date      : 06.08.2024"
"ITTRAVMINE";"S";"0013";"* Version   : 2"
"ITTRAVMINE";"S";"0014";"*----------------------------------------------------------------------"
"ITTRAVMINE";"S";"0015";"* Màj par   :"
"ITTRAVMINE";"S";"0016";"* Date      : JJ/MM/AAAA"
"ITTRAVMINE";"S";"0017";"* Objet     :"
"ITTRAVMINE";"S";"0018";"***********************************************************************"
"ITTRAVMINE";"S";"0019";"*"
"ITTRAVMINE";"S";"0020";"* Implémentation des données industrielles"
"ITTRAVMINE";"S";"0021";"*"
"ITTRAVMINE";"S";"0022";"DEBDICO"
"ITTRAVMINE";"S";"0023";"   PARD_IDIHSMINEU;O;T6,2;I;;;123456789;;;C3;""Seuil HS pour les moins de 18 ans"";"
"ITTRAVMINE";"S";"0024";"   TEMP_ITQJJF;O;A3;X;;;     6789;;;V3;""Jour jour férié"";"
"IRETEN";"S";"0001";"***********************************************************************"
"IRETEN";"S";"0002";"* Règle     : IRETEN"
"IRETEN";"S";"0003";"* Ordre     : 3100"
"IRETEN";"S";"0004";"* Titre     : Absences plage obligatoire modifiables"
"IRETEN";"S";"0005";"* Package   : Privé 16.3"
"IRETEN";"S";"0006";"*---------------------------------------------------------------------"
"IRETEN";"S";"0007";"*"
"IRETEN";"S";"0008";"*"
"IRETEN";"S";"0009";"* Rôle : Absences plage obligatoire modifiables"
"IRETEN";"S";"0010";"*"
"IRETEN";"S";"0011";"*"
"IRETEN";"S";"0012";"*"
"IRETEN";"S";"0013";"*"
"IRETEN";"S";"0014";"*----------------------------------------------------------------------"
"IRETEN";"S";"0015";"* Créé par : Cellule Industrialisation"
"IRETEN";"S";"0016";"* Date     : 03/09/2009"
"IRETEN";"S";"0017";"* Version  : 1"
"IRETEN";"S";"0018";"*----------------------------------------------------------------------"
"IRETEN";"S";"0019";"* Modifiée par : Cellule Industrialisation"
"IRETEN";"S";"0020";"* Date         : JJ/MM/AAAA"
"IRETEN";"S";"0021";"* Objet        :"
"IRETEN";"S";"0022";"***********************************************************************"
"IRETEN";"S";"0023";"*"
"IRETEN";"S";"0024";"* Implémentation des données industrielles"
"IRETEN";"S";"0025";"*"
"IRETEN";"S";"0026";"DEBDICO"
"IRETEN";"S";"0027";"   HJOU_IJQABSPLFJ;N;T6,2;I;;;    56789;;;V3;""Total absences plages"";"
"IRETEN";"S";"0028";"FINDICO"
"IRETEN";"S";"0029";"*"
"IRETEN";"S";"0030";"* Déclaration des donnees locales"
"IRETEN";"S";"0031";"*"
"IRETEN";"S";"0032";"SI HJOU_DATE <= TEMP_DATJOU"
"IRETEN";"S";"0033";"   HJOU_IJQABSPLFJ = HJOU_IJQABSPLFT"
"IRETEN";"S";"0034";"* Initialisation par consigne"
"IRETEN";"S";"0035";"   POUR ACTIVITES"
"IRETEN";"S";"0036";"      SI HABS_MOTIF = ""ZABS"""
"IRETEN";"S";"0037";"         HJOU_IJQABSPLFJ = HABS_MOTIDUR"
"IRETEN";"S";"0038";"      FINSI"
"IRETEN";"S";"0039";"   FINPOUR"
"IRETEN";"S";"0040";"FINSI"
"IRETEN";"S";"0041";"FIN"
"ICOUDE";"S";"0001";"***********************************************************************"
"ICOUDE";"S";"0002";"* Règle     : ICOUDE"
"ICOUDE";"S";"0003";"* Ordre     : 3300"
"ICOUDE";"S";"0004";"* Titre     : Coupure dejeuner"
"ICOUDE";"S";"0005";"* Package   : Privé 16.3"
"ICOUDE";"S";"0006";"*----------------------------------------------------------------------"
"ICOUDE";"S";"0007";"*"
"ICOUDE";"S";"0008";"*"
"ICOUDE";"S";"0009";"* Rôle : Coupure dejeuner"
"ICOUDE";"S";"0010";"*"
"ICOUDE";"S";"0011";"*"
"ICOUDE";"S";"0012";"*"
"ICOUDE";"S";"0013";"*"
"ICOUDE";"S";"0014";"*----------------------------------------------------------------------"
"ICOUDE";"S";"0015";"* Créé par : Cellule Industrialisation"
"ICOUDE";"S";"0016";"* Date     : 03/09/2009"
"ICOUDE";"S";"0017";"* Version  : 1"
"ICOUDE";"S";"0018";"*----------------------------------------------------------------------"
"ICOUDE";"S";"0019";"* Modifiée par : Cellule Industrialisation"
"ICOUDE";"S";"0020";"* Date         : JJ/MM/AAAA"
"ICOUDE";"S";"0021";"* Objet        :"
"ICOUDE";"S";"0022";"***********************************************************************"
"ICOUDE";"S";"0023";"*"
"ICOUDE";"S";"0024";"* Implémentation des données industrielles"
"ICOUDE";"S";"0025";"*"
"ICOUDE";"S";"0026";"DEBDICO"
"ICOUDE";"S";"0027";"   HJOU_IJQPAUMERI;N;T6,2;I;;;     6789;;;V3;""Pause déjeuner"";"
"ICOUDE";"S";"0028";"   HJOU_IJQECPAUSM;N;T6,2;I;;;     6789;;;V3;""Ecart pause déjeuner"";"
"ICOUDE";"S";"0029";"FINDICO"
"ICOUDE";"S";"0030";"*"
"ICOUDE";"S";"0031";"* Déclaration des donnees locales"
"ICOUDE";"S";"0032";"*"
"ICOUDE";"S";"0033";"*"
"ICOUDE";"S";"0034";"** les compteurs de la pause DJ sont dupliqués en niveau 3"
"ICOUDE";"S";"0035";"** car dans le cas d'un retour mission sur la plage dejeuner"
"ICOUDE";"S";"0036";"** sur un depart fait la veille les valeurs peuvent être modifiées"
"ICOUDE";"S";"0037";"*"
"ICOUDE";"S";"0038";"SI HJOU_DATE <= TEMP_DATJOU"
"ICOUDE";"S";"0039";"   HJOU_IJQPAUMERI = HJOU_IJQPAUMINT"
"ICOUDE";"S";"0040";"   HJOU_IJQECPAUSM = HJOU_IJQECPAUMI"
"ICOUDE";"S";"0041";"FINSI"
"ICOUDE";"S";"0042";"FIN"
"IDEBOR";"S";"0001";"***********************************************************************"
"IDEBOR";"S";"0002";"* Règle     : IDEBOR"
"IDEBOR";"S";"0003";"* Ordre     : 3600"
"IDEBOR";"S";"0004";"* Titre     : Heures jour excedentaires modifiables"
"IDEBOR";"S";"0005";"* Package   : Privé 16.3"
"IDEBOR";"S";"0006";"*----------------------------------------------------------------------"
"IDEBOR";"S";"0007";"*"
"IDEBOR";"S";"0008";"*"
"IDEBOR";"S";"0009";"* Rôle : Heures jour excedentaires modifiables"
"IDEBOR";"S";"0010";"*"
"IDEBOR";"S";"0011";"*"
"IDEBOR";"S";"0012";"*"
"IDEBOR";"S";"0013";"*"
"IDEBOR";"S";"0014";"*----------------------------------------------------------------------"
"IDEBOR";"S";"0015";"* Créé par : Cellule Industrialisation"
"IDEBOR";"S";"0016";"* Date     : 03/09/2009"
"IDEBOR";"S";"0017";"* Version  : 1"
"IDEBOR";"S";"0018";"*----------------------------------------------------------------------"
"IDEBOR";"S";"0019";"* Modifiée par : Cellule Industrialisation"
"IDEBOR";"S";"0020";"* Date         : JJ/MM/AAAA"
"IDEBOR";"S";"0021";"* Objet        :"
"IDEBOR";"S";"0022";"***********************************************************************"
"IDEBOR";"S";"0023";"*"
"IDEBOR";"S";"0024";"* Implémentation des données industrielles"
"IDEBOR";"S";"0025";"*"
"IDEBOR";"S";"0026";"DEBDICO"
"IDEBOR";"S";"0027";"   HJOU_IJQHEXCEDJ;N;T6,2;I;;;    56789;;;V3;""Heures totales excédentaires"";"
"IDEBOR";"S";"0028";"FINDICO"
"IDEBOR";"S";"0029";"*"
"ITHEOJ";"S";"0001";"***********************************************************************"
"ITHEOJ";"S";"0002";"* Règle     : ITHEOJ"
"ITHEOJ";"S";"0003";"* Ordre     : 3200"
"ITHEOJ";"S";"0004";"* Titre     : Horaire théorique journalier"
"ITHEOJ";"S";"0005";"* Package   : Privé 16.3"
"ITHEOJ";"S";"0006";"*----------------------------------------------------------------------"
"ITHEOJ";"S";"0007";"*"
"ITHEOJ";"S";"0008";"*"
"ITHEOJ";"S";"0009";"* Rôle : Calcul de l'horaire théorique journalier"
"ITHEOJ";"S";"0010";"*"
"ITHEOJ";"S";"0011";"*"
"ITHEOJ";"S";"0012";"*----------------------------------------------------------------------"
"ITHEOJ";"S";"0013";"* Créé par : Méthodes et outils"
"ITHEOJ";"S";"0014";"* Date     : 06/08/2018"
"ITHEOJ";"S";"0015";"* Version  : 1"
"ITHEOJ";"S";"0016";"*----------------------------------------------------------------------"
"ITHEOJ";"S";"0017";"* Màj par   :"
"ITHEOJ";"S";"0018";"* Date      : JJ.MM.AAAA"
"ITHEOJ";"S";"0019";"* Objet     :"
"ITHEOJ";"S";"0020";"***********************************************************************"
"ITHEOJ";"S";"0021";"*"
"ITHEOJ";"S";"0022";"* Implémentation des données industrielles"
"ITHEOJ";"S";"0023";"*"
"ITHEOJ";"S";"0024";"DEBDICO"
"ITHEOJ";"S";"0025";"   EMPL_IEIEMPRESS;O;Z1;X;;;123456789;L;;C2;""Géré dans Ressources"";"
"ITHEOJ";"S";"0026";"   HJOU_IJQPRETHEJ;O;T6,2;I;;;    56789;;;C0;""Présence théorique jour"";"
"ITHEOJ";"S";"0027";"   HJOU_IJQENTREE1;N;T6,2;I;;;    56789;;;C0;""Entrée 1 plage dynamique"";"
"ITHEOJ";"S";"0028";"   HJOU_IJQSORTIE1;N;T6,2;I;;;    56789;;;C0;""Sortie 1 plage dynamique"";"
"ITHEOJ";"S";"0029";"   HJOU_IJQENTREE2;N;T6,2;I;;;    56789;;;C0;""Entrée 2 plage dynamique"";"
"ITHEOJ";"S";"0030";"   HJOU_IJQSORTIE2;N;T6,2;I;;;    56789;;;C0;""Sortie 2 plage dynamique"";"
"ITHEOJ";"S";"0031";"   HJOU_IJQENTREE3;N;T6,2;I;;;    56789;;;C0;""Entrée 3 plage dynamique"";"
"ITHEOJ";"S";"0032";"   HJOU_IJQSORTIE3;N;T6,2;I;;;    56789;;;C0;""Sortie 3 plage dynamique"";"
"ITHEOJ";"S";"0033";"   HJOU_IJQENTREE4;N;T6,2;I;;;    56789;;;C0;""Entrée 4 plage dynamique"";"
"ITHEOJ";"S";"0034";"   HJOU_IJQSORTIE4;N;T6,2;I;;;    56789;;;C0;""Sortie 4 plage dynamique"";"
"ITHEOJ";"S";"0035";"   HJOU_IJQENTREE5;N;T6,2;I;;;    56789;;;C0;""Entrée 5 plage dynamique"";"
"ITHEOJ";"S";"0036";"   HJOU_IJQSORTIE5;N;T6,2;I;;;    56789;;;C0;""Sortie 5 plage dynamique"";"
"ITHEOJ";"S";"0037";"   HJOU_IJQENTREE6;N;T6,2;I;;;    56789;;;C0;""Entrée 6 plage dynamique"";"
"ITHEOJ";"S";"0038";"   HJOU_IJQSORTIE6;N;T6,2;I;;;    56789;;;C0;""Sortie 6 plage dynamique"";"
"ITHEOJ";"S";"0039";"   HJOU_IJQENTREE7;N;T6,2;I;;;    56789;;;C0;""Entrée 7 plage dynamique"";"
"ITHEOJ";"S";"0040";"   HJOU_IJQSORTIE7;N;T6,2;I;;;    56789;;;C0;""Sortie 7 plage dynamique"";"
"ITHEOJ";"S";"0041";"   HJOU_IJQPLGMAT;N;T6,2;I;;;    56789;;;V3;""Durée des plages matin"";"
"ITHEOJ";"S";"0042";"   HJOU_IJQPLGAPM;N;T6,2;I;;;    56789;;;V3;""Durée des plages après-midi"";"
"ITHEOJ";"S";"0043";"   HJOU_IJQPLGTOTJ;N;T6,2;I;;;    56789;;;V3;""Durée totale des plages"";"
"ITHEOJ";"S";"0044";"FINDICO"
"ITHEOJ";"S";"0045";"*"
"ITHEOJ";"S";"0046";"* Déclaration des donnees locales"
"ITHEOJ";"S";"0047";"DEF LOCA_ABS N1"
"ITHEOJ";"S";"0048";"LOCA_ABS = 0"
"ITHEOJ";"S";"0049";"DEF LOCA_ABSPLG1 N1"
"ITHEOJ";"S";"0050";"LOCA_ABSPLG1 = 0"
"ITHEOJ";"S";"0051";"DEF LOCA_ABSPLG2 N1"
"ITHEOJ";"S";"0052";"LOCA_ABSPLG2 = 0"
"ITHEOJ";"S";"0053";"DEF LOCA_ABSPLG3 N1"
"ITHEOJ";"S";"0054";"LOCA_ABSPLG3 = 0"
"ITHEOJ";"S";"0055";"DEF LOCA_ABSPLG4 N1"
"ITHEOJ";"S";"0056";"LOCA_ABSPLG4 = 0"
"ITHEOJ";"S";"0057";"DEF LOCA_ABSPLG5 N1"
"ITHEOJ";"S";"0058";"LOCA_ABSPLG5 = 0"
"ITHEOJ";"S";"0059";"DEF LOCA_ABSPLG6 N1"
"ITHEOJ";"S";"0060";"LOCA_ABSPLG6 = 0"
"ITHEOJ";"S";"0061";"DEF LOCA_ABSPLG7 N1"
"ITHEOJ";"S";"0062";"LOCA_ABSPLG7 = 0"
"ITHEOJ";"S";"0063";"DEF LOCA_PLG1 T6.2"
"ITHEOJ";"S";"0064";"LOCA_PLG1 = 0"
"ITHEOJ";"S";"0065";"DEF LOCA_PLG2 T6.2"
"ITHEOJ";"S";"0066";"LOCA_PLG2 = 0"
"ITHEOJ";"S";"0067";"DEF LOCA_PLG3 T6.2"
"ITHEOJ";"S";"0068";"LOCA_PLG3 = 0"
"ITHEOJ";"S";"0069";"DEF LOCA_PLG4 T6.2"
"ITHEOJ";"S";"0070";"LOCA_PLG4 = 0"
"ITHEOJ";"S";"0071";"DEF LOCA_PLG5 T6.2"
"ITHEOJ";"S";"0072";"LOCA_PLG5 = 0"
"ITHEOJ";"S";"0073";"DEF LOCA_PLG6 T6.2"
"ITHEOJ";"S";"0074";"LOCA_PLG6 = 0"
"ITHEOJ";"S";"0075";"DEF LOCA_PLG7 T6.2"
"ITHEOJ";"S";"0076";"LOCA_PLG7 = 0"
"ITHEOJ";"S";"0077";"DEF LOCA_DUR T6.2"
"ITHEOJ";"S";"0078";"LOCA_DUR = 0"
"ITHEOJ";"S";"0079";"DEF LOCA_CRN N1"
"ITHEOJ";"S";"0080";"LOCA_CRN = 0"
"ITHEOJ";"S";"0081";"*"
"ITHEOJ";"S";"0082";"* alimentation de la théorie journalière par le profil"
"ITHEOJ";"S";"0083";"**HJOU_IJQPRETHEJ = PROF_PRETHEO"
"ITHEOJ";"S";"0084";"*"
"ITHEOJ";"S";"0085";"SI PROF_PLAGEDYN = 1"
"ITHEOJ";"S";"0086";"*"
"ITHEOJ";"S";"0087";"* employés gérés sur HQ Ressources"
"ITHEOJ";"S";"0088";"   SI EMPL_IEIEMPRESS = ""1"""
"ITHEOJ";"S";"0089";"*"
"ITHEOJ";"S";"0090";"* détection des absences pour ne pas perdre les plages"
"ITHEOJ";"S";"0091";"      POUR ACTIVITES"
"ITHEOJ";"S";"0092";"* motif en jour/matin/après-midi"
"ITHEOJ";"S";"0093";"         SI HABS_MOTYPE <> ""C"""
"ITHEOJ";"S";"0094";"            SI HABS_VALORIS = ""J"""
"ITHEOJ";"S";"0095";"            OU HABS_VALORIS = ""M"""
"ITHEOJ";"S";"0096";"            OU HABS_VALORIS = ""A"""
"ITHEOJ";"S";"0097";"               LOCA_ABS = 1"
"ITHEOJ";"S";"0098";"            FINSI"
"ITHEOJ";"S";"0099";"         FINSI"
"ITHEOJ";"S";"0100";"         SI HABS_MOTYPE = ""A"""
"ITHEOJ";"S";"0101";"* absence en heures avec bornes"
"ITHEOJ";"S";"0102";"            SI HABS_VALORIS = ""H"""
"ITHEOJ";"S";"0103";"               SI HABS_HRADEB < 100"
"ITHEOJ";"S";"0104";"                  SI HABS_HRADEB >= HJOU_IJQENTREE1"
"ITHEOJ";"S";"0105";"                     SI HABS_HRADEB <= HJOU_IJQSORTIE1"
"ITHEOJ";"S";"0106";"                        SI HABS_HRAFIN <= HJOU_IJQSORTIE1"
"ITHEOJ";"S";"0107";"                           LOCA_ABSPLG1 = 1"
"ITHEOJ";"S";"0108";"                        SINON"
"ITHEOJ";"S";"0109";"                           SI HABS_HRAFIN <= HJOU_IJQSORTIE2"
"ITHEOJ";"S";"0110";"                              LOCA_ABSPLG1 = 1"
"ITHEOJ";"S";"0111";"                              LOCA_ABSPLG2 = 1"
"ITHEOJ";"S";"0112";"                           SINON"
"ITHEOJ";"S";"0113";"                              SI HABS_HRAFIN <= HJOU_IJQSORTIE3"
"ITHEOJ";"S";"0114";"                                 LOCA_ABSPLG1 = 1"
"ITHEOJ";"S";"0115";"                                 LOCA_ABSPLG2 = 1"
"ITHEOJ";"S";"0116";"                                 LOCA_ABSPLG3 = 1"
"ITHEOJ";"S";"0117";"                              SINON"
"ITHEOJ";"S";"0118";"                                 SI HABS_HRAFIN <= HJOU_IJQSORTIE4"
"ITHEOJ";"S";"0119";"                                    LOCA_ABSPLG1 = 1"
"ITHEOJ";"S";"0120";"                                    LOCA_ABSPLG2 = 1"
"ITHEOJ";"S";"0121";"                                    LOCA_ABSPLG3 = 1"
"ITHEOJ";"S";"0122";"                                    LOCA_ABSPLG4 = 1"
"ITHEOJ";"S";"0123";"                                 SINON"
"ITHEOJ";"S";"0124";"                                    SI HABS_HRAFIN <= HJOU_IJQSORTIE5"
"ITHEOJ";"S";"0125";"                                       LOCA_ABSPLG1 = 1"
"ITHEOJ";"S";"0126";"                                       LOCA_ABSPLG2 = 1"
"ITHEOJ";"S";"0127";"                                       LOCA_ABSPLG3 = 1"
"ITHEOJ";"S";"0128";"                                       LOCA_ABSPLG4 = 1"
"ITHEOJ";"S";"0129";"                                       LOCA_ABSPLG5 = 1"
"ITHEOJ";"S";"0130";"                                    SINON"
"ITHEOJ";"S";"0131";"                                       SI HABS_HRAFIN <= HJOU_IJQSORTIE6"
"ITHEOJ";"S";"0132";"                                          LOCA_ABSPLG1 = 1"
"ITHEOJ";"S";"0133";"                                          LOCA_ABSPLG2 = 1"
"ITHEOJ";"S";"0134";"                                          LOCA_ABSPLG3 = 1"
"ITHEOJ";"S";"0135";"                                          LOCA_ABSPLG4 = 1"
"ITHEOJ";"S";"0136";"                                          LOCA_ABSPLG5 = 1"
"ITHEOJ";"S";"0137";"                                          LOCA_ABSPLG6 = 1"
"ITHEOJ";"S";"0138";"                                       SINON"
"ITHEOJ";"S";"0139";"                                          LOCA_ABS = 1"
"ITHEOJ";"S";"0140";"                                       FINSI"
"ITHEOJ";"S";"0141";"                                    FINSI"
"ITHEOJ";"S";"0142";"                                 FINSI"
"ITHEOJ";"S";"0143";"                              FINSI"
"ITHEOJ";"S";"0144";"                           FINSI"
"ITHEOJ";"S";"0145";"                        FINSI"
"ITHEOJ";"S";"0146";"                     SINON"
"ITHEOJ";"S";"0147";"                        SI HABS_HRADEB <= HJOU_IJQSORTIE2"
"ITHEOJ";"S";"0148";"                           SI HABS_HRAFIN <= HJOU_IJQSORTIE2"
"ITHEOJ";"S";"0149";"                              LOCA_ABSPLG2 = 1"
"ITHEOJ";"S";"0150";"                           SINON"
"ITHEOJ";"S";"0151";"                              SI HABS_HRAFIN <= HJOU_IJQSORTIE3"
"ITHEOJ";"S";"0152";"                                 LOCA_ABSPLG2 = 1"
"ITHEOJ";"S";"0153";"                                 LOCA_ABSPLG3 = 1"
"ITHEOJ";"S";"0154";"                              SINON"
"ITHEOJ";"S";"0435";"      FINSI"
"ITHEOJ";"S";"0155";"                                 SI HABS_HRAFIN <= HJOU_IJQSORTIE4"
"ITHEOJ";"S";"0156";"                                    LOCA_ABSPLG2 = 1"
"ITHEOJ";"S";"0157";"                                    LOCA_ABSPLG3 = 1"
"ITHEOJ";"S";"0158";"                                    LOCA_ABSPLG4 = 1"
"ITHEOJ";"S";"0159";"                                 SINON"
"ITHEOJ";"S";"0160";"                                    SI HABS_HRAFIN <= HJOU_IJQSORTIE5"
"ITHEOJ";"S";"0161";"                                       LOCA_ABSPLG2 = 1"
"ITHEOJ";"S";"0162";"                                       LOCA_ABSPLG3 = 1"
"ITHEOJ";"S";"0163";"                                       LOCA_ABSPLG4 = 1"
"ITHEOJ";"S";"0164";"                                       LOCA_ABSPLG5 = 1"
"ITHEOJ";"S";"0165";"                                    SINON"
"ITHEOJ";"S";"0166";"                                       SI HABS_HRAFIN <= HJOU_IJQSORTIE6"
"ITHEOJ";"S";"0167";"                                          LOCA_ABSPLG2 = 1"
"ITHEOJ";"S";"0168";"                                          LOCA_ABSPLG3 = 1"
"ITHEOJ";"S";"0169";"                                          LOCA_ABSPLG4 = 1"
"ITHEOJ";"S";"0170";"                                          LOCA_ABSPLG5 = 1"
"ITHEOJ";"S";"0171";"                                          LOCA_ABSPLG6 = 1"
"ITHEOJ";"S";"0172";"                                       SINON"
"ITHEOJ";"S";"0173";"                                          LOCA_ABSPLG2 = 1"
"ITHEOJ";"S";"0174";"                                          LOCA_ABSPLG3 = 1"
"ITHEOJ";"S";"0175";"                                          LOCA_ABSPLG4 = 1"
"ITHEOJ";"S";"0176";"                                          LOCA_ABSPLG5 = 1"
"ITHEOJ";"S";"0177";"                                          LOCA_ABSPLG6 = 1"
"ITHEOJ";"S";"0178";"                                          LOCA_ABSPLG7 = 1"
"ITHEOJ";"S";"0179";"                                       FINSI"
"ITHEOJ";"S";"0180";"                                    FINSI"
"ITHEOJ";"S";"0181";"                                 FINSI"
"ITHEOJ";"S";"0182";"                              FINSI"
"ITHEOJ";"S";"0183";"                           FINSI"
"ITHEOJ";"S";"0184";"                        SINON"
"ITHEOJ";"S";"0185";"                           SI HABS_HRADEB <= HJOU_IJQSORTIE3"
"ITHEOJ";"S";"0186";"                              SI HABS_HRAFIN <= HJOU_IJQSORTIE3"
"ITHEOJ";"S";"0187";"                                 LOCA_ABSPLG3 = 1"
"ITHEOJ";"S";"0188";"                              SINON"
"ITHEOJ";"S";"0189";"                                 SI HABS_HRAFIN <= HJOU_IJQSORTIE4"
"ITHEOJ";"S";"0190";"                                    LOCA_ABSPLG3 = 1"
"ITHEOJ";"S";"0191";"                                    LOCA_ABSPLG4 = 1"
"ITHEOJ";"S";"0192";"                                 SINON"
"ITHEOJ";"S";"0193";"                                    SI HABS_HRAFIN <= HJOU_IJQSORTIE5"
"ITHEOJ";"S";"0194";"                                       LOCA_ABSPLG3 = 1"
"ITHEOJ";"S";"0195";"                                       LOCA_ABSPLG4 = 1"
"ITHEOJ";"S";"0196";"                                       LOCA_ABSPLG5 = 1"
"ITHEOJ";"S";"0197";"                                    SINON"
"ITHEOJ";"S";"0198";"                                       SI HABS_HRAFIN <= HJOU_IJQSORTIE6"
"ITHEOJ";"S";"0199";"                                          LOCA_ABSPLG3 = 1"
"ITHEOJ";"S";"0200";"                                          LOCA_ABSPLG4 = 1"
"ITHEOJ";"S";"0201";"                                          LOCA_ABSPLG5 = 1"
"ITHEOJ";"S";"0202";"                                          LOCA_ABSPLG6 = 1"
"ITHEOJ";"S";"0203";"                                       SINON"
"ITHEOJ";"S";"0204";"                                          LOCA_ABSPLG3 = 1"
"ITHEOJ";"S";"0205";"                                          LOCA_ABSPLG4 = 1"
"ITHEOJ";"S";"0206";"                                          LOCA_ABSPLG5 = 1"
"ITHEOJ";"S";"0207";"                                          LOCA_ABSPLG6 = 1"
"ITHEOJ";"S";"0208";"                                          LOCA_ABSPLG7 = 1"
"ITHEOJ";"S";"0209";"                                       FINSI"
"ITHEOJ";"S";"0210";"                                    FINSI"
"ITHEOJ";"S";"0211";"                                 FINSI"
"ITHEOJ";"S";"0212";"                              FINSI"
"ITHEOJ";"S";"0213";"                           SINON"
"ITHEOJ";"S";"0214";"                              SI HABS_HRADEB <= HJOU_IJQSORTIE4"
"ITHEOJ";"S";"0215";"                                 SI HABS_HRAFIN <= HJOU_IJQSORTIE4"
"ITHEOJ";"S";"0216";"                                    LOCA_ABSPLG4 = 1"
"ITHEOJ";"S";"0217";"                                 SINON"
"ITHEOJ";"S";"0218";"                                    SI HABS_HRAFIN <= HJOU_IJQSORTIE5"
"ITHEOJ";"S";"0219";"                                       LOCA_ABSPLG4 = 1"
"ITHEOJ";"S";"0220";"                                       LOCA_ABSPLG5 = 1"
"ITHEOJ";"S";"0221";"                                    SINON"
"ITHEOJ";"S";"0222";"                                       SI HABS_HRAFIN <= HJOU_IJQSORTIE6"
"ITHEOJ";"S";"0223";"                                          LOCA_ABSPLG4 = 1"
"ITHEOJ";"S";"0224";"                                          LOCA_ABSPLG5 = 1"
"ITHEOJ";"S";"0225";"                                          LOCA_ABSPLG6 = 1"
"ITHEOJ";"S";"0226";"                                       SINON"
"ITHEOJ";"S";"0227";"                                          LOCA_ABSPLG4 = 1"
"ITHEOJ";"S";"0228";"                                          LOCA_ABSPLG5 = 1"
"ITHEOJ";"S";"0229";"                                          LOCA_ABSPLG6 = 1"
"ITHEOJ";"S";"0230";"                                          LOCA_ABSPLG7 = 1"
"ITHEOJ";"S";"0231";"                                       FINSI"
"ITHEOJ";"S";"0232";"                                    FINSI"
"ITHEOJ";"S";"0233";"                                 FINSI"
"ITHEOJ";"S";"0234";"                              SINON"
"ITHEOJ";"S";"0235";"                                 SI HABS_HRADEB <= HJOU_IJQSORTIE5"
"ITHEOJ";"S";"0236";"                                    SI HABS_HRAFIN <= HJOU_IJQSORTIE5"
"ITHEOJ";"S";"0237";"                                       LOCA_ABSPLG5 = 1"
"ITHEOJ";"S";"0238";"                                    SINON"
"ITHEOJ";"S";"0239";"                                       SI HABS_HRAFIN <= HJOU_IJQSORTIE6"
"ITHEOJ";"S";"0240";"                                          LOCA_ABSPLG5 = 1"
"ITHEOJ";"S";"0241";"                                          LOCA_ABSPLG6 = 1"
"ITHEOJ";"S";"0242";"                                       SINON"
"ITHEOJ";"S";"0243";"                                          LOCA_ABSPLG5 = 1"
"ITHEOJ";"S";"0244";"                                          LOCA_ABSPLG6 = 1"
"ITHEOJ";"S";"0245";"                                          LOCA_ABSPLG7 = 1"
"ITHEOJ";"S";"0246";"                                       FINSI"
"ITHEOJ";"S";"0247";"                                    FINSI"
"ITHEOJ";"S";"0248";"                                 SINON"
"ITHEOJ";"S";"0249";"                                    SI HABS_HRADEB <= HJOU_IJQSORTIE6"
"ITHEOJ";"S";"0250";"                                       SI HABS_HRAFIN <= HJOU_IJQSORTIE6"
"ITHEOJ";"S";"0251";"                                          LOCA_ABSPLG6 = 1"
"ITHEOJ";"S";"0252";"                                       SINON"
"ITHEOJ";"S";"0253";"                                          LOCA_ABSPLG6 = 1"
"ITHEOJ";"S";"0254";"                                          LOCA_ABSPLG7 = 1"
"ITHEOJ";"S";"0255";"                                       FINSI"
"ITHEOJ";"S";"0256";"                                    SINON"
"ITHEOJ";"S";"0257";"                                       SI HABS_HRADEB <= HJOU_IJQSORTIE7"
"ITHEOJ";"S";"0258";"                                          LOCA_ABSPLG7 = 1"
"ITHEOJ";"S";"0259";"                                       FINSI"
"ITHEOJ";"S";"0260";"                                    FINSI"
"ITHEOJ";"S";"0261";"                                 FINSI"
"ITHEOJ";"S";"0262";"                              FINSI"
"ITHEOJ";"S";"0263";"                           FINSI"
"ITHEOJ";"S";"0264";"                        FINSI"
"ITHEOJ";"S";"0265";"                     FINSI"
"ITHEOJ";"S";"0266";"                  FINSI"
"ITHEOJ";"S";"0267";"               FINSI"
"ITHEOJ";"S";"0268";"            FINSI"
"ITHEOJ";"S";"0269";"         FINSI"
"ITHEOJ";"S";"0270";"      FINPOUR"
"ITHEOJ";"S";"0271";"*"
"ITHEOJ";"S";"0272";"* alimentation des compteurs plages"
"ITHEOJ";"S";"0273";"* s'il n'y a pas d'absence"
"ITHEOJ";"S";"0274";"      SI LOCA_ABS = 0"
"ITHEOJ";"S";"0275";"         POUR CRENEAUX"
"ITHEOJ";"S";"0276";"            LOCA_CRN = LOCA_CRN + 1"
"ITHEOJ";"S";"0277";"            SI LOCA_CRN = 1"
"ITHEOJ";"S";"0278";"               HJOU_IJQENTREE1 = CRPL_HREDEB"
"ITHEOJ";"S";"0279";"               HJOU_IJQSORTIE1 = CRPL_HREFIN"
"ITHEOJ";"S";"0280";"            SINON"
"ITHEOJ";"S";"0281";"               SI LOCA_CRN = 2"
"ITHEOJ";"S";"0282";"                  HJOU_IJQENTREE2 = CRPL_HREDEB"
"ITHEOJ";"S";"0283";"                  HJOU_IJQSORTIE2 = CRPL_HREFIN"
"ITHEOJ";"S";"0284";"               SINON"
"ITHEOJ";"S";"0285";"                  SI LOCA_CRN = 3"
"ITHEOJ";"S";"0286";"                     HJOU_IJQENTREE3 = CRPL_HREDEB"
"ITHEOJ";"S";"0287";"                     HJOU_IJQSORTIE3 = CRPL_HREFIN"
"ITHEOJ";"S";"0288";"                  SINON"
"ITHEOJ";"S";"0289";"                     SI LOCA_CRN = 4"
"ITHEOJ";"S";"0290";"                        HJOU_IJQENTREE4 = CRPL_HREDEB"
"ITHEOJ";"S";"0291";"                        HJOU_IJQSORTIE4 = CRPL_HREFIN"
"ITHEOJ";"S";"0292";"                     SINON"
"ITHEOJ";"S";"0293";"                        SI LOCA_CRN = 5"
"ITHEOJ";"S";"0294";"                           HJOU_IJQENTREE5 = CRPL_HREDEB"
"ITHEOJ";"S";"0295";"                           HJOU_IJQSORTIE5 = CRPL_HREFIN"
"ITHEOJ";"S";"0296";"                        SINON"
"ITHEOJ";"S";"0297";"                           SI LOCA_CRN = 6"
"ITHEOJ";"S";"0298";"                              HJOU_IJQENTREE6 = CRPL_HREDEB"
"ITHEOJ";"S";"0299";"                              HJOU_IJQSORTIE6 = CRPL_HREFIN"
"ITHEOJ";"S";"0300";"                           SINON"
"ITHEOJ";"S";"0301";"                              SI LOCA_CRN = 7"
"ITHEOJ";"S";"0302";"                                 HJOU_IJQENTREE7 = CRPL_HREDEB"
"ITHEOJ";"S";"0303";"                                 HJOU_IJQSORTIE7 = CRPL_HREFIN"
"ITHEOJ";"S";"0304";"                              FINSI"
"ITHEOJ";"S";"0305";"                           FINSI"
"ITHEOJ";"S";"0306";"                        FINSI"
"ITHEOJ";"S";"0307";"                     FINSI"
"ITHEOJ";"S";"0308";"                  FINSI"
"ITHEOJ";"S";"0309";"               FINSI"
"ITHEOJ";"S";"0310";"            FINSI"
"ITHEOJ";"S";"0311";"         FINPOUR"
"ITHEOJ";"S";"0312";"*"
"ITHEOJ";"S";"0313";"* RAZ des plages en cas de suppression des créneaux"
"ITHEOJ";"S";"0314";"         SI LOCA_CRN < 7"
"ITHEOJ";"S";"0315";"            SI LOCA_ABSPLG7 = 0"
"ITHEOJ";"S";"0316";"               HJOU_IJQENTREE7 = 0"
"ITHEOJ";"S";"0317";"               HJOU_IJQSORTIE7 = 0"
"ITHEOJ";"S";"0318";"            FINSI"
"ITHEOJ";"S";"0319";"            SI LOCA_CRN < 6"
"ITHEOJ";"S";"0320";"               SI LOCA_ABSPLG6 = 0"
"ITHEOJ";"S";"0321";"                  HJOU_IJQENTREE6 = 0"
"ITHEOJ";"S";"0322";"                  HJOU_IJQSORTIE6 = 0"
"ITHEOJ";"S";"0323";"               FINSI"
"ITHEOJ";"S";"0324";"               SI LOCA_CRN < 5"
"ITHEOJ";"S";"0325";"                  SI LOCA_ABSPLG5 = 0"
"ITHEOJ";"S";"0326";"                     HJOU_IJQENTREE5 = 0"
"ITHEOJ";"S";"0327";"                     HJOU_IJQSORTIE5 = 0"
"ITHEOJ";"S";"0328";"                  FINSI"
"ITHEOJ";"S";"0329";"                  SI LOCA_CRN < 4"
"ITHEOJ";"S";"0330";"                     SI LOCA_ABSPLG4 = 0"
"ITHEOJ";"S";"0331";"                        HJOU_IJQENTREE4 = 0"
"ITHEOJ";"S";"0332";"                        HJOU_IJQSORTIE4 = 0"
"ITHEOJ";"S";"0333";"                     FINSI"
"ITHEOJ";"S";"0334";"                     SI LOCA_CRN < 3"
"ITHEOJ";"S";"0335";"                        SI LOCA_ABSPLG3 = 0"
"ITHEOJ";"S";"0336";"                           HJOU_IJQENTREE3 = 0"
"ITHEOJ";"S";"0337";"                           HJOU_IJQSORTIE3 = 0"
"ITHEOJ";"S";"0338";"                        FINSI"
"ITHEOJ";"S";"0339";"                        SI LOCA_CRN < 2"
"ITHEOJ";"S";"0340";"                           SI LOCA_ABSPLG2 = 0"
"ITHEOJ";"S";"0341";"                              HJOU_IJQENTREE2 = 0"
"ITHEOJ";"S";"0342";"                              HJOU_IJQSORTIE2 = 0"
"ITHEOJ";"S";"0343";"                           FINSI"
"ITHEOJ";"S";"0344";"                           SI LOCA_CRN = 0"
"ITHEOJ";"S";"0345";"                              SI LOCA_ABSPLG1 = 0"
"ITHEOJ";"S";"0346";"                                 HJOU_IJQENTREE1 = 0"
"ITHEOJ";"S";"0347";"                                 HJOU_IJQSORTIE1 = 0"
"ITHEOJ";"S";"0348";"                              FINSI"
"ITHEOJ";"S";"0349";"                           FINSI"
"ITHEOJ";"S";"0350";"                        FINSI"
"ITHEOJ";"S";"0351";"                     FINSI"
"ITHEOJ";"S";"0352";"                  FINSI"
"ITHEOJ";"S";"0353";"               FINSI"
"ITHEOJ";"S";"0354";"            FINSI"
"ITHEOJ";"S";"0355";"         FINSI"
"ITHEOJ";"S";"0356";"      FINSI"
"ITHEOJ";"S";"0357";"   FINSI"
"ITHEOJ";"S";"0358";"*"
"ITHEOJ";"S";"0359";"* calcul des durées"
"ITHEOJ";"S";"0360";"   LOCA_PLG1 = HJOU_IJQSORTIE1 - HJOU_IJQENTREE1"
"ITHEOJ";"S";"0361";"   LOCA_PLG2 = HJOU_IJQSORTIE2 - HJOU_IJQENTREE2"
"ITHEOJ";"S";"0362";"   LOCA_PLG3 = HJOU_IJQSORTIE3 - HJOU_IJQENTREE3"
"ITHEOJ";"S";"0363";"   LOCA_PLG4 = HJOU_IJQSORTIE4 - HJOU_IJQENTREE4"
"ITHEOJ";"S";"0364";"   LOCA_PLG5 = HJOU_IJQSORTIE5 - HJOU_IJQENTREE5"
"ITHEOJ";"S";"0365";"   LOCA_PLG6 = HJOU_IJQSORTIE6 - HJOU_IJQENTREE6"
"ITHEOJ";"S";"0366";"   LOCA_PLG7 = HJOU_IJQSORTIE7 - HJOU_IJQENTREE7"
"ITHEOJ";"S";"0367";"*"
"ITHEOJ";"S";"0368";"* employé géré sur optimum"
"ITHEOJ";"S";"0369";"   SI CTRA_TYPEPLAN <> ""0"""
"ITHEOJ";"S";"0370";"      SI HJOU_IJQENTREE1 <> 0"
"ITHEOJ";"S";"0371";"* 2 plages"
"ITHEOJ";"S";"0372";"         SI HJOU_IJQENTREE2 <> 0"
"ITHEOJ";"S";"0373";"            HJOU_IJQPLGMAT = LOCA_PLG1"
"ITHEOJ";"S";"0374";"            HJOU_IJQPLGAPM = LOCA_PLG2"
"ITHEOJ";"S";"0375";"         SINON"
"ITHEOJ";"S";"0376";"* 1 seule plage"
"ITHEOJ";"S";"0377";"* la plage commence avant le champ mi-journée"
"ITHEOJ";"S";"0378";"            SI HJOU_IJQENTREE1 < PROF_HRMIDI"
"ITHEOJ";"S";"0379";"               HJOU_IJQPLGMAT = LOCA_PLG1"
"ITHEOJ";"S";"0380";"            SINON"
"ITHEOJ";"S";"0381";"               HJOU_IJQPLGAPM = LOCA_PLG1"
"ITHEOJ";"S";"0382";"            FINSI"
"ITHEOJ";"S";"0383";"         FINSI"
"ITHEOJ";"S";"0384";"      SINON"
"ITHEOJ";"S";"0385";"* pas de plage, RAZ des compteurs"
"ITHEOJ";"S";"0386";"         HJOU_IJQPLGMAT = 0"
"ITHEOJ";"S";"0387";"         HJOU_IJQPLGAPM = 0"
"ITHEOJ";"S";"0388";"      FINSI"
"ITHEOJ";"S";"0389";"   SINON"
"ITHEOJ";"S";"0390";"*"
"ITHEOJ";"S";"0391";"* employé non géré sur optimum (HQ Ressources et GT avec profil dynamique)"
"ITHEOJ";"S";"0392";"*"
"ITHEOJ";"S";"0393";"* 1ère plage"
"ITHEOJ";"S";"0394";"      SI HJOU_IJQENTREE1 <> 0"
"ITHEOJ";"S";"0395";"         SI HJOU_IJQENTREE1 < PROF_HRMIDI"
"ITHEOJ";"S";"0396";"            SI HJOU_IJQSORTIE1 < PROF_HRMIDI"
"ITHEOJ";"S";"0397";"               HJOU_IJQPLGMAT = LOCA_PLG1"
"ITHEOJ";"S";"0398";"            SINON"
"ITHEOJ";"S";"0399";"               HJOU_IJQPLGMAT = PROF_HRMIDI - HJOU_IJQENTREE1"
"ITHEOJ";"S";"0400";"               HJOU_IJQPLGAPM = HJOU_IJQSORTIE1 - PROF_HRMIDI"
"ITHEOJ";"S";"0401";"            FINSI"
"ITHEOJ";"S";"0402";"         SINON"
"ITHEOJ";"S";"0403";"            HJOU_IJQPLGAPM = LOCA_PLG1"
"ITHEOJ";"S";"0404";"         FINSI"
"ITHEOJ";"S";"0405";"      FINSI"
"ITHEOJ";"S";"0406";"* 2ème plage"
"ITHEOJ";"S";"0407";"      SI HJOU_IJQENTREE2 <> 0"
"ITHEOJ";"S";"0408";"         SI HJOU_IJQENTREE2 < PROF_HRMIDI"
"ITHEOJ";"S";"0409";"            SI HJOU_IJQSORTIE2 < PROF_HRMIDI"
"ITHEOJ";"S";"0410";"               HJOU_IJQPLGMAT = HJOU_IJQPLGMAT + LOCA_PLG2"
"ITHEOJ";"S";"0411";"            SINON"
"ITHEOJ";"S";"0412";"               LOCA_DUR = PROF_HRMIDI - HJOU_IJQENTREE2"
"ITHEOJ";"S";"0413";"               HJOU_IJQPLGMAT = HJOU_IJQPLGMAT + LOCA_DUR"
"ITHEOJ";"S";"0414";"               LOCA_DUR = HJOU_IJQSORTIE2 - PROF_HRMIDI"
"ITHEOJ";"S";"0415";"               HJOU_IJQPLGAPM = HJOU_IJQPLGAPM + LOCA_DUR"
"ITHEOJ";"S";"0416";"            FINSI"
"ITHEOJ";"S";"0417";"         SINON"
"ITHEOJ";"S";"0418";"            HJOU_IJQPLGAPM = HJOU_IJQPLGAPM + LOCA_PLG2"
"ITHEOJ";"S";"0419";"         FINSI"
"ITHEOJ";"S";"0420";"      FINSI"
"ITHEOJ";"S";"0421";"* 3ème plage"
"ITHEOJ";"S";"0422";"      SI HJOU_IJQENTREE3 <> 0"
"ITHEOJ";"S";"0423";"         SI HJOU_IJQENTREE3 < PROF_HRMIDI"
"ITHEOJ";"S";"0424";"            SI HJOU_IJQSORTIE3 < PROF_HRMIDI"
"ITHEOJ";"S";"0425";"               HJOU_IJQPLGMAT = HJOU_IJQPLGMAT + LOCA_PLG3"
"ITHEOJ";"S";"0426";"            SINON"
"ITHEOJ";"S";"0427";"               LOCA_DUR = PROF_HRMIDI - HJOU_IJQENTREE3"
"ITHEOJ";"S";"0428";"               HJOU_IJQPLGMAT = HJOU_IJQPLGMAT + LOCA_DUR"
"ITHEOJ";"S";"0429";"               LOCA_DUR = HJOU_IJQSORTIE3 - PROF_HRMIDI"
"ITHEOJ";"S";"0430";"               HJOU_IJQPLGAPM = HJOU_IJQPLGAPM + LOCA_DUR"
"ITHEOJ";"S";"0431";"            FINSI"
"ITHEOJ";"S";"0432";"         SINON"
"ITHEOJ";"S";"0433";"            HJOU_IJQPLGAPM = HJOU_IJQPLGAPM + LOCA_PLG3"
"ITHEOJ";"S";"0434";"         FINSI"
"ITHEOJ";"S";"0436";"* 4ème plage"
"ITHEOJ";"S";"0437";"      SI HJOU_IJQENTREE4 <> 0"
"ITHEOJ";"S";"0438";"         SI HJOU_IJQENTREE4 < PROF_HRMIDI"
"ITHEOJ";"S";"0439";"            SI HJOU_IJQSORTIE4 < PROF_HRMIDI"
"ITHEOJ";"S";"0440";"               HJOU_IJQPLGMAT = HJOU_IJQPLGMAT + LOCA_PLG4"
"ITHEOJ";"S";"0441";"            SINON"
"ITHEOJ";"S";"0442";"               LOCA_DUR = PROF_HRMIDI - HJOU_IJQENTREE4"
"ITHEOJ";"S";"0443";"               HJOU_IJQPLGMAT = HJOU_IJQPLGMAT + LOCA_DUR"
"ITHEOJ";"S";"0444";"               LOCA_DUR = HJOU_IJQSORTIE4 - PROF_HRMIDI"
"ITHEOJ";"S";"0445";"               HJOU_IJQPLGAPM = HJOU_IJQPLGAPM + LOCA_DUR"
"ITHEOJ";"S";"0446";"            FINSI"
"ITHEOJ";"S";"0447";"         SINON"
"ITHEOJ";"S";"0448";"            HJOU_IJQPLGAPM = HJOU_IJQPLGAPM + LOCA_PLG4"
"ITHEOJ";"S";"0449";"         FINSI"
"ITHEOJ";"S";"0450";"      FINSI"
"ITHEOJ";"S";"0451";"* 5ème plage"
"ITHEOJ";"S";"0452";"      SI HJOU_IJQENTREE5 <> 0"
"ITHEOJ";"S";"0453";"         SI HJOU_IJQENTREE5 < PROF_HRMIDI"
"ITHEOJ";"S";"0454";"            SI HJOU_IJQSORTIE5 < PROF_HRMIDI"
"ITHEOJ";"S";"0455";"               HJOU_IJQPLGMAT = HJOU_IJQPLGMAT + LOCA_PLG5"
"ITHEOJ";"S";"0456";"            SINON"
"ITHEOJ";"S";"0457";"               LOCA_DUR = PROF_HRMIDI - HJOU_IJQENTREE5"
"ITHEOJ";"S";"0458";"               HJOU_IJQPLGMAT = HJOU_IJQPLGMAT + LOCA_DUR"
"ITHEOJ";"S";"0459";"               LOCA_DUR = HJOU_IJQSORTIE5 - PROF_HRMIDI"
"ITHEOJ";"S";"0460";"               HJOU_IJQPLGAPM = HJOU_IJQPLGAPM + LOCA_DUR"
"ITHEOJ";"S";"0461";"            FINSI"
"ITHEOJ";"S";"0462";"         SINON"
"ITHEOJ";"S";"0463";"            HJOU_IJQPLGAPM = HJOU_IJQPLGAPM + LOCA_PLG5"
"ITHEOJ";"S";"0464";"         FINSI"
"ITHEOJ";"S";"0465";"      FINSI"
"ITHEOJ";"S";"0466";"* 6ème plage"
"ITHEOJ";"S";"0467";"      SI HJOU_IJQENTREE6 <> 0"
"ITHEOJ";"S";"0468";"         SI HJOU_IJQENTREE6 < PROF_HRMIDI"
"ITHEOJ";"S";"0469";"            SI HJOU_IJQSORTIE6 < PROF_HRMIDI"
"ITHEOJ";"S";"0470";"               HJOU_IJQPLGMAT = HJOU_IJQPLGMAT + LOCA_PLG6"
"ITHEOJ";"S";"0471";"            SINON"
"ITHEOJ";"S";"0472";"               LOCA_DUR = PROF_HRMIDI - HJOU_IJQENTREE6"
"ITHEOJ";"S";"0473";"               HJOU_IJQPLGMAT = HJOU_IJQPLGMAT + LOCA_DUR"
"ITHEOJ";"S";"0474";"               LOCA_DUR = HJOU_IJQSORTIE6 - PROF_HRMIDI"
"ITHEOJ";"S";"0475";"               HJOU_IJQPLGAPM = HJOU_IJQPLGAPM + LOCA_DUR"
"ITHEOJ";"S";"0476";"            FINSI"
"ITHEOJ";"S";"0477";"         SINON"
"ITHEOJ";"S";"0478";"            HJOU_IJQPLGAPM = HJOU_IJQPLGAPM + LOCA_PLG6"
"ITHEOJ";"S";"0479";"         FINSI"
"ITHEOJ";"S";"0480";"      FINSI"
"ITHEOJ";"S";"0481";"* 7ème plage"
"ITHEOJ";"S";"0482";"      SI HJOU_IJQENTREE7 <> 0"
"ITHEOJ";"S";"0483";"         SI HJOU_IJQENTREE7 < PROF_HRMIDI"
"ITHEOJ";"S";"0484";"            SI HJOU_IJQSORTIE7 < PROF_HRMIDI"
"ITHEOJ";"S";"0485";"               HJOU_IJQPLGMAT = HJOU_IJQPLGMAT + LOCA_PLG7"
"ITHEOJ";"S";"0486";"            SINON"
"ITHEOJ";"S";"0487";"               LOCA_DUR = PROF_HRMIDI - HJOU_IJQENTREE7"
"ITTRAVMINE";"S";"0025";"   TEMP_ITQJLJF;O;A3;X;;;     6789;;;V3;""Jour lendemain jour férié"";"
"ITTRAVMINE";"S";"0026";"FINDICO"
"ITTRAVMINE";"S";"0027";"*"
"ITTRAVMINE";"S";"0028";"DEBANO"
"ITTRAVMINE";"S";"0029";"   159;8;""Plus de 6 jours consécutifs de travail dans la semaine"";"
"ITTRAVMINE";"S";"0030";"   160;8;""Moins de 18 ans : durée du repos quotidien non respecté"";"
"ITTRAVMINE";"S";"0031";"   164;8;""Moins de 18 ans : le nombre d'HS maximum est atteint"";"
"ITTRAVMINE";"S";"0032";"   165;6;""Moins de 18 ans : jour férié travaillé si dérogation légale"";"
"ITTRAVMINE";"S";"0033";"   166;6;""Moins de 18 ans : présence supérieure au maxi sauf si dérogation légale"";"
"ITTRAVMINE";"S";"0034";"   173;8;""Moins de 18 ans : travail entre 22h et 6h interdit sauf dérogation légale"";"
"ITTRAVMINE";"S";"0035";"   183;7;""Durée du repos hebdomadaire non respecté"";"
"ITTRAVMINE";"S";"0036";"FINANO"
"ITTRAVMINE";"S";"0037";"*"
"ITTRAVMINE";"S";"0038";"*------------------------------------------------*"
"ITTRAVMINE";"S";"0039";"* Définition des variables locales"
"ITTRAVMINE";"S";"0040";"*------------------------------------------------*"
"ITTRAVMINE";"S";"0041";"*"
"ITTRAVMINE";"S";"0042";"DEF LOCA_AGE N2"
"ITTRAVMINE";"S";"0043";"LOCA_AGE = 0"
"ITTRAVMINE";"S";"0044";"DEF LOCA_DERBADG T6.2"
"ITTRAVMINE";"S";"0045";"LOCA_DERBADG = 0"
"ITTRAVMINE";"S";"0046";"DEF LOCA_CALCUL N1"
"ITTRAVMINE";"S";"0047";"LOCA_CALCUL = 0"
"ITTRAVMINE";"S";"0048";"DEF LOCA_24 T6.2"
"ITTRAVMINE";"S";"0049";"LOCA_24 = 24"
"ITTRAVMINE";"S";"0050";"DEF LOCA_REPOS T6.2"
"ITTRAVMINE";"S";"0051";"LOCA_REPOS = 24.00"
"ITTRAVMINE";"S";"0052";"DEF LOCA_LENDREP2 T6.2"
"ITTRAVMINE";"S";"0053";"LOCA_LENDREP2 = 0"
"ITTRAVMINE";"S";"0054";"DEF LOCA_VEILPRESBA T6.2"
"ITTRAVMINE";"S";"0055";"LOCA_VEILPRESBA = 0"
"ITTRAVMINE";"S";"0056";"DEF LOCA_PREMBT T6.2"
"ITTRAVMINE";"S";"0057";"LOCA_PREMBT = 0"
"ITTRAVMINE";"S";"0058";"DEF LOCA_PTTHEO1 N1"
"ITTRAVMINE";"S";"0059";"LOCA_PTTHEO1 = 0"
"ITTRAVMINE";"S";"0060";"DEF LOCA_PTTHEO4 N1"
"ITTRAVMINE";"S";"0061";"LOCA_PTTHEO4 = 0"
"ITTRAVMINE";"S";"0062";"DEF LOCA_ANO N1"
"ITTRAVMINE";"S";"0063";"LOCA_ANO = 0"
"ITTRAVMINE";"S";"0064";"*"
"ITTRAVMINE";"S";"0065";"* Si la date de naissance est renseignée"
"ITTRAVMINE";"S";"0066";"SI EMPS_E2DATENAI <> "" """
"ITTRAVMINE";"S";"0067";"   DATDIFF EMPS_E2DATENAI 12 HJOU_DATE 12"
"ITTRAVMINE";"S";"0068";"   LOCA_AGE = TEMP_NXANNEE"
"ITTRAVMINE";"S";"0069";"*"
"ITTRAVMINE";"S";"0070";"   SI LOCA_AGE < 18"
"ITTRAVMINE";"S";"0071";"***************************************************************"
"ITTRAVMINE";"S";"0072";"*************** Durée du travail max journalier ***************"
"ITTRAVMINE";"S";"0073";"***************************************************************"
"ITTRAVMINE";"S";"0074";"      SI LOCA_AGE < 16"
"ITTRAVMINE";"S";"0075";"         SI HJOU_IJQTTEFFEJ > 7"
"ITTRAVMINE";"S";"0076";"            ANOMALIE 166"
"ITTRAVMINE";"S";"0077";"         FINSI"
"ITTRAVMINE";"S";"0078";"      SINON"
"ITTRAVMINE";"S";"0079";"         SI HJOU_IJQTTEFFEJ > 8"
"ITTRAVMINE";"S";"0080";"            ANOMALIE 166"
"ITTRAVMINE";"S";"0081";"         FINSI"
"ITTRAVMINE";"S";"0082";"      FINSI"
"ITTRAVMINE";"S";"0083";"***************************************************************"
"ITTRAVMINE";"S";"0084";"************************* Repos hebdo *************************"
"ITTRAVMINE";"S";"0085";"***************************************************************"
"ITTRAVMINE";"S";"0086";"*     Pas plus de 5 jours travaillés dans la semaine"
"ITTRAVMINE";"S";"0087";"      SI HJOU_IJRNBTRAVS > 5"
"ITTRAVMINE";"S";"0088";"         HJOU_IJRNBTRAVS = 0"
"ITTRAVMINE";"S";"0089";"         ANOMALIE 159"
"ITTRAVMINE";"S";"0090";"      FINSI"
"ITTRAVMINE";"S";"0091";"*"
"ITTRAVMINE";"S";"0092";"*     Minimum 36h de repos consécutives"
"ITTRAVMINE";"S";"0093";"*     Récupération des heures effectives de la veille"
"ITTRAVMINE";"S";"0094";"      LIREVALPRE LOCA_VEILPRESBA HJOU_IJQTTEFFEJ"
"ITTRAVMINE";"S";"0095";"*     Si pas d'heures effectives la veille"
"ITTRAVMINE";"S";"0096";"      SI LOCA_VEILPRESBA = 0"
"ITTRAVMINE";"S";"0097";"*        Nb heures repos hebdo"
"ITTRAVMINE";"S";"0098";"         SI HJOU_IJRREP35H >= 36"
"ITTRAVMINE";"S";"0099";"*           Indicateur pour déclenchement ano"
"ITTRAVMINE";"S";"0100";"            HJOU_IJRINDANO = 1"
"ITTRAVMINE";"S";"0101";"            LOCA_CALCUL = 1"
"ITTRAVMINE";"S";"0102";"            HJOU_IJRREP35H = 36"
"ITTRAVMINE";"S";"0103";"         FINSI"
"ITTRAVMINE";"S";"0104";"      FINSI"
"ITTRAVMINE";"S";"0105";"*"
"ITTRAVMINE";"S";"0106";"      SI LOCA_CALCUL <> 1"
"ITTRAVMINE";"S";"0107";"*        Si repos la veille"
"ITTRAVMINE";"S";"0108";"         LIREVALPRE LOCA_LENDREP2 HJOU_IJQTTEFFEJ"
"ITTRAVMINE";"S";"0109";"         SI LOCA_LENDREP2 = 0"
"ITTRAVMINE";"S";"0110";"            SI HJOU_IJQTTEFFEJ > 0"
"ITTRAVMINE";"S";"0111";"*"
"ITTRAVMINE";"S";"0112";"               HJOU_IJRREP35H = HJOU_IJRREP35H + LOCA_24"
"ITTRAVMINE";"S";"0113";"               HJOU_IJRREP35H = HJOU_IJRREP35H + HJOU_IJQPRBADGV"
"ITTRAVMINE";"S";"0114";"*"
"ITTRAVMINE";"S";"0115";"               SI HJOU_IJRREP35H < 36"
"ITTRAVMINE";"S";"0116";"                  HJOU_IJRINDANO = HJOU_IJRINDANO + 2"
"ITTRAVMINE";"S";"0117";"               SINON"
"ITTRAVMINE";"S";"0118";"                  HJOU_IJRINDANO = 1"
"ITTRAVMINE";"S";"0119";"               FINSI"
"ITTRAVMINE";"S";"0120";"            SINON"
"ITTRAVMINE";"S";"0121";"               HJOU_IJRREP35H = HJOU_IJRREP35H + LOCA_24"
"ITTRAVMINE";"S";"0122";"            FINSI"
"ITTRAVMINE";"S";"0123";"         SINON"
"ITTRAVMINE";"S";"0124";"            SI HJOU_IJQTTEFFEJ = 0"
"ITTRAVMINE";"S";"0125";"               LIREVALPRE LOCA_DERBADG HJOU_IJQDEBADGV"
"ITTRAVMINE";"S";"0126";"               HJOU_IJRREP35H = LOCA_24 - LOCA_DERBADG"
"ITTRAVMINE";"S";"0127";"            SINON"
"ITTRAVMINE";"S";"0128";"               HJOU_IJRINDANO = HJOU_IJRINDANO + 1"
"ITTRAVMINE";"S";"0129";"            FINSI"
"ITTRAVMINE";"S";"0130";"         FINSI"
"ITTRAVMINE";"S";"0131";"*"
"ITTRAVMINE";"S";"0132";"         SI HJOU_IJRINDANO = 7"
"ITTRAVMINE";"S";"0133";"            SI HJOU_IJQTTEFFEJ <> 0"
"ITTRAVMINE";"S";"0134";"               ANOMALIE 183"
"ITTRAVMINE";"S";"0135";"               HJOU_IJRINDANO = 0"
"ITTRAVMINE";"S";"0136";"            FINSI"
"ITTRAVMINE";"S";"0137";"         FINSI"
"ITTRAVMINE";"S";"0138";"*"
"ITTRAVMINE";"S";"0139";"         SI HJOU_IJRINDANO = 8"
"ITTRAVMINE";"S";"0140";"            ANOMALIE 183"
"ITTRAVMINE";"S";"0141";"            HJOU_IJRINDANO = 0"
"ITTRAVMINE";"S";"0142";"         FINSI"
"ITTRAVMINE";"S";"0143";"      FINSI"
"ITTRAVMINE";"S";"0144";"***************************************************************"
"ITTRAVMINE";"S";"0145";"*********************** Repos quotidien ***********************"
"ITTRAVMINE";"S";"0146";"***************************************************************"
"ITTRAVMINE";"S";"0147";"      SI HJOU_IJQDEBADGV > 0"
"ITTRAVMINE";"S";"0148";"         SI HJOU_IJQPRBADGV > 0"
"ITTRAVMINE";"S";"0149";"            LOCA_REPOS = HJOU_IJQPRBADGV + 24.00"
"ITTRAVMINE";"S";"0150";"            LOCA_REPOS = LOCA_REPOS - HJOU_IJRSDBADGV"
"ITTRAVMINE";"S";"0151";"         FINSI"
"ITTRAVMINE";"S";"0152";"      FINSI"
"ITTRAVMINE";"S";"0153";"      SI HJOU_IJIGBADGEA = ""0"""
"ITTRAVMINE";"S";"0154";"*        Contrôle si la plage n'est pas à blanc"
"ITTRAVMINE";"S";"0155";"         SI PROF_PTTHEO1 > 0"
"ITTRAVMINE";"S";"0156";"            SI PROF_PTTHEO1 < 100"
"ITTRAVMINE";"S";"0157";"               LOCA_PTTHEO1 = 1"
"ITTRAVMINE";"S";"0158";"            FINSI"
"ITTRAVMINE";"S";"0159";"         FINSI"
"ITTRAVMINE";"S";"0160";"*        Contrôle si la plage n'est pas à blanc"
"ITTRAVMINE";"S";"0161";"         SI PROF_PTTHEO4 > 0"
"ITTRAVMINE";"S";"0162";"            SI PROF_PTTHEO4 < 100"
"ITTRAVMINE";"S";"0163";"               LOCA_PTTHEO4 = 1"
"ITTRAVMINE";"S";"0164";"            FINSI"
"ITTRAVMINE";"S";"0165";"         FINSI"
"ITTRAVMINE";"S";"0166";"*"
"ITTRAVMINE";"S";"0167";"         SI LOCA_PTTHEO1 = 1"
"ITTRAVMINE";"S";"0168";"            LOCA_PREMBT = PROF_PTTHEO1"
"ITTRAVMINE";"S";"0169";"            SI LOCA_PTTHEO4 = 1"
"ITTRAVMINE";"S";"0170";"               HJOU_IJQDEBADGT = PROF_PTTHEO4"
"ITTRAVMINE";"S";"0171";"            SINON"
"ITTRAVMINE";"S";"0172";"               HJOU_IJQDEBADGT = PROF_PTTHEO2"
"ITTRAVMINE";"S";"0173";"            FINSI"
"IENFMALADE";"S";"0021";"*"
"ITTRAVMINE";"S";"0174";"            LOCA_REPOS = LOCA_PREMBT + 24.00"
"ITTRAVMINE";"S";"0175";"            LOCA_REPOS = LOCA_REPOS - HJOU_IJRDBADGTV"
"ITTRAVMINE";"S";"0176";"         SINON"
"ITTRAVMINE";"S";"0177";"            SI PROF_PTTHEO3 > 0"
"ITTRAVMINE";"S";"0178";"               SI PROF_PTTHEO3 < 100"
"ITTRAVMINE";"S";"0179";"                  LOCA_PREMBT = PROF_PTTHEO3"
"ITTRAVMINE";"S";"0180";"                  HJOU_IJQDEBADGT = PROF_PTTHEO4"
"ITTRAVMINE";"S";"0181";"                  LOCA_REPOS = LOCA_PREMBT + 24.00"
"ITTRAVMINE";"S";"0182";"                  LOCA_REPOS = LOCA_REPOS - HJOU_IJRDBADGTV"
"ITTRAVMINE";"S";"0183";"               FINSI"
"ITTRAVMINE";"S";"0184";"            FINSI"
"ITTRAVMINE";"S";"0185";"         FINSI"
"ITTRAVMINE";"S";"0186";"      FINSI"
"ITTRAVMINE";"S";"0187";"***************************************************************"
"ITTRAVMINE";"S";"0188";"******************** Travail sur jour férié *******************"
"ITTRAVMINE";"S";"0189";"***************************************************************"
"ITTRAVMINE";"S";"0190";"      SI TEMP_ITQJJF = ""OUI"""
"ITTRAVMINE";"S";"0191";"         SI HJOU_IJQTTEFFEJ > 0"
"ITTRAVMINE";"S";"0192";"            LOCA_ANO = 1"
"ITTRAVMINE";"S";"0193";"         FINSI"
"ITTRAVMINE";"S";"0194";"      FINSI"
"ITTRAVMINE";"S";"0195";"      SI TEMP_ITQJVJF = ""OUI"""
"ITTRAVMINE";"S";"0196";"         SI HJOU_IJRPREVEIL > 0"
"ITTRAVMINE";"S";"0197";"            LOCA_ANO = 1"
"ITTRAVMINE";"S";"0198";"         FINSI"
"ITTRAVMINE";"S";"0199";"      FINSI"
"ITTRAVMINE";"S";"0200";"*"
"ITTRAVMINE";"S";"0201";"      SI LOCA_ANO = 1"
"ITTRAVMINE";"S";"0202";"         ANOMALIE 165"
"ITTRAVMINE";"S";"0203";"      FINSI"
"ITTRAVMINE";"S";"0204";"***************************************************************"
"ITTRAVMINE";"S";"0205";"*********************** Travail 22h - 6h **********************"
"ITTRAVMINE";"S";"0206";"***************************************************************"
"ITTRAVMINE";"S";"0207";"      SI HJOU_IJQNBADGEA > 0"
"ITTRAVMINE";"S";"0208";"         SI HJOU_IJQPRBADGV < 6"
"ITTRAVMINE";"S";"0209";"         OU HJOU_IJQDEBADGV > 22"
"ITTRAVMINE";"S";"0210";"            ANOMALIE 173"
"ITTRAVMINE";"S";"0211";"         FINSI"
"ITTRAVMINE";"S";"0212";"      FINSI"
"ITTRAVMINE";"S";"0213";"*"
"ITTRAVMINE";"S";"0214";"************************************ Moins de 16 ans *************************************"
"ITTRAVMINE";"S";"0215";"      SI LOCA_AGE < 16"
"ITTRAVMINE";"S";"0216";"*        Anomalie si < 14h"
"ITTRAVMINE";"S";"0217";"         SI LOCA_REPOS > 0"
"ITTRAVMINE";"S";"0218";"            SI LOCA_REPOS < 14.00"
"ITTRAVMINE";"S";"0219";"               ANOMALIE 160"
"ITTRAVMINE";"S";"0220";"            FINSI"
"ITTRAVMINE";"S";"0221";"         FINSI"
"ITTRAVMINE";"S";"0222";"***************************************************************"
"ITTRAVMINE";"S";"0223";"************************** HS maximum *************************"
"ITTRAVMINE";"S";"0224";"***************************************************************"
"ITTRAVMINE";"S";"0225";"*        Dépassement de l'horaire hebdo temps plein"
"ITTRAVMINE";"S";"0226";"         SI HJOU_JOUR = ""7"""
"ITTRAVMINE";"S";"0227";"            SI HJOU_IJRBHSMPAH > PARD_IDIVHORCOH"
"ITTRAVMINE";"S";"0228";"               ANOMALIE 164"
"ITTRAVMINE";"S";"0229";"            FINSI"
"ITTRAVMINE";"S";"0230";"         FINSI"
"ITTRAVMINE";"S";"0231";"      SINON"
"ITTRAVMINE";"S";"0232";"************************************* De 16 à 18 ans *************************************"
"ITTRAVMINE";"S";"0233";"*        Anomalie si < 12h"
"ITTRAVMINE";"S";"0234";"         SI LOCA_REPOS > 0"
"ITTRAVMINE";"S";"0235";"            SI LOCA_REPOS < 12.00"
"ITTRAVMINE";"S";"0236";"               ANOMALIE 160"
"ITTRAVMINE";"S";"0237";"            FINSI"
"ITTRAVMINE";"S";"0238";"         FINSI"
"ITTRAVMINE";"S";"0239";"***************************************************************"
"ITTRAVMINE";"S";"0240";"************************** HS maximum *************************"
"ITTRAVMINE";"S";"0241";"***************************************************************"
"ITTRAVMINE";"S";"0242";"*        Dépassement de l'horaire hebdo temps plein"
"ITTRAVMINE";"S";"0243";"         SI HJOU_JOUR = ""7"""
"ITTRAVMINE";"S";"0244";"            SI HJOU_IJRBHSMPAH > PARD_IDIHSMINEU"
"ITTRAVMINE";"S";"0245";"               ANOMALIE 164"
"ITTRAVMINE";"S";"0246";"            FINSI"
"ITTRAVMINE";"S";"0247";"         FINSI"
"ITTRAVMINE";"S";"0248";"      FINSI"
"ITTRAVMINE";"S";"0249";"   FINSI"
"ITTRAVMINE";"S";"0250";"FINSI"
"ITTRAVMINE";"S";"0251";"*"
"ITTRAVMINE";"S";"0252";"FIN"
"IENFMALADE";"S";"0001";"**********************************************************************"
"IENFMALADE";"S";"0002";"* Règle     : IENFMALADE"
"IENFMALADE";"S";"0003";"* Ordre     : 7300"
"IENFMALADE";"S";"0004";"* Titre     : Congés enfant malade"
"IENFMALADE";"S";"0005";"* Package   : Privé 16.3"
"IENFMALADE";"S";"0006";"*----------------------------------------------------------------------"
"IENFMALADE";"S";"0007";"* Objectif  :"
"IENFMALADE";"S";"0008";"*"
"IENFMALADE";"S";"0009";"* Attribution de congés pour enfant malade"
"IENFMALADE";"S";"0010";"*"
"IENFMALADE";"S";"0011";"* Remarques :"
"IENFMALADE";"S";"0012";"*"
"IENFMALADE";"S";"0013";"*----------------------------------------------------------------------"
"IENFMALADE";"S";"0014";"* Créée par :"
"IENFMALADE";"S";"0015";"* Date      : JJ.MM.AAAA"
"IENFMALADE";"S";"0016";"*----------------------------------------------------------------------"
"IENFMALADE";"S";"0017";"* Màj par   :"
"IENFMALADE";"S";"0018";"* Date      : JJ.MM.AAAA"
"IENFMALADE";"S";"0019";"* Objet     :"
"IENFMALADE";"S";"0020";"***********************************************************************"
"IENFMALADE";"S";"0022";"* Implémentation des données industrielles"
"IENFMALADE";"S";"0023";"*"
"IENFMALADE";"S";"0024";"DEBDICO"
"IENFMALADE";"S";"0025";"   HJOU_IJRSCENFMA;N;N6,1;I;;;    56789;;IJRSCENFMA;V3;""Solde congé enfant malade"";"
"IENFMALADE";"S";"0026";"   PARD_IDISENFMA1;O;N2;I;;;123456789;;;C2;""Seuil 1 âge enfant malade"";"
"IENFMALADE";"S";"0027";"   PARD_IDISENFMA3;O;N2;I;;;123456789;;;C2;""Seuil 2 âge enfant malade"";"
"IENFMALADE";"S";"0028";"   PARD_IDIENFMAL1;O;N3,1;I;;;123456789;;;C2;""Droit enfant malade"";"
"IENFMALADE";"S";"0029";"   PARD_IDIENFMAL2;O;N3,1;I;;;123456789;;;C2;""Droit enfant malade maximum"";"
"IENFMALADE";"S";"0030";"FINDICO"
"IENFMALADE";"S";"0031";"*"
"IENFMALADE";"S";"0032";"DEBANO"
"IENFMALADE";"S";"0033";"   184;9;""Solde congés enfant malade insuffisant"";"
"IENFMALADE";"S";"0034";"   193;9;""Droit enfant malade supérieur au maximum"";"
"IENFMALADE";"S";"0035";"FINANO"
"IENFMALADE";"S";"0036";"*"
"IENFMALADE";"S";"0037";"* Déclaration des donnees locales"
"IENFMALADE";"S";"0038";"*"
"IENFMALADE";"S";"0039";"*"
"IENFMALADE";"S";"0040";"*"
"IENFMALADE";"S";"0041";"DEF LOCA_ENF N2"
"IENFMALADE";"S";"0042";"LOCA_ENF = 0"
"IENFMALADE";"S";"0043";"DEF LOCA_ENF16 N2"
"IENFMALADE";"S";"0044";"LOCA_ENF16 = 0"
"IENFMALADE";"S";"0045";"DEF LOCA_ENFT N2"
"IENFMALADE";"S";"0046";"LOCA_ENFT = 0"
"IENFMALADE";"S";"0047";"DEF LOCA_DROIT N2"
"IENFMALADE";"S";"0048";"LOCA_DROIT = 0"
"IENFMALADE";"S";"0049";"DEF LOCA_VAL N2.1"
"IENFMALADE";"S";"0050";"LOCA_VAL = 0"
"IENFMALADE";"S";"0051";"DEF LOCA_CALCUL N1"
"IENFMALADE";"S";"0052";"LOCA_CALCUL = 0"
"IENFMALADE";"S";"0053";"*"
"IENFMALADE";"S";"0054";"* Attribution du droit"
"IENFMALADE";"S";"0055";"POUR ENFANTS"
"IENFMALADE";"S";"0056";"   SI HJOU_DATE = ENFT_ENFDATENAI"
"IENFMALADE";"S";"0057";"      LOCA_CALCUL = 1"
"IENFMALADE";"S";"0058";"   FINSI"
"IENFMALADE";"S";"0059";"FINPOUR"
"IENFMALADE";"S";"0060";"*"
"IENFMALADE";"S";"0061";"SI HJOU_DATE(5:4) = ""0101"""
"IENFMALADE";"S";"0062";"OU LOCA_CALCUL = 1"
"IENFMALADE";"S";"0063";"*"
"IENFMALADE";"S";"0064";"* Nombre d'enfants"
"IENFMALADE";"S";"0065";"   POUR ENFANTS"
"IENFMALADE";"S";"0066";"      SI ENFT_ENFACHARGE = ""1"""
"IENFMALADE";"S";"0067";"         DATDIFF ENFT_ENFDATENAI 12 HJOU_DATE 12"
"IENFMALADE";"S";"0068";"* l'enfant à moins de 1 an"
"IENFMALADE";"S";"0069";"         SI TEMP_NXJOUR > 0"
"IENFMALADE";"S";"0070";"         OU LOCA_CALCUL = 1"
"IENFMALADE";"S";"0071";"            SI TEMP_NXANNEE < PARD_IDISENFMA1"
"IENFMALADE";"S";"0072";"               LOCA_ENF = LOCA_ENF + 1"
"IENFMALADE";"S";"0073";"            SINON"
"IENFMALADE";"S";"0074";"               SI TEMP_NXANNEE < PARD_IDISENFMA3"
"IENFMALADE";"S";"0075";"                  LOCA_ENF16 = LOCA_ENF16 + 1"
"IENFMALADE";"S";"0076";"               FINSI"
"IENFMALADE";"S";"0077";"            FINSI"
"IENFMALADE";"S";"0078";"         FINSI"
"ITHEOJ";"S";"0488";"               HJOU_IJQPLGMAT = HJOU_IJQPLGMAT + LOCA_DUR"
"ITHEOJ";"S";"0489";"               LOCA_DUR = HJOU_IJQSORTIE7 - PROF_HRMIDI"
"ITHEOJ";"S";"0490";"               HJOU_IJQPLGAPM = HJOU_IJQPLGAPM + LOCA_DUR"
"ITHEOJ";"S";"0491";"            FINSI"
"ITHEOJ";"S";"0492";"         SINON"
"ITHEOJ";"S";"0493";"            HJOU_IJQPLGAPM = HJOU_IJQPLGAPM + LOCA_PLG7"
"ITHEOJ";"S";"0494";"         FINSI"
"ITHEOJ";"S";"0495";"      FINSI"
"ITHEOJ";"S";"0496";"   FINSI"
"ITHEOJ";"S";"0497";"*"
"ITHEOJ";"S";"0498";"* total plages"
"ITHEOJ";"S";"0499";"   HJOU_IJQPLGTOTJ = HJOU_IJQPLGMAT + HJOU_IJQPLGAPM"
"ITHEOJ";"S";"0500";"FINSI"
"ITHEOJ";"S";"0501";"FIN"
"ICHEVA";"S";"0001";"***********************************************************************"
"ICHEVA";"S";"0002";"* Règle     : ICHEVA"
"ICHEVA";"S";"0003";"* Ordre     : 3400"
"ICHEVA";"S";"0004";"* Titre     : Contrôle chevauchement motifs"
"ICHEVA";"S";"0005";"* Package   : Privé 16.3"
"ICHEVA";"S";"0006";"*----------------------------------------------------------------------"
"ICHEVA";"S";"0007";"*"
"ICHEVA";"S";"0008";"*"
"ICHEVA";"S";"0009";"* Rôle : Contrôle chevauchement motifs"
"ICHEVA";"S";"0010";"*"
"ICHEVA";"S";"0011";"*"
"ICHEVA";"S";"0012";"*"
"ICHEVA";"S";"0013";"*"
"ICHEVA";"S";"0014";"*----------------------------------------------------------------------"
"ICHEVA";"S";"0015";"* Créé par : HQ sector"
"ICHEVA";"S";"0016";"* Date     : 17/03/2025"
"ICHEVA";"S";"0017";"* Version  : 1"
"ICHEVA";"S";"0018";"*----------------------------------------------------------------------"
"ICHEVA";"S";"0019";"* Modifiée par : Cellule Industrialisation"
"ICHEVA";"S";"0020";"* Date         : JJ/MM/AAAA"
"ICHEVA";"S";"0021";"* Objet        :"
"ICHEVA";"S";"0022";"***********************************************************************"
"ICHEVA";"S";"0023";"*"
"ICHEVA";"S";"0024";"* Implémentation des données industrielles"
"ICHEVA";"S";"0025";"*"
"ICHEVA";"S";"0026";"DEBDICO"
"ICHEVA";"S";"0027";"   TEMP_ITCHEVCD;N;T6,2;I;;;9;;;V3;""Durée de chevauchement C/D"";"
"ICHEVA";"S";"0028";"   TEMP_ITCHEVTTE;N;T6,2;I;;;9;;;V3;""Durée de chevauchement TTE"";"
"ICHEVA";"S";"0029";"   TEMP_ITCHEHS;N;T6,2;I;;;9;;;V3;""Durée de chevauchement HS"";"
"ICHEVA";"S";"0030";"   TEMP_ITCHEHP;N;T6,2;I;;;9;;;V3;""Durée de chevauchement Heure base payée"";"
"ICHEVA";"S";"0031";"   PARD_IDIHDEBP;O;A1;X;;;     6789;L9;;C3;""Découpage semaine"";"
"ICHEVA";"S";"0032";"   HJOU_IJRHEHSV;N;T6,2;I;;;9;;IJRHEHSV;V3;""Chevauchement HS veille"";"
"ICHEVA";"S";"0033";"   HJOU_IJRHEHPV;N;T6,2;I;;;9;;IJRHEHPV;V3;""Chevauchement Heure base payée veille "";"
"ICHEVA";"S";"0034";"FINDICO"
"ICHEVA";"S";"0035";"*"
"ICHEVA";"S";"0036";"*"
"ICHEVA";"S";"0037";"DEBANO"
"ICHEVA";"S";"0038";"   155;5;""Chevauchement d'absence et d'heures badgées"";"
"ICHEVA";"S";"0039";"FINANO"
"ICHEVA";"S";"0040";"* Déclaration des donnees locales"
"ICHEVA";"S";"0041";"*"
"ICHEVA";"S";"0042";"DEF LOCA_MVE T6.2"
"ICHEVA";"S";"0043";"LOCA_MVE = 0"
"ICHEVA";"S";"0044";"DEF LOCA_MVS T6.2"
"ICHEVA";"S";"0045";"LOCA_MVS = 0"
"ICHEVA";"S";"0046";"DEF LOCA_MOTE T6.2"
"ICHEVA";"S";"0047";"LOCA_MOTE = 0"
"ICHEVA";"S";"0048";"DEF LOCA_MOTS T6.2"
"ICHEVA";"S";"0049";"LOCA_MOTS = 0"
"ICHEVA";"S";"0050";"DEF LOCA_DURC T6.2"
"ICHEVA";"S";"0051";"LOCA_DURC = 0.00"
"ICHEVA";"S";"0052";"DEF LOCA_DUR T6.2"
"ICHEVA";"S";"0053";"LOCA_DUR = 0.00"
"ICHEVA";"S";"0054";"DEF LOCA_DURTTE T6.2"
"ICHEVA";"S";"0055";"LOCA_DURTTE = 0.00"
"ICHEVA";"S";"0056";"DEF LOCA_DURHS T6.2"
"ICHEVA";"S";"0057";"LOCA_DURHS = 0.00"
"ICHEVA";"S";"0058";"DEF LOCA_DURHP T6.2"
"ICHEVA";"S";"0059";"LOCA_DURHP = 0.00"
"ICHEVA";"S";"0060";"DEF LOCA_NULL T6.2"
"ICHEVA";"S";"0061";"LOCA_NULL = 545.0"
"ICHEVA";"S";"0062";"DEF LOCA_DURHSV T6.2"
"ICHEVA";"S";"0063";"LOCA_DURHSV = 0.00"
"ICHEVA";"S";"0064";"DEF LOCA_DURHPV T6.2"
"ICHEVA";"S";"0065";"LOCA_DURHPV = 0.00"
"ICHEVA";"S";"0066";"DEF LOCA_24 T6.2"
"ICHEVA";"S";"0067";"LOCA_24 = 24.00"
"ICHEVA";"S";"0068";"DEF LOCA_MVEV T6.2"
"ICHEVA";"S";"0069";"LOCA_MVEV = 0"
"ICHEVA";"S";"0070";"DEF LOCA_MVSV T6.2"
"ICHEVA";"S";"0071";"LOCA_MVSV = 0"
"ICHEVA";"S";"0072";"DEF LOCA_DURHSV2 T6.2"
"ICHEVA";"S";"0073";"LOCA_DURHSV2 = 0.00"
"ICHEVA";"S";"0074";"DEF LOCA_DURHPV2 T6.2"
"ICHEVA";"S";"0075";"LOCA_DURHPV2 = 0.00"
"ICHEVA";"S";"0076";"*"
"ICHEVA";"S";"0077";"**** RAZ journalier"
"ICHEVA";"S";"0078";"*"
"ICHEVA";"S";"0079";"LOCA_DURHPV2 = HJOU_IJRHEHPV"
"ICHEVA";"S";"0080";"LOCA_DURHSV2 = HJOU_IJRHEHSV"
"ICHEVA";"S";"0081";"HJOU_IJRHEHSV = 0"
"ICHEVA";"S";"0082";"HJOU_IJRHEHPV = 0"
"ICHEVA";"S";"0083";"*"
"ICHEVA";"S";"0084";"SI HJOU_IJIGBADGEA = ""1"""
"ICHEVA";"S";"0085";"   SI HJOU_DATE <= TEMP_DATJOU"
"ICHEVA";"S";"0086";"      POUR ACTIVITES"
"ICHEVA";"S";"0087";"         SI MOTI_IMIGCHEVAU = ""1"""
"ICHEVA";"S";"0088";"            SI HABS_VALORIS = ""H"""
"ICHEVA";"S";"0089";"               SI HABS_HRADEB <> 0"
"ICHEVA";"S";"0090";"                  SI HABS_HRADEB <> LOCA_NULL"
"ICHEVA";"S";"0091";"                     LOCA_MOTE = HABS_HRADEB"
"ICHEVA";"S";"0092";"                     LOCA_MOTS = HABS_HRAFIN"
"ICHEVA";"S";"0093";"                     LOCA_MVE = HJOU_IJQMVTENT1"
"ICHEVA";"S";"0094";"                     LOCA_MVS = HJOU_IJQMVTSOR1"
"ICHEVA";"S";"0095";"                     FAIRE CHEVAU"
"ICHEVA";"S";"0096";"                     SI MOTI_IMIGTTEFFE = ""1"""
"ICHEVA";"S";"0097";"                        FAIRE CHETTE"
"ICHEVA";"S";"0098";"                     FINSI"
"ICHEVA";"S";"0099";"                     SI MOTI_IMIGDEBCRE = ""1"""
"ICHEVA";"S";"0100";"                     OU MOTI_IMIGCREDNB = ""1"""
"ICHEVA";"S";"0101";"                        FAIRE CHECD"
"ICHEVA";"S";"0102";"                     FINSI"
"ICHEVA";"S";"0103";"                     SI MOTI_IMIGHRSSUP = ""1"""
"ICHEVA";"S";"0104";"                        FAIRE CHEHS"
"ICHEVA";"S";"0105";"                     FINSI"
"ICHEVA";"S";"0106";"                     SI MOTI_IMIGHRPAYE = ""1"""
"ICHEVA";"S";"0107";"                        FAIRE CHEHP"
"ICHEVA";"S";"0108";"                     FINSI"
"ICHEVA";"S";"0109";"                     LOCA_MVE = HJOU_IJQMVTENT2"
"ICHEVA";"S";"0110";"                     LOCA_MVS = HJOU_IJQMVTSOR2"
"ICHEVA";"S";"0111";"                     FAIRE CHEVAU"
"ICHEVA";"S";"0112";"                     SI MOTI_IMIGTTEFFE = ""1"""
"ICHEVA";"S";"0113";"                        FAIRE CHETTE"
"ICHEVA";"S";"0114";"                     FINSI"
"ICHEVA";"S";"0115";"                     SI MOTI_IMIGDEBCRE = ""1"""
"ICHEVA";"S";"0116";"                     OU MOTI_IMIGCREDNB = ""1"""
"ICHEVA";"S";"0117";"                        FAIRE CHECD"
"ICHEVA";"S";"0118";"                     FINSI"
"ICHEVA";"S";"0119";"                     SI MOTI_IMIGHRSSUP = ""1"""
"ICHEVA";"S";"0120";"                        FAIRE CHEHS"
"ICHEVA";"S";"0121";"                     FINSI"
"FCTUTILES";"S";"0001";"**********************************************************************"
"FCTUTILES";"S";"0002";"* Règle     : FCTUTILES"
"FCTUTILES";"S";"0003";"* Ordre     : 2020"
"FCTUTILES";"S";"0004";"* Libellé   : Fonctions utiles au développement"
"FCTUTILES";"S";"0005";"* Package   : Privé 16.3"
"FCTUTILES";"S";"0006";"*----------------------------------------------------------------------"
"FCTUTILES";"S";"0007";"* Objectif  : Liste de fonctions utiles au développement de règles"
"FCTUTILES";"S";"0008";"*             a) ARRONDI AU DEMI SUPÉRIEUR"
"FCTUTILES";"S";"0009";"*             b) ARRONDI À L'ENTIER SUPÉRIEUR"
"FCTUTILES";"S";"0010";"*             c) ARRONDI À L'ENTIER INFÉRIEUR"
"FCTUTILES";"S";"0011";"*             d) CONVERSION DATE AU FORMAT JJMM (ALPHA) VERS AAAAMMJJ (DATE)"
"FCTUTILES";"S";"0012";"*             e) LA SEMAINE COURANTE EST-ELLE À CHEVAL SUR 2 MOIS ?"
"FCTUTILES";"S";"0013";"*               (test sur dernier jour du mois ou dernier lundi du mois)"
"FCTUTILES";"S";"0014";"*             f) QUEL JOUR DE LA SEMAINE SOMMES-NOUS AUJOURD'HUI ?"
"FCTUTILES";"S";"0015";"*             g) VALIDITE DES MOTIFS DANS LE FUTUR"
"FCTUTILES";"S";"0016";"*----------------------------------------------------------------------"
"FCTUTILES";"S";"0017";"* Créée par : HQSector"
"FCTUTILES";"S";"0018";"***********************************************************************"
"FCTUTILES";"S";"0019";"*"
"FCTUTILES";"S";"0020";"* Définitions suivantes présentes uniquement pour éviter des erreurs"
"FCTUTILES";"S";"0021";"* lors de la sauvegarde de la règle"
"ICHEVA";"S";"0122";"                     SI MOTI_IMIGHRPAYE = ""1"""
"ICHEVA";"S";"0123";"                        FAIRE CHEHP"
"ICHEVA";"S";"0124";"                     FINSI"
"ICHEVA";"S";"0125";"                     LOCA_MVE = HJOU_IJQMVTENT3"
"ICHEVA";"S";"0126";"                     LOCA_MVS = HJOU_IJQMVTSOR3"
"ICHEVA";"S";"0127";"                     FAIRE CHEVAU"
"ICHEVA";"S";"0128";"                     SI MOTI_IMIGTTEFFE = ""1"""
"ICHEVA";"S";"0129";"                        FAIRE CHETTE"
"ICHEVA";"S";"0130";"                     FINSI"
"ICHEVA";"S";"0131";"                     SI MOTI_IMIGDEBCRE = ""1"""
"ICHEVA";"S";"0132";"                     OU MOTI_IMIGCREDNB = ""1"""
"ICHEVA";"S";"0133";"                        FAIRE CHECD"
"ICHEVA";"S";"0134";"                     FINSI"
"ICHEVA";"S";"0135";"                     SI MOTI_IMIGHRSSUP = ""1"""
"ICHEVA";"S";"0136";"                        FAIRE CHEHS"
"ICHEVA";"S";"0137";"                     FINSI"
"ICHEVA";"S";"0138";"                     SI MOTI_IMIGHRPAYE = ""1"""
"ICHEVA";"S";"0139";"                        FAIRE CHEHP"
"ICHEVA";"S";"0140";"                     FINSI"
"ICHEVA";"S";"0141";"                     LOCA_MVE = HJOU_IJQMVTENT4"
"ICHEVA";"S";"0142";"                     LOCA_MVS = HJOU_IJQMVTSOR4"
"ICHEVA";"S";"0143";"                     FAIRE CHEVAU"
"ICHEVA";"S";"0144";"                     SI MOTI_IMIGTTEFFE = ""1"""
"ICHEVA";"S";"0145";"                        FAIRE CHETTE"
"ICHEVA";"S";"0146";"                     FINSI"
"ICHEVA";"S";"0147";"                     SI MOTI_IMIGDEBCRE = ""1"""
"ICHEVA";"S";"0148";"                     OU MOTI_IMIGCREDNB = ""1"""
"ICHEVA";"S";"0149";"                        FAIRE CHECD"
"ICHEVA";"S";"0150";"                     FINSI"
"ICHEVA";"S";"0151";"                     SI MOTI_IMIGHRSSUP = ""1"""
"ICHEVA";"S";"0152";"                        FAIRE CHEHS"
"ICHEVA";"S";"0153";"                     FINSI"
"ICHEVA";"S";"0154";"                     SI MOTI_IMIGHRPAYE = ""1"""
"ICHEVA";"S";"0155";"                        FAIRE CHEHP"
"ICHEVA";"S";"0156";"                     FINSI"
"ICHEVA";"S";"0157";"                     LOCA_MVE = HJOU_IJQMVTENT5"
"ICHEVA";"S";"0158";"                     LOCA_MVS = HJOU_IJQMVTSOR5"
"ICHEVA";"S";"0159";"                     FAIRE CHEVAU"
"ICHEVA";"S";"0160";"                     SI MOTI_IMIGTTEFFE = ""1"""
"ICHEVA";"S";"0161";"                        FAIRE CHETTE"
"ICHEVA";"S";"0162";"                     FINSI"
"ICHEVA";"S";"0163";"                     SI MOTI_IMIGDEBCRE = ""1"""
"ICHEVA";"S";"0164";"                     OU MOTI_IMIGCREDNB = ""1"""
"ICHEVA";"S";"0165";"                        FAIRE CHECD"
"ICHEVA";"S";"0166";"                     FINSI"
"ICHEVA";"S";"0167";"                     SI MOTI_IMIGHRSSUP = ""1"""
"ICHEVA";"S";"0168";"                        FAIRE CHEHS"
"ICHEVA";"S";"0169";"                     FINSI"
"ICHEVA";"S";"0170";"                     SI MOTI_IMIGHRPAYE = ""1"""
"ICHEVA";"S";"0171";"                        FAIRE CHEHP"
"ICHEVA";"S";"0172";"                     FINSI"
"ICHEVA";"S";"0173";"                  FINSI"
"ICHEVA";"S";"0174";"               FINSI"
"ICHEVA";"S";"0175";"            FINSI"
"ICHEVA";"S";"0176";"         FINSI"
"ICHEVA";"S";"0177";"      FINPOUR"
"ICHEVA";"S";"0178";"   FINSI"
"ICHEVA";"S";"0179";"SINON"
"ICHEVA";"S";"0180";"   POUR ACTIVITES"
"ICHEVA";"S";"0181";"      SI MOTI_IMIGCHEVAU = ""1"""
"ICHEVA";"S";"0182";"         SI HABS_VALORIS = ""H"""
"ICHEVA";"S";"0183";"            SI HABS_HRADEB <> 0"
"ICHEVA";"S";"0184";"               SI HABS_HRADEB <> LOCA_NULL"
"ICHEVA";"S";"0185";"                  LOCA_MOTE = HABS_HRADEB"
"ICHEVA";"S";"0186";"                  LOCA_MOTS = HABS_HRAFIN"
"ICHEVA";"S";"0187";"                  LOCA_MVE = HJOU_IJQMVTENT1"
"ICHEVA";"S";"0188";"                  LOCA_MVS = HJOU_IJQMVTSOR1"
"ICHEVA";"S";"0189";"                  FAIRE CHEVAU"
"ICHEVA";"S";"0190";"                  SI MOTI_IMIGTTEFFE = ""1"""
"ICHEVA";"S";"0191";"                     FAIRE CHETTE"
"ICHEVA";"S";"0192";"                  FINSI"
"ICHEVA";"S";"0193";"                  SI MOTI_IMIGDEBCRE = ""1"""
"ICHEVA";"S";"0194";"                  OU MOTI_IMIGCREDNB = ""1"""
"ICHEVA";"S";"0195";"                     FAIRE CHECD"
"ICHEVA";"S";"0196";"                  FINSI"
"ICHEVA";"S";"0197";"                  SI MOTI_IMIGHRSSUP = ""1"""
"ICHEVA";"S";"0198";"                     FAIRE CHEHS"
"ICHEVA";"S";"0199";"                  FINSI"
"ICHEVA";"S";"0200";"                  SI MOTI_IMIGHRPAYE = ""1"""
"ICHEVA";"S";"0201";"                     FAIRE CHEHP"
"ICHEVA";"S";"0202";"                  FINSI"
"ICHEVA";"S";"0203";"                  LOCA_MVE = HJOU_IJQMVTENT2"
"ICHEVA";"S";"0204";"                  LOCA_MVS = HJOU_IJQMVTSOR2"
"ICHEVA";"S";"0205";"                  FAIRE CHEVAU"
"ICHEVA";"S";"0206";"                  SI MOTI_IMIGTTEFFE = ""1"""
"ICHEVA";"S";"0207";"                     FAIRE CHETTE"
"ICHEVA";"S";"0208";"                  FINSI"
"ICHEVA";"S";"0209";"                  SI MOTI_IMIGDEBCRE = ""1"""
"ICHEVA";"S";"0210";"                  OU MOTI_IMIGCREDNB = ""1"""
"ICHEVA";"S";"0211";"                     FAIRE CHECD"
"ICHEVA";"S";"0212";"                  FINSI"
"ICHEVA";"S";"0213";"                  SI MOTI_IMIGHRSSUP = ""1"""
"ICHEVA";"S";"0214";"                     FAIRE CHEHS"
"ICHEVA";"S";"0215";"                  FINSI"
"ICHEVA";"S";"0216";"                  SI MOTI_IMIGHRPAYE = ""1"""
"ICHEVA";"S";"0217";"                     FAIRE CHEHP"
"ICHEVA";"S";"0218";"                  FINSI"
"ICHEVA";"S";"0219";"                  LOCA_MVE = HJOU_IJQMVTENT3"
"ICHEVA";"S";"0220";"                  LOCA_MVS = HJOU_IJQMVTSOR3"
"ICHEVA";"S";"0221";"                  FAIRE CHEVAU"
"ICHEVA";"S";"0222";"                  SI MOTI_IMIGTTEFFE = ""1"""
"ICHEVA";"S";"0223";"                     FAIRE CHETTE"
"ICHEVA";"S";"0224";"                  FINSI"
"ICHEVA";"S";"0225";"                  SI MOTI_IMIGDEBCRE = ""1"""
"ICHEVA";"S";"0226";"                  OU MOTI_IMIGCREDNB = ""1"""
"ICHEVA";"S";"0227";"                     FAIRE CHECD"
"ICHEVA";"S";"0228";"                  FINSI"
"ICHEVA";"S";"0229";"                  SI MOTI_IMIGHRSSUP = ""1"""
"ICHEVA";"S";"0230";"                     FAIRE CHEHS"
"ICHEVA";"S";"0231";"                  FINSI"
"ICHEVA";"S";"0232";"                  SI MOTI_IMIGHRPAYE = ""1"""
"ICHEVA";"S";"0233";"                     FAIRE CHEHP"
"ICHEVA";"S";"0234";"                  FINSI"
"ICHEVA";"S";"0235";"                  LOCA_MVE = HJOU_IJQMVTENT4"
"ICHEVA";"S";"0236";"                  LOCA_MVS = HJOU_IJQMVTSOR4"
"ICHEVA";"S";"0237";"                  FAIRE CHEVAU"
"ICHEVA";"S";"0238";"                  SI MOTI_IMIGTTEFFE = ""1"""
"ICHEVA";"S";"0239";"                     FAIRE CHETTE"
"ICHEVA";"S";"0240";"                  FINSI"
"ICHEVA";"S";"0241";"                  SI MOTI_IMIGDEBCRE = ""1"""
"ICHEVA";"S";"0242";"                  OU MOTI_IMIGCREDNB = ""1"""
"ICHEVA";"S";"0243";"                     FAIRE CHECD"
"ICHEVA";"S";"0244";"                  FINSI"
"ICHEVA";"S";"0245";"                  SI MOTI_IMIGHRSSUP = ""1"""
"ICHEVA";"S";"0246";"                     FAIRE CHEHS"
"ICHEVA";"S";"0247";"                  FINSI"
"ICHEVA";"S";"0248";"                  SI MOTI_IMIGHRPAYE = ""1"""
"ICHEVA";"S";"0249";"                     FAIRE CHEHP"
"ICHEVA";"S";"0250";"                  FINSI"
"ICHEVA";"S";"0251";"                  LOCA_MVE = HJOU_IJQMVTENT5"
"ICHEVA";"S";"0252";"                  LOCA_MVS = HJOU_IJQMVTSOR5"
"ICHEVA";"S";"0253";"                  FAIRE CHEVAU"
"ICHEVA";"S";"0254";"                  SI MOTI_IMIGTTEFFE = ""1"""
"ICHEVA";"S";"0255";"                     FAIRE CHETTE"
"ICHEVA";"S";"0256";"                  FINSI"
"ICHEVA";"S";"0257";"                  SI MOTI_IMIGDEBCRE = ""1"""
"ICHEVA";"S";"0258";"                  OU MOTI_IMIGCREDNB = ""1"""
"ICHEVA";"S";"0259";"                     FAIRE CHECD"
"ICHEVA";"S";"0260";"                  FINSI"
"ICHEVA";"S";"0261";"                  SI MOTI_IMIGHRSSUP = ""1"""
"ICHEVA";"S";"0262";"                     FAIRE CHEHS"
"ICHEVA";"S";"0263";"                  FINSI"
"ICHEVA";"S";"0264";"                  SI MOTI_IMIGHRPAYE = ""1"""
"ICHEVA";"S";"0265";"                     FAIRE CHEHP"
"ICHEVA";"S";"0266";"                  FINSI"
"ICHEVA";"S";"0267";"               FINSI"
"ICHEVA";"S";"0268";"            FINSI"
"ICHEVA";"S";"0269";"         FINSI"
"ICHEVA";"S";"0270";"      FINSI"
"ICHEVA";"S";"0271";"   FINPOUR"
"ICHEVA";"S";"0272";"FINSI"
"ICHEVA";"S";"0273";"***********************************************************************"
"ICHEVA";"S";"0274";"* Alimentation des compteurs temporaire"
"ICHEVA";"S";"0275";"***********************************************************************"
"ICHEVA";"S";"0276";"*"
"ICHEVA";"S";"0277";"*"
"ICHEVA";"S";"0278";"SI LOCA_DURTTE > 0"
"ICHEVA";"S";"0279";"   TEMP_ITCHEVTTE = LOCA_DURTTE"
"ICHEVA";"S";"0280";"FINSI"
"ICHEVA";"S";"0281";"*"
"ICHEVA";"S";"0282";"SI LOCA_DUR > 0"
"ICHEVA";"S";"0283";"   TEMP_ITCHEVCD = LOCA_DUR"
"ICHEVA";"S";"0284";"FINSI"
"ICHEVA";"S";"0285";"*"
"ICHEVA";"S";"0286";"SI LOCA_DURHS > 0"
"ICHEVA";"S";"0287";"   TEMP_ITCHEHS = LOCA_DURHS"
"ICHEVA";"S";"0288";"FINSI"
"ICHEVA";"S";"0289";"TEMP_ITCHEHS = TEMP_ITCHEHS + LOCA_DURHSV2"
"ICHEVA";"S";"0290";"*"
"ICHEVA";"S";"0291";"SI LOCA_DURHP > 0"
"ICHEVA";"S";"0292";"   TEMP_ITCHEHP = LOCA_DURHP"
"ICHEVA";"S";"0293";"FINSI"
"ICHEVA";"S";"0294";"TEMP_ITCHEHP = TEMP_ITCHEHP + LOCA_DURHPV2"
"ICHEVA";"S";"0295";"*"
"ICHEVA";"S";"0296";"FIN"
"ICHEVA";"S";"0297";"**************************************************"
"ICHEVA";"S";"0298";"*"
"ICHEVA";"S";"0299";"* Procedure CHEVAU"
"ICHEVA";"S";"0300";"* mise en place anomalie sur chevauchement d'absences et de plages"
"ICHEVA";"S";"0301";"**************************************************"
"ICHEVA";"S";"0302";"PROC CHEVAU"
"ICHEVA";"S";"0303";"   SI LOCA_MVE > 0"
"ICHEVA";"S";"0304";"** cas ou le mouvement d'entree etait à 0.00"
"ICHEVA";"S";"0305";"      SI LOCA_MVE = 100"
"ICHEVA";"S";"0306";"         LOCA_MVE = 0"
"ICHEVA";"S";"0307";"      FINSI"
"ICHEVA";"S";"0308";"*"
"ICHEVA";"S";"0309";"      SI LOCA_MOTE >= LOCA_MVE"
"ICHEVA";"S";"0310";"         SI LOCA_MOTE < LOCA_MVS"
"ICHEVA";"S";"0311";"            ANOMALIE 155"
"ICHEVA";"S";"0312";"         FINSI"
"ICHEVA";"S";"0313";"      SINON"
"ICHEVA";"S";"0314";"         SI LOCA_MOTS > LOCA_MVS"
"ICHEVA";"S";"0315";"            ANOMALIE 155"
"ICHEVA";"S";"0316";"         SINON"
"ICHEVA";"S";"0317";"            SI LOCA_MOTS > LOCA_MVE"
"ICHEVA";"S";"0318";"               ANOMALIE 155"
"ICHEVA";"S";"0319";"            FINSI"
"ICHEVA";"S";"0320";"         FINSI"
"ICHEVA";"S";"0321";"      FINSI"
"ICHEVA";"S";"0322";"   FINSI"
"ICHEVA";"S";"0323";"FINPROC"
"ICHEVA";"S";"0324";"* Procédure heures effectives"
"ICHEVA";"S";"0325";"PROC CHETTE"
"ICHEVA";"S";"0326";"   SI LOCA_MVE > 0"
"ICHEVA";"S";"0327";"      SI LOCA_MOTE >= LOCA_MVE"
"ICHEVA";"S";"0328";"         SI LOCA_MOTE < LOCA_MVS"
"ICHEVA";"S";"0329";"            SI LOCA_MOTS > LOCA_MVS"
"ICHEVA";"S";"0330";"               LOCA_DURC = LOCA_MVS - LOCA_MOTE"
"ICHEVA";"S";"0331";"               LOCA_DURTTE = LOCA_DURTTE + LOCA_DURC"
"ICHEVA";"S";"0332";"            SINON"
"ICHEVA";"S";"0333";"               LOCA_DURC = LOCA_MOTS - LOCA_MOTE"
"ICHEVA";"S";"0334";"               LOCA_DURTTE = LOCA_DURTTE + LOCA_DURC"
"ICHEVA";"S";"0335";"            FINSI"
"ICHEVA";"S";"0336";"         FINSI"
"ICHEVA";"S";"0337";"      SINON"
"ICHEVA";"S";"0338";"         SI LOCA_MOTS > LOCA_MVS"
"ICHEVA";"S";"0339";"            LOCA_DURC = LOCA_MVS - LOCA_MVE"
"ICHEVA";"S";"0340";"            LOCA_DURTTE = LOCA_DURTTE + LOCA_DURC"
"ICHEVA";"S";"0341";"         SINON"
"ICHEVA";"S";"0342";"            SI LOCA_MOTS > LOCA_MVE"
"ICHEVA";"S";"0343";"               LOCA_DURC = LOCA_MOTS - LOCA_MVE"
"ICHEVA";"S";"0344";"               LOCA_DURTTE = LOCA_DURTTE + LOCA_DURC"
"ICHEVA";"S";"0345";"            FINSI"
"ICHEVA";"S";"0346";"         FINSI"
"ICHEVA";"S";"0347";"      FINSI"
"ICHEVA";"S";"0348";"   FINSI"
"ICHEVA";"S";"0349";"FINPROC"
"ICHEVA";"S";"0350";"* Procédure heures crédit/débit"
"ICHEVA";"S";"0351";"PROC CHECD"
"ICHEVA";"S";"0352";"   SI LOCA_MVE > 0"
"ICHEVA";"S";"0353";"      SI LOCA_MOTE >= LOCA_MVE"
"ICHEVA";"S";"0354";"         SI LOCA_MOTE < LOCA_MVS"
"ICHEVA";"S";"0355";"            SI LOCA_MOTS > LOCA_MVS"
"ICHEVA";"S";"0356";"               LOCA_DURC = LOCA_MVS - LOCA_MOTE"
"ICHEVA";"S";"0357";"               LOCA_DUR = LOCA_DUR + LOCA_DURC"
"ICHEVA";"S";"0358";"            SINON"
"ICHEVA";"S";"0359";"               LOCA_DURC = LOCA_MOTS - LOCA_MOTE"
"ICHEVA";"S";"0360";"               LOCA_DUR = LOCA_DUR + LOCA_DURC"
"ICHEVA";"S";"0361";"            FINSI"
"ICHEVA";"S";"0362";"         FINSI"
"ICHEVA";"S";"0363";"      SINON"
"ICHEVA";"S";"0364";"         SI LOCA_MOTS > LOCA_MVS"
"ICHEVA";"S";"0365";"            LOCA_DURC = LOCA_MVS - LOCA_MVE"
"ICHEVA";"S";"0366";"            LOCA_DUR = LOCA_DUR + LOCA_DURC"
"ICHEVA";"S";"0367";"         SINON"
"ICHEVA";"S";"0368";"            SI LOCA_MOTS > LOCA_MVE"
"ICHEVA";"S";"0369";"               LOCA_DURC = LOCA_MOTS - LOCA_MVE"
"ICHEVA";"S";"0370";"               LOCA_DUR = LOCA_DUR + LOCA_DURC"
"ICHEVA";"S";"0371";"            FINSI"
"ICHEVA";"S";"0372";"         FINSI"
"ICHEVA";"S";"0373";"      FINSI"
"ICHEVA";"S";"0374";"   FINSI"
"ICHEVA";"S";"0375";"FINPROC"
"ICHEVA";"S";"0376";"*"
"ICHEVA";"S";"0377";"* Procédure heures supplémentaires"
"ICHEVA";"S";"0378";"PROC CHEHS"
"ICHEVA";"S";"0379";"   SI LOCA_MVE > 0"
"ICHEVA";"S";"0380";"      SI HJOU_JOUR = ""7"""
"ICHEVA";"S";"0381";"         SI PARD_IDIHDEBP = ""1"""
"ICHEVA";"S";"0382";"            SI LOCA_MVS > LOCA_24"
"ICHEVA";"S";"0383";"               LOCA_MVSV = LOCA_MVS"
"ICHEVA";"S";"0384";"               SI LOCA_MVE > LOCA_24"
"ICHEVA";"S";"0385";"                  LOCA_MVEV = LOCA_MVE"
"ICHEVA";"S";"0386";"               SINON"
"ICHEVA";"S";"0387";"                  LOCA_MVEV = LOCA_24"
"ICHEVA";"S";"0388";"               FINSI"
"ICHEVA";"S";"0389";"               SI LOCA_MVEV > 0"
"ICHEVA";"S";"0390";"                  SI LOCA_MOTE >= LOCA_MVEV"
"ICHEVA";"S";"0391";"                     SI LOCA_MOTE < LOCA_MVSV"
"ICHEVA";"S";"0392";"                        SI LOCA_MOTS > LOCA_MVSV"
"ICHEVA";"S";"0393";"                           LOCA_DURC = LOCA_MVSV - LOCA_MOTE"
"ICHEVA";"S";"0394";"                           LOCA_DURHSV = LOCA_DURHSV + LOCA_DURC"
"ICHEVA";"S";"0395";"                        SINON"
"ICHEVA";"S";"0396";"                           LOCA_DURC = LOCA_MOTS - LOCA_MOTE"
"ICHEVA";"S";"0397";"                           LOCA_DURHSV = LOCA_DURHSV + LOCA_DURC"
"ICHEVA";"S";"0398";"                        FINSI"
"ICHEVA";"S";"0399";"                     FINSI"
"ICHEVA";"S";"0400";"                  SINON"
"ICHEVA";"S";"0401";"                     SI LOCA_MOTS > LOCA_MVSV"
"ICHEVA";"S";"0402";"                        LOCA_DURC = LOCA_MVSV - LOCA_MVEV"
"ICHEVA";"S";"0403";"                        LOCA_DURHSV = LOCA_DURHSV + LOCA_DURC"
"ICHEVA";"S";"0404";"                     SINON"
"ICHEVA";"S";"0405";"                        SI LOCA_MOTS > LOCA_MVEV"
"ICHEVA";"S";"0406";"                           LOCA_DURC = LOCA_MOTS - LOCA_MVEV"
"ICHEVA";"S";"0407";"                           LOCA_DURHSV = LOCA_DURHSV + LOCA_DURC"
"ICHEVA";"S";"0408";"                        FINSI"
"ICHEVA";"S";"0409";"                     FINSI"
"ICHEVA";"S";"0410";"                  FINSI"
"ICHEVA";"S";"0411";"               FINSI"
"ICHEVA";"S";"0412";"            FINSI"
"ICHEVA";"S";"0413";"         FINSI"
"ICHEVA";"S";"0414";"      FINSI"
"ICHEVA";"S";"0415";"      SI LOCA_MOTE >= LOCA_MVE"
"ICHEVA";"S";"0416";"         SI LOCA_MOTE < LOCA_MVS"
"ICHEVA";"S";"0417";"            SI LOCA_MOTS > LOCA_MVS"
"ICHEVA";"S";"0418";"               LOCA_DURC = LOCA_MVS - LOCA_MOTE"
"ICHEVA";"S";"0419";"               LOCA_DURHS = LOCA_DURHS + LOCA_DURC"
"ICHEVA";"S";"0420";"            SINON"
"ICHEVA";"S";"0421";"               LOCA_DURC = LOCA_MOTS - LOCA_MOTE"
"ICHEVA";"S";"0422";"               LOCA_DURHS = LOCA_DURHS + LOCA_DURC"
"ICHEVA";"S";"0423";"            FINSI"
"ICHEVA";"S";"0424";"         FINSI"
"ICHEVA";"S";"0425";"      SINON"
"ICHEVA";"S";"0426";"         SI LOCA_MOTS > LOCA_MVS"
"ICHEVA";"S";"0427";"            LOCA_DURC = LOCA_MVS - LOCA_MVE"
"ICHEVA";"S";"0428";"            LOCA_DURHS = LOCA_DURHS + LOCA_DURC"
"ICHEVA";"S";"0429";"         SINON"
"ICHEVA";"S";"0430";"            SI LOCA_MOTS > LOCA_MVE"
"ICHEVA";"S";"0431";"               LOCA_DURC = LOCA_MOTS - LOCA_MVE"
"ICHEVA";"S";"0432";"               LOCA_DURHS = LOCA_DURHS + LOCA_DURC"
"ICHEVA";"S";"0433";"            FINSI"
"ICHEVA";"S";"0434";"         FINSI"
"ICHEVA";"S";"0435";"      FINSI"
"ICHEVA";"S";"0436";"      LOCA_DURHS = LOCA_DURHS - LOCA_DURHSV"
"ICHEVA";"S";"0437";"      SI LOCA_DURHSV > 0"
"ICHEVA";"S";"0438";"         HJOU_IJRHEHSV = HJOU_IJRHEHSV + LOCA_DURHSV"
"ICHEVA";"S";"0439";"      FINSI"
"ICHEVA";"S";"0440";"   FINSI"
"ICHEVA";"S";"0441";"FINPROC"
"ICHEVA";"S";"0442";"*"
"ICHEVA";"S";"0443";"* Procédure heures payées"
"ICHEVA";"S";"0444";"PROC CHEHP"
"ICHEVA";"S";"0445";"   SI LOCA_MVE > 0"
"ICHEVA";"S";"0446";"      SI HJOU_JOUR = ""7"""
"ICHEVA";"S";"0447";"         SI PARD_IDIHDEBP = ""1"""
"ICHEVA";"S";"0448";"            SI LOCA_MVS > LOCA_24"
"ICHEVA";"S";"0449";"               LOCA_MVSV = LOCA_MVS"
"ICHEVA";"S";"0450";"               SI LOCA_MVE > LOCA_24"
"ICHEVA";"S";"0451";"                  LOCA_MVEV = LOCA_MVE"
"ICHEVA";"S";"0452";"               SINON"
"ICHEVA";"S";"0453";"                  LOCA_MVEV = LOCA_24"
"ICHEVA";"S";"0454";"               FINSI"
"ICHEVA";"S";"0455";"               SI LOCA_MVEV > 0"
"ICHEVA";"S";"0456";"                  SI LOCA_MOTE >= LOCA_MVEV"
"ICHEVA";"S";"0457";"                     SI LOCA_MOTE < LOCA_MVSV"
"ICHEVA";"S";"0458";"                        SI LOCA_MOTS > LOCA_MVSV"
"ICHEVA";"S";"0459";"                           LOCA_DURC = LOCA_MVSV - LOCA_MOTE"
"ICHEVA";"S";"0460";"                           LOCA_DURHPV = LOCA_DURHPV + LOCA_DURC"
"ICHEVA";"S";"0461";"                        SINON"
"ICHEVA";"S";"0462";"                           LOCA_DURC = LOCA_MOTS - LOCA_MOTE"
"ICHEVA";"S";"0463";"                           LOCA_DURHPV = LOCA_DURHPV + LOCA_DURC"
"ICHEVA";"S";"0464";"                        FINSI"
"ICHEVA";"S";"0465";"                     FINSI"
"ICHEVA";"S";"0466";"                  SINON"
"ICHEVA";"S";"0467";"                     SI LOCA_MOTS > LOCA_MVSV"
"ICHEVA";"S";"0468";"                        LOCA_DURC = LOCA_MVSV - LOCA_MVEV"
"ICHEVA";"S";"0469";"                        LOCA_DURHPV = LOCA_DURHPV + LOCA_DURC"
"ICHEVA";"S";"0470";"                     SINON"
"ICHEVA";"S";"0471";"                        SI LOCA_MOTS > LOCA_MVEV"
"ICHEVA";"S";"0472";"                           LOCA_DURC = LOCA_MOTS - LOCA_MVEV"
"ICHEVA";"S";"0473";"                           LOCA_DURHPV = LOCA_DURHPV + LOCA_DURC"
"ICHEVA";"S";"0474";"                        FINSI"
"ICHEVA";"S";"0475";"                     FINSI"
"ICHEVA";"S";"0476";"                  FINSI"
"ICHEVA";"S";"0477";"               FINSI"
"ICHEVA";"S";"0478";"            FINSI"
"ICHEVA";"S";"0479";"         FINSI"
"ICHEVA";"S";"0480";"      FINSI"
"ICHEVA";"S";"0481";"      SI LOCA_MOTE >= LOCA_MVE"
"ICHEVA";"S";"0482";"         SI LOCA_MOTE < LOCA_MVS"
"ICHEVA";"S";"0483";"            SI LOCA_MOTS > LOCA_MVS"
"ICHEVA";"S";"0484";"               LOCA_DURC = LOCA_MVS - LOCA_MOTE"
"ICHEVA";"S";"0485";"               LOCA_DURHP = LOCA_DURHP + LOCA_DURC"
"ICHEVA";"S";"0486";"            SINON"
"ICHEVA";"S";"0487";"               LOCA_DURC = LOCA_MOTS - LOCA_MOTE"
"ICHEVA";"S";"0488";"               LOCA_DURHP = LOCA_DURHP + LOCA_DURC"
"ICHEVA";"S";"0489";"            FINSI"
"ICHEVA";"S";"0490";"         FINSI"
"ICHEVA";"S";"0491";"      SINON"
"ICHEVA";"S";"0492";"         SI LOCA_MOTS > LOCA_MVS"
"ICHEVA";"S";"0493";"            LOCA_DURC = LOCA_MVS - LOCA_MVE"
"ICHEVA";"S";"0494";"            LOCA_DURHP = LOCA_DURHP + LOCA_DURC"
"ICHEVA";"S";"0495";"         SINON"
"ICHEVA";"S";"0496";"            SI LOCA_MOTS > LOCA_MVE"
"ICHEVA";"S";"0497";"               LOCA_DURC = LOCA_MOTS - LOCA_MVE"
"ICHEVA";"S";"0498";"               LOCA_DURHP = LOCA_DURHP + LOCA_DURC"
"ICHEVA";"S";"0499";"            FINSI"
"ICHEVA";"S";"0500";"         FINSI"
"ICHEVA";"S";"0501";"      FINSI"
"ICHEVA";"S";"0502";"      LOCA_DURHP = LOCA_DURHP - LOCA_DURHPV"
"ICHEVA";"S";"0503";"      SI LOCA_DURHPV > 0"
"ICHEVA";"S";"0504";"         HJOU_IJRHEHPV = HJOU_IJRHEHPV + LOCA_DURHPV"
"ICHEVA";"S";"0505";"      FINSI"
"ICHEVA";"S";"0506";"   FINSI"
"ICHEVA";"S";"0507";"FINPROC"
"ICHEVA";"S";"0508";"*"
"IRAZCO";"S";"0001";"***********************************************************************"
"IRAZCO";"S";"0002";"* Règle     : IRAZCO"
"IRAZCO";"S";"0003";"* Ordre     : 3500"
"IRAZCO";"S";"0004";"* Libellé   : RAZ compteurs en début de contrat"
"IRAZCO";"S";"0005";"* Package   : Privé 16.3"
"IRAZCO";"S";"0006";"*----------------------------------------------------------------------"
"IRAZCO";"S";"0007";"* Objectif  : RAZ compteurs en début de contrat"
"IRAZCO";"S";"0008";"*----------------------------------------------------------------------"
"IRAZCO";"S";"0009";"* Créée par : HQ SECTOR"
"IRAZCO";"S";"0010";"* Date      : 19.09.2024"
"IRAZCO";"S";"0011";"*----------------------------------------------------------------------"
"IRAZCO";"S";"0012";"* Màj par   :"
"IRAZCO";"S";"0013";"* Date      :"
"IRAZCO";"S";"0014";"* Objet     :"
"IRAZCO";"S";"0015";"***********************************************************************"
"IRAZCO";"S";"0016";"*"
"IRAZCO";"S";"0017";"* Implémentation des données industrielles"
"IRAZCO";"S";"0018";"*"
"IRAZCO";"S";"0019";"DEBDICO"
"IRAZCO";"S";"0020";"   HJOU_IJRCREDEBC;N;T8,2;L;;;    56789;;IJRCREDEBC;V3;""Crédit/Débit cumulé"";"
"IRAZCO";"S";"0021";"   HJOU_IJRVICRD01;N;T8,2;L;;;    56789;;IJRVICRD01;V3;""VI - C/D cumulé"";"
"IRAZCO";"S";"0022";"   HJOU_IJRCDCUMAF;N;T8,2;L;;;123456789;;IJRCREDEBC;V3;""C/D cumulé affichage lecteur"";"
"IRAZCO";"S";"0023";"   HJOU_IJRCDPERMA;N;T8,2;L;;;    56789;;IJRCDPERMA;V3;""Crédit/Débit"";"
"IRAZCO";"S";"0024";"   HJOU_IJRCDVEILL;N;T8,2;L;;;    56789;;IJRCDPERMA;V3;""C/D permanent veille"";"
"IRAZCO";"S";"0025";"   HJOU_IJRPRESBAH;N;T6,2;I;;;     6789;;IJRPRESBAH;V3;""Présence badgée hebdomadaire"";"
"IRAZCO";"S";"0026";"   HJOU_IJRBHORVAH;N;T6,2;I;;;     6789;;IJRBHORVAH;V3;""Heures totales hebdomadaires"";"
"IRAZCO";"S";"0027";"   HJOU_IJRBHORVHR;N;T6,2;I;;;    56789;;IJRBHORVAH;V3;""Report base HV hebdo"";"
"IRAZCO";"S";"0028";"   HJOU_IJRPRESNBH;N;T6,2;I;;;    56789;;IJRPRESNBH;V3;""Activités créditées hebdomadaires"";"
"IRAZCO";"S";"0029";"   HJOU_IJRPRETHEH;N;T6,2;I;;;     6789;;IJRPRETHEH;V3;""Théorie hebdomadaire"";"
"IRAZCO";"S";"0030";"   HJOU_IJRTTEFFEH;N;T6,2;I;;;     6789;;IJRTTEFFEH;V3;""Heures effectives hebdomadaires"";"
"IRAZCO";"S";"0031";"   HJOU_IJRNJTRAVH;N;N4,1;I;;;    56789;;IJRNJTRAVH;V3;""Nbre de jours travaillés hebdomadaires"";"
"IRAZCO";"S";"0032";"   HJOU_IJRNJPRESH;N;N4,1;I;;;    56789;;IJRNJPRESH;V3;""Nbre de jours de présence hebdomadaires"";"
"IRAZCO";"S";"0033";"   HJOU_IJRABSPLFH;N;T6,2;I;;;     6789;;IJRABSPLFH;V3;""Total absences plages hebdomadaires"";"
"IRAZCO";"S";"0034";"   HJOU_IJRNABSPFH;N;N2;I;;;     6789;;IJRNABSPFH;V3;""Nbre de retards hebdomadaires"";"
"IRAZCO";"S";"0035";"   HJOU_IJRBHORVPR;N;T8,2;L;;;    56789;;IJRBHORVAP;V3;""Report base HV période de la veille"";"
"IRAZCO";"S";"0036";"   HJOU_IJRTTREFFM;N;T8,2;L;;;     6789;;IJRTTREFFM;V3;""Heures totales période"";"
"IRAZCO";"S";"0037";"   HJOU_IJRBHORVMR;N;T8,2;L;;;    56789;;IJRTTREFFM;V3;""Report base HV mensuelle"";"
"IRAZCO";"S";"0038";"   HJOU_IJRPRESBAM;N;T6,2;I;;;     6789;;IJRPRESBAM;V3;""Présence badgée période"";"
"IRAZCO";"S";"0039";"   HJOU_IJRPRESNBM;N;T6,2;I;;;    56789;;IJRPRESNBM;V3;""Activités créditées période"";"
"IRAZCO";"S";"0040";"   HJOU_IJRPRETHEM;N;T8,2;L;;;     6789;;IJRPRETHEM;V3;""Théorie période"";"
"IRAZCO";"S";"0041";"   HJOU_IJRTTEFFEM;N;T8,2;L;;;     6789;;IJRTTEFFEM;V3;""Heures effectives période"";"
"IRAZCO";"S";"0042";"   HJOU_IJRNJTRAVM;N;N4,1;I;;;     6789;;IJRNJTRAVM;V3;""Nbre de jours travaillés période"";"
"IRAZCO";"S";"0043";"   HJOU_IJRNJPRESP;N;N4,1;I;;;    56789;;IJRNJPRESP;V3;""Nbre de jours de présence période"";"
"IRAZCO";"S";"0044";"   HJOU_IJRABSPLFM;N;T6,2;I;;;     6789;;IJRABSPLFM;V3;""Total absences plages période"";"
"IRAZCO";"S";"0045";"   HJOU_IJRNABSPFM;N;N2;I;;;     6789;;IJRNABSPFM;V3;""Nbre de retards période"";"
"IRAZCO";"S";"0046";"   HJOU_IJRNJPRESA;N;N5,1;I;;;    56789;;IJRNJPRESA;V3;""Nbre de jours de présence annuel"";"
"IRAZCO";"S";"0047";"   HJOU_IJRTTEPMOD;N;T8,2;L;;;     6789;;IJRTTEPMOD;V3;""Heures effectives annuelles"";"
"IRAZCO";"S";"0048";"   HJOU_IJRNJTRAVA;N;N5,1;I;;;    56789;;IJRNJTRAVA;V3;""Nbre de jours travaillés annuel"";"
"IRAZCO";"S";"0049";"   HJOU_IJRNSAMTRA;N;N5,1;I;;;    56789;;IJRNSAMTRA;V3;""Nbre de samedi travaillés annuel"";"
"IRAZCO";"S";"0050";"   HJOU_IJRNDIMTRA;N;N5,1;I;;;    56789;;IJRNDIMTRA;V3;""Nbre de dimanche travaillés annuel"";"
"IRAZCO";"S";"0051";"   HJOU_IJRNJFETRA;N;N5,1;I;;;    56789;;IJRNJFETRA;V3;""Nbre de fériés travaillés annuel"";"
"IRAZCO";"S";"0052";"   HJOU_IJRNNUITRA;N;N5,1;I;;;    56789;;IJRNNUITRA;V3;""Nbre de nuits travaillées annuel"";"
"IRAZCO";"S";"0053";"   HJOU_IJRBHSMPAH;N;T6,2;I;;;    56789;;IJRBHSMPAH;V3;""Base HS"";"
"IRAZCO";"S";"0054";"   HJOU_IJRHSHMAJA;N;T8,2;L;;;    56789;;IJRHSHMAJA;V3;""Cumul annuel HS payées"";"
"IRAZCO";"S";"0055";"   HJOU_IJRHRECANN;N;T8,2;L;;;    56789;;IJRHRECANN;V3;""Cumul annuel HS à récupérer"";"
"IRAZCO";"S";"0056";"   HJOU_IJRHSMPAYA;N;T8,2;L;;;    56789;;IJRHSMPAYA;V3;""Cumul annuel HS"";"
"IRAZCO";"S";"0057";"   HJOU_IJRSRCHSMA;N;T8,2;L;;;     6789;;IJRSRCHSMA;V3;""Solde COR"";"
"IRAZCO";"S";"0058";"   HJOU_IJRARTTHEU;N;T6,2;L;;;     6789;;IJRARTTHEU;V3;""RTT acquis (H)"";"
"IRAZCO";"S";"0059";"   HJOU_IJRCRTTHEU;N;T6,2;L;;;     6789;;IJRCRTTHEU;V3;""RTT pris (H)"";"
"IRAZCO";"S";"0060";"   HJOU_IJRNRTTJEM;N;N3,1;I;;;    56789;;IJRNRTTJEM;V3;""Nbre RTT employeurs pris"";"
"IRAZCO";"S";"0061";"   HJOU_IJRARTTJOU;N;N6,1;I;;;     6789;;IJRARTTJOU;V3;""RTT acquis (J)"";"
"IRAZCO";"S";"0062";"   HJOU_IJRCRTTJOU;N;N6,1;I;;;     6789;;IJRCRTTJOU;V3;""RTT pris (J)"";"
"IRAZCO";"S";"0063";"   HJOU_IJRDCORELI;N;N6,1;I;;;    56789;;IJRDCORELI;V3;""Droit congé payé reliquat"";"
"IRAZCO";"S";"0064";"   HJOU_IJRCCORELI;N;N6,1;I;;;    56789;;IJRCCORELI;V3;""Congé payé reliquat pris"";"
"IENFMALADE";"S";"0079";"      FINSI"
"IRAZCO";"S";"0065";"   HJOU_IJRSCORELI;N;N6,1;I;;;    56789;;IJRSCORELI;V3;""Solde congé payé reliquat"";"
"IRAZCO";"S";"0066";"   HJOU_IJRDCOANCI;N;N5,1;I;;;    56789;;IJRDCOANCI;V3;""Droit congé ancienneté"";"
"IRAZCO";"S";"0067";"   HJOU_IJRCCOANCI;N;N5,1;I;;;    56789;;IJRCCOANCI;V3;""Congé ancienneté pris"";"
"IRAZCO";"S";"0068";"   HJOU_IJRSCOANCI;N;N6,1;I;;;    56789;;IJRSCOANCI;V3;""Solde congé ancienneté"";"
"IRAZCO";"S";"0069";"   HJOU_IJRDCOPRIN;N;N6,1;I;;;    56789;;IJRDCOPRIN;V3;""Droit congé payé"";"
"IRAZCO";"S";"0070";"   HJOU_IJRCCOPRIN;N;N6,1;I;;;    56789;;IJRCCOPRIN;V3;""Congé payé pris"";"
"IRAZCO";"S";"0071";"   HJOU_IJRSCOPRIN;N;N6,1;I;;;    56789;;IJRSCOPRIN;V3;""Solde congé payé"";"
"IRAZCO";"S";"0072";"   HJOU_IJRSGCONGE;N;N6,2;I;;;    56789;;IJRSGCONGE;V3;""Solde global des congés"";"
"IRAZCO";"S";"0073";"   HJOU_IJRDCOFRAC;N;N6,1;I;;;    56789;;IJRDCOFRAC;V3;""Droit congé fractionnement"";"
"IRAZCO";"S";"0074";"   HJOU_IJRCCOFRAC;N;N6,1;I;;;    56789;;IJRCCOFRAC;V3;""Congé fractionnement pris"";"
"IRAZCO";"S";"0075";"   HJOU_IJRSCOFRAC;N;N6,1;I;;;    56789;;IJRSCOFRAC;V3;""Solde congé fractionnement"";"
"IRAZCO";"S";"0076";"   HJOU_IJRNBCOFRA;N;N5,1;I;;;     6789;;IJRNBCOFRA;V3;""Nbre congé payé dans période de fract."";"
"IRAZCO";"S";"0077";"   HJOU_IJRACRTTJM;N;N6,3;L;;;     6789;;IJRACRTTJM;V3;""RTT acquis mensuel (J)"";"
"IRAZCO";"S";"0078";"   HJOU_IJRSDONCP;N;N6,1;I;;;    56789;;IJRSDONCP;V3;""Don jours de congés"";"
"IRAZCO";"S";"0079";"   HJOU_IJRSDONDIV;N;N6,1;I;;;    56789;;IJRSDONDIV;V3;""Don absences global"";"
"IRAZCO";"S";"0080";"   HJOU_IJRSDONABS;N;N6,1;I;;;    56789;;IJRSDONABS;V3;""Solde jours d'absences sur don"";"
"IRAZCO";"S";"0081";"   HJOU_IJRBRCHSMH;N;T6,2;I;;;    56789;;IJRBRCHSMH;V3;""Base RC"";"
"IRAZCO";"S";"0082";"   HJOU_IJRDACQCP;N;N5,2;I;;;    56789;;IJRDACQCP;V3;""Droit CP en cours"";"
"IRAZCO";"S";"0083";"   HJOU_IJRPACQCP;N;N5,2;I;;;    56789;;IJRPACQCP;V3;""Pris CP en cours"";"
"IRAZCO";"S";"0084";"   HJOU_IJRSACQCP;N;N6,2;I;;;    56789;;IJRSACQCP;V3;""Solde CP en cours"";"
"IRAZCO";"S";"0085";"   * Compteurs congés loi DDADUE"
"IRAZCO";"S";"0086";"   HJOU_IJRABSCP;N;N6,1;L;;;    56789;;IJRABSCP;V3;""Nb absences abattant l'acquisition"";"
"IRAZCO";"S";"0087";"   HJOU_IJRMALCPO;N;N6,1;L;;;    56789;;IJRMALCPO;V3;""Nb jours maladie annuel"";"
"IRAZCO";"S";"0088";"   HJOU_IJRACQMAL;N;N6,3;I;;;    56789;;IJRACQMAL;V3;""Acquisition annuelle sur maladie"";"
"IRAZCO";"S";"0089";"   HJOU_IJRDARRET;N;D10;X;;;    56789;;IJRDARRET;V3;""Date d'arrêt (report CP)"";"
"IRAZCO";"S";"0090";"   HJOU_IJRRCPM1;N;N6,1;I;;;    56789;;IJRRCPM1;V3;""Report congé maladie -1 an"";"
"IRAZCO";"S";"0190";"      HJOU_IJRNRTTJEM = 0"
"IRAZCO";"S";"0091";"   HJOU_IJRRRCPM1;N;N6,1;I;;;    56789;;IJRRRCPM1;V3;""Congé reporté (maladie -1 an)"";"
"IRAZCO";"S";"0092";"   HJOU_IJRRCPP1;N;N6,1;I;;;    56789;;IJRRCPP1;V3;""Report congé maladie +1 an"";"
"IRAZCO";"S";"0093";"   HJOU_IJRRRCPP1;N;N6,1;I;;;    56789;;IJRRRCPP1;V3;""Congé reporté (maladie +1 an)"";"
"IRAZCO";"S";"0094";"   HJOU_IJRFRCPM1;N;D10;X;;;    56789;;IJRFRCPM1;V3;""Date fin report du congé maladie -1an"";"
"IRAZCO";"S";"0095";"   HJOU_IJRFRRCPM1;N;D10;X;;;    56789;;IJRFRRCPM1;V3;""Date de perte"";"
"IRAZCO";"S";"0096";"   HJOU_IJRFRCPP1;N;D10;X;;;    56789;;IJRFRCPP1;V3;""Date fin report du congé maladie +1an"";"
"IRAZCO";"S";"0097";"   HJOU_IJRFRRCPP1;N;D10;X;;;    56789;;IJRFRRCPP1;V3;""Date de perte"";"
"IRAZCO";"S";"0098";"   HJOU_IJRMABATCP;N;N2;I;;;   456789;;IJRMABATCP;V3;""Maintien abattement CP"";"
"IRAZCO";"S";"0099";"   HJOU_IJRDPERTE;N;D10;X;;;    56789;;IJRDPERTE;V3;""Date perte congé"";"
"IRAZCO";"S";"0100";"   HJOU_IJRRRCP2M1;N;N6,1;I;;;    56789;;IJRRRCP2M1;V3;""Congé reporté (2ème maladie -1 an)"";"
"IRAZCO";"S";"0101";"   HJOU_IJRFRCP2M1;N;D10;X;;;    56789;;IJRFRCP2M1;V3;""Date de perte"";"
"IRAZCO";"S";"0102";"   * Compteur annualisation forfait jour"
"IRAZCO";"S";"0103";"   HJOU_IJRPLFAFJ;O;N6,2;I;;;123456789;;IJRPLFAFJ;V3;""Plafond annuel FJ"";"
"IRAZCO";"S";"0104";"   HJOU_IJRJTEAFJ;O;N6,2;I;;;123456789;;IJRJTEAFJ;V3;""Nb J de travail effectif annuel FJ"";"
"IRAZCO";"S";"0105";"   HJOU_IJRSCTFJ;O;N6,2;I;;;123456789;;IJRSCTFJ;V3;""Ecart plafond FJ"";"
"IRAZCO";"S";"0106";"   HJOU_IJRSJRF;O;N6,2;I;;;123456789;;IJRSJRF;V3;""Solde repos N-1 FJ"";"
"IRAZCO";"S";"0107";"   HJOU_IJRJEAAFJ;O;N6,2;I;;;123456789;;IJRJEAAFJ;V3;""NbJ travail effectif annuels assimilé FJ"";"
"IRAZCO";"S";"0108";"   * Compteur maintien CP"
"IRAZCO";"S";"0109";"   HJOU_IJRNBJMAIN;N;N4;L;;;    56789;;IJRNBJMAIN;V3;""Nb jours maintien d'acquisition"";"
"IRAZCO";"S";"0110";"   HJOU_IJRABSFIN;N;N4;I;;;    56789;;IJRABSFIN;V3;""Absences premier jour période"";"
"IRAZCO";"S";"0111";"   HJOU_IJRDACQCPL;N;N5,2;I;;;    56789;;IJRDACQCPL;V3;""Acquisition légale"";"
"IRAZCO";"S";"0112";"   HJOU_IJRJTRAM;N;N5,1;I;;;    56789;;IJRJTRAM;V3;""Présence mensuelle"";"
"IRAZCO";"S";"0113";"   HJOU_IJRJMALM;N;N5,1;I;;;    56789;;IJRJMALM;V3;""Nb jours maladie mensuelle"";"
"IRAZCO";"S";"0114";"   *"
"IRAZCO";"S";"0115";"   HJOU_IJRREP35H;N;T6,2;I;;;    56789;;IJRREP35H;V3;""Nombres d'heures repos hebdo"";"
"IRAZCO";"S";"0116";"   HJOU_IJRINDANO;N;N2;I;;;    56789;;IJRINDANO;V3;""Indicateur pour déclenchement ano 134"";"
"IRAZCO";"S";"0117";"   HJOU_IJRTTHEBDO;N;N6,1;I;;;    56789;;IJRTTHEBDO;V3;""Compteur télétravail hebdomadaire"";"
"IRAZCO";"S";"0118";"   HJOU_IJRTTMENS;N;N6,1;I;;;    56789;;IJRTTMENS;V3;""Compteur télétravail mensuel"";"
"IRAZCO";"S";"0119";"FINDICO"
"IRAZCO";"S";"0120";"*"
"IRAZCO";"S";"0121";"DEBANO"
"IRAZCO";"S";"0122";"   149;5;""La consigne ZRAZCT doit être positionnée sur la date de début de contrat"";"
"IRAZCO";"S";"0123";"FINANO"
"IRAZCO";"S";"0124";"*"
"IRAZCO";"S";"0125";"* Déclaration des données locales"
"IRAZCO";"S";"0126";"*"
"IRAZCO";"S";"0127";"DEF LOCA_RAZCPT N1"
"IRAZCO";"S";"0128";"LOCA_RAZCPT = 0"
"IRAZCO";"S";"0129";"*"
"IRAZCO";"S";"0130";"* La réinitialisation des compteurs est effectuée"
"IRAZCO";"S";"0131";"* par rapport à l'indicateur dans les données globales datées"
"IRAZCO";"S";"0132";"SI PARD_IDIGRAZCPT = ""1"""
"IRAZCO";"S";"0133";"   LOCA_RAZCPT = 1"
"IRAZCO";"S";"0134";"FINSI"
"IRAZCO";"S";"0135";"*"
"IRAZCO";"S";"0136";"* Par rapport à la consigne ZRAZCT"
"IRAZCO";"S";"0137";"POUR ACTIVITES"
"IRAZCO";"S";"0138";"   SI HABS_MOTIF = ""ZRAZCT"""
"IRAZCO";"S";"0139";"      SI HJOU_DATE = CTRA_DATDEB"
"IRAZCO";"S";"0140";"         LOCA_RAZCPT = 1"
"IRAZCO";"S";"0141";"      SINON"
"IRAZCO";"S";"0142";"         ANOMALIE 149"
"IRAZCO";"S";"0143";"      FINSI"
"IRAZCO";"S";"0144";"   FINSI"
"IRAZCO";"S";"0145";"FINPOUR"
"IRAZCO";"S";"0146";"*"
"IRAZCO";"S";"0147";"* REMISE A ZERO"
"IRAZCO";"S";"0148";"SI LOCA_RAZCPT = 1"
"IRAZCO";"S";"0149";"   SI HJOU_DATE = CTRA_DATDEB"
"IRAZCO";"S";"0150";"      HJOU_IJRCREDEBC = 0"
"IRAZCO";"S";"0151";"      HJOU_IJRVICRD01 = 0"
"IRAZCO";"S";"0152";"      HJOU_IJRCDCUMAF = 0"
"IRAZCO";"S";"0153";"      HJOU_IJRCDPERMA = 0"
"IRAZCO";"S";"0154";"      HJOU_IJRCDVEILL = 0"
"IRAZCO";"S";"0155";"      HJOU_IJRPRESBAH = 0"
"IRAZCO";"S";"0156";"      HJOU_IJRBHORVAH = 0"
"IRAZCO";"S";"0157";"      HJOU_IJRBHORVHR = 0"
"IRAZCO";"S";"0158";"      HJOU_IJRPRESNBH = 0"
"IRAZCO";"S";"0159";"      HJOU_IJRPRETHEH = 0"
"IRAZCO";"S";"0160";"      HJOU_IJRTTEFFEH = 0"
"IRAZCO";"S";"0161";"      HJOU_IJRNJTRAVH = 0"
"IRAZCO";"S";"0162";"      HJOU_IJRNJPRESH = 0"
"IRAZCO";"S";"0163";"      HJOU_IJRABSPLFH = 0"
"IRAZCO";"S";"0164";"      HJOU_IJRNABSPFH = 0"
"IRAZCO";"S";"0165";"      HJOU_IJRBHORVPR = 0"
"IRAZCO";"S";"0166";"      HJOU_IJRTTREFFM = 0"
"IRAZCO";"S";"0167";"      HJOU_IJRBHORVMR = 0"
"IRAZCO";"S";"0168";"      HJOU_IJRPRESBAM = 0"
"IRAZCO";"S";"0169";"      HJOU_IJRPRESNBM = 0"
"IRAZCO";"S";"0170";"      HJOU_IJRPRETHEM = 0"
"IRAZCO";"S";"0171";"      HJOU_IJRTTEFFEM = 0"
"IRAZCO";"S";"0172";"      HJOU_IJRNJTRAVM = 0"
"IRAZCO";"S";"0173";"      HJOU_IJRNJPRESP = 0"
"IRAZCO";"S";"0174";"      HJOU_IJRABSPLFM = 0"
"IRAZCO";"S";"0175";"      HJOU_IJRNABSPFM = 0"
"IRAZCO";"S";"0176";"      HJOU_IJRNJPRESA = 0"
"IRAZCO";"S";"0177";"      HJOU_IJRTTEPMOD = 0"
"IRAZCO";"S";"0178";"      HJOU_IJRNJTRAVA = 0"
"IRAZCO";"S";"0179";"      HJOU_IJRNSAMTRA = 0"
"IRAZCO";"S";"0180";"      HJOU_IJRNDIMTRA = 0"
"IRAZCO";"S";"0181";"      HJOU_IJRNJFETRA = 0"
"IRAZCO";"S";"0182";"      HJOU_IJRNNUITRA = 0"
"IRAZCO";"S";"0183";"      HJOU_IJRBHSMPAH = 0"
"IRAZCO";"S";"0184";"      HJOU_IJRHSHMAJA = 0"
"IRAZCO";"S";"0185";"      HJOU_IJRHRECANN = 0"
"IRAZCO";"S";"0186";"      HJOU_IJRHSMPAYA = 0"
"IRAZCO";"S";"0187";"      HJOU_IJRSRCHSMA = 0"
"IRAZCO";"S";"0188";"      HJOU_IJRARTTHEU = 0"
"IRAZCO";"S";"0189";"      HJOU_IJRCRTTHEU = 0"
"IRAZCO";"S";"0191";"      HJOU_IJRARTTJOU = 0"
"IRAZCO";"S";"0192";"      HJOU_IJRCRTTJOU = 0"
"IRAZCO";"S";"0193";"      HJOU_IJRDCORELI = 0"
"IRAZCO";"S";"0194";"      HJOU_IJRCCORELI = 0"
"IRAZCO";"S";"0195";"      HJOU_IJRSCORELI = 0"
"IRAZCO";"S";"0196";"      HJOU_IJRDCOANCI = 0"
"IRAZCO";"S";"0197";"      HJOU_IJRCCOANCI = 0"
"IRAZCO";"S";"0198";"      HJOU_IJRSCOANCI = 0"
"IRAZCO";"S";"0199";"      HJOU_IJRDCOPRIN = 0"
"IRAZCO";"S";"0200";"      HJOU_IJRCCOPRIN = 0"
"IRAZCO";"S";"0201";"      HJOU_IJRSCOPRIN = 0"
"IRAZCO";"S";"0202";"      HJOU_IJRSGCONGE = 0"
"IRAZCO";"S";"0203";"      HJOU_IJRDCOFRAC = 0"
"IRAZCO";"S";"0204";"      HJOU_IJRCCOFRAC = 0"
"IRAZCO";"S";"0205";"      HJOU_IJRSCOFRAC = 0"
"IRAZCO";"S";"0206";"      HJOU_IJRNBCOFRA = 0"
"IRAZCO";"S";"0207";"      HJOU_IJRACRTTJM = 0"
"IRAZCO";"S";"0208";"      HJOU_IJRACRTTJM = 0"
"IRAZCO";"S";"0209";"      HJOU_IJRSNBJRTT = 0"
"IRAZCO";"S";"0210";"      HJOU_IJRBRCHSMH = 0"
"IRAZCO";"S";"0211";"* V9"
"IRAZCO";"S";"0212";"      HJOU_IJRNBRSEMN = 0"
"IRAZCO";"S";"0213";"      HJOU_IJRHNUITAN = 0"
"IRAZCO";"S";"0214";"      HJOU_IJRNBRNUIT = 0"
"IRAZCO";"S";"0215";"      HJOU_IJRRCNUIT = 0"
"IRAZCO";"S";"0216";"      HJOU_IJRBHPAYEE = 0"
"IRAZCO";"S";"0217";"      HJOU_IJRSCPCET = 0"
"IRAZCO";"S";"0218";"      HJOU_IJRSDONCP = 0"
"IRAZCO";"S";"0219";"      HJOU_IJRSDONABS = 0"
"IRAZCO";"S";"0220";"      HJOU_IJRSDONDIV = 0"
"IRAZCO";"S";"0221";"* Acquisition congés"
"IRAZCO";"S";"0222";"      HJOU_IJRDACQCP = 0"
"IRAZCO";"S";"0223";"      HJOU_IJRPACQCP = 0"
"IRAZCO";"S";"0224";"      HJOU_IJRSACQCP = 0"
"IRAZCO";"S";"0225";"* Jours de congés versés"
"IRAZCO";"S";"0226";"      HJOU_IJRCOVER = 0"
"IRAZCO";"S";"0227";"* Suivi jours travaillés"
"IRAZCO";"S";"0228";"      HJOU_IJRCPTJTRA = 0"
"IRAZCO";"S";"0229";"* Congé supplémentaire"
"IRAZCO";"S";"0230";"* A décommenter uniquement si utilisation de la règle des congés supplémentaires"
"IRAZCO";"S";"0231";"*   HJOU_IJRDCSUP = 0"
"IRAZCO";"S";"0232";"*   HJOU_IJRCCSUP = 0"
"IRAZCO";"S";"0233";"*   HJOU_IJRSCSUP = 0"
"IRAZCO";"S";"0234";"* Compteurs congés loi DDADUE"
"IRAZCO";"S";"0235";"      HJOU_IJRABSCP = 0"
"IRAZCO";"S";"0236";"      HJOU_IJRMALCPO = 0"
"IRAZCO";"S";"0237";"      HJOU_IJRACQMAL = 0"
"IRAZCO";"S";"0238";"      HJOU_IJRDARRET = "" """
"IRAZCO";"S";"0239";"      HJOU_IJRRCPM1 = 0"
"IRAZCO";"S";"0240";"      HJOU_IJRRRCPM1 = 0"
"IRAZCO";"S";"0241";"      HJOU_IJRRCPP1 = 0"
"IRAZCO";"S";"0242";"      HJOU_IJRRRCPP1 = 0"
"IRAZCO";"S";"0243";"      HJOU_IJRFRCPM1 = "" """
"IRAZCO";"S";"0244";"      HJOU_IJRFRRCPM1 = "" """
"IRAZCO";"S";"0245";"      HJOU_IJRFRCPP1 = "" """
"IRAZCO";"S";"0246";"      HJOU_IJRFRRCPP1 = "" """
"IRAZCO";"S";"0247";"      HJOU_IJRFRCPM1 = "" """
"IRAZCO";"S";"0248";"      HJOU_IJRDPERTE = "" """
"IRAZCO";"S";"0249";"      HJOU_IJRMABATCP = 0"
"IRAZCO";"S";"0250";"      HJOU_IJRRRCP2M1 = 0"
"IRAZCO";"S";"0251";"      HJOU_IJRFRCP2M1 = "" """
"IRAZCO";"S";"0252";"      HJOU_IJRDPERTE = "" """
"IRAZCO";"S";"0253";"* Compteur annualisation forfait jour"
"IRAZCO";"S";"0254";"      HJOU_IJRPLFAFJ = 0"
"IRAZCO";"S";"0255";"      HJOU_IJRJTEAFJ = 0"
"IRAZCO";"S";"0256";"      HJOU_IJRSCTFJ = 0"
"IRAZCO";"S";"0257";"      HJOU_IJRSJRF = 0"
"IRAZCO";"S";"0258";"      HJOU_IJRJEAAFJ = 0"
"IRAZCO";"S";"0259";"* Compteur maintien CP"
"IRAZCO";"S";"0260";"      HJOU_IJRNBJMAIN = 0"
"IRAZCO";"S";"0261";"      HJOU_IJRABSFIN = 0"
"IRAZCO";"S";"0262";"      HJOU_IJRDACQCPL = 0"
"IRAZCO";"S";"0263";"      HJOU_IJRJTRAM = 0"
"IRAZCO";"S";"0264";"      HJOU_IJRJMALM = 0"
"IRAZCO";"S";"0265";"*"
"IRAZCO";"S";"0266";"      HJOU_IJRNBABSI = 0"
"IRAZCO";"S";"0267";"* Abattement RTT"
"IRAZCO";"S";"0268";"      HJOU_IJRABTRTT = 0"
"IRAZCO";"S";"0269";"      HJOU_IJRREP35H = 35"
"IRAZCO";"S";"0270";"      HJOU_IJRINDANO = 0"
"IRAZCO";"S";"0271";"      HJOU_IJRTTHEBDO = 0"
"IRAZCO";"S";"0272";"      HJOU_IJRTTMENS = 0"
"IRAZCO";"S";"0273";"   FINSI"
"IRAZCO";"S";"0274";"FINSI"
"IRAZCO";"S";"0275";"FIN"
"IPRIOR";"S";"0001";"***********************************************************************"
"IPRIOR";"S";"0002";"* Règle     : IPRIOR"
"IPRIOR";"S";"0003";"* Ordre     : 3700"
"IPRIOR";"S";"0004";"* Titre     : Priorite des activites"
"IPRIOR";"S";"0005";"* Package   : Privé 16.3"
"IPRIOR";"S";"0006";"*----------------------------------------------------------------------"
"IPRIOR";"S";"0007";"*"
"IPRIOR";"S";"0008";"*"
"IPRIOR";"S";"0009";"* Rôle : Priorite des activites"
"IPRIOR";"S";"0010";"*"
"IPRIOR";"S";"0011";"*"
"IPRIOR";"S";"0012";"*"
"IPRIOR";"S";"0013";"*"
"IPRIOR";"S";"0014";"*----------------------------------------------------------------------"
"IPRIOR";"S";"0015";"* Créé par : Cellule Industrialisation"
"IPRIOR";"S";"0016";"* Date     : 03/09/2009"
"IPRIOR";"S";"0017";"* Version  : 1"
"IPRIOR";"S";"0018";"*----------------------------------------------------------------------"
"IPRIOR";"S";"0019";"* Modifiée par : Cellule Industrialisation"
"IPRIOR";"S";"0020";"* Date         : JJ/MM/AAAA"
"IPRIOR";"S";"0021";"* Objet        :"
"IPRIOR";"S";"0022";"***********************************************************************"
"IPRIOR";"S";"0023";"*"
"IPRIOR";"S";"0024";"* Implémentation des données industrielles"
"IPRIOR";"S";"0025";"*"
"IPRIOR";"S";"0026";"DEBDICO"
"IPRIOR";"S";"0027";"FINDICO"
"IPRIOR";"S";"0028";"*"
"IPRIOR";"S";"0029";"* Déclaration des donnees locales"
"IPRIOR";"S";"0030";"*"
"IPRIOR";"S";"0031";"DEF LOCA_MOT1 A10"
"IPRIOR";"S";"0032";"LOCA_MOT1 = "" """
"IPRIOR";"S";"0033";"DEF LOCA_MOT2 A10"
"IPRIOR";"S";"0034";"LOCA_MOT2 = "" """
"IPRIOR";"S";"0035";"DEF LOCA_PRIO1 Z1"
"IPRIOR";"S";"0036";"LOCA_PRIO1 = ""0"""
"IPRIOR";"S";"0037";"DEF LOCA_PRIO2 Z1"
"IPRIOR";"S";"0038";"LOCA_PRIO2 = ""0"""
"IPRIOR";"S";"0039";"DEF LOCA_VAL1 A1"
"IPRIOR";"S";"0040";"LOCA_VAL1 = "" """
"IPRIOR";"S";"0041";"DEF LOCA_VAL2 A1"
"IPRIOR";"S";"0042";"LOCA_VAL2 = "" """
"IPRIOR";"S";"0043";"*"
"IPRIOR";"S";"0044";"*"
"IPRIOR";"S";"0045";"POUR ACTIVITES"
"IPRIOR";"S";"0046";"   SI HABS_MOTYPE <> ""C"""
"IPRIOR";"S";"0047";"      SI HABS_MOTIF <> ""FINP"""
"IPRIOR";"S";"0048";"         SI HABS_VALORIS <> ""H"""
"IPRIOR";"S";"0049";"            SI LOCA_MOT1 = "" """
"IPRIOR";"S";"0050";"               SI MOTI_PRIORITE > ""0"""
"IPRIOR";"S";"0051";"                  LOCA_PRIO1 = MOTI_PRIORITE"
"IPRIOR";"S";"0052";"                  LOCA_MOT1 = HABS_MOTIF"
"IPRIOR";"S";"0053";"                  LOCA_VAL1 = HABS_VALORIS"
"IPRIOR";"S";"0054";"               FINSI"
"IPRIOR";"S";"0055";"            SINON"
"IPRIOR";"S";"0056";"               SI LOCA_MOT2 = "" """
"IPRIOR";"S";"0057";"                  SI MOTI_PRIORITE > ""0"""
"IPRIOR";"S";"0058";"                     LOCA_PRIO2 = MOTI_PRIORITE"
"IPRIOR";"S";"0059";"                     LOCA_MOT2 = HABS_MOTIF"
"IPRIOR";"S";"0060";"                     LOCA_VAL2 = HABS_VALORIS"
"IPRIOR";"S";"0061";"                  FINSI"
"IPRIOR";"S";"0062";"               FINSI"
"IPRIOR";"S";"0063";"            FINSI"
"IPRIOR";"S";"0064";"         FINSI"
"IPRIOR";"S";"0065";"      FINSI"
"IPRIOR";"S";"0066";"   FINSI"
"IPRIOR";"S";"0067";"FINPOUR"
"IPRIOR";"S";"0068";"SI LOCA_VAL1 = LOCA_VAL2"
"IPRIOR";"S";"0069";"   SI LOCA_PRIO2 > LOCA_PRIO1"
"IPRIOR";"S";"0070";"      LOCA_MOT2 = "" """
"IPRIOR";"S";"0071";"   FINSI"
"IPRIOR";"S";"0072";"   SI LOCA_PRIO2 < LOCA_PRIO1"
"IPRIOR";"S";"0073";"      LOCA_MOT1 = "" """
"IPRIOR";"S";"0074";"   FINSI"
"IPRIOR";"S";"0075";"   SI LOCA_PRIO2 = LOCA_PRIO1"
"IPRIOR";"S";"0076";"      SI LOCA_MOT1 = LOCA_MOT2"
"IPRIOR";"S";"0077";"         LOCA_MOT1 = "" """
"IPRIOR";"S";"0078";"      SINON"
"IPRIOR";"S";"0079";"         LOCA_MOT1 = "" """
"IPRIOR";"S";"0080";"         LOCA_MOT2 = "" """
"IPRIOR";"S";"0081";"      FINSI"
"IPRIOR";"S";"0082";"   FINSI"
"IPRIOR";"S";"0083";"   SI LOCA_MOT1 <> "" """
"IPRIOR";"S";"0084";"      ENLEVER LOCA_MOT1"
"IPRIOR";"S";"0085";"   FINSI"
"IPRIOR";"S";"0086";"   SI LOCA_MOT2 <> "" """
"IPRIOR";"S";"0087";"      ENLEVER LOCA_MOT2"
"IPRIOR";"S";"0088";"   FINSI"
"IPRIOR";"S";"0089";"FINSI"
"IPRIOR";"S";"0090";"FIN"
"IDURABS";"S";"0001";"***********************************************************************"
"IDURABS";"S";"0002";"* Règle     : IDURABS"
"IDURABS";"S";"0003";"* Ordre     : 3800"
"IDURABS";"S";"0004";"* Titre     : Durée des absences"
"IDURABS";"S";"0005";"* Package   : Privé 16.3"
"IDURABS";"S";"0006";"*----------------------------------------------------------------------"
"IDURABS";"S";"0007";"*"
"IDURABS";"S";"0008";"*"
"IDURABS";"S";"0009";"* Rôle : Calcul de la durée des absences"
"IDURABS";"S";"0010";"*"
"IDURABS";"S";"0011";"*"
"IDURABS";"S";"0012";"*----------------------------------------------------------------------"
"IDURABS";"S";"0013";"* Créé par : Cellule Industrialisation"
"IDURABS";"S";"0014";"* Date     : 10/08/2018"
"IDURABS";"S";"0015";"* Version  : 1"
"IDEBOR";"S";"0030";"* Déclaration des donnees locales"
"IDEBOR";"S";"0031";"*"
"IDEBOR";"S";"0032";"SI HJOU_DATE <= TEMP_DATJOU"
"IDEBOR";"S";"0033";"   HJOU_IJQHEXCEDJ = HJOU_IJQDEBORDT"
"IDEBOR";"S";"0034";"   POUR ACTIVITES"
"IDEBOR";"S";"0035";"      SI HABS_MOTIF = ""ZEXC"""
"IDEBOR";"S";"0036";"         HJOU_IJQHEXCEDJ = HABS_MOTIDUR"
"IDEBOR";"S";"0037";"      FINSI"
"IDEBOR";"S";"0038";"   FINPOUR"
"IDEBOR";"S";"0039";"FINSI"
"IDEBOR";"S";"0040";"FIN"
"IXPRES";"S";"0001";"***********************************************************************"
"IXPRES";"S";"0002";"* Règle     : IXPRES"
"IXPRES";"S";"0003";"* Ordre     : 3710"
"IXPRES";"S";"0004";"* Titre     : Priorite de la consigne XPRES"
"IXPRES";"S";"0005";"* Package   : Privé 16.3"
"IXPRES";"S";"0006";"*----------------------------------------------------------------------"
"IXPRES";"S";"0007";"*"
"IXPRES";"S";"0008";"*"
"IXPRES";"S";"0009";"* Rôle : Priorite de la consigne XPRES"
"IXPRES";"S";"0010";"*"
"IXPRES";"S";"0011";"*"
"IXPRES";"S";"0012";"*"
"IXPRES";"S";"0013";"*"
"IXPRES";"S";"0014";"*----------------------------------------------------------------------"
"IXPRES";"S";"0015";"* Créé par : Cellule Industrialisation"
"IXPRES";"S";"0016";"* Date     : 03/09/2009"
"IXPRES";"S";"0017";"* Version  : 1"
"IXPRES";"S";"0018";"*----------------------------------------------------------------------"
"IXPRES";"S";"0019";"* Modifiée par : Cellule Industrialisation"
"IXPRES";"S";"0020";"* Date         : JJ/MM/AAAA"
"IXPRES";"S";"0021";"* Objet        :"
"IXPRES";"S";"0022";"***********************************************************************"
"IXPRES";"S";"0023";"*"
"IXPRES";"S";"0024";"*"
"IXPRES";"S";"0025";"DEBDICO"
"IXPRES";"S";"0026";"   PARD_IDIXPRES;O;A10;X;;;123456789;II;;C2;""Motif de présence non badgeant"";"
"IXPRES";"S";"0027";"FINDICO"
"IXPRES";"S";"0028";"*"
"IXPRES";"S";"0029";"* Déclaration des donnees locales"
"IXPRES";"S";"0030";"*"
"IXPRES";"S";"0031";"DEF LOCA_MOT1 A10"
"IXPRES";"S";"0032";"LOCA_MOT1 = "" """
"IXPRES";"S";"0033";"DEF LOCA_MOT2 A10"
"IXPRES";"S";"0034";"LOCA_MOT2 = "" """
"IXPRES";"S";"0035";"DEF LOCA_VALORIS A1"
"IXPRES";"S";"0036";"LOCA_VALORIS = "" """
"IXPRES";"S";"0037";"DEF LOCA_VAL1 A1"
"IXPRES";"S";"0038";"LOCA_VAL1 = "" """
"IXPRES";"S";"0039";"DEF LOCA_VAL2 A1"
"IXPRES";"S";"0040";"LOCA_VAL2 = "" """
"IXPRES";"S";"0041";"*"
"IXPRES";"S";"0042";"POUR ACTIVITES"
"IXPRES";"S";"0043";"   SI HABS_MOTIF = PARD_IDIXPRES"
"IXPRES";"S";"0044";"      LOCA_VALORIS = HABS_VALORIS"
"IENFMALADE";"S";"0080";"   FINPOUR"
"IENFMALADE";"S";"0081";"   LOCA_ENFT = LOCA_ENF + LOCA_ENF16"
"IENFMALADE";"S";"0082";"*"
"IENFMALADE";"S";"0083";"   SI LOCA_ENFT >= 3"
"IENFMALADE";"S";"0084";"   OU LOCA_ENF > 0"
"IENFMALADE";"S";"0085";"      LOCA_DROIT = PARD_IDIENFMAL2"
"IENFMALADE";"S";"0086";"   SINON"
"IENFMALADE";"S";"0087";"      SI LOCA_ENF16 > 0"
"IENFMALADE";"S";"0088";"         LOCA_DROIT = PARD_IDIENFMAL1"
"IENFMALADE";"S";"0089";"      FINSI"
"IENFMALADE";"S";"0090";"   FINSI"
"IENFMALADE";"S";"0091";"*"
"IENFMALADE";"S";"0092";"* Alimentation du compteur"
"IENFMALADE";"S";"0093";"   HJOU_IJRSCENFMA = LOCA_DROIT"
"IENFMALADE";"S";"0094";"FINSI"
"IENFMALADE";"S";"0095";"*"
"IENFMALADE";"S";"0096";"* alimentation par consignes"
"IENFMALADE";"S";"0097";"POUR ACTIVITES"
"IENFMALADE";"S";"0098";"   SI HABS_MOTIF = ""ZCENF"""
"IENFMALADE";"S";"0099";"      HJOU_IJRSCENFMA = HABS_MOTINBR"
"IENFMALADE";"S";"0100";"   FINSI"
"IENFMALADE";"S";"0101";"   SI HABS_MOTIF = ""XCENF"""
"IENFMALADE";"S";"0102";"      HJOU_IJRSCENFMA = HJOU_IJRSCENFMA + HABS_MOTINBR"
"IENFMALADE";"S";"0103";"   FINSI"
"IENFMALADE";"S";"0104";"FINPOUR"
"IENFMALADE";"S";"0105";"*"
"IENFMALADE";"S";"0106";"* Contrôle du droit maximum"
"IENFMALADE";"S";"0107";"*"
"IENFMALADE";"S";"0108";"SI HJOU_IJRSCENFMA > PARD_IDIENFMAL2"
"IENFMALADE";"S";"0109";"   ANOMALIE 193"
"IENFMALADE";"S";"0110";"FINSI"
"IENFMALADE";"S";"0111";"*"
"IENFMALADE";"S";"0112";"* Gestion du pris"
"IENFMALADE";"S";"0113";"POUR ACTIVITES"
"IENFMALADE";"S";"0114";"   SI HABS_MOTIF = ""CENF"""
"IENFMALADE";"S";"0115";"      SI HABS_VALORIS = ""J"""
"IENFMALADE";"S";"0116";"         LOCA_VAL = 1"
"IENFMALADE";"S";"0117";"      SINON"
"IENFMALADE";"S";"0118";"         LOCA_VAL = 0.5"
"IENFMALADE";"S";"0119";"      FINSI"
"IENFMALADE";"S";"0120";"   FINSI"
"IENFMALADE";"S";"0121";"FINPOUR"
"IENFMALADE";"S";"0122";"*"
"IENFMALADE";"S";"0123";"SI HJOU_IJRSCENFMA >= LOCA_VAL"
"IENFMALADE";"S";"0124";"   HJOU_IJRSCENFMA = HJOU_IJRSCENFMA - LOCA_VAL"
"IENFMALADE";"S";"0125";"SINON"
"IENFMALADE";"S";"0126";"   ANOMALIE 184"
"IENFMALADE";"S";"0127";"FINSI"
"IENFMALADE";"S";"0128";"FIN"
"IXPRES";"S";"0045";"   FINSI"
"IXPRES";"S";"0046";"   SI HABS_MOTIF <> PARD_IDIXPRES"
"IXPRES";"S";"0047";"      SI HABS_VALORIS <> ""H"""
"IXPRES";"S";"0048";"         SI HABS_MOTYPE <> ""C"""
"IXPRES";"S";"0049";"            SI LOCA_MOT1 = "" """
"IXPRES";"S";"0050";"               LOCA_MOT1 = HABS_MOTIF"
"IXPRES";"S";"0051";"               LOCA_VAL1 = HABS_VALORIS"
"IXPRES";"S";"0052";"            SINON"
"IXPRES";"S";"0053";"               LOCA_MOT2 = HABS_MOTIF"
"IRCNUIT";"S";"0026";"* Implémentation des données industrielles"
"IRCNUIT";"S";"0027";"*"
"IRCNUIT";"S";"0028";"DEBDICO"
"IRCNUIT";"S";"0029";"   PARD_IDIREFRCN;O;A4;X;;;123456789;;;C3;""Date de référence RC de nuit (JJMM)"";"
"IRCNUIT";"S";"0030";"   HJOU_IJRHNUITAN;N;T8,2;L;;;123456789;;IJRHNUITAN;V3;""Cumul heures de nuit annuel"";"
"IRCNUIT";"S";"0031";"   HJOU_IJRNBRSEMN;N;N2;I;;;123456789;;IJRNBRSEMN;V3;""Nombre de semaines de nuit"";"
"IRCNUIT";"S";"0032";"   HJOU_IJRNBRNUIT;N;N2;I;;;123456789;;IJRNBRNUIT;V3;""Nombre de nuits par semaine"";"
"IRCNUIT";"S";"0033";"   HJOU_IJRRCNUIT;N;T8,2;L;;;    56789;;IJRRCNUIT;V3;""Solde du RC de nuit"";"
"IRCNUIT";"S";"0034";"FINDICO"
"IRCNUIT";"S";"0035";"*"
"IRCNUIT";"S";"0036";"*"
"IRCNUIT";"S";"0037";"DEBANO"
"IRCNUIT";"S";"0038";"   182;9;""Solde RC nuit insuffisant"";"
"IRCNUIT";"S";"0039";"FINANO"
"IRCNUIT";"S";"0040";"*"
"IRCNUIT";"S";"0041";"* Définition des variables locales"
"IRCNUIT";"S";"0042";"DEF LOCA_DATE D"
"IRCNUIT";"S";"0043";"DEF LOCA_REF N2"
"IRCNUIT";"S";"0044";"DEF LOCA_RCNUIT T6.2"
"IRCNUIT";"S";"0045";"LOCA_RCNUIT = 0"
"IRCNUIT";"S";"0046";"*"
"IRCNUIT";"S";"0047";"* stockage du mois de reference"
"IRCNUIT";"S";"0048";"*"
"IRCNUIT";"S";"0049";"LOCA_REF << PARD_IDIREFRCN(3:2)"
"IRCNUIT";"S";"0050";"* stokage du mois de reference"
"IRCNUIT";"S";"0051";"*"
"IRCNUIT";"S";"0052";"LOCA_DATE(5:2) << LOCA_REF"
"IRCNUIT";"S";"0053";"* stockage du jour de reference"
"IRCNUIT";"S";"0054";"*"
"IRCNUIT";"S";"0055";"LOCA_REF << PARD_IDIREFRCN(1:2)"
"IRCNUIT";"S";"0056";"* loca_date contient maintenant l'année du jour de l'historique"
"IRCNUIT";"S";"0057";"* et le mois et le jour de reference"
"IRCNUIT";"S";"0058";"LOCA_DATE(7:2) << LOCA_REF"
"IRCNUIT";"S";"0059";"*"
"IRCNUIT";"S";"0060";"*"
"IRCNUIT";"S";"0061";"* RAZ Nbre de semaines de nuit / heures badgées de nuit"
"IRCNUIT";"S";"0062";"SI HJOU_DATE(5:4) = LOCA_DATE(5:4)"
"IRCNUIT";"S";"0063";"   HJOU_IJRNBRSEMN = 0"
"IRCNUIT";"S";"0064";"   HJOU_IJRHNUITAN = 0"
"IRCNUIT";"S";"0065";"FINSI"
"IRCNUIT";"S";"0066";"*"
"IRCNUIT";"S";"0067";"*"
"IRCNUIT";"S";"0068";"*"
"IRCNUIT";"S";"0069";"* totalisation annuel des heures de nuit"
"IRCNUIT";"S";"0070";"*"
"IRCNUIT";"S";"0071";"SI HJOU_DATE <= TEMP_DATJOU"
"IRCNUIT";"S";"0072";"   HJOU_IJRHNUITAN = HJOU_IJRHNUITAN + HJOU_IJQHNUITBA"
"IRCNUIT";"S";"0073";"** RAZ Nbre de nuits"
"IRCNUIT";"S";"0074";"   SI HJOU_JOUR = ""1"""
"IRCNUIT";"S";"0075";"   OU HJOU_DATE(5:4) = LOCA_DATE(5:4)"
"IRCNUIT";"S";"0076";"      HJOU_IJRNBRNUIT = 0"
"IRCNUIT";"S";"0077";"   FINSI"
"IRCNUIT";"S";"0078";"* Alimentation du compteur lorsque l'agent a fait au moins 3 heures de nuit"
"IRCNUIT";"S";"0079";"*"
"IRCNUIT";"S";"0080";"   SI HJOU_IJQHNUITBA >= 3.00"
"IRCNUIT";"S";"0081";"      HJOU_IJRNBRNUIT = HJOU_IJRNBRNUIT + 1"
"IRCNUIT";"S";"0082";"   FINSI"
"IRCNUIT";"S";"0083";"* en fin de semaine , si ce compteur >= 2 on decompte 1 semaine de nuit"
"IRCNUIT";"S";"0084";"   SI HJOU_JOUR = ""7"""
"IRCNUIT";"S";"0085";"      SI HJOU_IJRNBRNUIT >= 2"
"IRCNUIT";"S";"0086";"         HJOU_IJRNBRSEMN = HJOU_IJRNBRSEMN + 1"
"IRCNUIT";"S";"0087";"      FINSI"
"IRCNUIT";"S";"0088";"   FINSI"
"IRCNUIT";"S";"0089";"FINSI"
"IRCNUIT";"S";"0090";"** en fin de période de réference on compare le nombre d'heures de nuit Par rapport au seuil"
"IRCNUIT";"S";"0091";"SI TEMP_DATSUI(5:4) = LOCA_DATE(5:4)"
"IRCNUIT";"S";"0092";"   SI HJOU_IJRHNUITAN > PARD_IDISEUIRCN"
"IRCNUIT";"S";"0093";"      LOCA_RCNUIT = HJOU_IJRNBRSEMN * 0.20"
"IRCNUIT";"S";"0094";"      SI LOCA_RCNUIT >= 16.00"
"IRCNUIT";"S";"0095";"         LOCA_RCNUIT = 16"
"IRCNUIT";"S";"0096";"      FINSI"
"IRCNUIT";"S";"0097";"      HJOU_IJRRCNUIT = HJOU_IJRRCNUIT + LOCA_RCNUIT"
"IRCNUIT";"S";"0098";"   FINSI"
"IRCNUIT";"S";"0099";"FINSI"
"IRCNUIT";"S";"0100";"** consignes"
"IRCNUIT";"S";"0101";"POUR ACTIVITES"
"IRCNUIT";"S";"0102";"   SI HABS_MOTIF = ""ZRCNUIT"""
"IRCNUIT";"S";"0103";"      HJOU_IJRRCNUIT = HABS_MOTIDUR"
"IRCNUIT";"S";"0104";"   FINSI"
"IRCNUIT";"S";"0105";"   SI HABS_MOTIF = ""XRCNUIT"""
"IRCNUIT";"S";"0106";"      HJOU_IJRRCNUIT = HJOU_IJRRCNUIT + HABS_MOTIDUR"
"IRCNUIT";"S";"0107";"   FINSI"
"IRCNUIT";"S";"0108";"FINPOUR"
"IRCNUIT";"S";"0109";"** motif de récupération"
"IRCNUIT";"S";"0110";"POUR ACTIVITES"
"IRCNUIT";"S";"0111";"   SI HABS_MOTIF = ""RCNUIT"""
"IRCNUIT";"S";"0112";"      SI HJOU_IJRRCNUIT >= HABS_MOTIDUR"
"IRCNUIT";"S";"0113";"         HJOU_IJRRCNUIT = HJOU_IJRRCNUIT - HABS_MOTIDUR"
"IRCNUIT";"S";"0114";"      SINON"
"IRCNUIT";"S";"0115";"         ANOMALIE 182"
"IRCNUIT";"S";"0116";"      FINSI"
"IRCNUIT";"S";"0117";"   FINSI"
"IRCNUIT";"S";"0118";"FINPOUR"
"IRCNUIT";"S";"0119";"FIN"
"IANNUFJ";"S";"0001";"***********************************************************************"
"IANNUFJ";"S";"0002";"* Règle     : IANNUFJ"
"IANNUFJ";"S";"0003";"* Ordre     : 7000"
"IANNUFJ";"S";"0004";"* Libellé   : Gestion annualisation forfaits jours"
"IANNUFJ";"S";"0005";"* Package   : Privé 16.3"
"IANNUFJ";"S";"0006";"*----------------------------------------------------------------------"
"IANNUFJ";"S";"0007";"* Objectif  : Annualisation des forfaits jours (FJ)"
"IANNUFJ";"S";"0008";"*             - SUIVI DU NOMBRE DE JOURS TRAVAILLÉS"
"IANNUFJ";"S";"0009";"*             - analyse des motif d'absences pour jour travaillé"
"IANNUFJ";"S";"0010";"*             - consomation des jours de récupération"
"IANNUFJ";"S";"0011";"*"
"IANNUFJ";"S";"0012";"*                ATTENTION : pas encore de gestion automatique"
"IANNUFJ";"S";"0013";"*                - de l'entrée et de la sortie en cours d'année,"
"IANNUFJ";"S";"0014";"*                - du changement de contrat."
"IANNUFJ";"S";"0015";"*----------------------------------------------------------------------"
"IANNUFJ";"S";"0016";"* Créée par : HQSector"
"IANNUFJ";"S";"0017";"* Date      : 02.08.2024"
"IANNUFJ";"S";"0018";"* Version   : 2"
"IANNUFJ";"S";"0019";"*----------------------------------------------------------------------"
"IANNUFJ";"S";"0020";"* Màj par   :"
"IANNUFJ";"S";"0021";"* Date      : JJ/MM/AAAA"
"IANNUFJ";"S";"0022";"* Objet     :"
"IANNUFJ";"S";"0023";"***********************************************************************"
"IANNUFJ";"S";"0024";"*"
"IANNUFJ";"S";"0025";"* Implémentation des données industrielles"
"IANNUFJ";"S";"0026";"*"
"IANNUFJ";"S";"0027";"DEBDICO"
"IANNUFJ";"S";"0028";"   PARD_IDIDDEBFJ;O;D10;X;;;123456789;;;C3;""Début période gestion convention FJ"";"
"IANNUFJ";"S";"0029";"   PARD_IDIVPLFTHA;O;N6,2;I;;;123456789;;;C3;""Plafond théorique annuel FJ"";"
"IANNUFJ";"S";"0030";"   PARD_IDIDRAZRFJ;O;A4;X;;;123456789;;;C3;""Date RAZ repos N-1 FJ (JJMM)"";"
"IANNUFJ";"S";"0031";"   PARD_IDIVMRFJ;O;A10;X;;;123456789;II;;C2;""Motif repos forfait jour"";"
"IANNUFJ";"S";"0032";"   HORC_IHIFORFJ;O;Z1;X;0;1;123456789;C;;C2;""Forfait jour"";"
"IANNUFJ";"S";"0033";"   MOTI_IMITTEFFFJ;O;Z1;X;;;123456789;L;;C2;""Participe au temps travail effectif FJ"";"
"IANNUFJ";"S";"0034";"   HJOU_IJRPLFAFJ;O;N6,2;I;;;123456789;;IJRPLFAFJ;V3;""Plafond annuel FJ"";"
"IANNUFJ";"S";"0035";"   HJOU_IJRJTEAFJ;O;N6,2;I;;;123456789;;IJRJTEAFJ;V3;""NbJ travail effectif annuels FJ"";"
"IANNUFJ";"S";"0036";"   HJOU_IJRSCTFJ;O;N7,2;I;;;123456789;;IJRSCTFJ;V3;""Ecart plafond FJ"";"
"IANNUFJ";"S";"0037";"   HJOU_IJRSJRF;O;N6,2;I;;;123456789;;IJRSJRF;V3;""Solde repos N-1 FJ"";"
"IANNUFJ";"S";"0038";"   HJOU_IJRJEAAFJ;O;N6,2;I;;;123456789;;IJRJEAAFJ;V3;""NbJ assimilé travail effectif annuels FJ"";"
"IANNUFJ";"S";"0039";"   EMPL_IEQJTEAFJ;O;N6,2;I;;;123456789;;;V3;""NbJ prév. travail effectif annuels FJ"";"
"IANNUFJ";"S";"0040";"   HORC_IHIVPLFTHA;N;N6,2;I;;;123456789;;;C3;""Plafond théorique annuel FJ"";"
"IANNUFJ";"S";"0041";"   HJOU_IJQJTEAFJ;O;N6,2;I;;;123456789;;;V3;""NbJ travail effectif journalier FJ"";"
"IANNUFJ";"S";"0042";"   PARD_IDIXPRES;O;A10;X;;;123456789;II;;C2;""Motif de présence non badgeant"";"
"IANNUFJ";"S";"0043";"FINDICO"
"IANNUFJ";"S";"0044";"*"
"IANNUFJ";"S";"0045";"DEBANO"
"IANNUFJ";"S";"0046";"   201;5;""Dépassement convention de forfait"";"
"IANNUFJ";"S";"0047";"   202;5;""Solde RFJ négatif"";"
"IANNUFJ";"S";"0048";"   203;5;""Récupération et paiement de l'écart plafond FJ en fin de période uniquement"";"
"IANNUFJ";"S";"0049";"   204;5;""Dépassement seuil maximal quotidien nombre de jours de travail effectif FJ"";"
"IANNUFJ";"S";"0050";"   227;9;""Badgeage ET absence journée ne participant pas au travail effectif FJ"";"
"IANNUFJ";"S";"0051";"FINANO"
"IANNUFJ";"S";"0052";"*"
"IANNUFJ";"S";"0053";"*"
"IANNUFJ";"S";"0054";"*------------------------------------------------*"
"IANNUFJ";"S";"0055";"* Définition des variables locales"
"IANNUFJ";"S";"0056";"*------------------------------------------------*"
"IANNUFJ";"S";"0057";"DEF CPTG_RFJ N6.2"
"IANNUFJ";"S";"0058";"PERGLISS CPTG_RFJ ""365J01"""
"IANNUFJ";"S";"0059";"*"
"IANNUFJ";"S";"0060";"DEF LOCA_NOERREUR N3"
"IANNUFJ";"S";"0061";"LOCA_NOERREUR = 0"
"IANNUFJ";"S";"0062";"DEF LOCA_CALCUL N1"
"IANNUFJ";"S";"0063";"LOCA_CALCUL = 0"
"IANNUFJ";"S";"0064";"DEF LOCA_EMPREGLE N1"
"IANNUFJ";"S";"0065";"LOCA_EMPREGLE = 0"
"IANNUFJ";"S";"0066";"DEF LOCA_DATPASSE N1"
"IANNUFJ";"S";"0067";"LOCA_DATPASSE = 0"
"IANNUFJ";"S";"0068";"DEF LOCA_DATPRESENT N1"
"IANNUFJ";"S";"0069";"LOCA_DATPRESENT = 0"
"IANNUFJ";"S";"0070";"DEF LOCA_DATFUTURE N1"
"IANNUFJ";"S";"0071";"LOCA_DATFUTURE = 0"
"IANNUFJ";"S";"0072";"DEF LOCA_ANNEE N4"
"IANNUFJ";"S";"0073";"LOCA_ANNEE = 0"
"IANNUFJ";"S";"0074";"DEF LOCA_ANNEESUIV N4"
"IANNU";"S";"0044";"      HJOU_IJRCTRPMOD = PARD_IDIVOBJTHA"
"IANNU";"S";"0045";"      HJOU_IJRTTEPMOD = 0"
"IANNU";"S";"0046";"      HJOU_IJRECARANN = 0"
"IANNU";"S";"0047";"   FINSI"
"IANNU";"S";"0048";"SINON"
"IANNU";"S";"0049";"   LOCA_DATANU(1:4) = HJOU_DATE(1:4)"
"IANNU";"S";"0050";"   LOCA_DATANU(5:4) = ""0101"""
"IANNU";"S";"0051";"   SI HJOU_DATE(5:4) = ""0101"""
"IANNU";"S";"0052";"      HJOU_IJRCTRPMOD = PARD_IDIVOBJTHA"
"IANNU";"S";"0053";"      HJOU_IJRTTEPMOD = 0"
"IANNU";"S";"0054";"      HJOU_IJRECARANN = 0"
"IANNU";"S";"0055";"   FINSI"
"IANNU";"S";"0056";"FINSI"
"IANNU";"S";"0057";"* Calcul de la date de fin d'annualisation"
"IANNU";"S";"0058";"* pour le calcul des heures effectives annuelles previsionnelles"
"IANNU";"S";"0059";"LOCA_ACOURS << TEMP_DATJOU(1:4)"
"IANNU";"S";"0060";"SI TEMP_DATJOU(5:4) >= LOCA_DATANU(5:4)"
"IANNU";"S";"0061";"   LOCA_ACOURS = LOCA_ACOURS + 1"
"IANNU";"S";"0062";"FINSI"
"IANNU";"S";"0063";"LOCA_DATEFU(1:4) << LOCA_ACOURS"
"IANNU";"S";"0064";"LOCA_DATEFU(5:4) = LOCA_DATANU(5:4)"
"IANNU";"S";"0065";"**"
"IANNU";"S";"0066";"*  initialisation du contigent par consignes"
"IANNU";"S";"0067";"POUR ACTIVITES"
"IANNU";"S";"0068";"   SI HABS_MOTIF = ""ZCON"""
"IANNU";"S";"0069";"      HJOU_IJRCTRPMOD = HABS_MOTIDUR"
"IANNU";"S";"0070";"   FINSI"
"IANNU";"S";"0071";"FINPOUR"
"IANNU";"S";"0072";"*"
"IANNU";"S";"0073";"HJOU_IJRTTEPMOD = HJOU_IJRTTEPMOD + HJOU_IJQTTEFFEJ"
"IANNU";"S";"0074";"*  initialisation par consigne"
"IANNU";"S";"0075";"POUR ACTIVITES"
"IANNU";"S";"0076";"   SI HABS_MOTIF = ""XEFA"""
"IANNU";"S";"0077";"      HJOU_IJRTTEPMOD = HJOU_IJRTTEPMOD + HABS_MOTIDUR"
"IANNU";"S";"0078";"   FINSI"
"IANNU";"S";"0079";"   SI HABS_MOTIF = ""ZEFA"""
"IANNU";"S";"0080";"      HJOU_IJRTTEPMOD = HABS_MOTIDUR"
"IANNU";"S";"0081";"   FINSI"
"IANNU";"S";"0082";"FINPOUR"
"IANNU";"S";"0083";"SI HJOU_IJRCTRPMOD > 0"
"IANNU";"S";"0084";"   HJOU_IJRECARANN = HJOU_IJRTTEPMOD - HJOU_IJRCTRPMOD"
"IANNU";"S";"0085";"FINSI"
"IANNU";"S";"0086";"** calcul des HS annuelles"
"IANNU";"S";"0087";"** ce sont les heures de travail effectif faites au-dela du contrat an"
"IANNU";"S";"0088";"** deduites des HS déja payés et récupérés ( il ne faut pas repayer"
"IANNU";"S";"0089";"** les heures récupérées)en cours d'année."
"IANNU";"S";"0090";"SI HJOU_IJIGHSUPPM = ""3"""
"IANNU";"S";"0091";"   SI TEMP_DATSUI(5:4) = LOCA_DATANU(5:4)"
"IANNU";"S";"0092";"      SI HJOU_IJRECARANN > 0"
"IANNU";"S";"0093";"* si l'ecat annuel est supérieur au cumul"
"IANNU";"S";"0094";"* des hs payees et recuperees l'ecart alimente"
"IANNU";"S";"0095";"* le compteur HS annuel"
"IANNU";"S";"0096";"         SI HJOU_IJRECARANN > HJOU_IJRHSMPAYA"
"IANNU";"S";"0097";"            HJOU_IJQHSMAPAA = HJOU_IJRECARANN - HJOU_IJRHSMPAYA"
"IANNU";"S";"0098";"         FINSI"
"IANNU";"S";"0099";"      FINSI"
"IANNU";"S";"0100";"   FINSI"
"IANNU";"S";"0101";"FINSI"
"IANNU";"S";"0102";"* Calul des heures effectives previsionnelles"
"IANNU";"S";"0103";"SI TEMP_DATSUI = LOCA_DATEFU"
"IANNU";"S";"0104";"   EMPL_IEQTTREFFA = HJOU_IJRTTEPMOD"
"IANNU";"S";"0105";"   EMPL_IEQECARANN = HJOU_IJRECARANN"
"IANNU";"S";"0106";"FINSI"
"IANNU";"S";"0107";"*"
"IANNU";"S";"0108";"* initialisation par consigne"
"IANNU";"S";"0109";"POUR ACTIVITES"
"IANNU";"S";"0110";"   SI HABS_MOTIF = ""XHS25A"""
"IANNU";"S";"0111";"      HJOU_IJQHSMAPAA = HJOU_IJQHSMAPAA + HABS_MOTIDUR"
"IANNU";"S";"0112";"   FINSI"
"IANNU";"S";"0113";"   SI HABS_MOTIF = ""ZHS25A"""
"IANNU";"S";"0114";"      HJOU_IJQHSMAPAA = HABS_MOTIDUR"
"IANNU";"S";"0115";"   FINSI"
"IANNU";"S";"0116";"FINPOUR"
"IANNU";"S";"0117";"FIN"
"ITICKE";"S";"0001";"***********************************************************************"
"ITICKE";"S";"0002";"* Règle     : ITICKE"
"ITICKE";"S";"0003";"* Ordre     : 7100"
"ITICKE";"S";"0004";"* Titre     : Tickets restaurant"
"ITICKE";"S";"0005";"* Package   : Privé 16.3"
"ITICKE";"S";"0006";"*----------------------------------------------------------------------"
"ITICKE";"S";"0007";"*"
"ITICKE";"S";"0008";"*"
"ITICKE";"S";"0009";"* Rôle : Tickets restaurant"
"ITICKE";"S";"0010";"*"
"ITICKE";"S";"0011";"*"
"ITICKE";"S";"0012";"*"
"ITICKE";"S";"0013";"*"
"ITICKE";"S";"0014";"*----------------------------------------------------------------------"
"ITICKE";"S";"0015";"* Créé par : Cellule Industrialisation"
"ITICKE";"S";"0016";"* Date     : 03/09/2009"
"ITICKE";"S";"0017";"* Version  : 1"
"ITICKE";"S";"0018";"*----------------------------------------------------------------------"
"ITICKE";"S";"0019";"* Modifiée par : Cellule Industrialisation"
"ITICKE";"S";"0020";"* Date         : JJ/MM/AAAA"
"ITICKE";"S";"0021";"* Objet        :"
"ITICKE";"S";"0022";"***********************************************************************"
"ITICKE";"S";"0023";"*"
"ITICKE";"S";"0024";"* Implémentation des données industrielles"
"ITICKE";"S";"0025";"*"
"ITICKE";"S";"0026";"DEBDICO"
"ITICKE";"S";"0027";"   HJOU_IJQNTICKRE;N;N2;I;;;    56789;;;V3;""Ticket restaurant"";"
"ITICKE";"S";"0028";"   HJOU_IJQPRETHEJ;O;T6,2;I;;;    56789;;;C0;""Présence théorique jour"";"
"ITICKE";"S";"0029";"FINDICO"
"ITICKE";"S";"0030";"*"
"ITICKE";"S";"0031";"* Déclaration des donnees locales"
"ITICKE";"S";"0032";"*"
"ITICKE";"S";"0033";"DEF LOCA_MAT N1"
"ITICKE";"S";"0034";"LOCA_MAT = 0"
"ITICKE";"S";"0035";"DEF LOCA_APR N1"
"ITICKE";"S";"0036";"LOCA_APR = 0"
"ITICKE";"S";"0037";"SI HJOU_DATE <= TEMP_DATJOU"
"ITICKE";"S";"0038";"* Test si la personne a droit aux tickets"
"ITICKE";"S";"0039";"   SI HJOU_IJIGTICKRE = ""1"""
"IANNUFJ";"S";"0075";"LOCA_ANNEESUIV = 0"
"IANNUFJ";"S";"0076";"DEF LOCA_DATDEBPER D"
"IANNUFJ";"S";"0077";"LOCA_DATDEBPER(1:8) = ""19800101"""
"IANNUFJ";"S";"0078";"DEF LOCA_DATFINPER D"
"IANNUFJ";"S";"0079";"LOCA_DATFINPER(1:8) = ""19800101"""
"IANNUFJ";"S";"0080";"DEF LOCA_EMPDECLARE N1"
"IANNUFJ";"S";"0081";"LOCA_EMPDECLARE = 0"
"IANNUFJ";"S";"0082";"DEF LOCA_EMPBADGE N1"
"IANNUFJ";"S";"0083";"LOCA_EMPBADGE = 0"
"IANNUFJ";"S";"0084";"DEF LOCA_EMPTHEORIE N1"
"IANNUFJ";"S";"0085";"LOCA_EMPTHEORIE = 0"
"IANNUFJ";"S";"0086";"DEF LOCA_ENTIER N6"
"IANNUFJ";"S";"0087";"LOCA_ENTIER = 0"
"IANNUFJ";"S";"0088";"DEF LOCA_RESTE N6.2"
"IANNUFJ";"S";"0089";"LOCA_RESTE = 0"
"IANNUFJ";"S";"0090";"DEF LOCA_PLAFANNUFJ N6.2"
"IANNUFJ";"S";"0091";"LOCA_PLAFANNUFJ = 0"
"IANNUFJ";"S";"0092";"DEF LOCA_NJTRAVEFJ N6.2"
"IANNUFJ";"S";"0093";"LOCA_NJTRAVEFJ = 0"
"IANNUFJ";"S";"0094";"DEF LOCA_NJTRAVEAFJ N6.2"
"IANNUFJ";"S";"0095";"LOCA_NJTRAVEAFJ = 0"
"IANNUFJ";"S";"0096";"DEF LOCA_1BADGEAGE N1"
"IANNUFJ";"S";"0097";"LOCA_1BADGEAGE = 0"
"IANNUFJ";"S";"0098";"DEF LOCA_AJNTRAVEFJ N1"
"IANNUFJ";"S";"0099";"LOCA_AJNTRAVEFJ = 0"
"IANNUFJ";"S";"0100";"DEF LOCA_PRESJOUR N1"
"IANNUFJ";"S";"0101";"LOCA_PRESJOUR = 0"
"IANNUFJ";"S";"0102";"DEF LOCA_AJTRAVEAFJ N1"
"IANNUFJ";"S";"0103";"LOCA_AJTRAVEAFJ = 0"
"IANNUFJ";"S";"0104";"DEF LOCA_CODEMOTIF A10"
"IANNUFJ";"S";"0105";"LOCA_CODEMOTIF = "" """
"IANNUFJ";"S";"0106";"DEF LOCA_RECUPEPFJ N1"
"IANNUFJ";"S";"0107";"LOCA_RECUPEPFJ = 0"
"IANNUFJ";"S";"0108";"DEF LOCA_NBJRECEPFJ N6.2"
"IANNUFJ";"S";"0109";"LOCA_NBJRECEPFJ = 0"
"IANNUFJ";"S";"0110";"DEF LOCA_PAIEPFJ N1"
"IANNUFJ";"S";"0111";"LOCA_PAIEPFJ = 0"
"IANNUFJ";"S";"0112";"DEF LOCA_NBJPAIEPFJ N6.2"
"IANNUFJ";"S";"0113";"LOCA_NBJPAIEPFJ = 0"
"IANNUFJ";"S";"0114";"DEF LOCA_NBJDIFERFJ N6.2"
"IANNUFJ";"S";"0115";"LOCA_NBJDIFERFJ = 0"
"IANNUFJ";"S";"0116";"DEF LOCA_CHGTPAIE N1"
"IANNUFJ";"S";"0117";"LOCA_CHGTPAIE = 0"
"IANNUFJ";"S";"0118";"DEF LOCA_DATE D"
"IANNUFJ";"S";"0119";"LOCA_DATE(1:8) = ""19800101"""
"IANNUFJ";"S";"0120";"DEF LOCA_REF N2"
"IANNUFJ";"S";"0121";"LOCA_REF = 0"
"IANNUFJ";"S";"0122";"*"
"IANNUFJ";"S";"0123";"*------------------------------------------------*"
"IANNUFJ";"S";"0124";"* Population concernée"
"IANNUFJ";"S";"0125";"*------------------------------------------------*"
"IANNUFJ";"S";"0126";"*  Plafond théorique annuel FJ"
"IANNUFJ";"S";"0127";"SI PARD_IDIVPLFTHA > 0"
"IANNUFJ";"S";"0128";"   SI HORC_IHIFORFJ = ""1"""
"IANNUFJ";"S";"0129";"      LOCA_EMPREGLE = 1"
"IANNUFJ";"S";"0130";"   FINSI"
"IANNUFJ";"S";"0131";"FINSI"
"IANNUFJ";"S";"0132";"*"
"IANNUFJ";"S";"0133";"SI LOCA_EMPREGLE = 1"
"IANNUFJ";"S";"0134";"*"
"IANNUFJ";"S";"0135";"*------------------------------------------------*"
"IANNUFJ";"S";"0136";"* Initialisation variables liées à la DATE DE TRT"
"IANNUFJ";"S";"0137";"*------------------------------------------------*"
"IANNUFJ";"S";"0138";"   SI HJOU_DATE < TEMP_DATJOU"
"IANNUFJ";"S";"0139";"      LOCA_DATPASSE = 1"
"IANNUFJ";"S";"0140";"   SINON"
"IANNUFJ";"S";"0141";"      SI HJOU_DATE = TEMP_DATJOU"
"IANNUFJ";"S";"0142";"         LOCA_DATPRESENT = 1"
"IANNUFJ";"S";"0143";"      SINON"
"IANNUFJ";"S";"0144";"         LOCA_DATFUTURE = 1"
"IANNUFJ";"S";"0145";"      FINSI"
"IANNUFJ";"S";"0146";"   FINSI"
"IANNUFJ";"S";"0147";"*"
"IANNUFJ";"S";"0148";"*------------------------------------------------*"
"IANNUFJ";"S";"0149";"* Initialisation variables liées à la PERIODE"
"IANNUFJ";"S";"0150";"*------------------------------------------------*"
"IANNUFJ";"S";"0151";"   SI PARD_IDIDDEBFJ <> "" """
"IANNUFJ";"S";"0152";"      LOCA_DATDEBPER = PARD_IDIDDEBFJ"
"IANNUFJ";"S";"0153";"      SI HJOU_DATE < PARD_IDIDDEBFJ"
"IANNUFJ";"S";"0154";"         LOCA_ANNEE << PARD_IDIDDEBFJ(1:4)"
"IANNUFJ";"S";"0155";"         LOCA_ANNEE = LOCA_ANNEE - 1"
"IANNUFJ";"S";"0156";"         LOCA_DATDEBPER(1:4) << LOCA_ANNEE"
"IANNUFJ";"S";"0157";"      FINSI"
"IANNUFJ";"S";"0158";"      DATAJT LOCA_DATDEBPER 0 ""A"" 1"
"IANNUFJ";"S";"0159";"      DATAJT TEMP_DXFINPER 0 ""J"" -1"
"IANNUFJ";"S";"0160";"      LOCA_DATFINPER = TEMP_DXFINPER"
"IANNUFJ";"S";"0161";"   SINON"
"IANNUFJ";"S";"0162";"      LOCA_DATDEBPER(1:4) = HJOU_DATE(1:4)"
"IANNUFJ";"S";"0163";"      LOCA_DATDEBPER(5:4) = ""0101"""
"IANNUFJ";"S";"0164";"      LOCA_DATFINPER(1:4) = HJOU_DATE(1:4)"
"IANNUFJ";"S";"0165";"      LOCA_DATFINPER(5:4) = ""1231"""
"IANNUFJ";"S";"0166";"   FINSI"
"IANNUFJ";"S";"0167";"*"
"IANNUFJ";"S";"0168";"*------------------------------------------------*"
"IANNUFJ";"S";"0169";"* Initialisation variables liées au TYPE EMPLOYE"
"IANNUFJ";"S";"0170";"*------------------------------------------------*"
"IANNUFJ";"S";"0171";"*  Indicateur de badgeage"
"IANNUFJ";"S";"0172";"   SI HJOU_IJIGBADGEA = ""1"""
"IANNUFJ";"S";"0173";"      SI PROF_IPIVMINBAD >= 1"
"IANNUFJ";"S";"0174";"         LOCA_EMPBADGE = 1"
"IANNUFJ";"S";"0175";"      SINON"
"IANNUFJ";"S";"0176";"         LOCA_EMPDECLARE = 1"
"IANNUFJ";"S";"0177";"      FINSI"
"IANNUFJ";"S";"0178";"   SINON"
"IANNUFJ";"S";"0179";"      LOCA_EMPTHEORIE = 1"
"IANNUFJ";"S";"0180";"   FINSI"
"IANNUFJ";"S";"0181";"*"
"IANNUFJ";"S";"0182";"*------------------------------------------------*"
"IANNUFJ";"S";"0183";"* Calcul date RAZ du solde repos FJ N-1"
"IANNUFJ";"S";"0184";"*------------------------------------------------*"
"IANNUFJ";"S";"0185";"   LOCA_DATE(1:4) = HJOU_DATE(1:4)"
"IANNUFJ";"S";"0186";"   LOCA_REF << PARD_IDIDRAZRFJ(3:2)"
"IANNUFJ";"S";"0187";"   LOCA_DATE(5:2) << LOCA_REF"
"IANNUFJ";"S";"0188";"   LOCA_REF << PARD_IDIDRAZRFJ(1:2)"
"IANNUFJ";"S";"0189";"   LOCA_DATE(7:2) << LOCA_REF"
"IANNUFJ";"S";"0190";"*"
"IANNUFJ";"S";"0191";"*------------------------------------------------*"
"IANNUFJ";"S";"0192";"* RAZ des compteurs"
"IANNUFJ";"S";"0193";"*------------------------------------------------*"
"IANNUFJ";"S";"0194";"*  En début de période de référence FJ"
"IANNUFJ";"S";"0195";"   SI HJOU_DATE = LOCA_DATDEBPER"
"IANNUFJ";"S";"0196";"      HJOU_IJRPLFAFJ = 0"
"IANNUFJ";"S";"0197";"      HJOU_IJRJTEAFJ = 0"
"IANNUFJ";"S";"0198";"      HJOU_IJRJEAAFJ = 0"
"IANNUFJ";"S";"0199";"   FINSI"
"IANNUFJ";"S";"0200";"*"
"IANNUFJ";"S";"0201";"****************************"
"IANNUFJ";"S";"0202";"* CALCUL PLAFOND ANNUEL FJ *"
"IANNUFJ";"S";"0203";"****************************"
"IANNUFJ";"S";"0204";"*  Initialisation en début de période de référence FJ"
"IANNUFJ";"S";"0205";"   SI HJOU_DATE = LOCA_DATDEBPER"
"IANNUFJ";"S";"0206";"   OU HJOU_DATE = CTRA_DATDEB"
"IANNUFJ";"S";"0207";"      SI HORC_IHIVPLFTHA > 0"
"IANNUFJ";"S";"0208";"         LOCA_PLAFANNUFJ = HORC_IHIVPLFTHA"
"IANNUFJ";"S";"0209";"      SINON"
"IANNUFJ";"S";"0210";"         LOCA_PLAFANNUFJ = PARD_IDIVPLFTHA"
"IANNUFJ";"S";"0211";"      FINSI"
"IANNUFJ";"S";"0212";"      HJOU_IJRPLFAFJ = LOCA_PLAFANNUFJ"
"IANNUFJ";"S";"0213";"   FINSI"
"IANNUFJ";"S";"0214";"*"
"IANNUFJ";"S";"0215";"*"
"IANNUFJ";"S";"0216";"*********************************************************"
"IANNUFJ";"S";"0217";"* CALCUL NOMBRE DE JOURS DE TRAVAIL EFFECTIF ANNUELS FJ *"
"IANNUFJ";"S";"0218";"*********************************************************"
"IANNUFJ";"S";"0219";"*"
"IANNUFJ";"S";"0220";"*  Pour les BADGEANTS"
"IANNUFJ";"S";"0221";"   SI LOCA_EMPBADGE = 1"
"IANNUFJ";"S";"0222";"      SI HJOU_IJQNBADGEA > 0"
"IANNUFJ";"S";"0223";"         LOCA_NJTRAVEFJ = LOCA_NJTRAVEFJ + 1"
"IANNUFJ";"S";"0224";"         LOCA_1BADGEAGE = 1"
"IANNUFJ";"S";"0225";"         LOCA_PRESJOUR = 1"
"IANNUFJ";"S";"0226";"      FINSI"
"IANNUFJ";"S";"0227";"   FINSI"
"IANNUFJ";"S";"0228";"*"
"IANNUFJ";"S";"0229";"*  Pour les personnels non badgeante"
"IANNUFJ";"S";"0230";"   SI LOCA_EMPTHEORIE = 1"
"IANNUFJ";"S";"0231";"   OU LOCA_DATFUTURE = 1"
"IANNUFJ";"S";"0232";"      SI HJOU_IJQPRETHEJ > 0"
"IANNUFJ";"S";"0233";"         LOCA_NJTRAVEFJ = LOCA_NJTRAVEFJ + 1"
"IANNUFJ";"S";"0234";"         SI LOCA_EMPTHEORIE = 0"
"IANNUFJ";"S";"0235";"            LOCA_PRESJOUR = 1"
"IANNUFJ";"S";"0236";"         FINSI"
"IANNUFJ";"S";"0237";"      FINSI"
"IANNUFJ";"S";"0238";"   FINSI"
"IANNUFJ";"S";"0239";"*"
"IANNUFJ";"S";"0240";"   POUR ACTIVITES"
"IANNUFJ";"S";"0241";"*"
"IANNUFJ";"S";"0242";"*     AU PASSÉ ET AU PRÉSENT"
"IANNUFJ";"S";"0243";"      SI LOCA_DATPASSE = 1"
"IANNUFJ";"S";"0244";"      OU LOCA_DATPRESENT = 1"
"IANNUFJ";"S";"0245";"*        Pour les DECLARANTS uniquement"
"IANNUFJ";"S";"0246";"         SI LOCA_EMPDECLARE = 1"
"IANNUFJ";"S";"0247";"            SI HABS_MOTIF = PARD_IDIXPRES"
"IANNUFJ";"S";"0248";"               SI HABS_VALORIS = ""J"""
"IANNUFJ";"S";"0249";"                  LOCA_NJTRAVEFJ = LOCA_NJTRAVEFJ + 1"
"IANNUFJ";"S";"0250";"               SINON"
"IANNUFJ";"S";"0251";"                  LOCA_NJTRAVEFJ = LOCA_NJTRAVEFJ + 0.5"
"IANNUFJ";"S";"0252";"               FINSI"
"IANNUFJ";"S";"0253";"               LOCA_PRESJOUR = 1"
"IANNUFJ";"S";"0254";"            FINSI"
"IANNUFJ";"S";"0255";"         FINSI"
"IANNUFJ";"S";"0256";"*"
"IANNUFJ";"S";"0257";"*        Pour les DECLARANTS"
"IANNUFJ";"S";"0258";"*        Pour les BADGEANTS"
"IANNUFJ";"S";"0259";"         SI LOCA_EMPDECLARE = 1"
"IANNUFJ";"S";"0260";"         OU LOCA_EMPBADGE = 1"
"IANNUFJ";"S";"0261";"            SI HABS_MOTYPE <> ""C"""
"IANNUFJ";"S";"0262";"               SI MOTI_IMITTEFFFJ = ""1"""
"IANNUFJ";"S";"0263";"               OU MOTI_IMITTEFFFJ = ""2"""
"IANNUFJ";"S";"0264";"                  SI HABS_VALORIS = ""J"""
"IANNUFJ";"S";"0265";"                     LOCA_NJTRAVEFJ = LOCA_NJTRAVEFJ + 1"
"IANNUFJ";"S";"0266";"                  SINON"
"IANNUFJ";"S";"0267";"                     LOCA_NJTRAVEFJ = LOCA_NJTRAVEFJ + 0.5"
"IANNUFJ";"S";"0268";"                  FINSI"
"IANNUFJ";"S";"0269";"               FINSI"
"IANNUFJ";"S";"0270";"               SI HABS_MOTYPE = ""P"""
"IANNUFJ";"S";"0271";"                  LOCA_PRESJOUR = 1"
"IXPRES";"S";"0054";"               LOCA_VAL2 = HABS_VALORIS"
"IXPRES";"S";"0055";"            FINSI"
"IXPRES";"S";"0056";"         FINSI"
"IXPRES";"S";"0057";"      FINSI"
"IXPRES";"S";"0058";"   FINSI"
"IXPRES";"S";"0059";"FINPOUR"
"IXPRES";"S";"0060";"* cas ou XPRES est passé en J"
"IXPRES";"S";"0061";"SI LOCA_VALORIS = ""J"""
"IXPRES";"S";"0062";"   ENLEVER LOCA_MOT1"
"IXPRES";"S";"0063";"   ENLEVER LOCA_MOT2"
"IXPRES";"S";"0064";"FINSI"
"IXPRES";"S";"0065";"* cas ou XPRES est passé en M"
"IXPRES";"S";"0066";"SI LOCA_VALORIS = ""M"""
"IXPRES";"S";"0067";"   SI LOCA_VAL1 = ""M"""
"IXPRES";"S";"0068";"      ENLEVER LOCA_MOT1"
"IXPRES";"S";"0069";"   FINSI"
"IXPRES";"S";"0070";"   SI LOCA_VAL2 = ""M"""
"IXPRES";"S";"0071";"      ENLEVER LOCA_MOT2"
"IXPRES";"S";"0072";"   FINSI"
"IXPRES";"S";"0073";"   SI LOCA_VAL1 = ""J"""
"IXPRES";"S";"0074";"      ENLEVER LOCA_MOT1"
"IXPRES";"S";"0075";"      AJOUTER LOCA_MOT1 ""A"" PROF_ABSENS"
"IXPRES";"S";"0076";"   FINSI"
"IXPRES";"S";"0077";"FINSI"
"IXPRES";"S";"0078";"* cas ou XPRES est passé en A"
"IXPRES";"S";"0079";"SI LOCA_VALORIS = ""A"""
"IXPRES";"S";"0080";"   SI LOCA_VAL1 = ""A"""
"IXPRES";"S";"0081";"      ENLEVER LOCA_MOT1"
"IXPRES";"S";"0082";"   FINSI"
"IXPRES";"S";"0083";"   SI LOCA_VAL2 = ""A"""
"IXPRES";"S";"0084";"      ENLEVER LOCA_MOT2"
"IXPRES";"S";"0085";"   FINSI"
"IXPRES";"S";"0086";"   SI LOCA_VAL1 = ""J"""
"IXPRES";"S";"0087";"      ENLEVER LOCA_MOT1"
"IXPRES";"S";"0088";"      AJOUTER LOCA_MOT1 ""M"" PROF_ABSENM"
"IXPRES";"S";"0089";"   FINSI"
"IXPRES";"S";"0090";"FINSI"
"IXPRES";"S";"0091";"FIN"
"IANNUFJ";"S";"0272";"               FINSI"
"IANNUFJ";"S";"0273";"            FINSI"
"IANNUFJ";"S";"0274";"         FINSI"
"IANNUFJ";"S";"0275";"      FINSI"
"IANNUFJ";"S";"0276";"*"
"IANNUFJ";"S";"0277";"      SI HABS_MOTYPE <> ""C"""
"IANNUFJ";"S";"0278";"*        Pour les BADGEANTS"
"IANNUFJ";"S";"0279";"*        Pour les personnels gérés EN PRÉSENCE IMPLICITÉE"
"IANNUFJ";"S";"0280";"*        Pour TOUT LE PERSONNEL, dans le FUTUR uniquement"
"IDURABS";"S";"0016";"*----------------------------------------------------------------------"
"IDURABS";"S";"0017";"* Màj par   :"
"IDURABS";"S";"0018";"* Date      : JJ.MM.AAAA"
"IDURABS";"S";"0019";"* Objet     :"
"IDURABS";"S";"0020";"***********************************************************************"
"IDURABS";"S";"0021";"*"
"IDURABS";"S";"0022";"* Implémentation des données industrielles"
"IDURABS";"S";"0023";"*"
"IDURABS";"S";"0024";"DEBDICO"
"IDURABS";"S";"0025";"   HJOU_IJRNBMOTIH;N;N3;I;;;    56789;;IJRNBMOTIH;V3;""Nombre de motifs hebdomadaire"";"
"IDURABS";"S";"0026";"   HJOU_IJRDURMOTH;N;T6,2;I;;;    56789;;IJRDURMOTH;V3;""Durée des motifs hebdomadaire"";"
"IDURABS";"S";"0027";"   MOTI_IMIGDURABS;O;A3;X;;;123456789;L;;C2;""Gestion de la durée du motif"";"
"IDURABS";"S";"0028";"FINDICO"
"IDURABS";"S";"0029";"*"
"IDURABS";"S";"0030";"* Déclaration des donnees locales"
"IDURABS";"S";"0031";"*"
"IDURABS";"S";"0032";"DEF LOCA_CTRBASE T6.2"
"IDURABS";"S";"0033";"LOCA_CTRBASE = 0"
"IDURABS";"S";"0034";"* à activer si la donnée est créée"
"IDURABS";"S";"0035";"*LOCA_CTRBASE = HJOU_IJQCTRBASE"
"IDURABS";"S";"0036";"DEF LOCA_CAL N1"
"IDURABS";"S";"0037";"LOCA_CAL = 0"
"IDURABS";"S";"0038";"*"
"IDURABS";"S";"0039";"*"
"IDURABS";"S";"0040";"* RAZ au lundi ou début de contrat du nombre de motifs dans la semaine"
"IDURABS";"S";"0041";"SI HJOU_JOUR = ""1"""
"IDURABS";"S";"0042";"OU CTRA_DATDEB = HJOU_DATE"
"IDURABS";"S";"0043";"   HJOU_IJRNBMOTIH = 0"
"IANNUFJ";"S";"0281";"         SI LOCA_EMPBADGE = 1"
"IANNUFJ";"S";"0282";"         OU LOCA_EMPTHEORIE = 1"
"IANNUFJ";"S";"0283";"         OU LOCA_DATFUTURE = 1"
"IANNUFJ";"S";"0284";"            SI MOTI_IMITTEFFFJ <> ""1"""
"IANNUFJ";"S";"0285";"               SI MOTI_IMITTEFFFJ <> ""2"""
"IANNUFJ";"S";"0286";"                  SI HABS_VALORIS = ""J"""
"IANNUFJ";"S";"0287";"                     LOCA_NJTRAVEFJ = LOCA_NJTRAVEFJ - 1"
"IANNUFJ";"S";"0288";"                     LOCA_AJNTRAVEFJ = 1"
"IANNUFJ";"S";"0289";"                  SINON"
"IANNUFJ";"S";"0290";"                     LOCA_NJTRAVEFJ = LOCA_NJTRAVEFJ - 0.5"
"IANNUFJ";"S";"0291";"                  FINSI"
"IANNUFJ";"S";"0292";"               FINSI"
"IANNUFJ";"S";"0293";"            FINSI"
"IANNUFJ";"S";"0294";"         FINSI"
"IANNUFJ";"S";"0295";"*"
"IANNUFJ";"S";"0296";"         SI MOTI_IMITTEFFFJ = ""2"""
"IANNUFJ";"S";"0297";"            SI HJOU_IJQPRETHEJ > 0"
"IANNUFJ";"S";"0298";"               SI HABS_VALORIS = ""J"""
"IANNUFJ";"S";"0299";"                  LOCA_NJTRAVEAFJ = LOCA_NJTRAVEAFJ + 1"
"IANNUFJ";"S";"0300";"                  LOCA_AJTRAVEAFJ = 1"
"IANNUFJ";"S";"0301";"               SINON"
"IANNUFJ";"S";"0302";"                  LOCA_NJTRAVEAFJ = LOCA_NJTRAVEAFJ + 0.5"
"IANNUFJ";"S";"0303";"               FINSI"
"IANNUFJ";"S";"0304";"            FINSI"
"IANNUFJ";"S";"0305";"         FINSI"
"IANNUFJ";"S";"0306";"      FINSI"
"IANNUFJ";"S";"0307";"*"
"IANNUFJ";"S";"0308";"*------------------------------------------------*"
"IANNUFJ";"S";"0309";"* Consommation RFJ (valorisation JMA)"
"IANNUFJ";"S";"0310";"*------------------------------------------------*"
"IANNUFJ";"S";"0311";"      SI HABS_MOTIF = PARD_IDIVMRFJ"
"IANNUFJ";"S";"0312";"         SI HJOU_IJQPRETHEJ > 0"
"IANNUFJ";"S";"0313";"            SI HABS_VALORIS = ""J"""
"IANNUFJ";"S";"0314";"               HJOU_IJRSJRF = HJOU_IJRSJRF - 1.0"
"IANNUFJ";"S";"0315";"            SINON"
"IANNUFJ";"S";"0316";"               HJOU_IJRSJRF = HJOU_IJRSJRF - 0.5"
"IANNUFJ";"S";"0317";"            FINSI"
"IANNUFJ";"S";"0318";"         FINSI"
"IANNUFJ";"S";"0319";"      FINSI"
"IANNUFJ";"S";"0320";"*"
"IANNUFJ";"S";"0321";"   FINPOUR"
"IANNUFJ";"S";"0322";"*"
"IANNUFJ";"S";"0323";"*"
"IANNUFJ";"S";"0324";"*  Plafonnement du nombre quotidien de jours de travail effectif FJ"
"IANNUFJ";"S";"0325";"   SI LOCA_NJTRAVEFJ < 0"
"IANNUFJ";"S";"0326";"      LOCA_NJTRAVEFJ = 0"
"IANNUFJ";"S";"0327";"   SINON"
"IANNUFJ";"S";"0328";"      SI LOCA_NJTRAVEFJ > 1"
"IANNUFJ";"S";"0329";"         LOCA_NJTRAVEFJ = 1"
"IANNUFJ";"S";"0330";"         ANOMALIE 204"
"IANNUFJ";"S";"0331";"      FINSI"
"IANNUFJ";"S";"0332";"   FINSI"
"IDURABS";"S";"0044";"   HJOU_IJRDURMOTH = 0"
"IDURABS";"S";"0045";"FINSI"
"IDURABS";"S";"0046";"*"
"IDURABS";"S";"0047";"POUR ACTIVITES"
"IDURABS";"S";"0048";"*"
"IDURABS";"S";"0049";"* durée fixe"
"IDURABS";"S";"0050";"   SI MOTI_IMIGDURABS = ""FIX"""
"IDURABS";"S";"0051";"      SI HABS_VALORIS = ""M"""
"IDURABS";"S";"0052";"      OU HABS_VALORIS = ""A"""
"IDURABS";"S";"0053";"         HABS_MOTIDUR = MOTI_VALDFT / 2"
"IDURABS";"S";"0054";"      FINSI"
"IDURABS";"S";"0055";"      SI HABS_VALORIS = ""J"""
"IDURABS";"S";"0056";"      OU HABS_VALORIS = ""N"""
"IDURABS";"S";"0057";"         HABS_MOTIDUR = MOTI_VALDFT"
"IDURABS";"S";"0058";"      FINSI"
"IDURABS";"S";"0059";"   FINSI"
"IDURABS";"S";"0060";"*"
"IDURABS";"S";"0061";"* gestion des absences/présences"
"IDURABS";"S";"0062";"   SI PROF_PRETHEO > 0"
"IDURABS";"S";"0063";"      SI HABS_MOTYPE <> ""C"""
"IDURABS";"S";"0064";"* nombre de motifs dans la semaine"
"IDURABS";"S";"0065";"         SI HABS_VALORIS = ""M"""
"IANNUFJ";"S";"0333";"*"
"IANNUFJ";"S";"0334";"*  Affectation de la valeur éventuellement réajustée au compteur correspondant"
"IANNUFJ";"S";"0335";"   SI LOCA_NJTRAVEFJ > 0"
"IANNUFJ";"S";"0336";"      HJOU_IJQJTEAFJ = LOCA_NJTRAVEFJ"
"IANNUFJ";"S";"0337";"      HJOU_IJRJTEAFJ = HJOU_IJRJTEAFJ + HJOU_IJQJTEAFJ"
"IANNUFJ";"S";"0338";"   FINSI"
"IANNUFJ";"S";"0339";"*"
"IANNUFJ";"S";"0340";"*"
"IANNUFJ";"S";"0341";"*  Plafonnement du nombre quotidien de jours de travail effectif assimilé FJ"
"IANNUFJ";"S";"0342";"   SI LOCA_NJTRAVEAFJ > 1"
"IANNUFJ";"S";"0343";"      LOCA_NJTRAVEAFJ = 1"
"IANNUFJ";"S";"0344";"      ANOMALIE 204"
"IANNUFJ";"S";"0345";"   FINSI"
"IANNUFJ";"S";"0346";"*"
"IANNUFJ";"S";"0456";"      SINON"
"IANNUFJ";"S";"0347";"*  Affectation de la valeur éventuellement réajustée au compteur correspondant"
"IANNUFJ";"S";"0348";"   SI LOCA_NJTRAVEAFJ > 0"
"IANNUFJ";"S";"0349";"      HJOU_IJRJEAAFJ = HJOU_IJRJEAAFJ + LOCA_NJTRAVEAFJ"
"IANNUFJ";"S";"0350";"   FINSI"
"IANNUFJ";"S";"0351";"*"
"IANNUFJ";"S";"0352";"*"
"IANNUFJ";"S";"0353";"*------------------------------------------------------*"
"IANNUFJ";"S";"0354";"* Génération d'anomalies"
"IANNUFJ";"S";"0355";"*------------------------------------------------------*"
"IANNUFJ";"S";"0356";"*"
"IANNUFJ";"S";"0357";"*  Présence d'un badgeage"
"IANNUFJ";"S";"0358";"*  et d'une absence journée ne participant pas au travail effectif FJ"
"IANNUFJ";"S";"0359";"   SI LOCA_1BADGEAGE = 1"
"IANNUFJ";"S";"0360";"      SI LOCA_AJNTRAVEFJ = 1"
"IANNUFJ";"S";"0361";"         ANOMALIE 227"
"IANNUFJ";"S";"0362";"         LOCA_NOERREUR = 227"
"IANNUFJ";"S";"0363";"      FINSI"
"IANNUFJ";"S";"0364";"   FINSI"
"IANNUFJ";"S";"0365";"*"
"IANNUFJ";"S";"0366";"*  Absence journée participant au travail effectif assimilé FJ"
"IANNUFJ";"S";"0367";"*  ET présence sur la journée"
"IANNUFJ";"S";"0368";"   SI LOCA_AJTRAVEAFJ = 1"
"IANNUFJ";"S";"0369";"      SI LOCA_PRESJOUR = 1"
"IANNUFJ";"S";"0370";"         ANOMALIE 227"
"IANNUFJ";"S";"0371";"         LOCA_NOERREUR = 227"
"IANNUFJ";"S";"0372";"      FINSI"
"IANNUFJ";"S";"0373";"   FINSI"
"IANNUFJ";"S";"0374";"*"
"IANNUFJ";"S";"0375";"*"
"IANNUFJ";"S";"0376";"*------------------------------------------------------*"
"IANNUFJ";"S";"0377";"* Consignes de forcage, de récupération et de paiement"
"IANNUFJ";"S";"0378";"*------------------------------------------------------*"
"IANNUFJ";"S";"0379";"*"
"IANNUFJ";"S";"0380";"   POUR ACTIVITES"
"IANNUFJ";"S";"0381";"*     Plafond annuel FJ"
"IANNUFJ";"S";"0382";"      SI HABS_MOTIF = ""ZPLFTHA"""
"IANNUFJ";"S";"0383";"         HJOU_IJRPLFAFJ = HABS_MOTINBR"
"IANNUFJ";"S";"0384";"      FINSI"
"IANNUFJ";"S";"0385";"      SI HABS_MOTIF = ""XPLFTHA"""
"IANNUFJ";"S";"0386";"         HJOU_IJRPLFAFJ = HJOU_IJRPLFAFJ + HABS_MOTINBR"
"IANNUFJ";"S";"0387";"      FINSI"
"IANNUFJ";"S";"0388";"*     Nombre de jours de travail effectif annuels FJ"
"IANNUFJ";"S";"0389";"      SI HABS_MOTIF = ""ZJTEAFJ"""
"IANNUFJ";"S";"0390";"         HJOU_IJRJTEAFJ = HABS_MOTINBR"
"IANNUFJ";"S";"0391";"      FINSI"
"IANNUFJ";"S";"0392";"      SI HABS_MOTIF = ""XJTEAFJ"""
"IANNUFJ";"S";"0393";"         HJOU_IJRJTEAFJ = HJOU_IJRJTEAFJ + HABS_MOTINBR"
"IANNUFJ";"S";"0394";"      FINSI"
"IANNUFJ";"S";"0395";"*     Nombre de jours de travail effectif annuels assimilé FJ"
"IANNUFJ";"S";"0396";"      SI HABS_MOTIF = ""ZJEAAFJ"""
"IANNUFJ";"S";"0397";"         HJOU_IJRJEAAFJ = HABS_MOTINBR"
"IANNUFJ";"S";"0398";"      FINSI"
"IANNUFJ";"S";"0399";"      SI HABS_MOTIF = ""XJEAAFJ"""
"IANNUFJ";"S";"0400";"         HJOU_IJRJEAAFJ = HJOU_IJRJEAAFJ + HABS_MOTINBR"
"IANNUFJ";"S";"0401";"      FINSI"
"IANNUFJ";"S";"0402";"*     Solde repos forfait jour N-1"
"IANNUFJ";"S";"0403";"      SI HABS_MOTIF = ""ZSJRF"""
"IANNUFJ";"S";"0404";"         HJOU_IJRSJRF = HABS_MOTINBR"
"IANNUFJ";"S";"0405";"      FINSI"
"IANNUFJ";"S";"0406";"      SI HABS_MOTIF = ""XSJRF"""
"IANNUFJ";"S";"0407";"         HJOU_IJRSJRF = HJOU_IJRSJRF + HABS_MOTINBR"
"IANNUFJ";"S";"0408";"      FINSI"
"IANNUFJ";"S";"0409";"*     Ecart plafond FJ"
"IANNUFJ";"S";"0410";"      SI HABS_MOTIF = ""YJFJREC"""
"IANNUFJ";"S";"0411";"         SI HJOU_DATE = LOCA_DATFINPER"
"IANNUFJ";"S";"0412";"            LOCA_RECUPEPFJ = 1"
"IANNUFJ";"S";"0413";"            LOCA_NBJRECEPFJ = HABS_MOTINBR"
"IANNUFJ";"S";"0414";"         SINON"
"IANNUFJ";"S";"0415";"            ANOMALIE 203"
"IANNUFJ";"S";"0416";"            LOCA_NOERREUR = 203"
"IANNUFJ";"S";"0417";"         FINSI"
"IANNUFJ";"S";"0418";"      FINSI"
"IANNUFJ";"S";"0419";"*     paiment"
"IANNUFJ";"S";"0420";"      SI HABS_MOTIF = ""YJFJPAI"""
"IANNUFJ";"S";"0421";"         SI HJOU_DATE = LOCA_DATFINPER"
"IANNUFJ";"S";"0422";"            LOCA_PAIEPFJ = 1"
"IANNUFJ";"S";"0423";"            LOCA_CODEMOTIF = HABS_MOTIF"
"IANNUFJ";"S";"0424";"            LOCA_NBJPAIEPFJ = HABS_MOTINBR"
"IANNUFJ";"S";"0425";"         SINON"
"IANNUFJ";"S";"0426";"            ANOMALIE 203"
"IANNUFJ";"S";"0427";"            LOCA_NOERREUR = 203"
"IANNUFJ";"S";"0428";"         FINSI"
"IANNUFJ";"S";"0429";"      FINSI"
"IANNUFJ";"S";"0430";"   FINPOUR"
"IANNUFJ";"S";"0431";"*"
"IANNUFJ";"S";"0432";"***************************"
"IANNUFJ";"S";"0433";"* CALCUL ECART PLAFOND FJ *"
"IANNUFJ";"S";"0434";"***************************"
"IANNUFJ";"S";"0435";"   HJOU_IJRSCTFJ = HJOU_IJRJTEAFJ - HJOU_IJRPLFAFJ"
"IANNUFJ";"S";"0436";"*"
"IANNUFJ";"S";"0437";"*****************************************"
"IANNUFJ";"S";"0438";"* TRAITEMENTS LIEES A L'ECART PLAFOND FJ *"
"IANNUFJ";"S";"0439";"*****************************************"
"IANNUFJ";"S";"0440";"*"
"IANNUFJ";"S";"0441";"*  Réinitialisation du compteur de récupération une fois par an"
"IANNUFJ";"S";"0442";"   SI HJOU_DATE = LOCA_DATE"
"IANNUFJ";"S";"0443";"      SI HJOU_IJRSJRF > 0"
"IANNUFJ";"S";"0444";"         HJOU_IJRSJRF = 0"
"IANNUFJ";"S";"0445";"      FINSI"
"IANNUFJ";"S";"0446";"   FINSI"
"IANNUFJ";"S";"0447";"*"
"IANNUFJ";"S";"0448";"*  En fin de période"
"IANNUFJ";"S";"0449";"   SI HJOU_DATE = LOCA_DATFINPER"
"IANNUFJ";"S";"0450";"*"
"IANNUFJ";"S";"0451";"*     CALCUL DU COMPTEUR PRÉVISIONNEL"
"IANNUFJ";"S";"0452";"      SI LOCA_DATDEBPER(1:4) = LOCA_DATFINPER(1:4)"
"IANNUFJ";"S";"0453";"         SI HJOU_DATE(1:4) = TEMP_DATJOU(1:4)"
"IANNUFJ";"S";"0454";"            LOCA_CALCUL = 1"
"IANNUFJ";"S";"0455";"         FINSI"
"IANNUFJ";"S";"0457";"         LOCA_ANNEE << LOCA_DATFINPER(1:4)"
"IANNUFJ";"S";"0458";"         LOCA_ANNEESUIV << TEMP_DATJOU(1:4)"
"IANNUFJ";"S";"0459";"         LOCA_ANNEESUIV = LOCA_ANNEESUIV + 1"
"IANNUFJ";"S";"0460";"         SI LOCA_ANNEE = LOCA_ANNEESUIV"
"IANNUFJ";"S";"0461";"            LOCA_CALCUL = 1"
"IANNUFJ";"S";"0462";"         FINSI"
"IANNUFJ";"S";"0463";"      FINSI"
"IANNUFJ";"S";"0464";"      SI LOCA_CALCUL = 1"
"IANNUFJ";"S";"0465";"         EMPL_IEQJTEAFJ = HJOU_IJRJTEAFJ"
"IANNUFJ";"S";"0466";"      FINSI"
"IANNUFJ";"S";"0467";"*"
"IANNUFJ";"S";"0468";"*     ECART PLAFOND FJ POSITIF"
"IANNUFJ";"S";"0469";"      SI HJOU_IJRSCTFJ > 0"
"IANNUFJ";"S";"0470";"         ANOMALIE 201"
"IANNUFJ";"S";"0471";"*"
"IANNUFJ";"S";"0472";"*        Récupération demandée"
"IANNUFJ";"S";"0473";"         SI LOCA_RECUPEPFJ = 1"
"IANNUFJ";"S";"0474";"            SI LOCA_NBJRECEPFJ > HJOU_IJRSCTFJ"
"IANNUFJ";"S";"0475";"               LOCA_NBJRECEPFJ = HJOU_IJRSCTFJ"
"IANNUFJ";"S";"0476";"            FINSI"
"IANNUFJ";"S";"0477";"            HJOU_IJRSJRF = HJOU_IJRSJRF + LOCA_NBJRECEPFJ"
"IANNUFJ";"S";"0478";"         FINSI"
"IANNUFJ";"S";"0479";"*"
"IANNUFJ";"S";"0480";"*        Paiement demandé"
"IANNUFJ";"S";"0481";"         SI LOCA_PAIEPFJ = 1"
"IANNUFJ";"S";"0482";"            SI LOCA_NBJRECEPFJ > 0"
"IANNUFJ";"S";"0483";"               LOCA_NBJDIFERFJ = HJOU_IJRSCTFJ - LOCA_NBJRECEPFJ"
"IANNUFJ";"S";"0484";"               SI LOCA_NBJDIFERFJ > 0"
"IANNUFJ";"S";"0485";"                  SI LOCA_NBJPAIEPFJ > LOCA_NBJDIFERFJ"
"IANNUFJ";"S";"0486";"                     LOCA_NBJPAIEPFJ = LOCA_NBJDIFERFJ"
"IANNUFJ";"S";"0487";"                     LOCA_CHGTPAIE = 1"
"IANNUFJ";"S";"0488";"                  FINSI"
"IANNUFJ";"S";"0489";"               SINON"
"IANNUFJ";"S";"0490";"*                 Pas de paiement possible"
"IANNUFJ";"S";"0491";"                  LOCA_NBJPAIEPFJ = 0"
"IANNUFJ";"S";"0492";"                  LOCA_CHGTPAIE = 1"
"IANNUFJ";"S";"0493";"               FINSI"
"IANNUFJ";"S";"0494";"            SINON"
"IANNUFJ";"S";"0495";"*              Paiement maximal à la valeur de l'écart plafond FJ"
"IANNUFJ";"S";"0496";"               SI LOCA_NBJPAIEPFJ > HJOU_IJRSCTFJ"
"IANNUFJ";"S";"0497";"                  LOCA_NBJPAIEPFJ = HJOU_IJRSCTFJ"
"IANNUFJ";"S";"0498";"                  LOCA_CHGTPAIE = 1"
"IANNUFJ";"S";"0499";"               FINSI"
"IANNUFJ";"S";"0500";"            FINSI"
"IANNUFJ";"S";"0501";"*"
"IANNUFJ";"S";"0502";"*           Changement ou suppression de la consigne de paie"
"IANNUFJ";"S";"0503";"            SI LOCA_CHGTPAIE = 1"
"IANNUFJ";"S";"0504";"               ENLEVER LOCA_CODEMOTIF"
"IANNUFJ";"S";"0505";"               SI LOCA_NBJPAIEPFJ > 0"
"IANNUFJ";"S";"0506";"                  AJOUTER LOCA_CODEMOTIF ""N"" LOCA_NBJPAIEPFJ"
"IANNUFJ";"S";"0507";"               FINSI"
"IANNUFJ";"S";"0508";"            FINSI"
"IANNUFJ";"S";"0509";"         FINSI"
"IANNUFJ";"S";"0510";"      FINSI"
"IANNUFJ";"S";"0511";"   FINSI"
"IANNUFJ";"S";"0512";"*"
"IANNUFJ";"S";"0513";"*------------------------------------------------*"
"IANNUFJ";"S";"0514";"* Anomalie si solde négatif"
"IANNUFJ";"S";"0515";"*------------------------------------------------*"
"IANNUFJ";"S";"0516";"*"
"IANNUFJ";"S";"0517";"   SI HJOU_IJRSJRF < 0"
"IANNUFJ";"S";"0518";"      ANOMALIE 202"
"IANNUFJ";"S";"0519";"      LOCA_NOERREUR = 202"
"IANNUFJ";"S";"0520";"   FINSI"
"IANNUFJ";"S";"0521";"*"
"IANNUFJ";"S";"0522";"*------------------------------------------------*"
"IANNUFJ";"S";"0523";"* Simulation"
"IANNUFJ";"S";"0524";"*------------------------------------------------*"
"IANNUFJ";"S";"0525";"   SI TEMP_REGLESIMU = ""IANNUFJ"""
"IANNUFJ";"S";"0526";"      SI LOCA_NOERREUR > 0"
"IANNUFJ";"S";"0527";"         TEMP_CNRETOUR = 2"
"IANNUFJ";"S";"0528";"         TEMP_CNMESS = LOCA_NOERREUR"
"IANNUFJ";"S";"0529";"      FINSI"
"IANNUFJ";"S";"0530";"   FINSI"
"IANNUFJ";"S";"0531";"FINSI"
"IANNUFJ";"S";"0532";"FIN"
"IANNUFJ";"S";"0533";"*"
"IANNUFJ";"S";"0534";"*"
"IANNUFJ";"S";"0535";"**************"
"IANNUFJ";"S";"0536";"* PROCEDURES *"
"IANNUFJ";"S";"0537";"**************"
"IANNUFJ";"S";"0538";"*"
"ITICKE";"S";"0040";"      SI HJOU_IJQPRETHEJ > 0"
"ITICKE";"S";"0041";"         POUR ACTIVITES"
"ITICKE";"S";"0042";"* le motif donne droit au ticket"
"ITICKE";"S";"0043";"            SI MOTI_IMIGTICKRE = ""1"""
"ITICKE";"S";"0044";"               SI HABS_VALORIS = ""M"""
"ITICKE";"S";"0045";"                  LOCA_MAT = 1"
"ITICKE";"S";"0046";"               FINSI"
"ITICKE";"S";"0047";"               SI HABS_VALORIS = ""A"""
"ITICKE";"S";"0048";"                  LOCA_APR = 1"
"ITICKE";"S";"0049";"               FINSI"
"ITICKE";"S";"0050";"               SI HABS_VALORIS = ""J"""
"ITICKE";"S";"0051";"*On accorde un ticket uniquement aux personnes qui"
"ITICKE";"S";"0052";"*travaillent la journée entiere"
"ITICKE";"S";"0053";"                  SI PROF_PTTHEO1 > 0"
"ITICKE";"S";"0054";"                     SI PROF_PTTHEO1 <= 36.00"
"ITICKE";"S";"0055";"                        SI PROF_PTTHEO3 > 0"
"ITICKE";"S";"0056";"                           SI PROF_PTTHEO3 <= 36.00"
"ITICKE";"S";"0057";"                              LOCA_MAT = 1"
"ITICKE";"S";"0058";"                              LOCA_APR = 1"
"ITICKE";"S";"0059";"                           FINSI"
"ITICKE";"S";"0060";"                        FINSI"
"ITICKE";"S";"0061";"                     FINSI"
"ITICKE";"S";"0062";"                  FINSI"
"ITICKE";"S";"0063";"               FINSI"
"ITICKE";"S";"0064";"* dans le cas ou le motif est saisi en heure"
"ITICKE";"S";"0065";"* les heures debut et fin doivent être renseignées"
"ITICKE";"S";"0066";"*"
"ITICKE";"S";"0067";"* Activite matin"
"ITICKE";"S";"0068";"               SI HABS_VALORIS = ""H"""
"ITICKE";"S";"0069";"                  SI PROF_PTTHEO1 > 0"
"ITICKE";"S";"0070";"                     SI PROF_PTTHEO1 <= 36.00"
"ITICKE";"S";"0071";"                        SI HABS_HRADEB <= PROF_PTTHEO1"
"ITICKE";"S";"0072";"                           SI HABS_HRAFIN > PROF_PTTHEO1"
"ITICKE";"S";"0073";"                              LOCA_MAT = 1"
"ITICKE";"S";"0074";"                           FINSI"
"ITICKE";"S";"0075";"                        SINON"
"ITICKE";"S";"0076";"                           SI HABS_HRADEB <= PROF_PTTHEO2"
"ITICKE";"S";"0077";"                              LOCA_MAT = 1"
"ITICKE";"S";"0078";"                           FINSI"
"ITICKE";"S";"0079";"                        FINSI"
"ITICKE";"S";"0080";"                     FINSI"
"ITICKE";"S";"0081";"                  FINSI"
"ITICKE";"S";"0082";"* Activite apres-midi"
"ITICKE";"S";"0083";"                  SI PROF_PTTHEO3 > 0"
"ITICKE";"S";"0084";"                     SI PROF_PTTHEO3 <= 36.00"
"ITICKE";"S";"0085";"                        SI HABS_HRADEB <= PROF_PTTHEO3"
"ITICKE";"S";"0086";"                           SI HABS_HRAFIN > PROF_PTTHEO3"
"ITICKE";"S";"0087";"                              LOCA_APR = 1"
"ITICKE";"S";"0088";"                           FINSI"
"ITICKE";"S";"0089";"                        SINON"
"ITICKE";"S";"0090";"                           SI HABS_HRADEB <= PROF_PTTHEO4"
"ITICKE";"S";"0091";"                              LOCA_APR = 1"
"ITICKE";"S";"0092";"                           FINSI"
"ITICKE";"S";"0093";"                        FINSI"
"ITICKE";"S";"0094";"                     FINSI"
"ITICKE";"S";"0095";"                  FINSI"
"ITICKE";"S";"0096";"* Activite journée"
"ITICKE";"S";"0097";"                  SI PROF_PTTHEO1 > 0"
"ITICKE";"S";"0098";"                     SI PROF_PTTHEO1 <= 36.00"
"ITICKE";"S";"0099";"                        SI PROF_PTTHEO3 > 0"
"ITICKE";"S";"0100";"                           SI PROF_PTTHEO3 <= 36.00"
"ITICKE";"S";"0101";"                              SI HABS_HRADEB <= PROF_PTTHEO2"
"ITICKE";"S";"0102";"                                 SI HABS_HRAFIN >= PROF_PTTHEO3"
"ITICKE";"S";"0103";"                                    LOCA_MAT = 1"
"ITICKE";"S";"0104";"                                    LOCA_APR = 1"
"ITICKE";"S";"0105";"                                 FINSI"
"ITICKE";"S";"0106";"                              FINSI"
"ITICKE";"S";"0107";"                           FINSI"
"ITICKE";"S";"0108";"                        FINSI"
"ITICKE";"S";"0109";"                     FINSI"
"ITICKE";"S";"0110";"                  FINSI"
"ITICKE";"S";"0111";"               FINSI"
"ITICKE";"S";"0112";"            FINSI"
"ITICKE";"S";"0113";"         FINPOUR"
"ITICKE";"S";"0114";"* test de la presence matin et apres-midi"
"ITICKE";"S";"0115";"         SI HJOU_IJQPRESBA1 > 0"
"ITICKE";"S";"0116";"            LOCA_MAT = 1"
"ITICKE";"S";"0117";"         FINSI"
"ITICKE";"S";"0118";"         SI HJOU_IJQPRESBA2 > 0"
"ITICKE";"S";"0119";"            LOCA_APR = 1"
"ITICKE";"S";"0120";"         FINSI"
"ITICKE";"S";"0121";"* Pour les non badgeants"
"ITICKE";"S";"0122";"* il faut egalement que les 4 badgeages théoriques soient"
"ITICKE";"S";"0123";"* renseignés cela indique que l'individu travail la journée"
"ITICKE";"S";"0124";"* entiere"
"ITICKE";"S";"0125";"         SI HJOU_IJIGBADGEA <> ""1"""
"ITICKE";"S";"0126";"            SI PROF_PTTHEO1 > 0"
"ITICKE";"S";"0127";"               SI PROF_PTTHEO1 <= 36.00"
"ITICKE";"S";"0128";"                  SI PROF_PTTHEO3 > 0"
"ITICKE";"S";"0129";"                     SI PROF_PTTHEO3 <= 36.00"
"ITICKE";"S";"0130";"                        LOCA_MAT = 1"
"ITICKE";"S";"0131";"                        LOCA_APR = 1"
"ITICKE";"S";"0132";"                     FINSI"
"ITICKE";"S";"0133";"                  FINSI"
"ITICKE";"S";"0134";"               FINSI"
"ITICKE";"S";"0135";"            FINSI"
"ITICKE";"S";"0136";"* dans le cas ou j'ai un motif qui ne donne pas"
"ITICKE";"S";"0137";"* droit au ticket, qu il soit de type J/M/A"
"ITICKE";"S";"0138";"* on ne donne pas de ticket"
"ITICKE";"S";"0139";"            POUR ACTIVITES"
"ITICKE";"S";"0140";"               SI MOTI_MOTYPE <> ""C"""
"ITICKE";"S";"0141";"                  SI MOTI_IMIGTICKRE <> ""1"""
"ITICKE";"S";"0142";"                     LOCA_MAT = 0"
"ITICKE";"S";"0143";"                     LOCA_APR = 0"
"ITICKE";"S";"0144";"                  FINSI"
"ITICKE";"S";"0145";"               FINSI"
"ITICKE";"S";"0146";"            FINPOUR"
"ITICKE";"S";"0147";"         FINSI"
"ITICKE";"S";"0148";"* Attribution d'un ticket si presence matin et apres-midi"
"ITICKE";"S";"0149";"*"
"ITICKE";"S";"0150";"         SI PARD_IDITICKETS = ""1"""
"ITICKE";"S";"0151";"            SI LOCA_MAT > 0"
"ITICKE";"S";"0152";"               SI LOCA_APR > 0"
"ITICKE";"S";"0153";"                  HJOU_IJQNTICKRE = 1"
"ITICKE";"S";"0154";"               FINSI"
"ITICKE";"S";"0155";"            FINSI"
"ITICKE";"S";"0156";"         FINSI"
"ITICKE";"S";"0157";"* Attribution d'un ticket si presence matin"
"ITICKE";"S";"0158";"*"
"ITICKE";"S";"0159";"         SI PARD_IDITICKETS = ""2"""
"ITICKE";"S";"0160";"            SI LOCA_MAT > 0"
"ITICKE";"S";"0161";"               HJOU_IJQNTICKRE = 1"
"ITICKE";"S";"0162";"            FINSI"
"ITICKE";"S";"0163";"         FINSI"
"IACQCP";"S";"0386";"      DATAJT LOCA_AVRIL 12 ""A"" -1"
"ITICKE";"S";"0164";"* Attribution d'un ticket si presence matin ou apres-midi"
"ITICKE";"S";"0165";"*"
"ITICKE";"S";"0166";"         SI PARD_IDITICKETS = ""3"""
"ITICKE";"S";"0167";"            SI LOCA_MAT > 0"
"ITICKE";"S";"0168";"            OU LOCA_APR > 0"
"ITICKE";"S";"0169";"               HJOU_IJQNTICKRE = 1"
"ITICKE";"S";"0170";"            FINSI"
"ITICKE";"S";"0171";"         FINSI"
"ITICKE";"S";"0172";"** Initialisation par consigne"
"ITICKE";"S";"0173";"         POUR ACTIVITES"
"ITICKE";"S";"0174";"            SI HABS_MOTIF = ""ZTCKR"""
"ITICKE";"S";"0175";"               HJOU_IJQNTICKRE = HABS_MOTINBR"
"ITICKE";"S";"0176";"            FINSI"
"ITICKE";"S";"0177";"         FINPOUR"
"ITICKE";"S";"0178";"      FINSI"
"ITICKE";"S";"0179";"   FINSI"
"ITICKE";"S";"0180";"FINSI"
"ITICKE";"S";"0181";"FIN"
"IDURABS";"S";"0066";"         OU HABS_VALORIS = ""A"""
"IGECET";"S";"0001";"***********************************************************************"
"IGECET";"S";"0002";"* Règle     : IGECET"
"IGECET";"S";"0003";"* Ordre     : 7200"
"IGECET";"S";"0004";"* Titre     : Gestion du CET"
"IGECET";"S";"0005";"* Package   : Privé 16.3"
"IGECET";"S";"0006";"*----------------------------------------------------------------------"
"IGECET";"S";"0007";"*"
"IGECET";"S";"0008";"*"
"IGECET";"S";"0009";"* Rôle : Gestion du CET"
"IGECET";"S";"0010";"*"
"IGECET";"S";"0011";"*"
"IGECET";"S";"0012";"*----------------------------------------------------------------------"
"IGECET";"S";"0013";"* Créé par : Méthodes et outils"
"IGECET";"S";"0014";"* Date     : 25/10/2019"
"IACQCP";"S";"0387";"      LOCA_AVRIL2 = TEMP_DXFINPER"
"IDURABS";"S";"0067";"            HJOU_IJRNBMOTIH = HJOU_IJRNBMOTIH + 0.5"
"IACQCP";"S";"0388";"      SI EMPS_E2DATENAI <> "" """
"IACQCP";"S";"0389";"         DATDIFF EMPS_E2DATENAI 12 LOCA_AVRIL2 12"
"IACQCP";"S";"0390";"         LOCA_AGE = TEMP_NXANNEE"
"IACQCP";"S";"0391";"      SINON"
"IACQCP";"S";"0392";"* Si pas de date de naissance renseigné plus de 21 par défaut"
"IACQCP";"S";"0393";"         LOCA_AGE = 21"
"IACQCP";"S";"0394";"      FINSI"
"IACQCP";"S";"0395";"*"
"IACQCP";"S";"0396";"*Age de l'enfant au 1er avril de l'année"
"IACQCP";"S";"0397";"      POUR ENFANTS"
"IACQCP";"S";"0398";"         SI ENFT_ENFDATENAI <= LOCA_AVRIL"
"IACQCP";"S";"0399";"            DATDIFF ENFT_ENFDATENAI 12 LOCA_AVRIL 12"
"IACQCP";"S";"0400";"            LOCA_AGEENF = TEMP_NXANNEE"
"IACQCP";"S";"0401";"            SI LOCA_AGEENF < 15"
"IACQCP";"S";"0402";"            OU ENFT_ENFHANDI = ""1"""
"IACQCP";"S";"0403";"* Nb enfants de l'employé"
"IACQCP";"S";"0404";"               SI ENFT_ENFACHARGE = ""1"""
"IACQCP";"S";"0405";"                  LOCA_NBENFANT = LOCA_NBENFANT + 1"
"IACQCP";"S";"0406";"               FINSI"
"IACQCP";"S";"0407";"            FINSI"
"IACQCP";"S";"0408";"         FINSI"
"IACQCP";"S";"0409";"      FINPOUR"
"IACQCP";"S";"0410";"*"
"IGECET";"S";"0015";"* Version  : 2"
"IACQCP";"S";"0411";"      SI LOCA_NBENFANT > 0"
"IACQCP";"S";"0412";"*Moins de 21 ans"
"IACQCP";"S";"0413";"         SI LOCA_AGE < 21"
"IACQCP";"S";"0414";"            SI HJOU_IJRDACQCP < 6"
"IACQCP";"S";"0415";"*Ajout 1 jour par enfants à charge"
"IACQCP";"S";"0416";"               LOCA_NBJENF = LOCA_NBENFANT"
"IACQCP";"S";"0417";"               HJOU_IJRDACQCP = HJOU_IJRDACQCP + LOCA_NBJENF"
"IACQCP";"S";"0418";"            SINON"
"IACQCP";"S";"0419";"*Ajout 2 jours par enfants à charge"
"IACQCP";"S";"0420";"               LOCA_NBJENF = LOCA_NBENFANT * 2"
"IACQCP";"S";"0421";"               HJOU_IJRDACQCP = HJOU_IJRDACQCP + LOCA_NBJENF"
"IACQCP";"S";"0422";"            FINSI"
"IACQCP";"S";"0423";"         SINON"
"IACQCP";"S";"0424";"*Plus de 21 ans"
"IACQCP";"S";"0425";"*Ajout 2 jours par enfants à charge"
"IACQCP";"S";"0426";"            LOCA_NBJENF = LOCA_NBENFANT * 2"
"IACQCP";"S";"0427";"            HJOU_IJRDACQCP = HJOU_IJRDACQCP + LOCA_NBJENF"
"IACQCP";"S";"0428";"            SI HJOU_IJRDACQCP > LOCA_PLAFOND"
"IACQCP";"S";"0429";"               HJOU_IJRDACQCP = LOCA_PLAFOND"
"IACQCP";"S";"0430";"            FINSI"
"IACQCP";"S";"0431";"         FINSI"
"IACQCP";"S";"0432";"      FINSI"
"IACQCP";"S";"0433";"*"
"IACQCP";"S";"0434";"*Gestion reliquat avec report du solde congé sans RAZ"
"IACQCP";"S";"0435";"      SI HORC_IHIGESRELI = ""2"""
"IACQCP";"S";"0436";"         HJOU_IJRDCORELI = 0"
"IACQCP";"S";"0437";"         HJOU_IJRCCORELI = 0"
"IACQCP";"S";"0438";"         SI HJOU_IJRSCORELI > 0"
"IACQCP";"S";"0439";"            HJOU_IJRDCORELI = HJOU_IJRSCORELI"
"IACQCP";"S";"0440";"         FINSI"
"IACQCP";"S";"0441";"         SI HJOU_IJRSCOPRIN > 0"
"IACQCP";"S";"0442";"            HJOU_IJRDCORELI = HJOU_IJRDCORELI + HJOU_IJRSCOPRIN"
"IACQCP";"S";"0443";"         FINSI"
"IACQCP";"S";"0444";"         HJOU_IJRSCORELI = HJOU_IJRDCORELI - HJOU_IJRCCORELI"
"IACQCP";"S";"0445";"      FINSI"
"IACQCP";"S";"0446";"*"
"IACQCP";"S";"0447";"*"
"IACQCP";"S";"0448";"* Report des congés selon la loi DDADUE"
"IACQCP";"S";"0449";"      SI HORC_IHIGESRELI = ""1"""
"IACQCP";"S";"0450";"      OU HORC_IHIGESRELI = ""3"""
"IACQCP";"S";"0451";"*"
"IACQCP";"S";"0452";"         SI HJOU_IJRDARRET <> "" """
"IACQCP";"S";"0453";"            SI HJOU_IJRDARRET < HJOU_DATE"
"IACQCP";"S";"0454";"* Calcul de la durée de l'arrêt"
"IACQCP";"S";"0455";"               DATAJT HJOU_IJRDARRET 12 ""A"" 1"
"IACQCP";"S";"0456";"               LOCA_DATEMINO = TEMP_DXFINPER"
"IACQCP";"S";"0457";"*"
"IACQCP";"S";"0458";"* Arrêt de plus d'un an"
"IACQCP";"S";"0459";"               SI HJOU_DATE >= LOCA_DATEMINO"
"IACQCP";"S";"0460";"*"
"IACQCP";"S";"0461";"* Report du congé acquis N-1 + d'1 an reporté dans le reliquat congé +1an"
"IACQCP";"S";"0462";"                  SI HJOU_IJRRCPP1 > 0"
"IACQCP";"S";"0463";"                     HJOU_IJRRRCPP1 = HJOU_IJRRCPP1"
"IACQCP";"S";"0464";"                     HJOU_IJRRCPP1 = 0"
"IACQCP";"S";"0465";"                     HJOU_IJRFRRCPP1 = HJOU_IJRFRCPP1"
"IACQCP";"S";"0466";"                     HJOU_IJRFRCPP1 = "" """
"IACQCP";"S";"0467";"                  SINON"
"IACQCP";"S";"0468";"                     HJOU_IJRFRCPP1 = "" """
"IACQCP";"S";"0469";"                  FINSI"
"IACQCP";"S";"0470";"* Report du congé acquis N-1 maladie -1an reportés dans le reliquat congé -1an"
"IACQCP";"S";"0471";"                  SI HJOU_IJRRCPM1 > 0"
"IACQCP";"S";"0472";"* Remise à jour du compteur en fonction de ce que le salarié a pu consommer"
"IACQCP";"S";"0473";"                     HJOU_IJRRCPM1 = HJOU_IJRSCOPRIN"
"IACQCP";"S";"0474";"                     HJOU_IJRRRCPM1 = HJOU_IJRRRCPM1 + HJOU_IJRRCPM1"
"IACQCP";"S";"0475";"                     HJOU_IJRRCPM1 = 0"
"IACQCP";"S";"0476";"                     HJOU_IJRFRCPM1 = "" """
"IACQCP";"S";"0477";"                  FINSI"
"IACQCP";"S";"0478";"*"
"IACQCP";"S";"0479";"* Report du congé acquis N reportés dans le  congé +1an"
"IACQCP";"S";"0480";"                  HJOU_IJRRCPP1 = HJOU_IJRDACQCP - HJOU_IJRPACQCP"
"IACQCP";"S";"0481";"                  DATAJT HJOU_DATE 12 ""M"" PARD_IDIREP15M"
"IACQCP";"S";"0482";"                  HJOU_IJRFRCPP1 = TEMP_DXFINPER"
"IACQCP";"S";"0483";"               SINON"
"IACQCP";"S";"0484";"*"
"IACQCP";"S";"0485";"* Arrêt de moins d'un an"
"IACQCP";"S";"0486";"                  SI HJOU_IJRRCPP1 = 0"
"IACQCP";"S";"0487";"                     HJOU_IJRRCPM1 = HJOU_IJRSCOPRIN"
"IACQCP";"S";"0488";"                  FINSI"
"IACQCP";"S";"0489";"                  SI HJOU_IJRRCPM1 > 0"
"IACQCP";"S";"0490";"                     SI HJOU_IJRFRCPM1 <> HJOU_IJRFRRCPM1"
"IACQCP";"S";"0491";"                        SI HJOU_IJRRRCPM1 > 0"
"IACQCP";"S";"0492";"                           HJOU_IJRRRCP2M1 = HJOU_IJRRRCPM1"
"IACQCP";"S";"0493";"                           HJOU_IJRRRCPM1 = 0"
"IACQCP";"S";"0494";"                           HJOU_IJRFRCP2M1 = HJOU_IJRFRRCPM1"
"IACQCP";"S";"0495";"                           HJOU_IJRFRRCPM1 = "" """
"IACQCP";"S";"0496";"                        FINSI"
"IACQCP";"S";"0497";"                     FINSI"
"IACQCP";"S";"0498";"                     HJOU_IJRRRCPM1 = HJOU_IJRRRCPM1 + HJOU_IJRRCPM1"
"IACQCP";"S";"0499";"                     HJOU_IJRRCPM1 = HJOU_IJRDACQCP - HJOU_IJRPACQCP"
"IACQCP";"S";"0500";"                     HJOU_IJRFRRCPM1 = HJOU_IJRFRCPM1"
"IACQCP";"S";"0501";"                     HJOU_IJRFRCPM1 = "" """
"IACQCP";"S";"0502";"*"
"IACQCP";"S";"0503";"                  SINON"
"IACQCP";"S";"0504";"                     HJOU_IJRRCPM1 = 0"
"IACQCP";"S";"0505";"                     HJOU_IJRRCPM1 = HJOU_IJRDACQCP - HJOU_IJRPACQCP"
"IACQCP";"S";"0506";"                     HJOU_IJRFRCPM1 = "" """
"IACQCP";"S";"0507";"                  FINSI"
"IACQCP";"S";"0508";"                  SI HJOU_IJRRCPP1 > 0"
"IDURABS";"S";"0068";"         SINON"
"IACQCP";"S";"0509";"                     HJOU_IJRRCPP1 = HJOU_IJRSCOPRIN"
"IACQCP";"S";"0510";"                     HJOU_IJRRRCPP1 = HJOU_IJRRRCPP1 + HJOU_IJRRCPP1"
"IACQCP";"S";"0511";"                     HJOU_IJRRCPP1 = 0"
"IACQCP";"S";"0512";"                     HJOU_IJRFRRCPP1 = HJOU_IJRFRCPP1"
"IACQCP";"S";"0513";"                     HJOU_IJRFRCPP1 = "" """
"IACQCP";"S";"0514";"*"
"IACQCP";"S";"0515";"                  FINSI"
"IACQCP";"S";"0516";"               FINSI"
"IACQCP";"S";"0517";"            FINSI"
"IACQCP";"S";"0518";"         FINSI"
"IACQCP";"S";"0519";"         SI HJOU_IJRDARRET = "" """
"IACQCP";"S";"0520";"         OU HJOU_IJRDARRET >= HJOU_DATE"
"IACQCP";"S";"0521";"            SI HJOU_IJRRCPM1 > 0"
"IACQCP";"S";"0522";"               LOCA_FLAG = 1"
"IACQCP";"S";"0523";"* Remise à jour du compteur en fonction de ce que le salarié a pu consommer le temps de sa reprise"
"IACQCP";"S";"0524";"               HJOU_IJRRCPM1 = HJOU_IJRSCOPRIN"
"IACQCP";"S";"0525";"               SI HJOU_IJRFRCPM1 <> HJOU_IJRFRRCPM1"
"IACQCP";"S";"0526";"                  SI HJOU_IJRRRCPM1 > 0"
"IACQCP";"S";"0527";"                     HJOU_IJRRRCP2M1 = HJOU_IJRRRCPM1"
"IACQCP";"S";"0528";"                     HJOU_IJRRRCPM1 = 0"
"IACQCP";"S";"0529";"                     HJOU_IJRFRCP2M1 = HJOU_IJRFRRCPM1"
"IACQCP";"S";"0530";"                     HJOU_IJRFRRCPM1 = "" """
"IACQCP";"S";"0531";"                  FINSI"
"IACQCP";"S";"0532";"               FINSI"
"IACQCP";"S";"0533";"               HJOU_IJRRRCPM1 = HJOU_IJRRRCPM1 + HJOU_IJRRCPM1"
"IACQCP";"S";"0534";"               HJOU_IJRRCPM1 = 0"
"IACQCP";"S";"0535";"               HJOU_IJRFRRCPM1 = HJOU_IJRFRCPM1"
"IACQCP";"S";"0536";"               HJOU_IJRFRCPM1 = "" """
"IACQCP";"S";"0537";"            FINSI"
"IACQCP";"S";"0538";"            SI HJOU_IJRRCPP1 > 0"
"IACQCP";"S";"0539";"               LOCA_FLAG = 1"
"IACQCP";"S";"0540";"* Remise à jour du compteur en fonction de ce que le salarié a pu consommer le temps de sa reprise"
"IACQCP";"S";"0541";"               HJOU_IJRRCPP1 = HJOU_IJRSCOPRIN"
"IACQCP";"S";"0542";"               HJOU_IJRRRCPP1 = HJOU_IJRRRCPP1 + HJOU_IJRRCPP1"
"IACQCP";"S";"0543";"               HJOU_IJRRCPP1 = 0"
"IACQCP";"S";"0544";"               HJOU_IJRFRRCPP1 = HJOU_IJRFRCPP1"
"IACQCP";"S";"0545";"               HJOU_IJRFRCPP1 = "" """
"IACQCP";"S";"0546";"            FINSI"
"IACQCP";"S";"0547";"            SI LOCA_FLAG = 0"
"IACQCP";"S";"0548";"* Si gestion mixte du reliquat"
"IACQCP";"S";"0549";"* Report du solde congé non utilisé si le salarié n'est plus en arrêt maladie"
"IACQCP";"S";"0550";"* et n'a pas de report de congé au totre de l'absnece maladie"
"IACQCP";"S";"0551";"               SI HORC_IHIGESRELI = ""3"""
"IACQCP";"S";"0552";"                  HJOU_IJRDCORELI = 0"
"IACQCP";"S";"0553";"                  HJOU_IJRCCORELI = 0"
"IACQCP";"S";"0554";"                  SI HJOU_IJRSCORELI > 0"
"IACQCP";"S";"0555";"                     HJOU_IJRDCORELI = HJOU_IJRSCORELI"
"IACQCP";"S";"0556";"                  FINSI"
"IACQCP";"S";"0557";"                  SI HJOU_IJRSCOPRIN > 0"
"IACQCP";"S";"0558";"                     HJOU_IJRDCORELI = HJOU_IJRDCORELI + HJOU_IJRSCOPRIN"
"IACQCP";"S";"0559";"                  FINSI"
"IACQCP";"S";"0560";"                  HJOU_IJRSCORELI = HJOU_IJRDCORELI - HJOU_IJRCCORELI"
"IACQCP";"S";"0561";"               FINSI"
"IACQCP";"S";"0562";"            FINSI"
"IACQCP";"S";"0563";"         FINSI"
"IACQCP";"S";"0564";"      FINSI"
"IACQCP";"S";"0565";"*"
"IACQCP";"S";"0566";"*"
"IACQCP";"S";"0567";"* Basculement des compteurs de congé N"
"IACQCP";"S";"0568";"      HJOU_IJRDCOPRIN = HJOU_IJRDACQCP"
"IACQCP";"S";"0569";"      HJOU_IJRCCOPRIN = HJOU_IJRPACQCP"
"IACQCP";"S";"0570";"      HJOU_IJRSCOPRIN = HJOU_IJRDCOPRIN - HJOU_IJRCCOPRIN"
"IACQCP";"S";"0571";"*"
"IACQCP";"S";"0572";"* dans le cas ou on a du reliquat et que le compteur de nombre de samedi pris"
"IACQCP";"S";"0573";"* est < au nombre de samedi à prendre on conserve le reliquat du nombre de samedi à pren"
"IACQCP";"S";"0574";"      SI PARD_IDINBRSAMD > 0"
"IACQCP";"S";"0575";"**"
"IACQCP";"S";"0576";"* nombre de samedi à prendre"
"IACQCP";"S";"0577";"         HJOU_IJRSAMEAPR = PARD_IDINBRSAMD"
"IACQCP";"S";"0578";"         SI HJOU_IJRSCORELI > 0"
"IACQCP";"S";"0579";"            SI HJOU_IJRNBCPSAM < PARD_IDINBRSAMD"
"IACQCP";"S";"0580";"* on fait la difference entre le nombre de samedi à prendre et le nombre de sam"
"IACQCP";"S";"0581";"* pris"
"IACQCP";"S";"0582";"               LOCA_DIFFSAM = PARD_IDINBRSAMD - HJOU_IJRNBCPSAM"
"IACQCP";"S";"0583";"               HJOU_IJRSAMEAPR = HJOU_IJRSAMEAPR + LOCA_DIFFSAM"
"IACQCP";"S";"0584";"** mise en place d'une anomalie"
"IACQCP";"S";"0585";"               ANOMALIE 177"
"IACQCP";"S";"0586";"            FINSI"
"IACQCP";"S";"0587";"         FINSI"
"IACQCP";"S";"0588";"** dans le cas ou le reliquat congé est à 0 et que le nombre de samedi pris < nombre"
"IACQCP";"S";"0589";"** de samedi à prendre mise en place d'une anomalie"
"IACQCP";"S";"0590";"         SI HJOU_IJRSCORELI = 0"
"IACQCP";"S";"0591";"            SI HJOU_IJRNBCPSAM < PARD_IDINBRSAMD"
"IACQCP";"S";"0592";"               ANOMALIE 178"
"IACQCP";"S";"0593";"            FINSI"
"IACQCP";"S";"0594";"         FINSI"
"IACQCP";"S";"0595";"      FINSI"
"IACQCP";"S";"0596";"* raz du nombre de samedi pris"
"IACQCP";"S";"0597";"      HJOU_IJRNBCPSAM = 0"
"IACQCP";"S";"0598";"*"
"IACQCP";"S";"0599";"*"
"IACQCP";"S";"0600";"* RAZ des compteurs présence / absences"
"IACQCP";"S";"0601";"      HJOU_IJRCPTJTRA = 0"
"IACQCP";"S";"0602";"      HJOU_IJRABSCP = 0"
"IACQCP";"S";"0603";"      HJOU_IJRMALCPO = 0"
"IACQCP";"S";"0604";"      HJOU_IJRPACQCP = 0"
"IACQCP";"S";"0605";"*RAZ"
"IACQCP";"S";"0606";"*Congés en cours d'acquisition"
"IACQCP";"S";"0607";"      HJOU_IJRDACQCP = 0"
"IACQCP";"S";"0608";"      HJOU_IJRPACQCP = 0"
"IACQCP";"S";"0609";"      HJOU_IJRSACQCP = 0"
"IACQCP";"S";"0610";"      HJOU_IJRDACQCPL = 0"
"IACQCP";"S";"0611";"      HJOU_IJRACQMAL = 0"
"IACQCP";"S";"0612";"*"
"IACQCP";"S";"0613";"*Jours de congés versés"
"IACQCP";"S";"0614";"      HJOU_IJRCOVER = 0"
"IACQCP";"S";"0615";"   FINSI"
"IACQCP";"S";"0616";"*"
"IACQCP";"S";"0617";"*******************************************************************************************"
"IACQCP";"S";"0618";"* Consigne pour MAJ et init des compteurs de report et des dates"
"IACQCP";"S";"0619";"*******************************************************************************************"
"IACQCP";"S";"0620";"*"
"IACQCP";"S";"0621";"   POUR ACTIVITES"
"IACQCP";"S";"0622";"*Init des compteurs de reports"
"IACQCP";"S";"0623";"      SI HABS_MOTIF = ""ZRRCPM1"""
"IACQCP";"S";"0624";"         LOCA_MOTRCP = 1"
"IACQCP";"S";"0625";"         HJOU_IJRRRCPM1 = HABS_MOTINBR"
"IACQCP";"S";"0626";"      FINSI"
"IACQCP";"S";"0627";"      SI HABS_MOTIF = ""ZRRC2M1"""
"IACQCP";"S";"0628";"         LOCA_MOTRCP = 2"
"IACQCP";"S";"0629";"         HJOU_IJRRRCP2M1 = HABS_MOTINBR"
"IACQCP";"S";"0630";"      FINSI"
"IACQCP";"S";"0631";"      SI HABS_MOTIF = ""ZRCPM1"""
"IACQCP";"S";"0632";"         LOCA_MOTRCP = 3"
"IACQCP";"S";"0633";"         HJOU_IJRRCPM1 = HABS_MOTINBR"
"IACQCP";"S";"0634";"      FINSI"
"IACQCP";"S";"0635";"      SI HABS_MOTIF = ""ZRRCPP1"""
"IACQCP";"S";"0636";"         LOCA_MOTRCP = 4"
"IACQCP";"S";"0637";"         HJOU_IJRRRCPP1 = HABS_MOTINBR"
"IACQCP";"S";"0638";"      FINSI"
"IACQCP";"S";"0639";"      SI HABS_MOTIF = ""ZRCPP1"""
"IACQCP";"S";"0640";"         LOCA_MOTRCP = 5"
"IACQCP";"S";"0641";"         HJOU_IJRRCPP1 = HABS_MOTINBR"
"IACQCP";"S";"0642";"      FINSI"
"IACQCP";"S";"0643";"*"
"IACQCP";"S";"0644";"* MAJ de la date de démarrage"
"IACQCP";"S";"0645";"      SI HABS_MOTIF = ""XJFRCPM1"""
"IACQCP";"S";"0646";"         DATAJT HJOU_DATE 12 ""M"" PARD_IDIREP15M"
"IACQCP";"S";"0647";"         HJOU_IJRFRCPM1 = TEMP_DXFINPER"
"IACQCP";"S";"0648";"      FINSI"
"IACQCP";"S";"0649";"      SI HABS_MOTIF = ""XJFRRCPM1"""
"IACQCP";"S";"0650";"         DATAJT HJOU_DATE 12 ""M"" PARD_IDIREP15M"
"IACQCP";"S";"0651";"         HJOU_IJRFRRCPM1 = TEMP_DXFINPER"
"IACQCP";"S";"0652";"      FINSI"
"IACQCP";"S";"0653";"      SI HABS_MOTIF = ""XJFRC2M1"""
"IACQCP";"S";"0654";"         DATAJT HJOU_DATE 12 ""M"" PARD_IDIREP15M"
"IACQCP";"S";"0655";"         HJOU_IJRFRCP2M1 = TEMP_DXFINPER"
"IACQCP";"S";"0656";"      FINSI"
"IACQCP";"S";"0657";"      SI HABS_MOTIF = ""XJFRCPP1"""
"IACQCP";"S";"0658";"         DATAJT HJOU_DATE 12 ""M"" PARD_IDIREP15M"
"IACQCP";"S";"0659";"         HJOU_IJRFRCPP1 = TEMP_DXFINPER"
"IACQCP";"S";"0660";"      FINSI"
"IACQCP";"S";"0661";"      SI HABS_MOTIF = ""XJFRRCPP1 """
"IACQCP";"S";"0662";"         DATAJT HJOU_DATE 12 ""M"" PARD_IDIREP15M"
"IACQCP";"S";"0663";"         HJOU_IJRFRRCPP1 = TEMP_DXFINPER"
"IACQCP";"S";"0664";"      FINSI"
"IACQCP";"S";"0665";"   FINPOUR"
"IACQCP";"S";"0666";"*"
"IACQCP";"S";"0667";"*"
"IACQCP";"S";"0668";"*******************************************************************************************"
"IACQCP";"S";"0669";"* RAZ des compteurs de report"
"IACQCP";"S";"0670";"*******************************************************************************************"
"IACQCP";"S";"0671";"*"
"IACQCP";"S";"0672";"   SI HJOU_DATE = HJOU_IJRFRRCPM1"
"IACQCP";"S";"0673";"      HJOU_IJRRRCPM1 = 0"
"IACQCP";"S";"0674";"      HJOU_IJRFRRCPM1 = "" """
"IACQCP";"S";"0675";"   FINSI"
"IACQCP";"S";"0676";"*"
"IACQCP";"S";"0677";"   SI HJOU_DATE = HJOU_IJRFRCP2M1"
"IACQCP";"S";"0678";"      HJOU_IJRRRCP2M1 = 0"
"IACQCP";"S";"0679";"      HJOU_IJRFRCP2M1 = "" """
"IACQCP";"S";"0680";"   FINSI"
"IACQCP";"S";"0681";"*"
"IACQCP";"S";"0682";"   SI HJOU_DATE = HJOU_IJRFRRCPP1"
"IACQCP";"S";"0683";"      HJOU_IJRRRCPP1 = 0"
"IACQCP";"S";"0684";"      HJOU_IJRFRRCPP1 = "" """
"IACQCP";"S";"0685";"   FINSI"
"IACQCP";"S";"0686";"*"
"IACQCP";"S";"0687";"   SI HJOU_IJRFRCPP1 <> "" """
"IACQCP";"S";"0688";"      HJOU_IJRDPERTE = HJOU_IJRFRCPP1"
"IACQCP";"S";"0689";"   SINON"
"IACQCP";"S";"0690";"      SI HJOU_IJRFRCPM1 <> "" """
"IACQCP";"S";"0691";"         HJOU_IJRDPERTE = HJOU_IJRFRCPM1"
"IACQCP";"S";"0692";"      FINSI"
"IACQCP";"S";"0693";"   FINSI"
"IACQCP";"S";"0694";"   SI HJOU_IJRFRCPP1 = "" """
"IACQCP";"S";"0695";"      SI HJOU_IJRFRCPM1 = "" """
"IACQCP";"S";"0696";"         HJOU_IJRDPERTE = "" """
"IACQCP";"S";"0697";"      FINSI"
"IACQCP";"S";"0698";"   FINSI"
"IACQCP";"S";"0699";"*"
"IACQCP";"S";"0700";"*******************************************************************************************"
"IACQCP";"S";"0701";"* Calcul de l'acquis congés"
"IACQCP";"S";"0702";"*******************************************************************************************"
"IACQCP";"S";"0703";"*"
"IACQCP";"S";"0704";"* RAZ du compteur de maintien d'absence si la journée est prévue travaillée"
"IACQCP";"S";"0705";"   SI HJOU_IJQPRETHEJ > 0"
"IACQCP";"S";"0706";"      HJOU_IJRMABATCP = 0"
"IACQCP";"S";"0707";"   FINSI"
"IACQCP";"S";"0708";"*"
"IACQCP";"S";"0709";"* Calcul des jours du mois"
"IACQCP";"S";"0710";"*"
"IACQCP";"S";"0711";"   SI HORC_IHIMOACQCP = ""3"""
"IACQCP";"S";"0712";"   OU HORC_IHIMOACQCP = ""4"""
"IACQCP";"S";"0713";"      LOCA_JTRAV = 1"
"IACQCP";"S";"0714";"      LOCA_JTRAV = LOCA_JTRAV - LOCA_FABT"
"IACQCP";"S";"0715";"   SINON"
"IACQCP";"S";"0716";"      SI HORC_IHIMOACQCP = ""1"""
"IACQCP";"S";"0717";"      OU HORC_IHIMOACQCP = ""2"""
"IACQCP";"S";"0718";"         SI HJOU_JOUR >= LOCA_JOUR1"
"IACQCP";"S";"0719";"            SI HJOU_JOUR <= LOCA_JOUR2"
"IACQCP";"S";"0720";"               LOCA_JTRAV = 1"
"IACQCP";"S";"0721";"               LOCA_JTRAV = LOCA_JTRAV - LOCA_FABT"
"IACQCP";"S";"0722";"            FINSI"
"IACQCP";"S";"0723";"         FINSI"
"IACQCP";"S";"0724";"      FINSI"
"IACQCP";"S";"0725";"   FINSI"
"IACQCP";"S";"0726";"*"
"IDURABS";"S";"0069";"            SI HABS_VALORIS = ""J"""
"IDURABS";"S";"0070";"               HJOU_IJRNBMOTIH = HJOU_IJRNBMOTIH + 1"
"IDURABS";"S";"0071";"            FINSI"
"IDURABS";"S";"0072";"         FINSI"
"IDURABS";"S";"0073";"*"
"IDURABS";"S";"0074";"* 1/5ième du contrat"
"IDURABS";"S";"0075";"         SI MOTI_IMIGDURABS = ""C5"""
"IDURABS";"S";"0076";"            SI HJOU_IJRNBMOTIH < 5"
"IDURABS";"S";"0077";"               SI HABS_VALORIS = ""J"""
"IDURABS";"S";"0078";"                  HABS_MOTIDUR = CTRA_BASECONT / 5"
"IDURABS";"S";"0079";"               FINSI"
"IDURABS";"S";"0080";"               SI HABS_VALORIS = ""M"""
"IDURABS";"S";"0081";"               OU HABS_VALORIS = ""A"""
"IDURABS";"S";"0082";"                  HABS_MOTIDUR = CTRA_BASECONT / 5"
"IDURABS";"S";"0083";"                  HABS_MOTIDUR = HABS_MOTIDUR / 2"
"IDURABS";"S";"0084";"               FINSI"
"IDURABS";"S";"0085";"               HJOU_IJRDURMOTH = HJOU_IJRDURMOTH + HABS_MOTIDUR"
"IDURABS";"S";"0086";"            SINON"
"IDURABS";"S";"0087";"* reliquat de la semaine"
"IDURABS";"S";"0088";"               SI HJOU_IJRNBMOTIH = 5"
"IDURABS";"S";"0089";"                  HABS_MOTIDUR = CTRA_BASECONT - HJOU_IJRDURMOTH"
"IDURABS";"S";"0090";"               SINON"
"IDURABS";"S";"0091";"* maximum 5 jours valorisés dans la semaine"
"IDURABS";"S";"0092";"                  HABS_MOTIDUR = 0"
"IDURABS";"S";"0093";"               FINSI"
"IDURABS";"S";"0094";"            FINSI"
"IDURABS";"S";"0095";"         FINSI"
"IDURABS";"S";"0096";"*"
"IDURABS";"S";"0097";"* 1/6ième du contrat"
"IDURABS";"S";"0098";"         SI MOTI_IMIGDURABS = ""C6"""
"IDURABS";"S";"0099";"            SI HJOU_IJRNBMOTIH < 6"
"IDURABS";"S";"0100";"               SI HABS_VALORIS = ""J"""
"IDURABS";"S";"0101";"                  HABS_MOTIDUR = CTRA_BASECONT / 6"
"IDURABS";"S";"0102";"               FINSI"
"IDURABS";"S";"0103";"               SI HABS_VALORIS = ""M"""
"IDURABS";"S";"0104";"               OU HABS_VALORIS = ""A"""
"IDURABS";"S";"0105";"                  HABS_MOTIDUR = CTRA_BASECONT / 6"
"IDURABS";"S";"0106";"                  HABS_MOTIDUR = HABS_MOTIDUR / 2"
"IDURABS";"S";"0107";"               FINSI"
"IDURABS";"S";"0209";"            SINON"
"IDURABS";"S";"0108";"               HJOU_IJRDURMOTH = HJOU_IJRDURMOTH + HABS_MOTIDUR"
"IDURABS";"S";"0109";"            SINON"
"IDURABS";"S";"0110";"* reliquat de la semaine"
"IDURABS";"S";"0111";"               SI HJOU_IJRNBMOTIH = 6"
"IDURABS";"S";"0112";"                  HABS_MOTIDUR = CTRA_BASECONT - HJOU_IJRDURMOTH"
"IDURABS";"S";"0113";"               SINON"
"IDURABS";"S";"0114";"* maximum 6 jours valorisés dans la semaine"
"IDURABS";"S";"0115";"                  HABS_MOTIDUR = 0"
"IDURABS";"S";"0116";"               FINSI"
"IDURABS";"S";"0117";"            FINSI"
"IDURABS";"S";"0118";"         FINSI"
"IDURABS";"S";"0119";"*"
"IDURABS";"S";"0120";"* 1/7ième du contrat"
"IDURABS";"S";"0121";"         SI MOTI_IMIGDURABS = ""C7"""
"IDURABS";"S";"0122";"            SI HJOU_IJRNBMOTIH < 7"
"IDURABS";"S";"0123";"               SI HABS_VALORIS = ""J"""
"IDURABS";"S";"0124";"                  HABS_MOTIDUR = CTRA_BASECONT / 7"
"IDURABS";"S";"0125";"               FINSI"
"IDURABS";"S";"0126";"               SI HABS_VALORIS = ""M"""
"IDURABS";"S";"0127";"               OU HABS_VALORIS = ""A"""
"IDURABS";"S";"0128";"                  HABS_MOTIDUR = CTRA_BASECONT / 7"
"IDURABS";"S";"0129";"                  HABS_MOTIDUR = HABS_MOTIDUR / 2"
"IDURABS";"S";"0130";"               FINSI"
"IDURABS";"S";"0131";"               HJOU_IJRDURMOTH = HJOU_IJRDURMOTH + HABS_MOTIDUR"
"IDURABS";"S";"0132";"            SINON"
"IDURABS";"S";"0133";"* reliquat de la semaine"
"IDURABS";"S";"0134";"               HABS_MOTIDUR = CTRA_BASECONT - HJOU_IJRDURMOTH"
"IDURABS";"S";"0135";"            FINSI"
"IDURABS";"S";"0136";"         FINSI"
"IDURABS";"S";"0137";"*"
"IDURABS";"S";"0138";"* présence théorique"
"IDURABS";"S";"0139";"         SI MOTI_IMIGDURABS = ""PLG"""
"IDURABS";"S";"0140";"            SI HABS_VALORIS = ""J"""
"IDURABS";"S";"0141";"               HABS_MOTIDUR = HJOU_IJQPRETHEJ"
"IDURABS";"S";"0142";"            FINSI"
"IDURABS";"S";"0143";"            SI HABS_VALORIS = ""M"""
"IDURABS";"S";"0144";"               HABS_MOTIDUR = HJOU_IJQPLGMAT"
"IDURABS";"S";"0145";"            FINSI"
"IDURABS";"S";"0146";"            SI HABS_VALORIS = ""A"""
"IDURABS";"S";"0147";"               HABS_MOTIDUR = HJOU_IJQPLGAPM"
"IDURABS";"S";"0148";"            FINSI"
"IDURABS";"S";"0149";"         FINSI"
"IDURABS";"S";"0150";"*"
"IDURABS";"S";"0151";"* 1/5ième du contrat hebdo"
"IDURABS";"S";"0152";"         SI MOTI_IMIGDURABS = ""H5"""
"IDURABS";"S";"0153";"            SI HJOU_IJRNBMOTIH < 5"
"IDURABS";"S";"0154";"               SI HABS_VALORIS = ""J"""
"IDURABS";"S";"0155";"                  HABS_MOTIDUR = LOCA_CTRBASE / 5"
"IDURABS";"S";"0156";"               FINSI"
"IDURABS";"S";"0157";"               SI HABS_VALORIS = ""M"""
"IDURABS";"S";"0158";"               OU HABS_VALORIS = ""A"""
"IDURABS";"S";"0159";"                  HABS_MOTIDUR = LOCA_CTRBASE / 5"
"IDURABS";"S";"0160";"                  HABS_MOTIDUR = HABS_MOTIDUR / 2"
"IDURABS";"S";"0161";"               FINSI"
"IDURABS";"S";"0162";"               HJOU_IJRDURMOTH = HJOU_IJRDURMOTH + HABS_MOTIDUR"
"IDURABS";"S";"0163";"            SINON"
"IDURABS";"S";"0164";"* reliquat de la semaine"
"IDURABS";"S";"0165";"               SI HJOU_IJRNBMOTIH = 5"
"IDURABS";"S";"0166";"                  HABS_MOTIDUR = LOCA_CTRBASE - HJOU_IJRDURMOTH"
"IDURABS";"S";"0167";"               SINON"
"IDURABS";"S";"0168";"* maximum 5 jours valorisés dans la semaine"
"IDURABS";"S";"0169";"                  HABS_MOTIDUR = 0"
"IDURABS";"S";"0170";"               FINSI"
"IDURABS";"S";"0171";"            FINSI"
"IDURABS";"S";"0172";"         FINSI"
"IDURABS";"S";"0173";"*"
"IDURABS";"S";"0174";"* 1/6ième du contrat hebdo"
"IDURABS";"S";"0175";"         SI MOTI_IMIGDURABS = ""H6"""
"IDURABS";"S";"0176";"            SI HJOU_IJRNBMOTIH < 6"
"IDURABS";"S";"0177";"               SI HABS_VALORIS = ""J"""
"IDURABS";"S";"0178";"                  HABS_MOTIDUR = LOCA_CTRBASE / 6"
"IDURABS";"S";"0179";"               FINSI"
"IDURABS";"S";"0180";"               SI HABS_VALORIS = ""M"""
"IDURABS";"S";"0181";"               OU HABS_VALORIS = ""A"""
"IDURABS";"S";"0182";"                  HABS_MOTIDUR = LOCA_CTRBASE / 6"
"IDURABS";"S";"0183";"                  HABS_MOTIDUR = HABS_MOTIDUR / 2"
"IDURABS";"S";"0184";"               FINSI"
"IDURABS";"S";"0185";"               HJOU_IJRDURMOTH = HJOU_IJRDURMOTH + HABS_MOTIDUR"
"IDURABS";"S";"0186";"            SINON"
"IDURABS";"S";"0187";"* reliquat de la semaine"
"IDURABS";"S";"0188";"               SI HJOU_IJRNBMOTIH = 6"
"IDURABS";"S";"0189";"                  HABS_MOTIDUR = LOCA_CTRBASE - HJOU_IJRDURMOTH"
"IDURABS";"S";"0190";"               SINON"
"IDURABS";"S";"0191";"* maximum 6 jours valorisés dans la semaine"
"IDURABS";"S";"0192";"                  HABS_MOTIDUR = 0"
"IDURABS";"S";"0193";"               FINSI"
"IDURABS";"S";"0194";"            FINSI"
"IDURABS";"S";"0195";"         FINSI"
"IDURABS";"S";"0196";"*"
"IDURABS";"S";"0197";"* 1/7ième du contrat hebdo"
"IDURABS";"S";"0198";"         SI MOTI_IMIGDURABS = ""H7"""
"IDURABS";"S";"0199";"            SI HJOU_IJRNBMOTIH < 7"
"IDURABS";"S";"0200";"               SI HABS_VALORIS = ""J"""
"IDURABS";"S";"0201";"                  HABS_MOTIDUR = LOCA_CTRBASE / 7"
"IDURABS";"S";"0202";"               FINSI"
"IDURABS";"S";"0203";"               SI HABS_VALORIS = ""M"""
"IDURABS";"S";"0204";"               OU HABS_VALORIS = ""A"""
"IDURABS";"S";"0205";"                  HABS_MOTIDUR = LOCA_CTRBASE / 7"
"IDURABS";"S";"0206";"                  HABS_MOTIDUR = HABS_MOTIDUR / 2"
"IDURABS";"S";"0207";"               FINSI"
"IDURABS";"S";"0208";"               HJOU_IJRDURMOTH = HJOU_IJRDURMOTH + HABS_MOTIDUR"
"IDURABS";"S";"0210";"* reliquat de la semaine"
"IDURABS";"S";"0211";"               HABS_MOTIDUR = LOCA_CTRBASE - HJOU_IJRDURMOTH"
"IDURABS";"S";"0212";"            FINSI"
"IDURABS";"S";"0213";"         FINSI"
"IDURABS";"S";"0214";"*"
"IDURABS";"S";"0215";"* planning optimum non validé (absences/présences non planifiables)"
"IDURABS";"S";"0216";"         LOCA_CAL = 0"
"IDURABS";"S";"0217";"         SI CTRA_TYPEPLAN = ""1"""
"IDURABS";"S";"0218";"         OU CTRA_TYPEPLAN = ""6"""
"IDURABS";"S";"0219";"            SI HJOU_HJVALPLN = 0"
"IDURABS";"S";"0220";"            OU HJOU_HJVALPLN = 2"
"IDURABS";"S";"0221";"               SI MOTI_PLANIF <> ""1"""
"IDURABS";"S";"0222";"                  LOCA_CAL = 1"
"IDURABS";"S";"0223";"               FINSI"
"IDURABS";"S";"0224";"            FINSI"
"IDURABS";"S";"0225";"         FINSI"
"IDURABS";"S";"0226";"*"
"IDURABS";"S";"0227";"* modification de la théorie journalière pour planning optimum non validé"
"IDURABS";"S";"0228";"         SI LOCA_CAL = 1"
"IDURABS";"S";"0229";"* motifs matin"
"IDURABS";"S";"0230";"            SI HABS_VALORIS = ""M"""
"IDURABS";"S";"0231";"               HJOU_IJQPLGMAT = HABS_MOTIDUR"
"IDURABS";"S";"0232";"            FINSI"
"IDURABS";"S";"0233";"* motifs après-midi"
"IDURABS";"S";"0234";"            SI HABS_VALORIS = ""A"""
"IDURABS";"S";"0235";"               HJOU_IJQPLGAPM = HABS_MOTIDUR"
"IDURABS";"S";"0236";"            FINSI"
"IDURABS";"S";"0237";"* total plages"
"IDURABS";"S";"0238";"            HJOU_IJQPLGTOTJ = HJOU_IJQPLGMAT + HJOU_IJQPLGAPM"
"IDURABS";"S";"0239";"* motifs jour"
"IDURABS";"S";"0240";"            SI HABS_VALORIS = ""J"""
"IDURABS";"S";"0241";"               HJOU_IJQPLGMAT = 0"
"IDURABS";"S";"0242";"               HJOU_IJQPLGAPM = 0"
"IDURABS";"S";"0243";"               HJOU_IJQPLGTOTJ = HABS_MOTIDUR"
"IDURABS";"S";"0244";"            FINSI"
"IDURABS";"S";"0245";"* motifs en heures"
"IDURABS";"S";"0246";"            SI HABS_VALORIS = ""H"""
"IDURABS";"S";"0247";"               HJOU_IJQPLGTOTJ = HJOU_IJQPLGTOTJ + HABS_MOTIDUR"
"IDURABS";"S";"0248";"            FINSI"
"IDURABS";"S";"0249";"         FINSI"
"IDURABS";"S";"0250";"      FINSI"
"IDURABS";"S";"0251";"   FINSI"
"IDURABS";"S";"0252";"FINPOUR"
"IDURABS";"S";"0253";"*"
"IDURABS";"S";"0254";"FIN"
"IPRESTHEO";"S";"0001";"***********************************************************************"
"IPRESTHEO";"S";"0002";"* Règle     : IPRESTHEO"
"IPRESTHEO";"S";"0003";"* Ordre     : 3900"
"IPRESTHEO";"S";"0004";"* Titre     : Présence théorique"
"IPRESTHEO";"S";"0005";"* Package   : Privé 16.3"
"IPRESTHEO";"S";"0006";"*----------------------------------------------------------------------"
"IPRESTHEO";"S";"0007";"*"
"IPRESTHEO";"S";"0008";"*"
"IPRESTHEO";"S";"0009";"* Rôle : Calcul de la présence théorique"
"IPRESTHEO";"S";"0010";"*"
"IPRESTHEO";"S";"0011";"*"
"IPRESTHEO";"S";"0012";"*"
"IPRESTHEO";"S";"0013";"*----------------------------------------------------------------------"
"IPRESTHEO";"S";"0014";"* Créé par : Méthodes et outils"
"IPRESTHEO";"S";"0015";"* Date     : 10/08/2018"
"IPRESTHEO";"S";"0016";"* Version  : 1"
"IPRESTHEO";"S";"0017";"*----------------------------------------------------------------------"
"IPRESTHEO";"S";"0018";"* Màj par   :"
"IPRESTHEO";"S";"0019";"* Date      : JJ.MM.AAAA"
"IPRESTHEO";"S";"0020";"* Objet     :"
"IPRESTHEO";"S";"0021";"***********************************************************************"
"IPRESTHEO";"S";"0022";"*"
"IPRESTHEO";"S";"0023";"* Implémentation des données industrielles"
"IPRESTHEO";"S";"0024";"*"
"IPRESTHEO";"S";"0025";"DEBDICO"
"IPRESTHEO";"S";"0026";"   HJOU_IJRNBMOTIH;N;N3;I;;;    56789;;IJRNBMOTIH;V3;""Nombre de motifs hebdomadaire"";"
"IPRESTHEO";"S";"0027";"FINDICO"
"IPRESTHEO";"S";"0028";"*"
"IPRESTHEO";"S";"0029";"* Déclaration des donnees locales"
"IPRESTHEO";"S";"0030";"*"
"IPRESTHEO";"S";"0031";"* alimentation de la théorie journalière par le profil sauf pour les plannings d'optimum"
"IPRESTHEO";"S";"0032";"SI CTRA_TYPEPLAN <> ""1"""
"IPRESTHEO";"S";"0033";"   SI CTRA_TYPEPLAN <> ""6"""
"IPRESTHEO";"S";"0034";"      HJOU_IJQPRETHEJ = PROF_PRETHEO"
"IPRESTHEO";"S";"0035";"   FINSI"
"IPRESTHEO";"S";"0036";"FINSI"
"IPRESTHEO";"S";"0037";"* consignes init"
"IPRESTHEO";"S";"0038";"POUR ACTIVITES"
"IPRESTHEO";"S";"0039";"   SI HABS_MOTYPE = ""C"""
"IPRESTHEO";"S";"0040";"      SI HABS_MOTIF = ""ZPLMAT"""
"IPRESTHEO";"S";"0041";"         HJOU_IJQPLGMAT = HABS_MOTIDUR"
"IPRESTHEO";"S";"0042";"         HJOU_IJQPLGTOTJ = HJOU_IJQPLGMAT + HJOU_IJQPLGAPM"
"IPRESTHEO";"S";"0043";"         HJOU_IJQPRETHEJ = HJOU_IJQPLGTOTJ"
"IPRESTHEO";"S";"0044";"      FINSI"
"IPRESTHEO";"S";"0045";"      SI HABS_MOTIF = ""ZPLAPM"""
"IPRESTHEO";"S";"0046";"         HJOU_IJQPLGAPM = HABS_MOTIDUR"
"IPRESTHEO";"S";"0047";"         HJOU_IJQPLGTOTJ = HJOU_IJQPLGMAT + HJOU_IJQPLGAPM"
"IPRESTHEO";"S";"0048";"         HJOU_IJQPRETHEJ = HJOU_IJQPLGTOTJ"
"IPRESTHEO";"S";"0049";"      FINSI"
"IPRESTHEO";"S";"0050";"      SI HABS_MOTIF = ""ZTHJ"""
"IPRESTHEO";"S";"0051";"         HJOU_IJQPRETHEJ = HABS_MOTIDUR"
"IPRESTHEO";"S";"0052";"      FINSI"
"IPRESTHEO";"S";"0053";"   FINSI"
"IPRESTHEO";"S";"0054";"FINPOUR"
"IPRESTHEO";"S";"0055";"*"
"IPRESTHEO";"S";"0056";"* planning optimum non validé (absences/présences non planifiables)"
"IPRESTHEO";"S";"0057";"*"
"IPRESTHEO";"S";"0058";"SI CTRA_TYPEPLAN = ""1"""
"IPRESTHEO";"S";"0059";"OU CTRA_TYPEPLAN = ""6"""
"IPRESTHEO";"S";"0060";"   SI HJOU_HJVALPLN = 0"
"IPRESTHEO";"S";"0061";"   OU HJOU_HJVALPLN = 2"
"IPRESTHEO";"S";"0062";"      HJOU_IJQPRETHEJ = HJOU_IJQPLGTOTJ"
"IPRESTHEO";"S";"0063";"   FINSI"
"IPRESTHEO";"S";"0064";"FINSI"
"IPRESTHEO";"S";"0065";"*"
"IPRESTHEO";"S";"0066";"*"
"IPRESTHEO";"S";"0067";"* Gestion sur plages dynamiques"
"IPRESTHEO";"S";"0068";"*"
"IPRESTHEO";"S";"0069";"SI PROF_PLAGEDYN = 1"
"IPRESTHEO";"S";"0070";"* non optimum"
"IPRESTHEO";"S";"0071";"   SI CTRA_TYPEPLAN <> ""1"""
"IPRESTHEO";"S";"0072";"      SI CTRA_TYPEPLAN <> ""6"""
"IPRESTHEO";"S";"0073";"* non ressources"
"IPRESTHEO";"S";"0074";"         SI EMPL_IEIEMPRESS <> ""1"""
"IPRESTHEO";"S";"0075";"            HJOU_IJQPRETHEJ = HJOU_IJQPLGTOTJ"
"IPRESTHEO";"S";"0076";"         FINSI"
"IPRESTHEO";"S";"0077";"      FINSI"
"IPRESTHEO";"S";"0078";"   FINSI"
"IPRESTHEO";"S";"0079";"FINSI"
"IPRESTHEO";"S";"0080";"*"
"IPRESTHEO";"S";"0081";"FIN"
"IFERIE";"S";"0082";"FIN"
"IACQCP";"S";"0727";"* vérification valeur négative"
"IACQCP";"S";"0728";"   SI LOCA_JTRAV < 0"
"IACQCP";"S";"0729";"      LOCA_JTRAV = 0"
"IACQCP";"S";"0730";"   FINSI"
"IACQCP";"S";"0731";"*"
"IACQCP";"S";"0732";"   HJOU_IJRJTRAM = HJOU_IJRJTRAM + LOCA_JTRAV"
"IACQCP";"S";"0733";"*"
"IACQCP";"S";"0734";"* Calcul à la période de travail"
"IACQCP";"S";"0735";"   SI HJOU_JOUR >= LOCA_JOUR1"
"IACQCP";"S";"0736";"      SI HJOU_JOUR <= LOCA_JOUR2"
"IACQCP";"S";"0737";"         HJOU_IJRCPTJTRA = HJOU_IJRCPTJTRA + 1"
"IACQCP";"S";"0738";"*"
"IACQCP";"S";"0739";"* Gestion des absences qui impactent l'acquisition"
"IACQCP";"S";"0740";"         POUR ACTIVITES"
"IACQCP";"S";"0741";"* Absence avec abattement dès le 1er jour ou absence maladie"
"IACQCP";"S";"0742";"            SI MOTI_IMIMINOCP = ""1"""
"IACQCP";"S";"0743";"            OU MOTI_IMIMINOCP = ""2"""
"IACQCP";"S";"0744";"               LOCA_ABAT = 1"
"IACQCP";"S";"0745";"               SI HABS_VALORIS = ""J"""
"IACQCP";"S";"0746";"                  LOCA_VALABS = 1"
"IACQCP";"S";"0747";"               FINSI"
"IACQCP";"S";"0748";"               SI HABS_VALORIS = ""A"""
"IACQCP";"S";"0749";"               OU HABS_VALORIS = ""M"""
"IACQCP";"S";"0750";"                  LOCA_VALABS = LOCA_VALABS + 0.5"
"IACQCP";"S";"0751";"                  SI HABS_VALORIS = ""M"""
"IACQCP";"S";"0752";"                     LOCA_NCONTI = 1"
"IACQCP";"S";"0753";"                  FINSI"
"IACQCP";"S";"0754";"                  SI PROF_ABSENM = 0"
"IACQCP";"S";"0755";"                  OU PROF_ABSENS = 0"
"IACQCP";"S";"0756";"                     LOCA_VALABS = 1"
"IACQCP";"S";"0757";"                     LOCA_NCONTI = 0"
"IACQCP";"S";"0758";"                  FINSI"
"IACQCP";"S";"0759";"*"
"IACQCP";"S";"0760";"               FINSI"
"IACQCP";"S";"0761";"               SI MOTI_IMIMINOCP = ""2"""
"IACQCP";"S";"0762";"                  HJOU_IJRMABATCP = 2"
"IACQCP";"S";"0763";"               SINON"
"IACQCP";"S";"0764";"                  HJOU_IJRMABATCP = 1"
"IACQCP";"S";"0765";"               FINSI"
"IACQCP";"S";"0766";"            FINSI"
"IACQCP";"S";"0767";"         FINPOUR"
"IACQCP";"S";"0768";"*"
"IACQCP";"S";"0769";"         SI LOCA_ABAT = 1"
"IACQCP";"S";"0770";"            HJOU_IJRABSCP = HJOU_IJRABSCP + LOCA_VALABS"
"IACQCP";"S";"0771";"            SI HJOU_IJRMABATCP = 2"
"IACQCP";"S";"0772";"               HJOU_IJRMALCPO = HJOU_IJRMALCPO + LOCA_VALABS"
"IACQCP";"S";"0773";"               SI HORC_IHIMCOLE = ""1"""
"IACQCP";"S";"0774";"                  SI LOCA_FABT = 1"
"IACQCP";"S";"0775";"                     SI HORC_IHIMOACQCP = ""1"""
"IACQCP";"S";"0776";"                     OU HORC_IHIMOACQCP = ""2"""
"IACQCP";"S";"0777";"                        HJOU_IJRJMALM = HJOU_IJRJMALM + LOCA_VALABS"
"IACQCP";"S";"0778";"                     FINSI"
"IACQCP";"S";"0779";"                  FINSI"
"IACQCP";"S";"0780";"               FINSI"
"IACQCP";"S";"0781";"            FINSI"
"IACQCP";"S";"0782";"            SI LOCA_NCONTI = 1"
"IACQCP";"S";"0783";"               HJOU_IJRMABATCP = 0"
"IACQCP";"S";"0784";"            FINSI"
"IACQCP";"S";"0785";"         SINON"
"IACQCP";"S";"0786";"* Continuité de l'abattement sur jour de repos"
"IACQCP";"S";"0787";"            SI HJOU_IJQPRETHEJ = 0"
"IACQCP";"S";"0788";"               SI HJOU_IJRMABATCP = 1"
"IACQCP";"S";"0789";"                  HJOU_IJRABSCP = HJOU_IJRABSCP + 1"
"IACQCP";"S";"0790";"               FINSI"
"IACQCP";"S";"0791";"            FINSI"
"IACQCP";"S";"0792";"         FINSI"
"IACQCP";"S";"0793";"      FINSI"
"IACQCP";"S";"0794";"   FINSI"
"IACQCP";"S";"0795";"*"
"IACQCP";"S";"0796";"   POUR ACTIVITES"
"IACQCP";"S";"0797";"* Consignes initialisation"
"IGECET";"S";"0016";"*----------------------------------------------------------------------"
"IGECET";"S";"0017";"* Modifiée par :"
"IGECET";"S";"0018";"* Date         : JJ/MM/AAAA"
"IGECET";"S";"0019";"* Objet        :"
"IGECET";"S";"0020";"***********************************************************************"
"IGECET";"S";"0021";"*"
"IGECET";"S";"0022";"* Implémentation des données industrielles"
"IGECET";"S";"0023";"*"
"IGECET";"S";"0024";"DEBDICO"
"IGECET";"S";"0025";"   HJOU_IJRSOLDCET;N;N6,1;L;;;    56789;;IJRSOLDCET;V3;""Solde CET"";"
"IGECET";"S";"0026";"   HJOU_IJRSCPCET;N;N6,1;L;;;    56789;;IJRSCPCET;V3;""Solde CET au titre des congés payés"";"
"IGECET";"S";"0027";"   EMPL_IEQSPRJCET;N;N6,1;I;;;     6789;;;V3;""Solde prévisionnel CET en jour"";"
"IGECET";"S";"0028";"FINDICO"
"IGECET";"S";"0029";"*"
"IGECET";"S";"0030";"DEBANO"
"IGECET";"S";"0031";"   157;8;""Solde CET insuffisant"";"
"IGECET";"S";"0032";"FINANO"
"IGECET";"S";"0033";"* Déclaration des donnees locales"
"IGECET";"S";"0034";"*"
"IGECET";"S";"0035";"DEF LOCA_VAL N2.1"
"IGECET";"S";"0036";"LOCA_VAL = 0"
"IGECET";"S";"0037";"* alimentation par consignes"
"IGECET";"S";"0038";"*"
"IGECET";"S";"0039";"* Consignes Standard"
"IGECET";"S";"0040";"POUR ACTIVITES"
"IGECET";"S";"0041";"* Consignes Standard"
"IGECET";"S";"0042";"   SI HABS_MOTIF = ""XDCET"""
"IGECET";"S";"0043";"      HJOU_IJRSOLDCET = HJOU_IJRSOLDCET + HABS_MOTINBR"
"IGECET";"S";"0044";"   FINSI"
"IGECET";"S";"0045";"   SI HABS_MOTIF = ""ZDCET"""
"IGECET";"S";"0046";"      HJOU_IJRSOLDCET = HABS_MOTINBR"
"IGECET";"S";"0047";"   FINSI"
"IGECET";"S";"0048";"   SI HABS_MOTIF = ""XDCPCET"""
"IGECET";"S";"0049";"      HJOU_IJRSCPCET = HJOU_IJRSCPCET + HABS_MOTINBR"
"IGECET";"S";"0050";"      HJOU_IJRSOLDCET = HJOU_IJRSOLDCET + HABS_MOTINBR"
"IGECET";"S";"0051";"   FINSI"
"IGECET";"S";"0052";"   SI HABS_MOTIF = ""ZDCPCET"""
"IGECET";"S";"0053";"      HJOU_IJRSOLDCET = HJOU_IJRSOLDCET - HJOU_IJRSCPCET"
"IGECET";"S";"0054";"      HJOU_IJRSOLDCET = HJOU_IJRSOLDCET + HABS_MOTINBR"
"IGECET";"S";"0055";"      HJOU_IJRSCPCET = HABS_MOTINBR"
"IGECET";"S";"0056";"   FINSI"
"IGECET";"S";"0057";"** transfert de CET en don absence"
"IGECET";"S";"0058";"   SI HABS_MOTIF = ""YCETDON"""
"IGECET";"S";"0059";"      SI HABS_MOTINBR <= HJOU_IJRSOLDCET"
"IGECET";"S";"0060";"         HJOU_IJRSOLDCET = HJOU_IJRSOLDCET - HABS_MOTINBR"
"IGECET";"S";"0061";"      SINON"
"IGECET";"S";"0062";"* solde CET insuffisant pour transfert en don absence"
"IGECET";"S";"0063";"         ANOMALIE 191"
"IGECET";"S";"0064";"      FINSI"
"IGECET";"S";"0065";"   FINSI"
"IGECET";"S";"0066";"*"
"IGECET";"S";"0067";"* Transfert de CP en CET"
"IGECET";"S";"0068";"   SI HABS_MOTIF = ""YCPCET"""
"IGECET";"S";"0069";"      SI TEMP_ITQTRCPCET <> 1"
"IGECET";"S";"0070";"         HJOU_IJRSOLDCET = HJOU_IJRSOLDCET + HABS_MOTINBR"
"IGECET";"S";"0071";"         HJOU_IJRSCPCET = HJOU_IJRSCPCET + HABS_MOTINBR"
"IGECET";"S";"0072";"      FINSI"
"IGECET";"S";"0073";"   FINSI"
"IGECET";"S";"0074";"* Transfert de CP ancienneté en CET"
"IGECET";"S";"0075";"   SI HABS_MOTIF = ""YCACET"""
"IGECET";"S";"0076";"      SI TEMP_ITQTRCACET <> 1"
"IGECET";"S";"0077";"         HJOU_IJRSOLDCET = HJOU_IJRSOLDCET + HABS_MOTINBR"
"IGECET";"S";"0078";"      FINSI"
"IGECET";"S";"0079";"   FINSI"
"IGECET";"S";"0080";"* Transfert de CP fractionnement en CET"
"IACQCP";"S";"0798";"      SI HABS_MOTIF = ""ZJTRA"""
"IACQCP";"S";"0799";"         LOCA_SCONS = 1"
"IGECET";"S";"0081";"   SI HABS_MOTIF = ""YCFCET"""
"IGECET";"S";"0082";"      SI TEMP_ITQTRCFCET <> 1"
"IGECET";"S";"0083";"         HJOU_IJRSOLDCET = HJOU_IJRSOLDCET + HABS_MOTINBR"
"IGECET";"S";"0084";"      FINSI"
"IGECET";"S";"0085";"   FINSI"
"IGECET";"S";"0086";"   *************************************************************************************************"
"ITELETRAV";"S";"0001";"***********************************************************************"
"IGECET";"S";"0087";"   ****************************************** Transfert de CSUP en CET *****************************"
"IGECET";"S";"0088";"   *************************************************************************************************"
"IGECET";"S";"0089";"   *** En cas de gestion du congé supplémentaire avec la possibilité de transfert en CET,"
"IGECET";"S";"0090";"   *** il faudra décommenter le test si dessous"
"IGECET";"S";"0091";"  * SI HABS_MOTIF = ""YCSCET"""
"IGECET";"S";"0092";"  *    SI TEMP_ITQTRCSCET <> 1"
"IGECET";"S";"0093";"  *       HJOU_IJRSOLDCET = HJOU_IJRSOLDCET + HABS_MOTINBR"
"IGECET";"S";"0094";"  *    FINSI"
"IGECET";"S";"0095";"  * FINSI"
"IGECET";"S";"0096";"   *************************************************************************************************"
"IGECET";"S";"0097";"   *************************************************************************************************"
"IGECET";"S";"0098";"   *************************************************************************************************"
"IGECET";"S";"0099";"* Transfert de RTT en jour en CET"
"IGECET";"S";"0100";"   SI HABS_MOTIF = ""YRTCET"""
"IGECET";"S";"0101";"      HJOU_IJRSOLDCET = HJOU_IJRSOLDCET + HABS_MOTINBR"
"IGECET";"S";"0102";"   FINSI"
"IGECET";"S";"0103";"* consigne lié au RTT en heures"
"IGECET";"S";"0104";"   SI HABS_MOTIF = ""XRHCET"""
"IGECET";"S";"0105";"      HJOU_IJRSOLDCET = HJOU_IJRSOLDCET + HABS_MOTINBR"
"IGECET";"S";"0106";"   FINSI"
"IGECET";"S";"0107";"* consigne liée aux RC"
"IGECET";"S";"0108";"   SI HABS_MOTIF = ""XRCCET"""
"IGECET";"S";"0109";"      HJOU_IJRSOLDCET = HJOU_IJRSOLDCET + HABS_MOTINBR"
"IGECET";"S";"0110";"   FINSI"
"IGECET";"S";"0111";"* consigne Liée au HS"
"IGECET";"S";"0112";"   SI HABS_MOTIF = ""XHSCET"""
"IGECET";"S";"0113";"      HJOU_IJRSOLDCET = HJOU_IJRSOLDCET + HABS_MOTINBR"
"IGECET";"S";"0114";"   FINSI"
"IGECET";"S";"0115";"* consigne de paiement"
"IGECET";"S";"0116";"   SI HABS_MOTIF = ""CER"""
"IGECET";"S";"0117";"      SI HJOU_IJRSOLDCET >= HABS_MOTINBR"
"IGECET";"S";"0118";"         HJOU_IJRSOLDCET = HJOU_IJRSOLDCET - HABS_MOTINBR"
"IGECET";"S";"0119";"      SINON"
"IGECET";"S";"0120";"         ANOMALIE 157"
"IGECET";"S";"0121";"      FINSI"
"IGECET";"S";"0122";"   FINSI"
"IGECET";"S";"0123";"*"
"IGECET";"S";"0124";"FINPOUR"
"IGECET";"S";"0125";"** gestion du pris"
"IGECET";"S";"0126";"POUR ACTIVITES"
"IGECET";"S";"0127";"   SI HABS_MOTIF = ""CET"""
"IGECET";"S";"0128";"      SI HABS_VALORIS = ""J"""
"IGECET";"S";"0129";"         LOCA_VAL = 1"
"IGECET";"S";"0130";"      SINON"
"IGECET";"S";"0131";"         LOCA_VAL = 0.5"
"IGECET";"S";"0132";"      FINSI"
"IGECET";"S";"0133";"      SI HJOU_IJRSOLDCET >= LOCA_VAL"
"IGECET";"S";"0134";"         HJOU_IJRSOLDCET = HJOU_IJRSOLDCET - LOCA_VAL"
"IGECET";"S";"0135";"         HJOU_IJRSCPCET = HJOU_IJRSCPCET - LOCA_VAL"
"IGECET";"S";"0136";"         SI HJOU_IJRSCPCET < 0"
"IGECET";"S";"0137";"            HJOU_IJRSCPCET = 0"
"IGECET";"S";"0138";"         FINSI"
"IGECET";"S";"0139";"      SINON"
"IGECET";"S";"0140";"* solde insuffisant"
"IGECET";"S";"0141";"         ANOMALIE 157"
"IGECET";"S";"0142";"      FINSI"
"IGECET";"S";"0143";"   FINSI"
"IGECET";"S";"0144";"FINPOUR"
"IGECET";"S";"0145";"* alimentation du solde prévisionnel"
"IGECET";"S";"0146";"SI HJOU_DATE(1:4) = TEMP_DATJOU(1:4)"
"IGECET";"S";"0147";"   SI TEMP_DATSUI(5:4) = ""0101"""
"IGECET";"S";"0148";"      EMPL_IEQSPRJCET = HJOU_IJRSOLDCET"
"IGECET";"S";"0149";"   FINSI"
"IGECET";"S";"0150";"FINSI"
"IGECET";"S";"0151";"FIN"
"IVISITM";"S";"0001";"***********************************************************************"
"IVISITM";"S";"0002";"* Règle     : IVISITM"
"IVISITM";"S";"0003";"* Ordre     : 7400"
"IVISITM";"S";"0004";"* Titre     : Visite médicale"
"IVISITM";"S";"0005";"* Package   : Privé 16.3"
"IVISITM";"S";"0006";"*----------------------------------------------------------------------"
"IVISITM";"S";"0007";"*"
"IVISITM";"S";"0008";"*"
"IVISITM";"S";"0009";"* Rôle : Gestion visite médicale, visite médicale renforcée et visite de reprise"
"IVISITM";"S";"0010";"*"
"IVISITM";"S";"0011";"*"
"IVISITM";"S";"0012";"*----------------------------------------------------------------------"
"IVISITM";"S";"0013";"* Créé par : Méthodes et outils"
"IVISITM";"S";"0014";"* Date     : 06/08/2020"
"IVISITM";"S";"0015";"* Version  : 2"
"IVISITM";"S";"0016";"*----------------------------------------------------------------------"
"IVISITM";"S";"0017";"* Modifiée par :"
"IVISITM";"S";"0018";"* Date         : JJ/MM/AAAA"
"IVISITM";"S";"0019";"* Objet        :"
"IVISITM";"S";"0020";"***********************************************************************"
"IVISITM";"S";"0021";"*"
"IVISITM";"S";"0022";"* Implémentation des données industrielles"
"IVISITM";"S";"0023";"*"
"IVISITM";"S";"0024";"DEBDICO"
"IVISITM";"S";"0025";"   HJOU_IJRNBJRARR;N;N2;I;;;    56789;;IJRNBJRARR;V3;""Nombre de jours d'arrêt"";"
"IVISITM";"S";"0026";"   HJOU_IJRVISITER;N;N2;I;;;    56789;;IJRVISITER;V3;""Flag Visite médicale de reprise"";"
"IVISITM";"S";"0027";"   HJOU_IJQPRETHEJ;O;T6,2;I;;;    56789;;;C0;""Présence théorique jour"";"
"IVISITM";"S";"0028";"   PARD_IDIECHVISI;O;N2;I;;;123456789;;;C3;""Echéance visite médicale"";"
"IVISITM";"S";"0029";"   EMPL_IEIDVISITE;O;D10;X;;;123456789;;;C0;""Date de la dernière visite médicale"";"
"IVISITM";"S";"0030";"FINDICO"
"IVISITM";"S";"0031";"*"
"IVISITM";"S";"0032";"DEBANO"
"IVISITM";"S";"0033";"   176;8;""Visite médicale de reprise à planifier dans les 8 jours"";"
"IVISITM";"S";"0034";"   170;5;""Visite médicale à prévoir"";"
"IVISITM";"S";"0035";"FINANO"
"IVISITM";"S";"0036";"*"
"IVISITM";"S";"0037";"*"
"IVISITM";"S";"0038";"* Déclaration des donnees locales"
"IVISITM";"S";"0039";"*"
"ITELETRAV";"S";"0002";"* Règle     : ITELETRAV"
"ITELETRAV";"S";"0003";"* Ordre     : 7500"
"ITELETRAV";"S";"0004";"* Titre     : Décompte des jours de télétravail"
"ITELETRAV";"S";"0005";"* Package   : Privé 16.3"
"ITELETRAV";"S";"0006";"*----------------------------------------------------------------------"
"ITELETRAV";"S";"0007";"*"
"ITELETRAV";"S";"0008";"*"
"ITELETRAV";"S";"0009";"* Rôle : Décompte des jours de télétravail pour affichage dans planning"
"ITELETRAV";"S";"0010";"*"
"ITELETRAV";"S";"0011";"*"
"ITELETRAV";"S";"0012";"*"
"ITELETRAV";"S";"0013";"*"
"ITELETRAV";"S";"0014";"*----------------------------------------------------------------------"
"ITELETRAV";"S";"0015";"* Créé par : Cellule Méthodes et Outils"
"ITELETRAV";"S";"0016";"* Date     : 06/11/2020"
"ITELETRAV";"S";"0017";"* Version  : 1"
"ITELETRAV";"S";"0018";"*----------------------------------------------------------------------"
"ITELETRAV";"S";"0019";"* Modifiée par : Méthodes et Outils"
"ITELETRAV";"S";"0020";"* Date         : JJ/MM/AAAA"
"ITELETRAV";"S";"0021";"* Objet        :"
"ITELETRAV";"S";"0022";"***********************************************************************"
"ITELETRAV";"S";"0023";"*"
"ITELETRAV";"S";"0024";"* Implémentation des données industrielles"
"ITELETRAV";"S";"0025";"*"
"ITELETRAV";"S";"0026";"DEBDICO"
"ITELETRAV";"S";"0027";"   HJOU_IJQTT;N;N4,1;I;;;    56789;;;V3;""Compteur télétravail"";"
"ITELETRAV";"S";"0028";"FINDICO"
"ITELETRAV";"S";"0029";"*"
"ITELETRAV";"S";"0030";"* Déclaration des donnees locales"
"ITELETRAV";"S";"0031";"*"
"ITELETRAV";"S";"0032";"* RAZ du compteur de télétravail hebdo"
"ITELETRAV";"S";"0033";"SI HJOU_JOUR = ""1"""
"ISOLDECP";"S";"0001";"***********************************************************************"
"ISOLDECP";"S";"0002";"* Règle     : ISOLDECP"
"ISOLDECP";"S";"0003";"* Ordre     : 6390"
"ISOLDECP";"S";"0004";"* Titre     : Gestion du solde des congés payés"
"ISOLDECP";"S";"0005";"* Package   : Privé 16.3"
"ISOLDECP";"S";"0006";"*---------------------------------------------------------------------"
"ISOLDECP";"S";"0007";"* Objectif  : calcul des soldes et chargement compteurs prev"
"ISOLDECP";"S";"0008";"*----------------------------------------------------------------------"
"ISOLDECP";"S";"0009";"* Créé par  : HQSector"
"ISOLDECP";"S";"0010";"* Date      : 19.09.2024"
"ISOLDECP";"S";"0011";"* Objet     :"
"ISOLDECP";"S";"0012";"*----------------------------------------------------------------------"
"ISOLDECP";"S";"0013";"* Màj par   :"
"ISOLDECP";"S";"0014";"* Date      :"
"ISOLDECP";"S";"0015";"* Objet     :"
"ISOLDECP";"S";"0016";"***********************************************************************"
"ISOLDECP";"S";"0017";"*"
"ISOLDECP";"S";"0018";"DEBDICO"
"ISOLDECP";"S";"0019";"   HJOU_IJRDCORELI;N;N6,1;I;;;    56789;;IJRDCORELI;V3;""Droit congé payé reliquat"";"
"ISOLDECP";"S";"0020";"   HJOU_IJRCCORELI;N;N6,1;I;;;    56789;;IJRCCORELI;V3;""Congé payé reliquat pris"";"
"ISOLDECP";"S";"0021";"   HJOU_IJRSCORELI;N;N6,1;I;;;    56789;;IJRSCORELI;V3;""Reliquat congé payé"";"
"ISOLDECP";"S";"0022";"   HJOU_IJRSCOPRIN;N;N6,1;I;;;    56789;;IJRSCOPRIN;V3;""Solde congé payé"";"
"ISOLDECP";"S";"0023";"   HJOU_IJRSCOANCI;N;N6,1;I;;;    56789;;IJRSCOANCI;V3;""Solde congé ancienneté"";"
"ISOLDECP";"S";"0024";"   HJOU_IJRSGCONGE;N;N6,2;I;;;    56789;;IJRSGCONGE;V3;""Solde global des congés"";"
"ISOLDECP";"S";"0025";"   EMPL_IEQSPGCONG;N;N6,1;I;;;    56789;;;V3;""Solde prévisionnel des congés"";"
"ISOLDECP";"S";"0026";"   EMPL_IEQSPGCON2;N;N6,1;I;;;    56789;;;V3;""Solde prév. global des congés période 2"";"
"ISOLDECP";"S";"0027";"   CONF_ITIVMREFCP;O;A4;X;;;123456789;;;C3;""Date de référence congé payé (JJMM)"";"
"ISOLDECP";"S";"0028";"   HJOU_IJRCOVER;N;N5,2;I;;;    56789;;IJRCOVER;V3;""Jours de congés versés"";"
"ISOLDECP";"S";"0029";"   HORC_IHIMOACQCP;O;A1;X;;;123456789;L;;C3;""Mode d'acquisition des congés"";"
"ISOLDECP";"S";"0030";"   HJOU_IJRSACQCP;N;N6,2;I;;;    56789;;IJRSACQCP;V3;""Solde acquisition congé"";"
"ISOLDECP";"S";"0031";"   HORC_IHIVMREFCP;O;A4;X;;;123456789;;;C2;""Date de référence congé payé (JJMM)"";"
"ISOLDECP";"S";"0032";"FINDICO"
"ISOLDECP";"S";"0033";"*"
"ISOLDECP";"S";"0034";"DEBANO"
"ISOLDECP";"S";"0035";"   156;9;""Solde CP insuffisant pour transfert en CET"";"
"ISOLDECP";"S";"0036";"   185;9;""Solde congés ancienneté insuffisant pour transfert en CET"";"
"ISOLDECP";"S";"0037";"   189;9;""Solde congés insuffisant pour transfert en don jours d'absence"";"
"ISOLDECP";"S";"0038";"FINANO"
"ISOLDECP";"S";"0039";"*"
"IFERIE";"S";"0001";"***********************************************************************"
"IFERIE";"S";"0002";"* Règle     : IFERIE"
"IFERIE";"S";"0003";"* Ordre     : 6430"
"IFERIE";"S";"0004";"* Titre     : Calcul des heures travaillees feriees"
"IFERIE";"S";"0005";"* Package   : Privé 16.3"
"IFERIE";"S";"0006";"*----------------------------------------------------------------------"
"IFERIE";"S";"0007";"*"
"IFERIE";"S";"0008";"*"
"IFERIE";"S";"0009";"* Rôle : Calcul des heures travaillees feriees"
"IFERIE";"S";"0010";"*"
"IFERIE";"S";"0011";"*"
"IFERIE";"S";"0012";"*"
"IFERIE";"S";"0013";"*"
"IFERIE";"S";"0014";"*"
"IFERIE";"S";"0015";"*----------------------------------------------------------------------"
"IFERIE";"S";"0016";"* Créé par : Cellule Industrialisation"
"IFERIE";"S";"0017";"* Date     : 03/09/2009"
"IFERIE";"S";"0018";"* Version  : 1"
"IFERIE";"S";"0019";"*----------------------------------------------------------------------"
"IFERIE";"S";"0020";"* Modifiée par : Cellule Industrialisation"
"IFERIE";"S";"0021";"* Date         : JJ/MM/AAAA"
"IFERIE";"S";"0022";"* Objet        :"
"IFERIE";"S";"0023";"***********************************************************************"
"IFERIE";"S";"0024";"*"
"IFERIE";"S";"0025";"* Implémentation des données industrielles"
"IFERIE";"S";"0026";"*"
"IFERIE";"S";"0027";"DEBDICO"
"IFERIE";"S";"0028";"   HJOU_IJQHJFTRAV;N;T6,2;I;;;    56789;;;V3;""Heures fériées"";"
"IFERIE";"S";"0029";"   TEMP_ITQJJF;O;A3;X;;;     6789;;;V3;""Jour jour férié"";"
"IFERIE";"S";"0030";"FINDICO"
"IFERIE";"S";"0031";"*"
"IFERIE";"S";"0032";"* Déclaration des donnees locales"
"IFERIE";"S";"0033";"*"
"IFERIE";"S";"0034";"* Stockage des heures ferié totales pour contrôle par"
"IFERIE";"S";"0035";"* rapport à l'écrêtage de la présence"
"IFERIE";"S";"0036";"*"
"IFERIE";"S";"0037";"DEF LOCA_FERI T6.2"
"IFERIE";"S";"0038";"LOCA_FERI = 0"
"IFERIE";"S";"0039";"DEF LOCA_BADG N2"
"IFERIE";"S";"0040";"LOCA_BADG = 0"
"IFERIE";"S";"0041";"*"
"IFERIE";"S";"0042";"SI HJOU_DATE <= TEMP_DATJOU"
"IFERIE";"S";"0043";"*"
"IFERIE";"S";"0044";"   SI HJOU_IJIGBADGEA = ""1"""
"IFERIE";"S";"0045";"      LOCA_BADG = 1"
"IFERIE";"S";"0046";"      POUR ACTIVITES"
"IFERIE";"S";"0047";"         SI HABS_MOTIF = PARD_IDIXPRES"
"IFERIE";"S";"0048";"            LOCA_BADG = 0"
"IFERIE";"S";"0049";"         FINSI"
"IFERIE";"S";"0050";"      FINPOUR"
"IFERIE";"S";"0051";"   FINSI"
"IFERIE";"S";"0052";"*"
"IFERIE";"S";"0053";"   SI TEMP_ITQJJF = ""OUI"""
"IFERIE";"S";"0054";"      LOCA_FERI = HJOU_IJRPREVEIL"
"IFERIE";"S";"0055";"      LOCA_FERI = LOCA_FERI + HJOU_IJQPREJENC"
"IFERIE";"S";"0056";"      LOCA_FERI = LOCA_FERI - HJOU_IJQECPAUSM"
"IFERIE";"S";"0057";"* le 23/03"
"IFERIE";"S";"0058";"* pas de gestion du temps de pause"
"IFERIE";"S";"0059";"* LOCA_FERI = LOCA_FERI + HJOU_IJQPAUPPLA"
"IFERIE";"S";"0060";"* LOCA_FERI = LOCA_FERI + HJOU_IJQPAUSPLA"
"IFERIE";"S";"0061";"* Contrôle de l'écrêtage du profil horaire"
"IFERIE";"S";"0062";"* Ajout temps de présence non badgeant et déclarant sur jour férié"
"IFERIE";"S";"0063";"      SI LOCA_BADG = 0"
"IFERIE";"S";"0064";"         LOCA_FERI = HJOU_IJQPRESBAV"
"IFERIE";"S";"0065";"      FINSI"
"IFERIE";"S";"0066";"*"
"IFERIE";"S";"0067";"      SI LOCA_FERI > PROF_ECRJOU"
"IFERIE";"S";"0068";"         LOCA_FERI = PROF_ECRJOU"
"IFERIE";"S";"0069";"      FINSI"
"IFERIE";"S";"0070";"   FINSI"
"IVISITM";"S";"0040";"DEF LOCA_ECH N2"
"IVISITM";"S";"0041";"LOCA_ECH = 0"
"IFERIE";"S";"0071";"   HJOU_IJQHJFTRAV = LOCA_FERI"
"IFERIE";"S";"0072";"*  analyse des consignes"
"IFERIE";"S";"0073";"   POUR ACTIVITES"
"IFERIE";"S";"0074";"      SI HABS_MOTIF = ""XFER"""
"IFERIE";"S";"0075";"         HJOU_IJQHJFTRAV = HJOU_IJQHJFTRAV + HABS_MOTIDUR"
"IFERIE";"S";"0076";"      FINSI"
"IFERIE";"S";"0077";"      SI HABS_MOTIF = ""ZFER"""
"IFERIE";"S";"0078";"         HJOU_IJQHJFTRAV = HABS_MOTIDUR"
"IFERIE";"S";"0079";"      FINSI"
"IFERIE";"S";"0080";"   FINPOUR"
"IFERIE";"S";"0081";"FINSI"
"IVISITM";"S";"0042";"DEF LOCA_DATEVISITE D"
"IVISITM";"S";"0043";"LOCA_DATEVISITE = "" """
"IVISITM";"S";"0044";"DEF LOCA_ARRET N1"
"IVISITM";"S";"0045";"LOCA_ARRET = 0"
"IVISITM";"S";"0046";"*"
"IVISITM";"S";"0047";"*---------------------------------------------------------------"
"IVISITM";"S";"0048";"*               VISITE MEDICALE A PREVOIR                      *"
"IVISITM";"S";"0049";"*---------------------------------------------------------------"
"IVISITM";"S";"0050";"* Le motif VMED alimente la date de la dernière visite médicale"
"IVISITM";"S";"0051";"* L'anomalie 170 se déclenche quelques jours avant la date de visite médicale"
"IVISITM";"S";"0052";"SI PARD_IDIECHVISI > 0"
"IVISITM";"S";"0053";"*"
"IVISITM";"S";"0054";"   SI HJOU_DATE > TEMP_DATJOU"
"IVISITM";"S";"0055";"      POUR ACTIVITES"
"IVISITM";"S";"0056";"         SI HABS_MOTIF = ""VMED"""
"IVISITM";"S";"0057";"            EMPL_IEIDVISITE = HJOU_DATE"
"IVISITM";"S";"0058";"         FINSI"
"IVISITM";"S";"0059";"      FINPOUR"
"IVISITM";"S";"0060";"   FINSI"
"IVISITM";"S";"0061";"*"
"IVISITM";"S";"0062";"   SI EMPL_IEIDVISITE <> "" """
"IVISITM";"S";"0063";"* Visite médicale renforcée"
"IVISITM";"S";"0064";"      SI EMPL_IEIFREQVMR > 0"
"IVISITM";"S";"0065";"** calcul de la date de la prochaine visite"
"IVISITM";"S";"0066";"         DATAJT EMPL_IEIDVISITE 12 ""M"" EMPL_IEIFREQVMR"
"IVISITM";"S";"0067";"         LOCA_DATEVISITE = TEMP_DXFINPER"
"ISOLDECP";"S";"0040";"* Déclaration des donnees locales"
"ISOLDECP";"S";"0041";"* Variables utilisées pour calculer la date de reference"
"ISOLDECP";"S";"0042";"DEF LOCA_DATE D"
"ISOLDECP";"S";"0043";"DEF LOCA_DATEFU D"
"ISOLDECP";"S";"0044";"DEF LOCA_DATEFU2 D"
"ISOLDECP";"S";"0045";"DEF LOCA_ACOURS N4"
"ISOLDECP";"S";"0046";"DEF LOCA_ACOURS2 N4"
"ISOLDECP";"S";"0047";"DEF LOCA_REF N2"
"ISOLDECP";"S";"0048";"* Locales pour contrôle de la date de référence CP"
"ISOLDECP";"S";"0049";"DEF LOCA_CTRLREFCP A4"
"ISOLDECP";"S";"0050";"LOCA_CTRLREFCP = "" """
"ISOLDECP";"S";"0051";"*"
"ISOLDECP";"S";"0052";"* Contrôle de la date de référence CP : alimentation HOR > CFG > début de période CP légale"
"ISOLDECP";"S";"0053";"*                                       à défaut d'accord"
"ISOLDECP";"S";"0054";"*********************************************************************************************"
"ISOLDECP";"S";"0055";"*"
"ISOLDECP";"S";"0056";"SI HORC_IHIVMREFCP <> "" """
"ISOLDECP";"S";"0057";"   LOCA_CTRLREFCP = HORC_IHIVMREFCP"
"ISOLDECP";"S";"0058";"SINON"
"ISOLDECP";"S";"0059";"   SI CONF_ITIVMREFCP <> "" """
"ISOLDECP";"S";"0060";"      LOCA_CTRLREFCP = CONF_ITIVMREFCP"
"ISOLDECP";"S";"0061";"   SINON"
"ISOLDECP";"S";"0062";"      LOCA_CTRLREFCP = ""0106"""
"ISOLDECP";"S";"0063";"   FINSI"
"ISOLDECP";"S";"0064";"FINSI"
"ISOLDECP";"S";"0065";"*"
"ISOLDECP";"S";"0066";"* Calcul de la date de référence CP"
"ISOLDECP";"S";"0067";"* stockage de l'année du jour de l'historique"
"ISOLDECP";"S";"0068";"LOCA_DATE(1:4) = HJOU_DATE(1:4)"
"ISOLDECP";"S";"0069";"* stockage du mois de reference"
"ISOLDECP";"S";"0070";"LOCA_REF << LOCA_CTRLREFCP(3:2)"
"ISOLDECP";"S";"0071";"* stokage du mois de reference"
"ISOLDECP";"S";"0072";"LOCA_DATE(5:2) << LOCA_REF"
"ISOLDECP";"S";"0073";"* stockage du jour de reference"
"ISOLDECP";"S";"0074";"LOCA_REF << LOCA_CTRLREFCP(1:2)"
"ISOLDECP";"S";"0075";"* loca_date contient maintenant l'année du jour de l'historique"
"ISOLDECP";"S";"0076";"* et le mois et le jour de reference"
"ISOLDECP";"S";"0077";"LOCA_DATE(7:2) << LOCA_REF"
"ISOLDECP";"S";"0078";"*"
"ISOLDECP";"S";"0079";"* stockage de l'annee en cours"
"ISOLDECP";"S";"0080";"LOCA_ACOURS << TEMP_DATJOU(1:4)"
"ISOLDECP";"S";"0081";"LOCA_ACOURS2 = LOCA_ACOURS + 1"
"ISOLDECP";"S";"0082";"*"
"ISOLDECP";"S";"0083";"* calcul de la date de reference d'initialisation de cp"
"ISOLDECP";"S";"0084";"* et de date butoir  pour calculer le solde futur"
"ISOLDECP";"S";"0085";"SI TEMP_DATJOU(5:4) >= LOCA_DATE(5:4)"
"ISOLDECP";"S";"0086";"   LOCA_ACOURS = LOCA_ACOURS + 1"
"ISOLDECP";"S";"0087";"   LOCA_ACOURS2 = LOCA_ACOURS + 1"
"ISOLDECP";"S";"0088";"*"
"ISOLDECP";"S";"0089";"FINSI"
"ISOLDECP";"S";"0090";"LOCA_DATEFU(1:4) << LOCA_ACOURS"
"ISOLDECP";"S";"0091";"LOCA_DATEFU(5:4) = LOCA_DATE(5:4)"
"ISOLDECP";"S";"0092";"LOCA_DATEFU2(1:4) << LOCA_ACOURS2"
"ISOLDECP";"S";"0093";"LOCA_DATEFU2(5:4) = LOCA_DATE(5:4)"
"ISOLDECP";"S";"0094";"*"
"ISOLDECP";"S";"0095";"* test si gestion des cp"
"ISOLDECP";"S";"0096";"SI HJOU_IJIACOPRIN = ""1"""
"ISOLDECP";"S";"0097";"   POUR ACTIVITES"
"ISOLDECP";"S";"0098";"** transfert de CP en CET"
"ISOLDECP";"S";"0099";"      SI HABS_MOTIF = ""YCPCET"""
"ISOLDECP";"S";"0100";"         SI HABS_MOTINBR <= HJOU_IJRSCOPRIN"
"ISOLDECP";"S";"0101";"            HJOU_IJRCCOPRIN = HJOU_IJRCCOPRIN + HABS_MOTINBR"
"ISOLDECP";"S";"0102";"            HJOU_IJRSCOPRIN = HJOU_IJRSCOPRIN - HABS_MOTINBR"
"ISOLDECP";"S";"0103";"*Jours de congés versés"
"ISOLDECP";"S";"0104";"            HJOU_IJRCOVER = HJOU_IJRCOVER + HABS_MOTINBR"
"ISOLDECP";"S";"0105";"         SINON"
"ISOLDECP";"S";"0106";"* solde cp insuffisant pour transfert en CET"
"ISOLDECP";"S";"0107";"            ANOMALIE 156"
"ISOLDECP";"S";"0108";"            TEMP_ITQTRCPCET = 1"
"ISOLDECP";"S";"0109";"         FINSI"
"ISOLDECP";"S";"0110";"      FINSI"
"ISOLDECP";"S";"0111";"** transfert de CP ancienneté en CET"
"ISOLDECP";"S";"0112";"      SI HABS_MOTIF = ""YCACET"""
"ISOLDECP";"S";"0113";"         SI HABS_MOTINBR <= HJOU_IJRSCOANCI"
"ISOLDECP";"S";"0114";"            HJOU_IJRCCOANCI = HJOU_IJRCCOANCI + HABS_MOTINBR"
"ISOLDECP";"S";"0115";"            HJOU_IJRSCOANCI = HJOU_IJRSCOANCI - HABS_MOTINBR"
"ISOLDECP";"S";"0116";"         SINON"
"ISOLDECP";"S";"0117";"* solde cp ancienneté insuffisant pour transfert en CET"
"ISOLDECP";"S";"0118";"            ANOMALIE 185"
"ISOLDECP";"S";"0119";"            TEMP_ITQTRCACET = 1"
"ISOLDECP";"S";"0120";"         FINSI"
"ISOLDECP";"S";"0121";"      FINSI"
"ISOLDECP";"S";"0122";"** transfert de CP en don absence"
"ISOLDECP";"S";"0123";"      SI HABS_MOTIF = ""YCPDON"""
"ISOLDECP";"S";"0124";"         SI HABS_MOTINBR <= HJOU_IJRSCOPRIN"
"ISOLDECP";"S";"0125";"            HJOU_IJRCCOPRIN = HJOU_IJRCCOPRIN + HABS_MOTINBR"
"ISOLDECP";"S";"0126";"            HJOU_IJRSCOPRIN = HJOU_IJRSCOPRIN - HABS_MOTINBR"
"ISOLDECP";"S";"0127";"*Jours de congés versés"
"ISOLDECP";"S";"0128";"            HJOU_IJRCOVER = HJOU_IJRCOVER + HABS_MOTINBR"
"ISOLDECP";"S";"0129";"         SINON"
"ISOLDECP";"S";"0130";"* solde cp insuffisant pour transfert en don absence"
"ISOLDECP";"S";"0131";"            ANOMALIE 189"
"ISOLDECP";"S";"0132";"            TEMP_ITQTRCPDON = 1"
"ISOLDECP";"S";"0133";"         FINSI"
"ISOLDECP";"S";"0134";"      FINSI"
"ISOLDECP";"S";"0135";"   FINPOUR"
"ISOLDECP";"S";"0136";"*  totalisation des soldes***"
"ISOLDECP";"S";"0137";"   HJOU_IJRSGCONGE = HJOU_IJRSCORELI"
"ISOLDECP";"S";"0138";"   HJOU_IJRSGCONGE = HJOU_IJRSGCONGE + HJOU_IJRSCOANCI"
"ISOLDECP";"S";"0139";"   HJOU_IJRSGCONGE = HJOU_IJRSGCONGE + HJOU_IJRSCOPRIN"
"ISOLDECP";"S";"0140";"   HJOU_IJRSGCONGE = HJOU_IJRSGCONGE + HJOU_IJRSACQCP"
"ISOLDECP";"S";"0141";"   HJOU_IJRSGCONGE = HJOU_IJRSGCONGE + HJOU_IJRSCOFRAC"
"ISOLDECP";"S";"0142";"*"
"ISOLDECP";"S";"0143";"   POUR ACTIVITES"
"ISOLDECP";"S";"0144";"      SI HABS_MOTIF = ""ZCJVER"""
"ISOLDECP";"S";"0145";"         HJOU_IJRCOVER = HABS_MOTINBR"
"ISOLDECP";"S";"0146";"      FINSI"
"ISOLDECP";"S";"0147";"      SI HABS_MOTIF = ""XCJVER"""
"ISOLDECP";"S";"0148";"         HJOU_IJRCOVER = HJOU_IJRCOVER + HABS_MOTINBR"
"ISOLDECP";"S";"0149";"      FINSI"
"ISOLDECP";"S";"0150";"   FINPOUR"
"ISOLDECP";"S";"0151";"*"
"ISOLDECP";"S";"0152";"* alimentation du solde prévisionnel"
"ISOLDECP";"S";"0153";"*"
"ISOLDECP";"S";"0154";"* ca ou l'employé a une date de fin de contrat ou date de cloture < loca_datefu"
"ISOLDECP";"S";"0155";"*"
"ISOLDECP";"S";"0156";"   SI CTRA_DATFIN > TEMP_DATJOU"
"ISOLDECP";"S";"0157";"      SI CTRA_DATFIN < LOCA_DATEFU"
"ISOLDECP";"S";"0158";"         DATAJT CTRA_DATFIN 12 ""J"" 1"
"ISOLDECP";"S";"0159";"         LOCA_DATEFU = TEMP_DXFINPER"
"ISOLDECP";"S";"0160";"      SINON"
"ISOLDECP";"S";"0161";"         SI CTRA_DATFIN < LOCA_DATEFU2"
"ISOLDECP";"S";"0162";"            DATAJT CTRA_DATFIN 12 ""J"" 1"
"ISOLDECP";"S";"0163";"            LOCA_DATEFU2 = TEMP_DXFINPER"
"ISOLDECP";"S";"0164";"         FINSI"
"ISOLDECP";"S";"0165";"      FINSI"
"ISOLDECP";"S";"0166";"   FINSI"
"ISOLDECP";"S";"0167";"***"
"ISOLDECP";"S";"0168";"   SI TEMP_DATSUI = LOCA_DATEFU"
"ISOLDECP";"S";"0169";"      EMPL_IEQSPGCONG = HJOU_IJRSGCONGE"
"ISOLDECP";"S";"0170";"   FINSI"
"ISOLDECP";"S";"0171";"   SI TEMP_DATSUI = LOCA_DATEFU2"
"ISOLDECP";"S";"0172";"      EMPL_IEQSPGCON2 = HJOU_IJRSGCONGE"
"ISOLDECP";"S";"0173";"   FINSI"
"ISOLDECP";"S";"0174";"FINSI"
"ISOLDECP";"S";"0175";"FIN"
"ICONGF";"S";"0001";"***********************************************************************"
"ICONGF";"S";"0002";"* Règle     : ICONGF"
"ICONGF";"S";"0003";"* Titre     : Congés fractionnement"
"ICONGF";"S";"0004";"* Package   : Privé 16.3"
"ICONGF";"S";"0005";"*----------------------------------------------------------------------"
"ICONGF";"S";"0006";"* Créé par : BDR"
"ICONGF";"S";"0007";"* Date     : 20/05/2025"
"ICONGF";"S";"0008";"* Version  : 1"
"ICONGF";"S";"0009";"*----------------------------------------------------------------------"
"ICONGF";"S";"0010";"*"
"ICONGF";"S";"0011";"*"
"ICONGF";"S";"0012";"* Rôle : Calculs de l'acquisition des congés de fractionnement"
"ICONGF";"S";"0013";"*        - calculs sur la période du 01/05 au 31/10 avec acquisition au 01/11"
"ICONGF";"S";"0014";"*        - décompte des CP anticipés sur la période du 01/05 au 31/05 sinon CP princpaux"
"ICONGF";"S";"0015";"*        - décompte des jours consécutifs de pose CP, 12 jours en ouvrable, 10 jours en ouvré"
"ICONGF";"S";"0016";"*        - si le nombre de jours consécutifs de pose est respecté :"
"ICONGF";"S";"0017";"*        - acquistion de 1 jour : si le solde de jours du congé principal (quatre 1ère semaines) est"
"ICONGF";"S";"0018";"*                                 au minimum de 3 jours en ouvrable ou 2 jours en ouvré"
"ICONGF";"S";"0019";"*        - acquistion de 2 jours :si le solde de jours du congé principal (quatre 1ère semaines) est"
"ICONGF";"S";"0020";"*                                 au minimum de 6 jours en ouvrable ou 5 jours en ouvré"
"ICONGF";"S";"0021";"*"
"ICONGF";"S";"0022";"*        - Les calculs tiennent compte d'un droit incomplet avec déduction de la 5ème semaine"
"ICONGF";"S";"0023";"*"
"ICONGF";"S";"0024";"*----------------------------------------------------------------------"
"ICONGF";"S";"0025";"*"
"ICONGF";"S";"0026";"* Modifiée par :"
"ICONGF";"S";"0027";"* Date         :"
"ICONGF";"S";"0028";"* Objet        :"
"ICONGF";"S";"0029";"*"
"ICONGF";"S";"0030";"***********************************************************************"
"ICONGF";"S";"0031";"*"
"ICONGF";"S";"0032";"* Implémentation des données industrielles"
"ICONGF";"S";"0033";"*"
"ICONGF";"S";"0034";"DEBDICO"
"ICONGF";"S";"0035";"   PARD_IDIVMCOFRA;O;A10;X;;;123456789;II;;C2;""Congé fractionnement"";"
"ICONGF";"S";"0036";"   PARD_IDICALFRAC;O;Z1;X;;;123456789;L9;;C3;""Calcul Congés fractionnement"";"
"ICONGF";"S";"0037";"   TEMP_ITQJJF;O;A3;X;;;     6789;;;V3;""Jour férié"";"
"ICONGF";"S";"0038";"   HORC_IHIMOACQCP;O;A1;X;;;123456789;L9;;C3;""Mode d'acquisition des congés"";"
"ICONGF";"S";"0039";"   * 0 : Non concerné"
"ICONGF";"S";"0040";"   * 1 : Acquisition en ouvrables"
"ICONGF";"S";"0041";"   * 2 : Acquisition en ouvrés"
"ICONGF";"S";"0042";"   * 3 : Acquisition en ouvrables  + calcul au 30ème"
"ICONGF";"S";"0043";"   * 4 : Acquisition en ouvrés  + calcul au 30ème"
"ICONGF";"S";"0044";"   HJOU_IJIGHSUPPM;O;Z1;X;;;123456789;L;;C2;""Régime HS/HC"";"
"ICONGF";"S";"0045";"   HJOU_IJRDCOPRIN;N;N6,1;I;;;    56789;;IJRDCOPRIN;V3;""Droit CP"";"
"ICONGF";"S";"0046";"   HJOU_IJRSCOPRIN;N;N6,1;I;;;    56789;;IJRSCOPRIN;V3;""Solde CP"";"
"ICONGF";"S";"0047";"   *"
"ICONGF";"S";"0048";"   HJOU_IJQCPCONTI;N;N2;I;;;     6789;;;V3;""Continuité de pose pour décompte CP FRAC"";"
"ICONGF";"S";"0049";"   HJOU_IJRNBCOFRA;N;N5,1;I;;;     6789;;IJRNBCOFRA;V3;""Nbre congé payé dans période de fract."";"
"ICONGF";"S";"0050";"   HJOU_IJRCONDFRA;O;N2;I;;;      789; 9;IJRCONDFRA;V3;""Condition jrs consécutifs fractionnement"";"
"ICONGF";"S";"0051";"   HJOU_IJRDCOFRAC;N;N6,1;I;;;    56789;;IJRDCOFRAC;V3;""Droit congé fractionnement"";"
"ICONGF";"S";"0052";"   HJOU_IJRCCOFRAC;N;N6,1;I;;;    56789;;IJRCCOFRAC;V3;""Pris congé fractionnement"";"
"ICONGF";"S";"0053";"   HJOU_IJRSCOFRAC;N;N6,1;I;;;    56789;;IJRSCOFRAC;V3;""Solde congé fractionnement"";"
"ICONGF";"S";"0054";"FINDICO"
"ICONGF";"S";"0055";"*"
"ICONGF";"S";"0056";"*"
"ICONGF";"S";"0057";"*-------------------------------------------------------*"
"ICONGF";"S";"0058";"* Déclaration des donnees locales"
"ICONGF";"S";"0059";"*-------------------------------------------------------*"
"ICONGF";"S";"0060";"* Détermination de l'acquis sur jours ouvrables ou ouvrés"
"ICONGF";"S";"0061";"DEF LOCA_ACQCP A8"
"ICONGF";"S";"0062";"LOCA_ACQCP = "" """
"ICONGF";"S";"0063";"SI HORC_IHIMOACQCP = ""1"""
"ICONGF";"S";"0064";"OU HORC_IHIMOACQCP = ""3"""
"ICONGF";"S";"0065";"   LOCA_ACQCP(1:8) = ""OUVRABLE"""
"ICONGF";"S";"0066";"FINSI"
"ICONGF";"S";"0067";"SI HORC_IHIMOACQCP = ""2"""
"ICONGF";"S";"0068";"OU HORC_IHIMOACQCP = ""4"""
"ICONGF";"S";"0069";"   LOCA_ACQCP(1:5) = ""OUVRE"""
"ICONGF";"S";"0070";"FINSI"
"ICONGF";"S";"0071";"*"
"ICONGF";"S";"0072";"* Continuité de pose du ""CP"" en WE et jours fériés"
"ICONGF";"S";"0073";"* en fonction des jours ouvrables ou ouvrés"
"ICONGF";"S";"0074";"DEF LOCA_CONTIWEFE N1"
"ICONGF";"S";"0075";"LOCA_CONTIWEFE = 0"
"ICONGF";"S";"0076";"SI LOCA_ACQCP(1:8) = ""OUVRABLE"""
"ICONGF";"S";"0077";"   SI HJOU_JOUR = ""7"""
"ICONGF";"S";"0078";"   OU TEMP_ITQJJF = ""OUI"""
"ICONGF";"S";"0079";"      LOCA_CONTIWEFE = 1"
"ICONGF";"S";"0080";"   FINSI"
"ICONGF";"S";"0081";"FINSI"
"ICONGF";"S";"0082";"SI LOCA_ACQCP(1:5) = ""OUVRE"""
"ICONGF";"S";"0083";"   SI HJOU_JOUR = ""6"""
"ICONGF";"S";"0084";"   OU HJOU_JOUR = ""7"""
"ICONGF";"S";"0085";"   OU TEMP_ITQJJF = ""OUI"""
"ICONGF";"S";"0086";"      LOCA_CONTIWEFE = 1"
"ICONGF";"S";"0087";"   FINSI"
"ICONGF";"S";"0088";"FINSI"
"ICONGF";"S";"0089";"*"
"ICONGF";"S";"0090";"* Plafond à atteindre"
"ICONGF";"S";"0091";"DEF LOCA_PLAFOND N2"
"ICONGF";"S";"0092";"LOCA_PLAFOND = 0"
"ICONGF";"S";"0093";"SI LOCA_ACQCP(1:8) = ""OUVRABLE"""
"ICONGF";"S";"0094";"   LOCA_PLAFOND = 12"
"ICONGF";"S";"0095";"FINSI"
"ICONGF";"S";"0096";"SI LOCA_ACQCP(1:5) = ""OUVRE"""
"ICONGF";"S";"0097";"   LOCA_PLAFOND = 10"
"ICONGF";"S";"0098";"FINSI"
"ICONGF";"S";"0099";"*"
"ICONGF";"S";"0100";"DEF LOCA_MOTCFRAC N1"
"ICONGF";"S";"0101";"LOCA_MOTCFRAC = 0"
"ICONGF";"S";"0102";"DEF LOCA_AMACCEPTE N1"
"ICONGF";"S";"0103";"LOCA_AMACCEPTE = 0"
"ICONGF";"S";"0104";"SI HORC_IHIFORFJ = ""1"""
"ICONGF";"S";"0105";"   LOCA_AMACCEPTE = 1"
"ICONGF";"S";"0106";"FINSI"
"ICONGF";"S";"0107";"*"
"ICONGF";"S";"0108";"DEF LOCA_MOTIF A10"
"ICONGF";"S";"0109";"LOCA_MOTIF = "" """
"ICONGF";"S";"0110";"DEF LOCA_VALORIS A1"
"ICONGF";"S";"0111";"LOCA_VALORIS = "" """
"ICONGF";"S";"0112";"DEF LOCA_PRIS N5.1"
"ICONGF";"S";"0113";"LOCA_PRIS = 0"
"ICONGF";"S";"0114";"DEF LOCA_CPCONTI N1"
"ICONGF";"S";"0115";"LOCA_CPCONTI = 0"
"ICONGF";"S";"0116";"DEF LOCA_CALCDROIT N2"
"ICONGF";"S";"0117";"LOCA_CALCDROIT = 0"
"ICONGF";"S";"0118";"DEF LOCA_DROITCP5S N2"
"ICONGF";"S";"0119";"LOCA_DROITCP5S = 0"
"ICONGF";"S";"0120";"DEF LOCA_SEUIL1J N2"
"ICONGF";"S";"0121";"LOCA_SEUIL1J = 0"
"ICONGF";"S";"0122";"DEF LOCA_SEUIL2J N2"
"ICONGF";"S";"0123";"LOCA_SEUIL2J = 0"
"ICONGF";"S";"0124";"*"
"ICONGF";"S";"0125";"*-------------------------------------------------------*"
"ICONGF";"S";"0126";"* RAZ"
"ICONGF";"S";"0127";"*-------------------------------------------------------*"
"ICONGF";"S";"0128";"** RAZ au 01/05"
"ICONGF";"S";"0129";"SI HJOU_DATE(5:4) = ""0501"""
"ICONGF";"S";"0130";"   HJOU_IJRNBCOFRA = 0"
"ICONGF";"S";"0131";"   HJOU_IJRCONDFRA = 0"
"ICONGF";"S";"0132";"FINSI"
"ICONGF";"S";"0133";"** RAZ du droit/consommé au 01/11"
"ICONGF";"S";"0134";"SI HJOU_DATE(5:4) = ""1101"""
"ICONGF";"S";"0135";"   HJOU_IJRDCOFRAC = 0"
"ICONGF";"S";"0136";"   HJOU_IJRCCOFRAC = 0"
"ICONGF";"S";"0137";"FINSI"
"ICONGF";"S";"0138";"*"
"ICONGF";"S";"0139";"*-------------------------------------------------------*"
"ICONGF";"S";"0140";"* Conditions de déclenchement de la règle"
"ICONGF";"S";"0141";"*-------------------------------------------------------*"
"ICONGF";"S";"0142";"SI PARD_IDICALFRAC = ""1"""
"ICONGF";"S";"0143";"*"
"ICONGF";"S";"0144";"***********************************************************"
"ICONGF";"S";"0145";"* COMPTABILISATION DES CP PRIS ENTRE LE 01/05 ET LE 31/10"
"ICONGF";"S";"0146";"***********************************************************"
"ICONGF";"S";"0147";"   SI HJOU_DATE(5:4) >= ""0501"""
"ICONGF";"S";"0148";"      SI HJOU_DATE(5:4) <= ""1031"""
"ICONGF";"S";"0149";"*"
"ICONGF";"S";"0150";"*----------------------------------------------------------*"
"ICONGF";"S";"0151";"* Prise en compte des CP en acquisition sur le mois de mai"
"ICONGF";"S";"0152";"*----------------------------------------------------------*"
"ICONGF";"S";"0153";"         SI HJOU_DATE(5:4) >= ""0501"""
"ICONGF";"S";"0154";"            SI HJOU_DATE(5:4) <= ""0531"""
"ICONGF";"S";"0155";"               LOCA_MOTIF = PARD_IDIVMCOANT"
"ICONGF";"S";"0156";"            FINSI"
"ICONGF";"S";"0157";"         FINSI"
"ICONGF";"S";"0158";"*-------------------------------------------------------*"
"ICONGF";"S";"0159";"* Prise en compte des CP principaux de juin à octobre"
"ICONGF";"S";"0160";"*-------------------------------------------------------*"
"ICONGF";"S";"0161";"         SI HJOU_DATE(5:4) >= ""0601"""
"ICONGF";"S";"0162";"            SI HJOU_DATE(5:4) <= ""1031"""
"ICONGF";"S";"0163";"               LOCA_MOTIF = PARD_IDIVMCOPRI"
"ICONGF";"S";"0164";"            FINSI"
"ICONGF";"S";"0165";"         FINSI"
"ICONGF";"S";"0166";"*"
"ICONGF";"S";"0167";"*--------------------------------------------------------------------*"
"ICONGF";"S";"0168";"* Recueil de continuité en fonction des poses de congés de la veille"
"ICONGF";"S";"0169";"*--------------------------------------------------------------------*"
"ICONGF";"S";"0170";"         SI HJOU_DATE(5:4) <> ""0501"""
"ICONGF";"S";"0171";"            LIREVALPRE LOCA_CPCONTI HJOU_IJQCPCONTI"
"ICONGF";"S";"0172";"         FINSI"
"ICONGF";"S";"0173";"*"
"ICONGF";"S";"0174";"*-------------------------------------------------------*"
"ICONGF";"S";"0175";"* Comptabilisation des congés"
"ICONGF";"S";"0176";"*-------------------------------------------------------*"
"ICONGF";"S";"0177";"         POUR ACTIVITES"
"ICONGF";"S";"0178";"            SI HABS_MOTYPE <> ""C"""
"ICONGF";"S";"0179";"               SI HABS_MOTIF = LOCA_MOTIF"
"ICONGF";"S";"0180";"                  LOCA_VALORIS = HABS_VALORIS"
"ICONGF";"S";"0181";"                  SI HABS_VALORIS = ""J"""
"ICONGF";"S";"0182";"                     LOCA_PRIS = LOCA_PRIS + 1"
"ICONGF";"S";"0183";"                  SINON"
"ICONGF";"S";"0184";"                     SI HABS_VALORIS = ""M"""
"ICONGF";"S";"0185";"                     OU HABS_VALORIS = ""A"""
"ICONGF";"S";"0186";"                        LOCA_PRIS = LOCA_PRIS + 0.5"
"ICONGF";"S";"0187";"                     FINSI"
"ICONGF";"S";"0188";"                  FINSI"
"ICONGF";"S";"0189";"               FINSI"
"ICONGF";"S";"0190";"            FINSI"
"ICONGF";"S";"0191";"         FINPOUR"
"ICONGF";"S";"0192";"*"
"ICONGF";"S";"0193";"*-------------------------------------------------------*"
"ICONGF";"S";"0194";"* RAZ du compteur de continuité"
"ICONGF";"S";"0195";"*-------------------------------------------------------*"
"ICONGF";"S";"0196";"* - s'il n'y a pas de pose continue (Jour ou Après-midi) la veille ;"
"ICONGF";"S";"0197";"         SI LOCA_CPCONTI <> 1"
"ICONGF";"S";"0198";"            HJOU_IJRNBCOFRA = 0"
"ICONGF";"S";"0199";"         FINSI"
"ICONGF";"S";"0200";"* - s'il n'y a pas de congé sur la journée, en dehors des samedis, dimanches"
"ICONGF";"S";"0201";"*   ou jours fériés (en fonction de l'acquisition en jours ouvrables ou ouvrés) ;"
"ICONGF";"S";"0202";"         SI LOCA_VALORIS = "" """
"ICONGF";"S";"0203";"            SI LOCA_CONTIWEFE <> 1"
"ICONGF";"S";"0204";"               HJOU_IJRNBCOFRA = 0"
"ICONGF";"S";"0205";"            FINSI"
"ICONGF";"S";"0206";"         FINSI"
"ICONGF";"S";"0207";"* - si le congé posé est en après-midi,"
"ICONGF";"S";"0208";"*   sauf pour les collaborateurs en forfait jours dont le profil est en demi journée"
"ICONGF";"S";"0209";"         SI LOCA_VALORIS = ""A"""
"ICONGF";"S";"0210";"            SI LOCA_AMACCEPTE = 0"
"ICONGF";"S";"0211";"               HJOU_IJRNBCOFRA = 0"
"ICONGF";"S";"0212";"            FINSI"
"ICONGF";"S";"0213";"         FINSI"
"ICONGF";"S";"0214";"*"
"ICONGF";"S";"0215";"*-------------------------------------------------------*"
"ICONGF";"S";"0216";"* Flag de continuité"
"ICONGF";"S";"0217";"*-------------------------------------------------------*"
"ICONGF";"S";"0218";"* - s'il n'y a pas de congé sur la journée ;"
"ICONGF";"S";"0219";"* - et qu'on est sur un samedi, dimanche ou jour férié"
"ICONGF";"S";"0220";"*   (en fonction de l'acquisition en jours ouvrables ou ouvrés) ;"
"ICONGF";"S";"0221";"* - et qu'une continuité est constatée sur la veille."
"ICONGF";"S";"0222";"         SI LOCA_VALORIS = "" """
"ICONGF";"S";"0223";"            SI LOCA_CONTIWEFE = 1"
"ICONGF";"S";"0224";"               SI LOCA_CPCONTI = 1"
"ICONGF";"S";"0225";"                  HJOU_IJQCPCONTI = 1"
"ICONGF";"S";"0226";"               FINSI"
"ICONGF";"S";"0227";"            FINSI"
"ICONGF";"S";"0228";"*"
"ICONGF";"S";"0229";"* - pour une valorisation en Jour ou en Après-midi"
"ICONGF";"S";"0230";"         SINON"
"ICONGF";"S";"0231";"            SI LOCA_VALORIS = ""J"""
"ICONGF";"S";"0232";"            OU LOCA_VALORIS = ""A"""
"ICONGF";"S";"0233";"               HJOU_IJQCPCONTI = 1"
"ICONGF";"S";"0234";"            FINSI"
"ICONGF";"S";"0235";"*"
"ICONGF";"S";"0236";"* - pour une valorisation en Matin pour"
"ICONGF";"S";"0237";"*   les collaborateurs en forfait jours dont le profil est en demi journée"
"ICONGF";"S";"0238";"            SI HORC_IHIFORFJ = ""1"""
"ICONGF";"S";"0239";"               SI LOCA_VALORIS = ""M"""
"ICONGF";"S";"0240";"                  HJOU_IJQCPCONTI = 1"
"ICONGF";"S";"0241";"               FINSI"
"ICONGF";"S";"0242";"            FINSI"
"ICONGF";"S";"0243";"         FINSI"
"ICONGF";"S";"0244";"*"
"ICONGF";"S";"0245";"*-------------------------------------------------------*"
"ICONGF";"S";"0246";"* Alimentation du compteur de prise en continue"
"ICONGF";"S";"0247";"*-------------------------------------------------------*"
"ICONGF";"S";"0248";"         SI LOCA_PRIS > 1"
"ICONGF";"S";"0249";"            LOCA_PRIS = 1"
"ICONGF";"S";"0250";"         FINSI"
"ICONGF";"S";"0251";"         HJOU_IJRNBCOFRA = HJOU_IJRNBCOFRA + LOCA_PRIS"
"ICONGF";"S";"0252";"*"
"ICONGF";"S";"0253";"* On positionne un flag afin de marquer que le nombre de jours continus est bien atteint :"
"ICONGF";"S";"0254";"* 12 jours en jours ouvrables ou 10 jours en jours ouvrés."
"ICONGF";"S";"0255";"         SI HJOU_IJRNBCOFRA >= LOCA_PLAFOND"
"ICONGF";"S";"0256";"            HJOU_IJRCONDFRA = 1"
"ICONGF";"S";"0257";"         FINSI"
"ICONGF";"S";"0258";"      FINSI"
"ICONGF";"S";"0259";"   FINSI"
"ICONGF";"S";"0260";"*"
"ICONGF";"S";"0261";"*********************************************************"
"ICONGF";"S";"0262";"* Calcul du droit"
"ICONGF";"S";"0263";"*********************************************************"
"ICONGF";"S";"0264";"   SI HJOU_DATE(5:4) = ""1101"""
"ICONGF";"S";"0265";"      SI LOCA_ACQCP <> "" """
"ICONGF";"S";"0266";"*"
"ICONGF";"S";"0267";"* Si le nombre de jours consécutifs sont bien respectés : 12 jours ouvrables consécutifs (10 ouvrés)"
"ICONGF";"S";"0268";"         SI HJOU_IJRCONDFRA = 1"
"ICONGF";"S";"0269";"*"
"ICONGF";"S";"0270";"* Calcul du fractionnement que pour les collaborateurs dont le compteur Droit CP est alimenté"
"ICONGF";"S";"0271";"            SI HJOU_IJRDCOPRIN > 0"
"ICONGF";"S";"0272";"               LOCA_DROITCP5S = HJOU_IJRDCOPRIN"
"ICONGF";"S";"0273";"*"
"ICONGF";"S";"0274";"*-------------------------------------------------------*"
"ICONGF";"S";"0275";"* Calcul du nombre de jours de la 5ème semaine"
"ICONGF";"S";"0276";"*-------------------------------------------------------*"
"ICONGF";"S";"0277";"* En jours ouvrés"
"ICONGF";"S";"0278";"               SI LOCA_ACQCP(1:5) = ""OUVRE"""
"ICONGF";"S";"0279";"                  SI LOCA_DROITCP5S > 20"
"ICONGF";"S";"0280";"                     LOCA_DROITCP5S = LOCA_DROITCP5S - 20"
"ICONGF";"S";"0281";"                  FINSI"
"ICONGF";"S";"0282";"                  LOCA_SEUIL1J = 2"
"ICONGF";"S";"0283";"                  LOCA_SEUIL2J = 5"
"ICONGF";"S";"0284";"               FINSI"
"ICONGF";"S";"0285";"*"
"ICONGF";"S";"0286";"* En jours ouvrables"
"ICONGF";"S";"0287";"               SI LOCA_ACQCP(1:8) = ""OUVRABLE"""
"ICONGF";"S";"0288";"                  SI LOCA_DROITCP5S > 24"
"ICONGF";"S";"0289";"                     LOCA_DROITCP5S = LOCA_DROITCP5S - 24"
"ICONGF";"S";"0290";"                  FINSI"
"ICONGF";"S";"0291";"                  LOCA_SEUIL1J = 3"
"ICONGF";"S";"0292";"                  LOCA_SEUIL2J = 6"
"ICONGF";"S";"0293";"               FINSI"
"ICONGF";"S";"0294";"*"
"ICONGF";"S";"0295";"*-------------------------------------------------------*"
"ICONGF";"S";"0296";"* Calcul du solde restant sans la 5ème semaine"
"ICONGF";"S";"0297";"*-------------------------------------------------------*"
"ICONGF";"S";"0298";"               LOCA_CALCDROIT = HJOU_IJRSCOPRIN"
"ICONGF";"S";"0299";"               LOCA_CALCDROIT = LOCA_CALCDROIT - LOCA_DROITCP5S"
"ICONGF";"S";"0300";"*"
"ICONGF";"S";"0301";"*-------------------------------------------------------*"
"ICONGF";"S";"0302";"* Contrôle des seuils et alimentation"
"ICONGF";"S";"0303";"*-------------------------------------------------------*"
"ICONGF";"S";"0304";"               SI LOCA_CALCDROIT >= LOCA_SEUIL2J"
"ICONGF";"S";"0305";"                  HJOU_IJRDCOFRAC = 2"
"ICONGF";"S";"0306";"               SINON"
"ICONGF";"S";"0307";"                  SI LOCA_CALCDROIT >= LOCA_SEUIL1J"
"ICONGF";"S";"0308";"                     HJOU_IJRDCOFRAC = 1"
"ICONGF";"S";"0309";"                  FINSI"
"ICONGF";"S";"0310";"               FINSI"
"ICONGF";"S";"0311";"            FINSI"
"ICONGF";"S";"0312";"         FINSI"
"ICONGF";"S";"0313";"      FINSI"
"ICUMUL";"S";"0006";"*----------------------------------------------------------------------"
"ICUMUL";"S";"0007";"*"
"ICUMUL";"S";"0008";"*"
"ICUMUL";"S";"0009";"*"
"ICUMUL";"S";"0010";"* Rôle : Cumul des compteurs hebdo et periodiques"
"ICUMUL";"S";"0011";"*"
"ICUMUL";"S";"0012";"*"
"ICUMUL";"S";"0013";"*"
"ICUMUL";"S";"0014";"*"
"ICUMUL";"S";"0015";"*"
"ICUMUL";"S";"0016";"*----------------------------------------------------------------------"
"ICUMUL";"S";"0017";"* Créé par : Cellule Industrialisation"
"ICUMUL";"S";"0018";"* Date     : 03/09/2009"
"ICUMUL";"S";"0019";"* Version  : 1"
"ICUMUL";"S";"0020";"*----------------------------------------------------------------------"
"ICUMUL";"S";"0021";"* Modifiée par : Cellule Industrialisation"
"ICUMUL";"S";"0022";"* Date         : JJ/MM/AAAA"
"ICUMUL";"S";"0023";"* Objet        :"
"ICUMUL";"S";"0024";"***********************************************************************"
"ICUMUL";"S";"0025";"*"
"ICUMUL";"S";"0026";"* Implémentation des données industrielles"
"ICUMUL";"S";"0027";"*"
"ICUMUL";"S";"0028";"DEBDICO"
"ICUMUL";"S";"0029";"   HJOU_IJRPRESBAH;N;T6,2;I;;;     6789;;IJRPRESBAH;V3;""Présence badgée hebdomadaire"";"
"ICUMUL";"S";"0030";"   HJOU_IJRBHORVAH;N;T6,2;I;;;     6789;;IJRBHORVAH;V3;""Heures totales hebdomadaires"";"
"ICUMUL";"S";"0031";"   HJOU_IJRTTEFFEH;N;T6,2;I;;;     6789;;IJRTTEFFEH;V3;""Heures effectives hebdomadaires"";"
"ICUMUL";"S";"0032";"   HJOU_IJRPRETHEH;N;T6,2;I;;;     6789;;IJRPRETHEH;V3;""Théorie hebdomadaire"";"
"ICUMUL";"S";"0033";"   HJOU_IJRNJTRAVH;N;N4,1;I;;;    56789;;IJRNJTRAVH;V3;""Nbre de jours travaillés hebdomadaires"";"
"ICUMUL";"S";"0034";"   HJOU_IJRNABSPFH;N;N2;I;;;     6789;;IJRNABSPFH;V3;""Nbre de retards hebdomadaires"";"
"ICUMUL";"S";"0035";"   HJOU_IJRNJPRESH;N;N4,1;I;;;    56789;;IJRNJPRESH;V3;""Nbre de jours de présence hebdomadaires"";"
"ICUMUL";"S";"0036";"   HJOU_IJRABSPLFH;N;T6,2;I;;;     6789;;IJRABSPLFH;V3;""Total absences plages hebdomadaires"";"
"ICUMUL";"S";"0037";"   HJOU_IJRPRESNBH;N;T6,2;I;;;    56789;;IJRPRESNBH;V3;""Activités créditées hebdomadaires"";"
"IACQCP";"S";"0800";"         HJOU_IJRCPTJTRA = HABS_MOTINBR"
"ICONGF";"S";"0314";"   FINSI"
"ICONGF";"S";"0315";"**************************************************************"
"ICONGF";"S";"0316";"***************** calcul du pris"
"ICONGF";"S";"0317";"**************************************************************"
"ICONGF";"S";"0318";"   POUR ACTIVITES"
"ICONGF";"S";"0319";"* calcul du pris"
"ICONGF";"S";"0320";"      SI HABS_MOTIF = PARD_IDIVMCOFRA"
"ICONGF";"S";"0321";"         LOCA_MOTCFRAC = 1"
"ICONGF";"S";"0322";"         SI HABS_VALORIS = ""J"""
"ICONGF";"S";"0323";"            HJOU_IJRCCOFRAC = HJOU_IJRCCOFRAC + 1"
"ICONGF";"S";"0324";"            HJOU_IJRSCOFRAC = HJOU_IJRSCOFRAC - 1"
"ICONGF";"S";"0325";"         SINON"
"ICONGF";"S";"0326";"            HJOU_IJRCCOFRAC = HJOU_IJRCCOFRAC + 0.5"
"ICONGF";"S";"0327";"            HJOU_IJRSCOFRAC = HJOU_IJRSCOFRAC - 0.5"
"ICONGF";"S";"0328";"         FINSI"
"ICONGF";"S";"0329";"      FINSI"
"ICONGF";"S";"0330";"** Analyse des consignes"
"ICONGF";"S";"0331";"      SI HABS_MOTIF = ""XDCF"""
"ICONGF";"S";"0332";"         HJOU_IJRDCOFRAC = HJOU_IJRDCOFRAC + HABS_MOTINBR"
"ICONGF";"S";"0333";"         HJOU_IJRSCOFRAC = HJOU_IJRDCOFRAC - HJOU_IJRCCOFRAC"
"ICONGF";"S";"0334";"      FINSI"
"ICONGF";"S";"0335";"      SI HABS_MOTIF = ""ZDCF"""
"ICONGF";"S";"0336";"         HJOU_IJRDCOFRAC = HABS_MOTINBR"
"ICONGF";"S";"0337";"         HJOU_IJRSCOFRAC = HJOU_IJRDCOFRAC - HJOU_IJRCCOFRAC"
"ICONGF";"S";"0338";"      FINSI"
"ICONGF";"S";"0339";"      SI HABS_MOTIF = ""XCCF"""
"ICONGF";"S";"0340";"         HJOU_IJRCCOFRAC = HJOU_IJRCCOFRAC + HABS_MOTINBR"
"ICONGF";"S";"0341";"         HJOU_IJRSCOFRAC = HJOU_IJRDCOFRAC - HJOU_IJRCCOFRAC"
"ICONGF";"S";"0342";"      FINSI"
"ICONGF";"S";"0343";"      SI HABS_MOTIF = ""ZCCF"""
"ICONGF";"S";"0344";"         HJOU_IJRCCOFRAC = HABS_MOTINBR"
"ICONGF";"S";"0345";"         HJOU_IJRSCOFRAC = HJOU_IJRDCOFRAC - HJOU_IJRCCOFRAC"
"ICONGF";"S";"0346";"      FINSI"
"ICONGF";"S";"0347";"**  Transfert en CET"
"ICONGF";"S";"0348";"      SI HABS_MOTIF = ""YCFCET"""
"ICONGF";"S";"0349";"         SI HABS_MOTINBR <= HJOU_IJRSCOFRAC"
"ICONGF";"S";"0350";"            HJOU_IJRCCOFRAC = HJOU_IJRCCOFRAC + HABS_MOTINBR"
"ICONGF";"S";"0351";"         SINON"
"ICONGF";"S";"0352";"* solde cp fractionnement insuffisant pour transfert en CET"
"ICONGF";"S";"0353";"            TEMP_ITQTRCFCET = 1"
"IACQCP";"S";"0801";"      FINSI"
"IACQCP";"S";"0802";"* init jours mensuel"
"ICONGF";"S";"0354";"            ANOMALIE 186"
"ICONGF";"S";"0355";"         FINSI"
"ICONGF";"S";"0356";"      FINSI"
"ICONGF";"S";"0357";"   FINPOUR"
"ICONGF";"S";"0358";"*"
"ICONGF";"S";"0359";"*-------------------------------------------------------------------"
"ICONGF";"S";"0360";"*    Recalcul solde"
"ICONGF";"S";"0361";"*-------------------------------------------------------------------"
"ICONGF";"S";"0362";"   HJOU_IJRSCOFRAC = HJOU_IJRDCOFRAC - HJOU_IJRCCOFRAC"
"ICONGF";"S";"0363";"*"
"ICONGF";"S";"0364";"   SI LOCA_MOTCFRAC = 1"
"ICONGF";"S";"0365";"      SI HJOU_IJRSCOFRAC < 0"
"ICONGF";"S";"0366";"         ANOMALIE 169"
"ICONGF";"S";"0367";"      FINSI"
"ICONGF";"S";"0368";"   FINSI"
"ICONGF";"S";"0369";"*"
"ICONGF";"S";"0370";"FINSI"
"ICONGF";"S";"0371";"FIN"
"ICUMUL";"S";"0038";"   HJOU_IJRBHORVHR;N;T6,2;I;;;    56789;;IJRBHORVAH;V3;""Report base HV hebdo"";"
"IACQCP";"S";"0803";"      SI HABS_MOTIF = ""ZJTRAM"""
"IACQCP";"S";"0804";"         HJOU_IJRJTRAM = HABS_MOTINBR"
"IACQCP";"S";"0805";"      FINSI"
"IACQCP";"S";"0806";"* Init compteur absences"
"IACQCP";"S";"0807";"      SI HABS_MOTIF = ""ZABSCP"""
"IACQCP";"S";"0808";"         LOCA_SCONS = 1"
"IACQCP";"S";"0809";"         HJOU_IJRABSCP = HABS_MOTINBR"
"IACQCP";"S";"0810";"      FINSI"
"IACQCP";"S";"0811";"* Init compteur absences maladie"
"IACQCP";"S";"0812";"      SI HABS_MOTIF = ""ZMALCPO"""
"IACQCP";"S";"0813";"         LOCA_SCONS = 1"
"IACQCP";"S";"0814";"         HJOU_IJRMALCPO = HABS_MOTINBR"
"IACQCP";"S";"0815";"      FINSI"
"IACQCP";"S";"0816";"* Init compteur absences maladie mois"
"IACQCP";"S";"0817";"      SI HABS_MOTIF = ""ZMALCPM"""
"IACQCP";"S";"0818";"         HJOU_IJRJMALM = HABS_MOTINBR"
"IACQCP";"S";"0819";"      FINSI"
"IACQCP";"S";"0820";"   FINPOUR"
"IACQCP";"S";"0821";"*"
"IACQCP";"S";"0822";"   SI LOCA_SCONS = 1"
"IACQCP";"S";"0823";"      SI HJOU_IJRMALCPO > HJOU_IJRCPTJTRA"
"IACQCP";"S";"0824";"         ANOMALIE 230"
"IACQCP";"S";"0825";"      FINSI"
"IACQCP";"S";"0826";"      SI HJOU_IJRABSCP > HJOU_IJRCPTJTRA"
"IACQCP";"S";"0827";"         ANOMALIE 230"
"IACQCP";"S";"0828";"      FINSI"
"IACQCP";"S";"0829";"      SI HJOU_IJRMALCPO > HJOU_IJRABSCP"
"IACQCP";"S";"0830";"         ANOMALIE 230"
"IACQCP";"S";"0831";"      FINSI"
"IACQCP";"S";"0832";"   FINSI"
"IACQCP";"S";"0833";"*"
"IACQCP";"S";"0834";"* Alimentation du compteur mensuel"
"IACQCP";"S";"0835";"   SI TEMP_DATSUI(7:2) = ""01"""
"IACQCP";"S";"0836";"   OU CTRA_DATFIN = HJOU_DATE"
"IACQCP";"S";"0837";"*"
"IACQCP";"S";"0838";"*******************************************************************************************"
"ICUMUL";"S";"0039";"   HJOU_IJIGCDTYPP;O;Z1;X;;;123456789;L;;C2;""Période de traitement"";"
"ICUMUL";"S";"0040";"   HJOU_IJRNJTRAVA;N;N5,1;I;;;    56789;;IJRNJTRAVA;V3;""Nbre de jours travaillés annuel"";"
"ICUMUL";"S";"0041";"   HJOU_IJRNJPRESA;N;N5,1;I;;;    56789;;IJRNJPRESA;V3;""Nbre de jours de présence annuel"";"
"ICUMUL";"S";"0042";"   HJOU_IJRPRESBAM;N;T6,2;I;;;     6789;;IJRPRESBAM;V3;""Présence badgée période"";"
"ICUMUL";"S";"0043";"   HJOU_IJRPRESNBM;N;T6,2;I;;;    56789;;IJRPRESNBM;V3;""Activités créditées période"";"
"ICUMUL";"S";"0044";"   HJOU_IJRTTREFFM;N;T8,2;L;;;     6789;;IJRTTREFFM;V3;""Heures totales période"";"
"ICUMUL";"S";"0045";"   HJOU_IJRTTEFFEM;N;T8,2;L;;;     6789;;IJRTTEFFEM;V3;""Heures effectives période"";"
"ICUMUL";"S";"0046";"   HJOU_IJRPRETHEM;N;T8,2;L;;;     6789;;IJRPRETHEM;V3;""Théorie période"";"
"ICUMUL";"S";"0047";"   HJOU_IJRVCTANNM;N;T6,2;I;;;     6789;;IJRVCTANNM;V3;""Contrat périodique"";"
"ICUMUL";"S";"0048";"   HJOU_IJRABSPLFM;N;T6,2;I;;;     6789;;IJRABSPLFM;V3;""Total absences plages période"";"
"ICUMUL";"S";"0049";"   HJOU_IJRNABSPFM;N;N2;I;;;     6789;;IJRNABSPFM;V3;""Nbre de retards période"";"
"ICUMUL";"S";"0050";"   HJOU_IJQNJPRESJ;N;N4,1;I;;;    56789;;;V3;""Nombre de jours de présence jour"";"
"ICUMUL";"S";"0051";"   HJOU_IJRNJPRESP;N;N4,1;I;;;    56789;;IJRNJPRESP;V3;""Nbre de jours de présence période"";"
"ICUMUL";"S";"0052";"   HJOU_IJQNJTRAVJ;N;N4,1;I;;;    56789;;;V3;""Nombre de jours travaillés jour"";"
"ICUMUL";"S";"0053";"   HJOU_IJRNJTRAVM;N;N4,1;I;;;     6789;;IJRNJTRAVM;V3;""Nbre de jours travaillés période"";"
"ICUMUL";"S";"0054";"   HJOU_IJRBHORVMR;N;T8,2;L;;;    56789;;IJRTTREFFM;V3;""Report base HV mensuelle"";"
"ICUMUL";"S";"0055";"   EMPL_IEQPRNJTRA;N;N5,1;I;;;    56789;;;V3;""Nbre de jours travaillés annuel prév."";"
"ICUMUL";"S";"0056";"   HJOU_IJRNJTRMCP;N;N4,1;I;;;     6789;;IJRNJTRMCP;V3;""Nbr jours trav. mens. pour acquis CP"";"
"ICUMUL";"S";"0057";"   TEMP_ITQNBJTRAV;N;N3,1;I;;;      789;;;V3;""Nbr délég. à déduire jours trav. annuels"";"
"ICUMUL";"S";"0058";"   HJOU_IJQPRETHEJ;O;T6,2;I;;;    56789;;;C0;""Présence théorique jour"";"
"ICUMUL";"S";"0059";"FINDICO"
"ICUMUL";"S";"0060";"*"
"ICUMUL";"S";"0061";"* Déclaration des donnees locales"
"ICUMUL";"S";"0062";"*"
"ICUMUL";"S";"0063";"* theorie demi-journ?e"
"IACQCP";"S";"0839";"* Calcul de l'acquis légale"
"IACQCP";"S";"0840";"*******************************************************************************************"
"IACQCP";"S";"0841";"*"
"IACQCP";"S";"0842";"      LOCA_JPRES = HJOU_IJRCPTJTRA - HJOU_IJRABSCP"
"IACQCP";"S";"0843";"      SI LOCA_XJOUR > 0"
"IACQCP";"S";"0844";"         LOCA_DRCP = LOCA_JPRES / LOCA_XJOUR"
"IACQCP";"S";"0845";"         LOCA_PLAFACQ = HJOU_IJRCPTJTRA / LOCA_XJOUR"
"IACQCP";"S";"0846";"      SINON"
"ICUMUL";"S";"0064";"DEF LOCA_DEMIJ T6.2"
"ICUMUL";"S";"0065";"LOCA_DEMIJ = HJOU_IJQPRETHEJ / 2"
"ICUMUL";"S";"0066";"LOCA_DEMIJ = LOCA_DEMIJ + 2"
"ICUMUL";"S";"0067";"*  RAZ des compteurs hebdo"
"ICUMUL";"S";"0068";"SI HJOU_JOUR = ""1"""
"ICUMUL";"S";"0069";"   HJOU_IJRPRESBAH = 0"
"ICUMUL";"S";"0070";"   HJOU_IJRBHORVAH = 0"
"ICUMUL";"S";"0071";"   HJOU_IJRTTEFFEH = 0"
"ICUMUL";"S";"0072";"   HJOU_IJRPRETHEH = 0"
"ICUMUL";"S";"0073";"   HJOU_IJRNJTRAVH = 0"
"ICUMUL";"S";"0074";"   HJOU_IJRNABSPFH = 0"
"ICUMUL";"S";"0075";"   HJOU_IJRNJPRESH = 0"
"ICUMUL";"S";"0076";"   HJOU_IJRABSPLFH = 0"
"ICUMUL";"S";"0077";"   HJOU_IJRPRESNBH = 0"
"ICUMUL";"S";"0078";"   HJOU_IJRBHORVHR = 0"
"ICUMUL";"S";"0079";"FINSI"
"ICUMUL";"S";"0080";"*  cumul des compteurs hebdo"
"ICUMUL";"S";"0081";"*"
"ICUMUL";"S";"0082";"*  presence badg?e"
"ICUMUL";"S";"0083";"HJOU_IJRPRESBAH = HJOU_IJRPRESBAH + HJOU_IJQPRESBAJ"
"ICUMUL";"S";"0084";"*  Activites credites"
"ICUMUL";"S";"0085";"HJOU_IJRPRESNBH = HJOU_IJRPRESNBH + HJOU_IJQPRESNBJ"
"ICUMUL";"S";"0086";"*  heures totales"
"ICUMUL";"S";"0087";"HJOU_IJRBHORVAH = HJOU_IJRBHORVAH + HJOU_IJQBHORVAJ"
"ICUMUL";"S";"0088";"*  travail effectif"
"ICUMUL";"S";"0089";"HJOU_IJRTTEFFEH = HJOU_IJRTTEFFEH + HJOU_IJQTTEFFEJ"
"ICUMUL";"S";"0090";"*  theorie profil"
"ICUMUL";"S";"0091";"HJOU_IJRPRETHEH = HJOU_IJRPRETHEH + HJOU_IJQPRETHEJ"
"ICUMUL";"S";"0092";"*  nombre de retards"
"ICUMUL";"S";"0093";"HJOU_IJRNABSPFH = HJOU_IJRNABSPFH + HJOU_IJQNABSPFI"
"ICUMUL";"S";"0094";"*  absence plage fixe"
"ICUMUL";"S";"0095";"HJOU_IJRABSPLFH = HJOU_IJRABSPLFH + HJOU_IJQABSPLFJ"
"ICUMUL";"S";"0096";"*"
"ICUMUL";"S";"0097";"* RAZ des compteurs p?riodoques"
"ICUMUL";"S";"0098";"* dans le cas ou la periode de traitement est"
"ICUMUL";"S";"0099";"* hebdomadaire ou mensuel, les compteurs periodiques sont remis ? 0"
"ICUMUL";"S";"0100";"* le 1er de chaque mois sinon ils sont reinitialises le 1er jour"
"ICUMUL";"S";"0101";"* de la periode"
"ICUMUL";"S";"0102";"*"
"ICUMUL";"S";"0103";"SI HJOU_IJIGCDTYPP = ""1"""
"ICUMUL";"S";"0104";"OU HJOU_IJIGCDTYPP = ""5"""
"ICUMUL";"S";"0105";"OU HJOU_IJIGCDTYPP = ""2"""
"ICUMUL";"S";"0106";"OU HJOU_IJIGCDTYPP = ""4"""
"ICUMUL";"S";"0107";"   SI HJOU_DATE(7:2) = ""01"""
"ICUMUL";"S";"0108";"      FAIRE RAZCPT"
"ICUMUL";"S";"0109";"   FINSI"
"ICUMUL";"S";"0110";"FINSI"
"ICUMUL";"S";"0111";"* le compteur IJRNJTRMCP correspond au nombre de jour travaillés"
"ICUMUL";"S";"0112";"* mensuel. Il est réinitialisé à 0 le 1er de chaque mois quel que soit le type"
"ICUMUL";"S";"0113";"* de traitement."
"ICUMUL";"S";"0114";"SI HJOU_DATE(7:2) = ""01"""
"ICUMUL";"S";"0115";"   HJOU_IJRNJTRMCP = 0"
"ICUMUL";"S";"0116";"FINSI"
"ICUMUL";"S";"0117";"*"
"ICUMUL";"S";"0118";"SI HJOU_IJIGCDTYPP = ""3"""
"ICUMUL";"S";"0119";"   POUR ACTIVITES"
"ICUMUL";"S";"0120";"      SI HABS_MOTIF = ""FINP"""
"ICUMUL";"S";"0121";"         FAIRE RAZCPT"
"ICUMUL";"S";"0122";"      FINSI"
"ICUMUL";"S";"0123";"   FINPOUR"
"ICUMUL";"S";"0124";"FINSI"
"ICUMUL";"S";"0125";"*"
"ICUMUL";"S";"0126";"* RAZ des compteurs annuels"
"ICUMUL";"S";"0127";"*"
"ICUMUL";"S";"0128";"*"
"ICUMUL";"S";"0129";"SI PARD_IDIDDEBANN <> "" """
"ICUMUL";"S";"0130";"   SI HJOU_DATE = PARD_IDIDDEBANN"
"ICUMUL";"S";"0131";"      HJOU_IJRNJTRAVA = 0"
"ICUMUL";"S";"0132";"      HJOU_IJRNJPRESA = 0"
"ICUMUL";"S";"0133";"      FAIRE RAZCPT"
"ICUMUL";"S";"0134";"   FINSI"
"ICUMUL";"S";"0135";"SINON"
"ICUMUL";"S";"0136";"   SI HJOU_DATE(5:4) = ""0101"""
"ICUMUL";"S";"0137";"      HJOU_IJRNJTRAVA = 0"
"ICUMUL";"S";"0138";"      HJOU_IJRNJPRESA = 0"
"ICUMUL";"S";"0139";"   FINSI"
"ICUMUL";"S";"0140";"FINSI"
"ICUMUL";"S";"0141";"*"
"ICUMUL";"S";"0142";"* cumul des compteurs mois"
"ICUMUL";"S";"0143";"*"
"ICUMUL";"S";"0144";"* presence badgee"
"ICUMUL";"S";"0145";"HJOU_IJRPRESBAM = HJOU_IJRPRESBAM + HJOU_IJQPRESBAJ"
"ICUMUL";"S";"0146";"* Activites credites"
"ICUMUL";"S";"0147";"HJOU_IJRPRESNBM = HJOU_IJRPRESNBM + HJOU_IJQPRESNBJ"
"ICUMUL";"S";"0148";"* heures totales"
"ICUMUL";"S";"0149";"HJOU_IJRTTREFFM = HJOU_IJRTTREFFM + HJOU_IJQBHORVAJ"
"ICUMUL";"S";"0150";"* travail effectif"
"ICUMUL";"S";"0151";"HJOU_IJRTTEFFEM = HJOU_IJRTTEFFEM + HJOU_IJQTTEFFEJ"
"ICUMUL";"S";"0152";"* theorie profil"
"ICUMUL";"S";"0153";"HJOU_IJRPRETHEM = HJOU_IJRPRETHEM + HJOU_IJQPRETHEJ"
"ICUMUL";"S";"0154";"* theorie annuelle"
"ICUMUL";"S";"0155";"HJOU_IJRVCTANNM = HJOU_IJRVCTANNM + HJOU_PRECYCLE"
"ICUMUL";"S";"0156";"* heures retenues"
"ICUMUL";"S";"0157";"HJOU_IJRABSPLFM = HJOU_IJRABSPLFM + HJOU_IJQABSPLFJ"
"ICUMUL";"S";"0158";"* nb de retards"
"ICUMUL";"S";"0159";"HJOU_IJRNABSPFM = HJOU_IJRNABSPFM + HJOU_IJQNABSPFI"
"ICUMUL";"S";"0160";"*"
"ICUMUL";"S";"0161";"* cumul du nb de jours travaillés et du nombre de jours de presence"
"ICUMUL";"S";"0162";"*"
"ICUMUL";"S";"0163";"SI TEMP_ITQPRESJOU > 0"
"ICUMUL";"S";"0164";"   HJOU_IJQNJPRESJ = 1"
"ICUMUL";"S";"0165";"   HJOU_IJRNJPRESH = HJOU_IJRNJPRESH + 1"
"ICUMUL";"S";"0166";"   HJOU_IJRNJPRESP = HJOU_IJRNJPRESP + 1"
"ICUMUL";"S";"0167";"   HJOU_IJRNJPRESA = HJOU_IJRNJPRESA + 1"
"ICUMUL";"S";"0168";"FINSI"
"ICUMUL";"S";"0169";"SI HJOU_IJQTTEFFEJ >= LOCA_DEMIJ"
"ICUMUL";"S";"0170";"   HJOU_IJQNJTRAVJ = 1"
"ICUMUL";"S";"0171";"   HJOU_IJRNJTRAVA = HJOU_IJRNJTRAVA + 1"
"ICUMUL";"S";"0172";"   HJOU_IJRNJTRAVH = HJOU_IJRNJTRAVH + 1"
"ICUMUL";"S";"0173";"   HJOU_IJRNJTRAVM = HJOU_IJRNJTRAVM + 1"
"ICUMUL";"S";"0174";"   HJOU_IJRNJTRMCP = HJOU_IJRNJTRMCP + 1"
"ICUMUL";"S";"0175";"SINON"
"ICUMUL";"S";"0176";"   SI HJOU_IJQTTEFFEJ > 0"
"ICUMUL";"S";"0177";"      HJOU_IJQNJTRAVJ = 0.5"
"ICUMUL";"S";"0178";"      HJOU_IJRNJTRAVA = HJOU_IJRNJTRAVA + 0.5"
"ICUMUL";"S";"0179";"      HJOU_IJRNJTRAVH = HJOU_IJRNJTRAVH + 0.5"
"ICUMUL";"S";"0180";"      HJOU_IJRNJTRAVM = HJOU_IJRNJTRAVM + 0.5"
"ICUMUL";"S";"0181";"      HJOU_IJRNJTRMCP = HJOU_IJRNJTRMCP + 0.5"
"ICUMUL";"S";"0182";"   FINSI"
"ICUMUL";"S";"0183";"FINSI"
"ICUMUL";"S";"0184";"** déduction des demi-journée délégation"
"ICUMUL";"S";"0185";"HJOU_IJQNJTRAVJ = HJOU_IJQNJTRAVJ - TEMP_ITQNBJTRAV"
"ICUMUL";"S";"0186";"HJOU_IJRNJTRAVA = HJOU_IJRNJTRAVA - TEMP_ITQNBJTRAV"
"ICUMUL";"S";"0187";"HJOU_IJRNJTRAVH = HJOU_IJRNJTRAVH - TEMP_ITQNBJTRAV"
"ICUMUL";"S";"0188";"HJOU_IJRNJTRAVM = HJOU_IJRNJTRAVM - TEMP_ITQNBJTRAV"
"ICUMUL";"S";"0189";"HJOU_IJRNJTRMCP = HJOU_IJRNJTRMCP - TEMP_ITQNBJTRAV"
"ICUMUL";"S";"0190";"**"
"ICUMUL";"S";"0191";"* alimentation par consignes"
"ICUMUL";"S";"0192";"POUR ACTIVITES"
"ICUMUL";"S";"0193";"* jours travailles"
"ICUMUL";"S";"0194";"   SI HABS_MOTIF = ""XTRV"""
"ICUMUL";"S";"0195";"   OU HABS_MOTIF = ""ZTRV"""
"ICUMUL";"S";"0196";"      HJOU_IJRNJTRAVM = HJOU_IJRNJTRAVM - HJOU_IJRNJTRAVH"
"ICUMUL";"S";"0197";"      HJOU_IJRNJTRMCP = HJOU_IJRNJTRMCP - HJOU_IJRNJTRAVH"
"ICUMUL";"S";"0198";"      HJOU_IJRNJTRAVA = HJOU_IJRNJTRAVA - HJOU_IJRNJTRAVH"
"ICUMUL";"S";"0199";"      SI HABS_MOTIF = ""XTRV"""
"ICUMUL";"S";"0200";"         HJOU_IJRNJTRAVH = HJOU_IJRNJTRAVH + HABS_MOTINBR"
"ICUMUL";"S";"0201";"      FINSI"
"ICUMUL";"S";"0202";"      SI HABS_MOTIF = ""ZTRV"""
"ICUMUL";"S";"0203";"         HJOU_IJRNJTRAVH = HABS_MOTINBR"
"ICUMUL";"S";"0204";"      FINSI"
"ICUMUL";"S";"0205";"      SI HJOU_IJRNJTRAVH < 0"
"ICUMUL";"S";"0206";"         HJOU_IJRNJTRAVH = 0"
"ICUMUL";"S";"0207";"      FINSI"
"ICUMUL";"S";"0208";"      HJOU_IJRNJTRAVM = HJOU_IJRNJTRAVM + HJOU_IJRNJTRAVH"
"ICUMUL";"S";"0209";"      HJOU_IJRNJTRMCP = HJOU_IJRNJTRMCP + HJOU_IJRNJTRAVH"
"ICUMUL";"S";"0210";"      HJOU_IJRNJTRAVA = HJOU_IJRNJTRAVA + HJOU_IJRNJTRAVH"
"ICUMUL";"S";"0211";"   FINSI"
"ICUMUL";"S";"0212";"* jours de presence"
"ICUMUL";"S";"0213";"   SI HABS_MOTIF = ""XPRE"""
"ICUMUL";"S";"0214";"   OU HABS_MOTIF = ""ZPRE"""
"ICUMUL";"S";"0215";"      HJOU_IJRNJPRESP = HJOU_IJRNJPRESP - HJOU_IJRNJPRESH"
"ICUMUL";"S";"0216";"      HJOU_IJRNJPRESA = HJOU_IJRNJPRESA - HJOU_IJRNJPRESH"
"ICUMUL";"S";"0217";"      SI HABS_MOTIF = ""XPRE"""
"ICUMUL";"S";"0218";"         HJOU_IJRNJPRESH = HJOU_IJRNJPRESH + HABS_MOTINBR"
"ICUMUL";"S";"0219";"      FINSI"
"ICUMUL";"S";"0220";"      SI HABS_MOTIF = ""ZPRE"""
"ICUMUL";"S";"0221";"         HJOU_IJRNJPRESH = HABS_MOTINBR"
"ICUMUL";"S";"0222";"      FINSI"
"ICUMUL";"S";"0223";"      SI HJOU_IJRNJPRESH < 0"
"ICUMUL";"S";"0224";"         HJOU_IJRNJPRESH = 0"
"ICUMUL";"S";"0225";"      FINSI"
"ICUMUL";"S";"0226";"      HJOU_IJRNJPRESP = HJOU_IJRNJPRESP + HJOU_IJRNJPRESH"
"ICUMUL";"S";"0227";"      HJOU_IJRNJPRESA = HJOU_IJRNJPRESA + HJOU_IJRNJPRESH"
"ICUMUL";"S";"0228";"   FINSI"
"ICUMUL";"S";"0229";"FINPOUR"
"ICUMUL";"S";"0230";"** Alimentation di compteur des heures travaillées annuelles"
"ICUMUL";"S";"0231";"** le 20/03/07"
"ICUMUL";"S";"0232";"SI HJOU_DATE(1:4) = TEMP_DATJOU(1:4)"
"ICUMUL";"S";"0233";"   SI TEMP_DATSUI(5:4) = ""0101"""
"ICUMUL";"S";"0234";"      EMPL_IEQPRNJTRA = HJOU_IJRNJTRAVA"
"ICUMUL";"S";"0235";"   FINSI"
"ICUMUL";"S";"0236";"FINSI"
"ICUMUL";"S";"0237";"FIN"
"ICUMUL";"S";"0238";"*** procedure raz compteurs periodiques"
"ICUMUL";"S";"0239";"PROC RAZCPT"
"ICUMUL";"S";"0240";"   HJOU_IJRPRESBAM = 0"
"ICUMUL";"S";"0241";"   HJOU_IJRPRESNBM = 0"
"ICUMUL";"S";"0242";"   HJOU_IJRTTREFFM = 0"
"ICUMUL";"S";"0243";"   HJOU_IJRTTEFFEM = 0"
"ICUMUL";"S";"0244";"   HJOU_IJRPRETHEM = 0"
"ICUMUL";"S";"0245";"   HJOU_IJRVCTANNM = 0"
"ICUMUL";"S";"0246";"   HJOU_IJRNABSPFM = 0"
"ICUMUL";"S";"0247";"   HJOU_IJRABSPLFM = 0"
"ICUMUL";"S";"0248";"   HJOU_IJRNJTRAVM = 0"
"ICUMUL";"S";"0249";"   HJOU_IJRNJPRESP = 0"
"ICUMUL";"S";"0250";"   HJOU_IJRBHORVMR = 0"
"ICUMUL";"S";"0251";"FINPROC"
"IACQCP";"S";"0847";"         LOCA_DRCP = 0"
"IACQCP";"S";"0848";"      FINSI"
"IACQCP";"S";"0849";"      SI LOCA_DRCP > 12"
"IACQCP";"S";"0850";"         LOCA_DRCP = 12"
"IACQCP";"S";"0851";"      FINSI"
"IACQCP";"S";"0852";"      SI LOCA_PLAFACQ > 12"
"IACQCP";"S";"0853";"         LOCA_PLAFACQ = 12"
"IACQCP";"S";"0854";"      FINSI"
"IACQCP";"S";"0855";"      LOCA_DRCP = LOCA_DRCP * LOCA_ACQUIS"
"IACQCP";"S";"0856";"*"
"IACQCP";"S";"0857";"* Ajout acquisition pendant maladie"
"IACQCP";"S";"0858";"      SI LOCA_XJOUR > 0"
"IACQCP";"S";"0859";"         SI HJOU_IJRMALCPO > 0"
"IACQCP";"S";"0860";"            LOCA_DRCPMAL = HJOU_IJRMALCPO / LOCA_XJOUR"
"IACQCP";"S";"0861";"            SI LOCA_PLAFACQ = 12"
"IACQCP";"S";"0862";"               SI LOCA_DRCPMAL < 12"
"IACQCP";"S";"0863";"                  LOCA_DRCPMAL = LOCA_DRCPMAL - 1"
"IACQCP";"S";"0864";"                  SI LOCA_DRCPMAL < 0"
"IACQCP";"S";"0865";"                     LOCA_DRCPMAL = 0"
"IACQCP";"S";"0866";"                  FINSI"
"IACQCP";"S";"0867";"               FINSI"
"IACQCP";"S";"0868";"            FINSI"
"IACQCP";"S";"0869";"         SINON"
"IACQCP";"S";"0870";"            LOCA_DRCPMAL = 0"
"IACQCP";"S";"0871";"         FINSI"
"IACQCP";"S";"0872";"      SINON"
"IACQCP";"S";"0873";"         LOCA_DRCPMAL = 0"
"IACQCP";"S";"0874";"      FINSI"
"IACQCP";"S";"0875";"      SI LOCA_DRCPMAL > 12"
"IACQCP";"S";"0876";"         LOCA_DRCPMAL = 12"
"IACQCP";"S";"0877";"      FINSI"
"IACQCP";"S";"0878";"      HJOU_IJRACQMAL = LOCA_DRCPMAL * HORC_IHIDRCPMAL"
"IACQCP";"S";"0879";"* Arrondi du droit maladie si le nb de mois = 12 pour la gestion ouvré à 1,66"
"IACQCP";"S";"0880";"* car pour 12 mois le droit vaut 20"
"IACQCP";"S";"0881";"      SI LOCA_DRCPMAL = 12"
"IACQCP";"S";"0882";"         LOCA_RESTE = HJOU_IJRACQMAL % 1"
"IACQCP";"S";"0883";"         LOCA_ENTIER = HJOU_IJRACQMAL - LOCA_RESTE"
"IACQCP";"S";"0884";"         SI LOCA_RESTE > 0"
"IACQCP";"S";"0885";"            LOCA_ENTIER = LOCA_ENTIER + 1"
"IACQCP";"S";"0886";"         FINSI"
"IACQCP";"S";"0887";"         HJOU_IJRACQMAL = LOCA_ENTIER"
"IACQCP";"S";"0888";"      FINSI"
"IACQCP";"S";"0889";"      LOCA_DRCP = LOCA_DRCP + HJOU_IJRACQMAL"
"IACQCP";"S";"0890";"*"
"IACQCP";"S";"0891";"      HJOU_IJRDACQCPL = LOCA_DRCP"
"IACQCP";"S";"0892";"      SI HJOU_DATE = CTRA_DATFIN"
"IACQCP";"S";"0893";"      OU TEMP_DATSUI(5:4) = LOCA_DATE(5:4)"
"IACQCP";"S";"0894";"         SI HJOU_IJRDACQCPL >= LOCA_PLAFOND"
"IACQCP";"S";"0895";"            HJOU_IJRDACQCPL = LOCA_PLAFOND"
"IACQCP";"S";"0896";"         FINSI"
"IACQCP";"S";"0897";"* Arrondi à l'entier supérieur en cas de fin de contrat"
"IACQCP";"S";"0898";"** arrondi de l'acquis mensuel"
"IACQCP";"S";"0899";"         SI HJOU_IJRDACQCPL > 0"
"IACQCP";"S";"0900";"            LOCA_RESTE = HJOU_IJRDACQCPL % 1"
"IACQCP";"S";"0901";"            LOCA_ENTIER = HJOU_IJRDACQCPL - LOCA_RESTE"
"IACQCP";"S";"0902";"            SI LOCA_RESTE > 0"
"IACQCP";"S";"0903";"               LOCA_ENTIER = LOCA_ENTIER + 1"
"IACQCP";"S";"0904";"            FINSI"
"IACQCP";"S";"0905";"            HJOU_IJRDACQCPL = LOCA_ENTIER"
"IACQCP";"S";"0906";"         FINSI"
"IACQCP";"S";"0907";"      FINSI"
"IACQCP";"S";"0908";"*"
"IACQCP";"S";"0909";"*"
"IACQCP";"S";"0910";"*******************************************************************************************"
"IACQCP";"S";"0911";"* Calcul de l'acquis conventionnel"
"IACQCP";"S";"0912";"*******************************************************************************************"
"IACQCP";"S";"0913";"*"
"IACQCP";"S";"0914";"* calcul au 30ieme"
"IACQCP";"S";"0915";"      SI HORC_IHIMOACQCP = ""3"""
"IACQCP";"S";"0916";"      OU HORC_IHIMOACQCP = ""4"""
"IACQCP";"S";"0917";"         SI HORC_IHIMCOLE = ""1"""
"IACQCP";"S";"0918";"            SI HJOU_DATE(5:2) = ""02"""
"IACQCP";"S";"0919";"               SI TEMP_DATSUI(7:2) = ""01"""
"IACQCP";"S";"0920";"                  LOCA_JMOIS << HJOU_DATE(7:2)"
"IACQCP";"S";"0921";"                  SI HJOU_IJRJTRAM < LOCA_JMOIS"
"IACQCP";"S";"0922";"                     LOCA_QUOEF = HJOU_IJRJTRAM / LOCA_J30"
"IACQCP";"S";"0923";"                     LOCA_QUOEFM = HJOU_IJRJMALM / LOCA_J30"
"IACQCP";"S";"0924";"                  FINSI"
"IACQCP";"S";"0925";"               SINON"
"IACQCP";"S";"0926";"                  LOCA_QUOEF = HJOU_IJRJTRAM / LOCA_J30"
"IACQCP";"S";"0927";"                  LOCA_QUOEFM = HJOU_IJRJMALM / LOCA_J30"
"IACQCP";"S";"0928";"               FINSI"
"IACQCP";"S";"0929";"            SINON"
"IACQCP";"S";"0930";"               SI HJOU_IJRJTRAM < LOCA_J30"
"IACQCP";"S";"0931";"                  LOCA_QUOEF = HJOU_IJRJTRAM / LOCA_J30"
"IACQCP";"S";"0932";"                  LOCA_QUOEFM = HJOU_IJRJMALM / LOCA_J30"
"IACQCP";"S";"0933";"               FINSI"
"IACQCP";"S";"0934";"            FINSI"
"IACQCP";"S";"0935";"            SI LOCA_QUOEFM > 1"
"IACQCP";"S";"0936";"               LOCA_QUOEFM = 1"
"IACQCP";"S";"0937";"            FINSI"
"IACQCP";"S";"0938";"            LOCA_DCPM = HORC_IHIDRJTRAV * LOCA_QUOEF"
"IACQCP";"S";"0939";"            LOCA_DCPMM = HORC_IHIDRCPMAL * LOCA_QUOEFM"
"IACQCP";"S";"0940";"            LOCA_JCALM = LOCA_DCPM + LOCA_DCPMM"
"IACQCP";"S";"0941";"            SI LOCA_JCALM > LOCA_ACQUIS"
"IACQCP";"S";"0942";"               LOCA_JCALM = LOCA_ACQUIS"
"IACQCP";"S";"0943";"            FINSI"
"IACQCP";"S";"0944";"         SINON"
"IACQCP";"S";"0945";"            SI HJOU_DATE(5:2) = ""02"""
"IACQCP";"S";"0946";"               SI TEMP_DATSUI(7:2) = ""01"""
"IACQCP";"S";"0947";"                  LOCA_JMOIS << HJOU_DATE(7:2)"
"IACQCP";"S";"0948";"                  SI HJOU_IJRJTRAM < LOCA_JMOIS"
"IACQCP";"S";"0949";"                     LOCA_QUOEF = HJOU_IJRJTRAM / LOCA_J30"
"IACQCP";"S";"0950";"                  FINSI"
"IACQCP";"S";"0951";"               SINON"
"IACQCP";"S";"0952";"                  LOCA_QUOEF = HJOU_IJRJTRAM / LOCA_J30"
"IACQCP";"S";"0953";"               FINSI"
"IACQCP";"S";"0954";"            SINON"
"IACQCP";"S";"0955";"               SI HJOU_IJRJTRAM < LOCA_J30"
"IACQCP";"S";"0956";"                  LOCA_QUOEF = HJOU_IJRJTRAM / LOCA_J30"
"IACQCP";"S";"0957";"               FINSI"
"IACQCP";"S";"0958";"            FINSI"
"IACQCP";"S";"0959";"            LOCA_JCALM = HORC_IHIDRJTRAV * LOCA_QUOEF"
"IACQCP";"S";"0960";"         FINSI"
"IACQCP";"S";"0961";"      FINSI"
"IACQCP";"S";"0962";"*"
"IACQCP";"S";"0963";"* Calcul au 20ieme ou 24ieme légal mois"
"IACQCP";"S";"0964";"      SI HORC_IHIMOACQCP = ""1"""
"IACQCP";"S";"0965";"      OU HORC_IHIMOACQCP = ""2"""
"IACQCP";"S";"0966";"         SI HORC_IHIMCOLE = ""1"""
"IACQCP";"S";"0967";"            SI HORC_IHIMOACQCP = ""1"""
"IACQCP";"S";"0968";"               SI HJOU_IJRJTRAM < LOCA_J24"
"IACQCP";"S";"0969";"                  LOCA_QUOEF = HJOU_IJRJTRAM / LOCA_J24"
"IACQCP";"S";"0970";"                  LOCA_QUOEFM = HJOU_IJRJMALM / LOCA_J24"
"IACQCP";"S";"0971";"               FINSI"
"IACQCP";"S";"0972";"            SINON"
"IACQCP";"S";"0973";"               SI HJOU_IJRJTRAM < LOCA_J20"
"IACQCP";"S";"0974";"                  LOCA_QUOEF = HJOU_IJRJTRAM / LOCA_J20"
"IACQCP";"S";"0975";"                  LOCA_QUOEFM = HJOU_IJRJMALM / LOCA_J20"
"IACQCP";"S";"0976";"               FINSI"
"IACQCP";"S";"0977";"            FINSI"
"IACQCP";"S";"0978";"            SI LOCA_QUOEFM > 1"
"IACQCP";"S";"0979";"               LOCA_QUOEFM = 1"
"IACQCP";"S";"0980";"            FINSI"
"IACQCP";"S";"0981";"            LOCA_DCPM = HORC_IHIDRJTRAV * LOCA_QUOEF"
"IACQCP";"S";"0982";"            LOCA_DCPMM = HORC_IHIDRCPMAL * LOCA_QUOEFM"
"IACQCP";"S";"0983";"            LOCA_JCALM = LOCA_DCPM + LOCA_DCPMM"
"IACQCP";"S";"0984";"            SI LOCA_JCALM > LOCA_ACQUIS"
"IACQCP";"S";"0985";"               LOCA_JCALM = LOCA_ACQUIS"
"IACQCP";"S";"0986";"            FINSI"
"IACQCP";"S";"0987";"         SINON"
"IACQCP";"S";"0988";"            SI HORC_IHIMOACQCP = ""1"""
"IACQCP";"S";"0989";"               SI HJOU_IJRJTRAM < LOCA_J24"
"IACQCP";"S";"0990";"                  LOCA_QUOEF = HJOU_IJRJTRAM / LOCA_J24"
"IACQCP";"S";"0991";"               FINSI"
"IACQCP";"S";"0992";"            SINON"
"IACQCP";"S";"0993";"               SI HJOU_IJRJTRAM < LOCA_J20"
"IACQCP";"S";"0994";"                  LOCA_QUOEF = HJOU_IJRJTRAM / LOCA_J20"
"IACQCP";"S";"0995";"               FINSI"
"IACQCP";"S";"0996";"            FINSI"
"IACQCP";"S";"0997";"            LOCA_JCALM = HORC_IHIDRJTRAV * LOCA_QUOEF"
"IACQCP";"S";"0998";"         FINSI"
"IACQCP";"S";"0999";"      FINSI"
"IACQCP";"S";"1000";"*"
"IACQCP";"S";"1001";"* Alimentation acquis"
"IACQCP";"S";"1002";"*"
"IACQCP";"S";"1003";"      HJOU_IJRDACQCP = HJOU_IJRDACQCP + LOCA_JCALM"
"IACQCP";"S";"1004";"      HJOU_IJQACQM = LOCA_JCALM"
"IACQCP";"S";"1005";"*"
"IACQCP";"S";"1006";"   FINSI"
"IACQCP";"S";"1007";"*"
"IACQCP";"S";"1008";"*"
"IACQCP";"S";"1009";"*******************************************************************************************"
"IACQCP";"S";"1010";"* Gestion du nombre de samedi à prendre"
"IACQCP";"S";"1011";"*******************************************************************************************"
"IACQCP";"S";"1012";"*"
"IACQCP";"S";"1013";"   SI PARD_IDINBRSAMD > 0"
"IACQCP";"S";"1014";"      SI HJOU_IJRSAMEAPR = 0"
"IACQCP";"S";"1015";"         HJOU_IJRSAMEAPR = PARD_IDINBRSAMD"
"IACQCP";"S";"1016";"      FINSI"
"IACQCP";"S";"1017";"   FINSI"
"IACQCP";"S";"1018";"*"
"IACQCP";"S";"1019";"*"
"IACQCP";"S";"1020";"*"
"IACQCP";"S";"1021";"*******************************************************************************************"
"IACQCP";"S";"1022";"* comparaison de l'acquis légale et conventionnel"
"IACQCP";"S";"1023";"*******************************************************************************************"
"IACQCP";"S";"1024";"*"
"IACQCP";"S";"1025";"   SI TEMP_DATSUI(5:4) = LOCA_DATE(5:4)"
"IACQCP";"S";"1026";"   OU CTRA_DATFIN = HJOU_DATE"
"IACQCP";"S";"1027";"* reprise du calcul légale si plus favorable"
"IACQCP";"S";"1028";"      SI HORC_IHIREPCON <> ""1"""
"IACQCP";"S";"1029";"         HJOU_IJRDACQCP = HJOU_IJRDACQCPL"
"IACQCP";"S";"1030";"         LIREVALPRE LOCA_IJRDACQCP HJOU_IJRDACQCP"
"IACQCP";"S";"1031";"         HJOU_IJQACQM = HJOU_IJRDACQCP - LOCA_IJRDACQCP"
"IACQCP";"S";"1032";"      SINON"
"IACQCP";"S";"1033";"         SI HJOU_IJRDACQCPL > HJOU_IJRDACQCP"
"IACQCP";"S";"1034";"            HJOU_IJRDACQCP = HJOU_IJRDACQCPL"
"IACQCP";"S";"1035";"            LIREVALPRE LOCA_IJRDACQCP HJOU_IJRDACQCP"
"IACQCP";"S";"1036";"            HJOU_IJQACQM = HJOU_IJRDACQCP - LOCA_IJRDACQCP"
"IACQCP";"S";"1037";"         FINSI"
"IACQCP";"S";"1038";"      FINSI"
"IACQCP";"S";"1039";"*"
"IACQCP";"S";"1040";"*******************************************************************************************"
"IACQCP";"S";"1041";"* Gestion arrondi fin de période pour alignement paie"
"IACQCP";"S";"1042";"*******************************************************************************************"
"IACQCP";"S";"1043";"*"
"IACQCP";"S";"1044";"      SI HJOU_IJRDACQCP > 0"
"IACQCP";"S";"1045";"         LOCA_RESTE = HJOU_IJRDACQCP % 1"
"IACQCP";"S";"1046";"         LOCA_ENTIER = HJOU_IJRDACQCP - LOCA_RESTE"
"IACQCP";"S";"1047";"         SI LOCA_RESTE > 0"
"IACQCP";"S";"1048";"            LOCA_ENTIER = LOCA_ENTIER + 1"
"IACQCP";"S";"1049";"         FINSI"
"IACQCP";"S";"1050";"         HJOU_IJRDACQCP = LOCA_ENTIER"
"IACQCP";"S";"1051";"      FINSI"
"IACQCP";"S";"1052";"*"
"IACQCP";"S";"1053";"   FINSI"
"IACQCP";"S";"1054";"*******************************************************************************************"
"IACQCP";"S";"1055";"* Consignes init et MAJ des différents droits"
"IACQCP";"S";"1056";"*******************************************************************************************"
"IACQCP";"S";"1057";"*"
"IACQCP";"S";"1058";"   POUR ACTIVITES"
"IACQCP";"S";"1059";"* Droit congé en cours d'acquisition"
"IACQCP";"S";"1060";"      SI HABS_MOTIF = ""XDACP"""
"IACQCP";"S";"1061";"         LOCA_ACP = 1"
"IACQCP";"S";"1062";"         HJOU_IJRDACQCP = HJOU_IJRDACQCP + HABS_MOTINBR"
"IACQCP";"S";"1063";"         HJOU_IJRSACQCP = HJOU_IJRDACQCP - HJOU_IJRPACQCP"
"IACQCP";"S";"1064";"      FINSI"
"IACQCP";"S";"1065";"      SI HABS_MOTIF = ""ZDACP"""
"IACQCP";"S";"1066";"         LOCA_ACP = 1"
"IACQCP";"S";"1067";"         HJOU_IJRDACQCP = HABS_MOTINBR"
"IACQCP";"S";"1068";"      FINSI"
"IACQCP";"S";"1069";"*"
"IACQCP";"S";"1070";"* Droit reliquat"
"IACQCP";"S";"1071";"      SI HABS_MOTIF = ""XDRCP"""
"IACQCP";"S";"1072";"         LOCA_RELCP = 1"
"IACQCP";"S";"1073";"         HJOU_IJRDCORELI = HJOU_IJRDCORELI + HABS_MOTINBR"
"IACQCP";"S";"1074";"      FINSI"
"IACQCP";"S";"1075";"      SI HABS_MOTIF = ""ZDRCP"""
"IACQCP";"S";"1076";"         LOCA_RELCP = 1"
"IACQCP";"S";"1077";"         HJOU_IJRDCORELI = HABS_MOTINBR"
"IACQCP";"S";"1078";"      FINSI"
"IACQCP";"S";"1079";"*"
"IACQCP";"S";"1080";"* Droit congé payé"
"IACQCP";"S";"1081";"      SI HABS_MOTIF = ""XDCP"""
"IACQCP";"S";"1082";"         LOCA_CP = 1"
"IACQCP";"S";"1083";"         HJOU_IJRDCOPRIN = HJOU_IJRDCOPRIN + HABS_MOTINBR"
"IACQCP";"S";"1084";"      FINSI"
"IACQCP";"S";"1085";"      SI HABS_MOTIF = ""ZDCP"""
"IACQCP";"S";"1086";"         LOCA_CP = 1"
"IACQCP";"S";"1087";"         HJOU_IJRDCOPRIN = HABS_MOTINBR"
"IACQCP";"S";"1088";"      FINSI"
"IACQCP";"S";"1089";"*"
"IACQCP";"S";"1090";"   FINPOUR"
"IACQCP";"S";"1091";"*"
"IACQCP";"S";"1092";"*"
"IACQCP";"S";"1093";"*******************************************************************************************"
"IACQCP";"S";"1094";"* Calcul des soldes"
"IACQCP";"S";"1095";"*******************************************************************************************"
"IACQCP";"S";"1096";"*"
"IACQCP";"S";"1097";"   HJOU_IJRSCORELI = HJOU_IJRDCORELI - HJOU_IJRCCORELI"
"IACQCP";"S";"1098";"   HJOU_IJRSCOPRIN = HJOU_IJRDCOPRIN - HJOU_IJRCCOPRIN"
"IACQCP";"S";"1099";"   HJOU_IJRSACQCP = HJOU_IJRDACQCP - HJOU_IJRPACQCP"
"IACQCP";"S";"1100";"*"
"IACQCP";"S";"1101";"*"
"IACQCP";"S";"1102";"*******************************************************************************************"
"IACQCP";"S";"1103";"* Anomalies"
"IACQCP";"S";"1104";"*******************************************************************************************"
"IACQCP";"S";"1105";"*"
"IACQCP";"S";"1106";"   SI LOCA_ACP = 1"
"IACQCP";"S";"1107";"      SI HJOU_IJRSACQCP < 0"
"IACQCP";"S";"1108";"         ANOMALIE 134"
"IACQCP";"S";"1109";"      FINSI"
"IACQCP";"S";"1110";"   FINSI"
"IACQCP";"S";"1111";"*"
"IACQCP";"S";"1112";"   SI LOCA_CP = 1"
"IACQCP";"S";"1113";"      SI HJOU_IJRSCOPRIN < 0"
"IACQCP";"S";"1114";"         ANOMALIE 198"
"IACQCP";"S";"1115";"      FINSI"
"IACQCP";"S";"1116";"   FINSI"
"IACQCP";"S";"1117";"*"
"IACQCP";"S";"1118";"   SI LOCA_RELCP = 1"
"IACQCP";"S";"1119";"      SI HJOU_IJRSCORELI < 0"
"IACQCP";"S";"1120";"         ANOMALIE 196"
"IACQCP";"S";"1121";"      FINSI"
"IACQCP";"S";"1122";"   FINSI"
"IACQCP";"S";"1123";"*"
"IACQCP";"S";"1124";"   SI LOCA_MOTRCP > 0"
"IACQCP";"S";"1125";"      SI LOCA_MOTRCP = 1"
"IACQCP";"S";"1126";"         SI HJOU_IJRRRCPM1 < 0"
"IACQCP";"S";"1127";"            ANOMALIE 199"
"IACQCP";"S";"1128";"         FINSI"
"IACQCP";"S";"1129";"      FINSI"
"IACQCP";"S";"1130";"      SI LOCA_MOTRCP = 2"
"IACQCP";"S";"1131";"         SI HJOU_IJRRRCP2M1 < 0"
"IACQCP";"S";"1132";"            ANOMALIE 199"
"IACQCP";"S";"1133";"         FINSI"
"IACQCP";"S";"1134";"      FINSI"
"IACQCP";"S";"1135";"      SI LOCA_MOTRCP = 3"
"IACQCP";"S";"1136";"         SI HJOU_IJRRRCPP1 < 0"
"IACQCP";"S";"1137";"            ANOMALIE 199"
"IACQCP";"S";"1138";"         FINSI"
"IACQCP";"S";"1139";"      FINSI"
"IACQCP";"S";"1140";"   FINSI"
"IACQCP";"S";"1141";"* fin de la condition si indicateur gestion congé est activée"
"IACQCP";"S";"1142";"FINSI"
"IACQCP";"S";"1143";"*"
"IACQCP";"S";"1144";"FIN"
"IACQCPAN1";"S";"0054";"   PARD_IDISANNC5;O;N3;I;;;123456789;;;C3;""Seuil ancienneté 5 ""RÉGIME 2"""";"
"IACQCPAN1";"S";"0055";"   PARD_IDISANNC6;O;N3;I;;;123456789;;;C3;""Seuil ancienneté 6 ""RÉGIME 2"""";"
"IACQCPAN1";"S";"0056";"   PARD_IDIDCANNC1;O;N4,1;I;;;123456789;;;C3;""Droit congé ancienneté 1 ""RÉGIME 2"""";"
"IACQCPAN1";"S";"0057";"   PARD_IDIDCANNC2;O;N4,1;I;;;123456789;;;C3;""Droit congé ancienneté 2 ""RÉGIME 2"""";"
"IACQCPAN1";"S";"0058";"   PARD_IDIDCANNC3;O;N4,1;I;;;123456789;;;C3;""Droit congé ancienneté 3 ""RÉGIME 2"""";"
"IACQCPAN1";"S";"0059";"   PARD_IDIDCANNC4;O;N4,1;I;;;123456789;;;C3;""Droit congé ancienneté 4 ""RÉGIME 2"""";"
"IACQCPAN1";"S";"0060";"   PARD_IDIDCANNC5;O;N4,1;I;;;123456789;;;C3;""Droit congé ancienneté 5 ""RÉGIME 2"""";"
"IACQCPAN1";"S";"0061";"   PARD_IDIDCANNC6;O;N4,1;I;;;123456789;;;C3;""Droit congé ancienneté 6 ""RÉGIME 2"""";"
"IACQCPAN1";"S";"0062";"   HORC_IHIVMREFCP;O;A4;X;;;123456789;;;C2;""Date de référence congé payé (JJMM)"";"
"IACQCPAN1";"S";"0063";"FINDICO"
"IACQCPAN1";"S";"0064";"*"
"IACQCPAN1";"S";"0065";"DEBANO"
"IACQCPAN1";"S";"0066";"   168;8;""Solde congés ancienneté insuffisant"";"
"IACQCPAN1";"S";"0067";"FINANO"
"IACQCPAN1";"S";"0068";"*"
"IACQCPAN1";"S";"0069";"* Déclaration des donnees locales"
"IACQCPAN1";"S";"0070";"* Variables utilisées pour calculer la date de reference"
"IACQCPAN1";"S";"0071";"DEF LOCA_DATE D"
"IACQCPAN1";"S";"0072";"DEF LOCA_REF N2"
"IACQCPAN1";"S";"0073";"* Variables utilisées pour le calcul de l'ancienneté"
"IACQCPAN1";"S";"0074";"DEF LOCA_ANCIEN N6.1"
"IACQCPAN1";"S";"0075";"LOCA_ANCIEN = 0"
"IACQCPAN1";"S";"0076";"DEF LOCA_TRANS N6.1"
"IACQCPAN1";"S";"0077";"LOCA_TRANS = 0"
"IACQCPAN1";"S";"0078";"DEF LOCA_DROIT N6.1"
"IACQCPAN1";"S";"0079";"LOCA_DROIT = 0"
"IACQCPAN1";"S";"0080";"DEF LOCA_CA N1"
"IACQCPAN1";"S";"0081";"LOCA_CA = 0"
"IACQCPAN1";"S";"0082";"* Locales pour contrôle de la date de référence CP"
"IACQCPAN1";"S";"0083";"DEF LOCA_CTRLREFCP A4"
"IACQCPAN1";"S";"0084";"LOCA_CTRLREFCP = "" """
"IACQCPAN1";"S";"0085";"*"
"IACQCPAN1";"S";"0086";"* Contrôle de la date de référence CP : alimentation HOR > CFG > début de période CP légale"
"IACQCPAN1";"S";"0087";"*                                       à défaut d'accord"
"IACQCPAN1";"S";"0088";"*********************************************************************************************"
"IACQCPAN1";"S";"0089";"*"
"IACQCPAN1";"S";"0090";"SI HORC_IHIVMREFCP <> "" """
"IACQCPAN1";"S";"0091";"   LOCA_CTRLREFCP = HORC_IHIVMREFCP"
"IACQCPAN1";"S";"0092";"SINON"
"IACQCPAN1";"S";"0093";"   SI CONF_ITIVMREFCP <> "" """
"IACQCPAN1";"S";"0094";"      LOCA_CTRLREFCP = CONF_ITIVMREFCP"
"IACQCPAN1";"S";"0095";"   SINON"
"IACQCPAN1";"S";"0096";"      LOCA_CTRLREFCP = ""0106"""
"IACQCPAN1";"S";"0097";"   FINSI"
"IACQCPAN1";"S";"0098";"FINSI"
"IACQCPAN1";"S";"0099";"*"
"IACQCPAN1";"S";"0100";"* Calcul de la date de référence CP"
"IACQCPAN1";"S";"0101";"* stockage de l'année du jour de l'historique"
"IACQCPAN1";"S";"0102";"   LOCA_DATE(1:4) = HJOU_DATE(1:4)"
"IACQCPAN1";"S";"0103";"* stockage du mois de reference"
"IACQCPAN1";"S";"0104";"   LOCA_REF << LOCA_CTRLREFCP(3:2)"
"IACQCPAN1";"S";"0105";"* stokage du mois de reference"
"IACQCPAN1";"S";"0106";"   LOCA_DATE(5:2) << LOCA_REF"
"IACQCPAN1";"S";"0107";"* stockage du jour de reference"
"IACQCPAN1";"S";"0108";"   LOCA_REF << LOCA_CTRLREFCP(1:2)"
"IACQCPAN1";"S";"0109";"* loca_date contient maintenant l'année du jour de l'historique"
"IACQCPAN1";"S";"0110";"* et le mois et le jour de reference"
"IACQCPAN1";"S";"0111";"   LOCA_DATE(7:2) << LOCA_REF"
"IACQCPAN1";"S";"0112";"*"
"IACQCPAN1";"S";"0113";"* GESTION DE L'ACQUISITION DES CONGES D'ANCIENNETE"
"IACQCPAN1";"S";"0114";"* Date de référence des congés d'ancienneté"
"IACQCPAN1";"S";"0115";"SI HJOU_DATE = LOCA_DATE"
"IACQCPAN1";"S";"0116";"* Cacul de l'ancienneté"
"IACQCPAN1";"S";"0117";"   DATDIFF EMPS_E2DATEANC 12 HJOU_DATE 12"
"IACQCPAN1";"S";"0118";"   LOCA_ANCIEN = TEMP_NXANNEE"
"IACQCPAN1";"S";"0119";"*"
"IACQCPAN1";"S";"0120";"* Si ""régime 1"""
"IACQCPAN1";"S";"0121";"   SI HJOU_IJIREGCPAN = ""1"""
"IACQCPAN1";"S";"0122";"      SI PARD_IDISANC1 > 0"
"IACQCPAN1";"S";"0123";"* Acquisition selon les seuils"
"IACQCPAN1";"S";"0124";"         SI LOCA_ANCIEN >= PARD_IDISANC1"
"IACQCPAN1";"S";"0125";"            SI LOCA_ANCIEN < PARD_IDISANC2"
"IACQCPAN1";"S";"0126";"            OU PARD_IDISANC2 = 0"
"IACQCPAN1";"S";"0127";"               HJOU_IJRDCOANCI = PARD_IDIDCANC1"
"IACQCPAN1";"S";"0128";"            SINON"
"IACQCPAN1";"S";"0129";"               SI LOCA_ANCIEN < PARD_IDISANC3"
"IACQCPAN1";"S";"0130";"               OU PARD_IDISANC3 = 0"
"IACQCPAN1";"S";"0131";"                  HJOU_IJRDCOANCI = PARD_IDIDCANC2"
"IACQCPAN1";"S";"0132";"               SINON"
"IACQCPAN1";"S";"0133";"                  SI LOCA_ANCIEN < PARD_IDISANC4"
"IACQCPAN1";"S";"0134";"                  OU PARD_IDISANC4 = 0"
"IACQCPAN1";"S";"0135";"                     HJOU_IJRDCOANCI = PARD_IDIDCANC3"
"IACQCPAN1";"S";"0136";"                  SINON"
"IACQCPAN1";"S";"0137";"                     SI LOCA_ANCIEN < PARD_IDISANC5"
"IACQCPAN1";"S";"0138";"                     OU PARD_IDISANC5 = 0"
"IACQCPAN1";"S";"0139";"                        HJOU_IJRDCOANCI = PARD_IDIDCANC4"
"IACQCPAN1";"S";"0140";"                     SINON"
"IACQCPAN1";"S";"0141";"                        SI LOCA_ANCIEN < PARD_IDISANC6"
"IACQCPAN1";"S";"0142";"                        OU PARD_IDISANC6 = 0"
"IACQCPAN1";"S";"0143";"                           HJOU_IJRDCOANCI = PARD_IDIDCANC5"
"IACQCPAN1";"S";"0144";"                        SINON"
"IACQCPAN1";"S";"0145";"                           HJOU_IJRDCOANCI = PARD_IDIDCANC6"
"IACQCPAN1";"S";"0146";"                        FINSI"
"IACQCPAN1";"S";"0147";"                     FINSI"
"IACQCPAN1";"S";"0148";"                  FINSI"
"IACQCPAN1";"S";"0149";"               FINSI"
"IACQCPAN1";"S";"0150";"            FINSI"
"IACQCPAN1";"S";"0151";"         FINSI"
"IACQCPAN1";"S";"0152";"      FINSI"
"IACQCPAN1";"S";"0153";"   FINSI"
"IACQCPAN1";"S";"0154";"* Si ""régime 2"""
"IACQCPAN1";"S";"0155";"   SI HJOU_IJIREGCPAN = ""2"""
"IACQCPAN1";"S";"0156";"      SI PARD_IDISANNC1 > 0"
"IACQCPAN1";"S";"0157";"* Acquisition selon les seuils"
"IACQCPAN1";"S";"0158";"         SI LOCA_ANCIEN >= PARD_IDISANNC1"
"IACQCPAN1";"S";"0159";"            SI LOCA_ANCIEN < PARD_IDISANNC2"
"IACQCPAN1";"S";"0160";"            OU PARD_IDISANNC2 = 0"
"IACQCPAN1";"S";"0161";"               HJOU_IJRDCOANCI = PARD_IDIDCANNC1"
"IACQCPAN1";"S";"0162";"            SINON"
"IACQCPAN1";"S";"0163";"               SI LOCA_ANCIEN < PARD_IDISANNC3"
"IACQCPAN1";"S";"0164";"               OU PARD_IDISANNC3 = 0"
"IACQCPAN1";"S";"0165";"                  HJOU_IJRDCOANCI = PARD_IDIDCANNC2"
"IACQCPAN1";"S";"0166";"               SINON"
"IACQCPAN1";"S";"0167";"                  SI LOCA_ANCIEN < PARD_IDISANNC4"
"IACQCPAN1";"S";"0168";"                  OU PARD_IDISANNC4 = 0"
"IACQCPAN1";"S";"0169";"                     HJOU_IJRDCOANCI = PARD_IDIDCANNC3"
"IACQCPAN1";"S";"0170";"                  SINON"
"IACQCPAN1";"S";"0171";"                     SI LOCA_ANCIEN < PARD_IDISANNC5"
"IACQCPAN1";"S";"0172";"                     OU PARD_IDISANNC5 = 0"
"IACQCPAN1";"S";"0173";"                        HJOU_IJRDCOANCI = PARD_IDIDCANNC4"
"IACQCPAN1";"S";"0174";"                     SINON"
"IACQCPAN1";"S";"0175";"                        SI LOCA_ANCIEN < PARD_IDISANNC6"
"IACQCPAN1";"S";"0176";"                        OU PARD_IDISANNC6 = 0"
"IACQCPAN1";"S";"0177";"                           HJOU_IJRDCOANCI = PARD_IDIDCANNC5"
"IACQCPAN1";"S";"0178";"                        SINON"
"IACQCPAN1";"S";"0179";"                           HJOU_IJRDCOANCI = PARD_IDIDCANNC6"
"IACQCPAN1";"S";"0180";"                        FINSI"
"IACQCPAN1";"S";"0181";"                     FINSI"
"IACQCPAN1";"S";"0182";"                  FINSI"
"IACQCPAN1";"S";"0183";"               FINSI"
"IACQCPAN1";"S";"0184";"            FINSI"
"IACQCPAN1";"S";"0185";"         FINSI"
"IACQCPAN1";"S";"0186";"      FINSI"
"IACQCPAN1";"S";"0187";"   FINSI"
"IACQCPAN1";"S";"0188";"* Remise à zéro du pris"
"IACQCPAN1";"S";"0189";"   HJOU_IJRCCOANCI = 0"
"IACQCPAN1";"S";"0190";"   HJOU_IJRSCOANCI = HJOU_IJRDCOANCI - HJOU_IJRCCOANCI"
"IACQCPAN1";"S";"0191";"FINSI"
"IACQCPAN1";"S";"0192";"* GESTION CONSIGNES D'INIT. ET MAJ"
"IACQCPAN1";"S";"0193";"POUR ACTIVITES"
"IACQCPAN1";"S";"0194";"* consignes de MAJ du droit congés d'ancienneté"
"IACQCPAN1";"S";"0195";"   SI HABS_MOTIF = ""XDCA"""
"IACQCPAN1";"S";"0196";"      LOCA_CA = 1"
"IACQCPAN1";"S";"0197";"      LOCA_DROIT = HABS_MOTINBR + HJOU_IJRDCOANCI"
"IACQCPAN1";"S";"0198";"      LOCA_TRANS = LOCA_DROIT - HJOU_IJRDCOANCI"
"IACQCPAN1";"S";"0199";"*"
"IVISITM";"S";"0068";"      SINON"
"IACQCPAN1";"S";"0200";"      HJOU_IJRDCOANCI = HJOU_IJRDCOANCI + HABS_MOTINBR"
"IACQCPAN1";"S";"0201";"      HJOU_IJRSCOANCI = HJOU_IJRSCOANCI + LOCA_TRANS"
"IACQCPAN1";"S";"0202";"   FINSI"
"IACQCPAN1";"S";"0203";"* Droit congé d'ancienneté"
"IACQCPAN1";"S";"0204";"   SI HABS_MOTIF = ""ZDCA"""
"IACQCPAN1";"S";"0205";"      LOCA_CA = 1"
"IACQCPAN1";"S";"0206";"      LOCA_TRANS = HABS_MOTINBR - HJOU_IJRDCOANCI"
"IACQCPAN1";"S";"0207";"*"
"IACQCPAN1";"S";"0208";"      HJOU_IJRDCOANCI = HABS_MOTINBR"
"IACQCPAN1";"S";"0209";"      HJOU_IJRSCOANCI = HJOU_IJRSCOANCI + LOCA_TRANS"
"IACQCPAN1";"S";"0210";"   FINSI"
"IACQCPAN1";"S";"0211";"FINPOUR"
"IACQCPAN1";"S";"0212";"*"
"IACQCPAN1";"S";"0213";"SI LOCA_CA = 1"
"IACQCPAN1";"S";"0214";"   SI HJOU_IJRSCOANCI < 0"
"IACQCPAN1";"S";"0215";"      ANOMALIE 168"
"IACQCPAN1";"S";"0216";"   FINSI"
"IACQCPAN1";"S";"0217";"FINSI"
"IACQCPAN1";"S";"0218";"*"
"IACQCPAN1";"S";"0219";"FIN"
"IVISITM";"S";"0069";"** calcul de la date de la prochaine visite"
"IVISITM";"S";"0070";"         DATAJT EMPL_IEIDVISITE 12 ""A"" 5"
"IVISITM";"S";"0071";"         LOCA_DATEVISITE = TEMP_DXFINPER"
"IVISITM";"S";"0072";"      FINSI"
"IVISITM";"S";"0073";"*"
"IVISITM";"S";"0074";"** calcul de la date d' échéance"
"IVISITM";"S";"0075";"      LOCA_ECH = PARD_IDIECHVISI * -1"
"IVISITM";"S";"0076";"      DATAJT LOCA_DATEVISITE 12 ""J"" LOCA_ECH"
"IVISITM";"S";"0077";"* mise en place de l'anomalie"
"IVISITM";"S";"0078";"      SI HJOU_DATE >= TEMP_DXFINPER"
"IVISITM";"S";"0079";"         SI HJOU_DATE < LOCA_DATEVISITE"
"IVISITM";"S";"0080";"            ANOMALIE 170"
"IVISITM";"S";"0081";"         FINSI"
"IVISITM";"S";"0082";"      FINSI"
"IVISITM";"S";"0083";"   FINSI"
"IVISITM";"S";"0084";"FINSI"
"IVISITM";"S";"0085";"*--------------------------------------------------------------"
"IVISITM";"S";"0086";"*      VISITE MÉDICALE DE REPRISE À PLANIFIER                 *"
"IVISITM";"S";"0087";"*--------------------------------------------------------------"
"IVISITM";"S";"0088";"* Le type d'arrêt dans ACT permet de déclencher une alerte de visite médicale"
"IVISITM";"S";"0089";"* à partir d'un seuil d'absence (en jour)"
"IVISITM";"S";"0090";"POUR ACTIVITES"
"IVISITM";"S";"0091";"    SI HABS_MOTYPE <> ""C"""
"IVISITM";"S";"0092";"        SI MOTI_VISITEREP = ""1"""
"IVISITM";"S";"0093";"            *"
"IVISITM";"S";"0094";"            * comptabilisation du nombre d'arrêt pour accident/maladie non professionnelle"
"IVISITM";"S";"0095";"            SI MOTI_TYPMAT = ""MA"""
"IVISITM";"S";"0096";"            OU MOTI_TYPMAT = ""01"""
"IVISITM";"S";"0097";"                SI MOTI_DUREEARRET > 0"
"IVISITM";"S";"0098";"                    HJOU_IJRNBJRARR = HJOU_IJRNBJRARR + 1"
"IVISITM";"S";"0099";"                    SI HJOU_IJRNBJRARR >= MOTI_DUREEARRET"
"IVISITM";"S";"0100";"                        HJOU_IJRVISITER = 1"
"IVISITM";"S";"0101";"                    FINSI"
"IVISITM";"S";"0102";"                    LOCA_ARRET = 1"
"IVISITM";"S";"0103";"                FINSI"
"IVISITM";"S";"0104";"            FINSI"
"IVISITM";"S";"0105";"            *"
"IVISITM";"S";"0106";"            * comptabilisation du nombre d'arrêt pour accident de travail"
"IVISITM";"S";"0107";"            SI MOTI_TYPMAT = ""AT"""
"IVISITM";"S";"0108";"            OU MOTI_TYPMAT = ""06"""
"IVISITM";"S";"0109";"                SI MOTI_DUREEARRET > 0"
"IVISITM";"S";"0110";"                    HJOU_IJRNBJRARR = HJOU_IJRNBJRARR + 1"
"IVISITM";"S";"0111";"                    SI HJOU_IJRNBJRARR >= MOTI_DUREEARRET"
"IVISITM";"S";"0112";"                        HJOU_IJRVISITER = 1"
"IVISITM";"S";"0113";"                    FINSI"
"IVISITM";"S";"0114";"                    LOCA_ARRET = 1"
"IVISITM";"S";"0115";"                FINSI"
"IVISITM";"S";"0116";"            FINSI"
"IVISITM";"S";"0117";"            * mise ne place du flag des le premier jour d'arrêt pour maladie professionnelle"
"IVISITM";"S";"0118";"            SI MOTI_TYPMAT = ""05"""
"IVISITM";"S";"0119";"                SI MOTI_DUREEARRET > 0"
"IVISITM";"S";"0120";"                    HJOU_IJRVISITER = 1"
"IVISITM";"S";"0121";"                    LOCA_ARRET = 1"
"IVISITM";"S";"0122";"                    HJOU_IJRNBJRARR = 1"
"IVISITM";"S";"0123";"                FINSI"
"IVISITM";"S";"0124";"            FINSI"
"IVISITM";"S";"0125";"        FINSI"
"IVISITM";"S";"0126";"    FINSI"
"IVISITM";"S";"0127";"FINPOUR"
"IVISITM";"S";"0128";"SI LOCA_ARRET = 0"
"IVISITM";"S";"0129";"   HJOU_IJRNBJRARR = 0"
"IVISITM";"S";"0130";"FINSI"
"IVISITM";"S";"0131";"*"
"IVISITM";"S";"0132";"* Mise en place de l'anomalie"
"IVISITM";"S";"0133";"SI HJOU_IJRVISITER = 1"
"IVISITM";"S";"0134";"* on teste la théorie considerant que le jour de la reprise est un jour où la theorie > 0"
"IVISITM";"S";"0135";"   SI HJOU_IJQPRETHEJ > 0"
"IVISITM";"S";"0136";"*  SI HJOU_IJRVISITER  = 1 et HJOU_IJRNBJRARR  = 0 cela signifie"
"IVISITM";"S";"0137";"* qu'on a atteint le plafond d'absence et qu'on a pas de motifs dont l'indicateur"
"IVISITM";"S";"0138";"* IMIVISITER > 0"
"IVISITM";"S";"0139";"      SI HJOU_IJRNBJRARR = 0"
"IVISITM";"S";"0140";"         ANOMALIE 176"
"IVISITM";"S";"0141";"         HJOU_IJRVISITER = 0"
"IVISITM";"S";"0142";"      FINSI"
"IVISITM";"S";"0143";"   FINSI"
"IVISITM";"S";"0144";"FINSI"
"IVISITM";"S";"0145";"*"
"IVISITM";"S";"0146";"FIN"
"ISTATI";"S";"0001";"***********************************************************************"
"ISTATI";"S";"0002";"* Règle     : ISTATI"
"ISTATI";"S";"0003";"* Ordre     : 7600"
"ISTATI";"S";"0004";"* Titre     : Statistiques et compteur Explorer"
"ISTATI";"S";"0005";"* Package   : Privé 16.3"
"ITELETRAV";"S";"0034";"   HJOU_IJRTTHEBDO = 0"
"ITELETRAV";"S";"0035";"FINSI"
"ITELETRAV";"S";"0036";"*"
"ICONSCPCH";"S";"0122";"*"
"ICONSCPCH";"S";"0001";"***********************************************************************"
"ICONSCPCH";"S";"0002";"* Règle     : ICONSCPCH"
"ICONSCPCH";"S";"0003";"* Ordre     : 6280"
"ICONSCPCH";"S";"0004";"* Libellé   : Conso des CP avec chainage anc"
"ICONSCPCH";"S";"0005";"* Package   : Privé 16.3"
"ICONSCPCH";"S";"0006";"*----------------------------------------------------------------------"
"ICONSCPCH";"S";"0007";"* Objectif  : Gestion de la consommation des congés payés avec chainage"
"ICONSCPCH";"S";"0008";"*             avec le CP ancienneté"
"ICONSCPCH";"S";"0009";"*----------------------------------------------------------------------"
"ICONSCPCH";"S";"0010";"* Créée par : HQSector"
"ICONSCPCH";"S";"0011";"* Date      : 19.09.2024"
"ICONSCPCH";"S";"0012";"* Objet     :"
"ICONSCPCH";"S";"0013";"*----------------------------------------------------------------------"
"ICONSCPCH";"S";"0014";"* Màj par   :"
"ICONSCPCH";"S";"0015";"* Date      :"
"ICONSCPCH";"S";"0016";"* Objet     :"
"ICONSCPCH";"S";"0017";"************************************************************************"
"ICONSCPCH";"S";"0018";"*"
"ICONSCPCH";"S";"0019";"DEBDICO"
"ICONSCPCH";"S";"0020";"   HJOU_IJRDCORELI;N;N6,1;I;;;    56789;;IJRDCORELI;V3;""Droit congé payé reliquat"";"
"ICONSCPCH";"S";"0021";"   HJOU_IJRCCORELI;N;N6,1;I;;;    56789;;IJRCCORELI;V3;""Congé payé reliquat pris"";"
"ICONSCPCH";"S";"0022";"   HJOU_IJRSCORELI;N;N6,1;I;;;    56789;;IJRSCORELI;V3;""Reliquat congé payé"";"
"ICONSCPCH";"S";"0023";"   HJOU_IJRSCOPRIN;N;N6,1;I;;;    56789;;IJRSCOPRIN;V3;""Solde congé payé"";"
"ICONSCPCH";"S";"0024";"   HJOU_IJRDCOPRIN;N;N6,1;I;;;    56789;;IJRDCOPRIN;V3;""Droit congé payé"";"
"ICONSCPCH";"S";"0025";"   HJOU_IJRCCOPRIN;N;N6,1;I;;;    56789;;IJRCCOPRIN;V3;""Congé payé pris"";"
"ICONSCPCH";"S";"0026";"   HJOU_IJRDCOANCI;N;N5,1;I;;;    56789;;IJRDCOANCI;V3;""Droit congé ancienneté"";"
"ICONSCPCH";"S";"0027";"   HJOU_IJRCCOANCI;N;N5,1;I;;;    56789;;IJRCCOANCI;V3;""Congé ancienneté pris"";"
"ICONSCPCH";"S";"0028";"   HJOU_IJRSCOANCI;N;N6,1;I;;;    56789;;IJRSCOANCI;V3;""Solde congé ancienneté"";"
"ICONSCPCH";"S";"0029";"   MOTI_IMICONTCPS;O;Z1;X;;;123456789;L9;;C3;""Continuité de pose"";"
"ICONSCPCH";"S";"0030";"   HJOU_IJRNBCPSAM;N;N2;I;;;    56789;;IJRNBCPSAM;V3;""Nombre de congés samedi"";"
"ICONSCPCH";"S";"0031";"   HJOU_IJRSAMEAPR;N;N2;I;;;    56789;;IJRSAMEAPR;V3;""Calcul interm nbr. samedi a prendre."";"
"ICONSCPCH";"S";"0032";"   MOTI_IMIGDURABS;O;A3;X;;;123456789;L;;C2;""Gestion de la durée du motif"";"
"ICONSCPCH";"S";"0137";"DEF LOCA_UTILMOD N1"
"ICONSCPCH";"S";"0033";"   PARD_IDINBRSAMD;O;N2;I;0;;123456789;;;C3;""Nombre de congés samedi à prendre"";"
"ICONSCPCH";"S";"0034";"   TEMP_ITQJJF;O;A3;X;;;     6789;;;V3;""Jour jour férié"";"
"ICONSCPCH";"S";"0035";"   * Acquisition des CP"
"ICONSCPCH";"S";"0036";"   HJOU_IJRPACQCP;N;N5,2;I;;;    56789;;IJRPACQCP;V3;""Pris CP en cours"";"
"ICONSCPCH";"S";"0037";"   HJOU_IJRSACQCP;N;N6,2;I;;;    56789;;IJRSACQCP;V3;""Solde CP en cours"";"
"ICONSCPCH";"S";"0038";"   * Jours travaillés"
"ICONSCPCH";"S";"0039";"   HJOU_IJRCPTJTRA;N;N5,1;I;;;    56789;;IJRCPTJTRA;V3;""Présence annuelle"";"
"ICONSCPCH";"S";"0040";"   HORC_IHIMOACQCP;O;A1;X;;;123456789;L;;C3;""Mode d'acquisition des congés"";"
"ICONSCPCH";"S";"0041";"   * CP pris hebdo"
"ICONSCPCH";"S";"0042";"   HJOU_IJRCPCOH;N;N5,1;I;;;    56789;;IJRCPCOH;V3;""Congés pris hebdo"";"
"ICONSCPCH";"S";"0043";"   ****"
"ICONSCPCH";"S";"0044";"   HJOU_IJQPRETHEJ;O;T6,2;I;;;    56789;;;C0;""Présence théorique jour"";"
"ICONSCPCH";"S";"0045";"   * Motifs"
"ICONSCPCH";"S";"0046";"   PARD_IDIVMCOREL;O;A10;X;;;123456789;II;;C2;""Reliquat congé payé"";"
"ICONSCPCH";"S";"0047";"   PARD_IDIVMCOANC;O;A10;X;;;123456789;II;;C2;""Congé ancienneté"";"
"ICONSCPCH";"S";"0048";"   PARD_IDIVMCOPRI;O;A10;X;;;123456789;II;;C2;""Congé payé"";"
"ICONSCPCH";"S";"0049";"   PARD_IDIVMCOANT;O;A10;X;;;123456789;II;;C2;""Congé anticipé"";"
"ICONSCPCH";"S";"0050";"   * Congé la veille"
"ICONSCPCH";"S";"0051";"   HJOU_IJRJRCONG;N;N2;I;;;    56789;;IJRJRCONG;V3;""Congé sur la journée"";"
"ICONSCPCH";"S";"0052";"   HORC_IHIDRJTRAV;O;N4,2;I;;;123456789;;;C3;""Acquis congé payé"";"
"ICONSCPCH";"S";"0053";"   HJOU_IJQMOTCP;N;A10;X;;;    56789;;;V3;""Stockage code motif congé sur la journée"";"
"ICONSCPCH";"S";"0054";"   PARD_IDIJOUROUV;O;Z1;X;;;123456789;L;;C2;""Jours ouvrés / travaillés"";"
"ICONSCPCH";"S";"0055";"   *"
"ICONSCPCH";"S";"0056";"   PARD_IDIXPRES;O;A10;X;;;123456789;II;;C2;""Motif de présence non badgeant"";"
"ICONSCPCH";"S";"0057";"FINDICO"
"ICONSCPCH";"S";"0058";"*"
"ICONSCPCH";"S";"0059";"DEBANO"
"ICONSCPCH";"S";"0060";"   134;5;""Prise de congés anticipés"";"
"ICONSCPCH";"S";"0061";"   168;8;""Solde congés ancienneté insuffisant"";"
"ICONSCPCH";"S";"0062";"   196;8;""Reliquat congé payé insuffisant"";"
"ICONSCPCH";"S";"0063";"   198;8;""Solde congé payé insuffisant"";"
"ICONSCPCH";"S";"0064";"FINANO"
"ICONSCPCH";"S";"0065";"*"
"ICONSCPCH";"S";"0066";"* Déclaration des donnees locales"
"ICONSCPCH";"S";"0067";"*"
"ICONSCPCH";"S";"0068";"DEF LOCA_VAL N5.2"
"ICONSCPCH";"S";"0069";"LOCA_VAL = 0"
"ICONSCPCH";"S";"0070";"*"
"ICONSCPCH";"S";"0071";"**************************************************"
"ICONSCPCH";"S";"0072";"* Locales pour gestion des motifs à générer en fonction"
"ICONSCPCH";"S";"0073";"* de la provenance lors de la consommation"
"ICONSCPCH";"S";"0074";"DEF LOCA_CPR N3.1"
"ICONSCPCH";"S";"0075";"LOCA_CPR = 0"
"ICONSCPCH";"S";"0076";"DEF LOCA_CP N3.1"
"ICONSCPCH";"S";"0077";"LOCA_CP = 0"
"ICONSCPCH";"S";"0078";"DEF LOCA_CPA N3.1"
"ICONSCPCH";"S";"0079";"LOCA_CPA = 0"
"ICONSCPCH";"S";"0080";"DEF LOCA_CPAN N3.1"
"ICONSCPCH";"S";"0081";"LOCA_CPAN = 0"
"ICONSCPCH";"S";"0082";"DEF LOCA_VALCPR A1"
"ICONSCPCH";"S";"0083";"LOCA_VALCPR = "" """
"ICONSCPCH";"S";"0084";"DEF LOCA_VALCPAN A1"
"ICONSCPCH";"S";"0085";"LOCA_VALCPAN = "" """
"ICONSCPCH";"S";"0086";"DEF LOCA_VALCP A1"
"ICONSCPCH";"S";"0087";"LOCA_VALCP = "" """
"ICONSCPCH";"S";"0088";"DEF LOCA_VALCPA A1"
"ICONSCPCH";"S";"0089";"LOCA_VALCPA = "" """
"ICONSCPCH";"S";"0090";"DEF LOCA_PACPRELI A10"
"ICONSCPCH";"S";"0091";"LOCA_PACPRELI = "" """
"ICONSCPCH";"S";"0092";"DEF LOCA_PACPANNU A10"
"ICONSCPCH";"S";"0093";"LOCA_PACPANNU = "" """
"ICONSCPCH";"S";"0094";"DEF LOCA_PACPANCI A10"
"ICONSCPCH";"S";"0095";"LOCA_PACPANCI = "" """
"ICONSCPCH";"S";"0096";"DEF LOCA_PACPANTI A10"
"ICONSCPCH";"S";"0097";"LOCA_PACPANTI = "" """
"ICONSCPCH";"S";"0098";"DEF LOCA_NOANNUL N1"
"ICONSCPCH";"S";"0099";"LOCA_NOANNUL = 0"
"ICONSCPCH";"S";"0100";"*"
"ICONSCPCH";"S";"0101";"**************************************************"
"ICONSCPCH";"S";"0102";"* Locales pour gestion de la consommation"
"ICONSCPCH";"S";"0103";"DEF LOCA_ENLEVER N1"
"ICONSCPCH";"S";"0104";"LOCA_ENLEVER = 0"
"ICONSCPCH";"S";"0105";"DEF LOCA_VALID A4"
"ICONSCPCH";"S";"0106";"LOCA_VALID = "" """
"ICONSCPCH";"S";"0107";"DEF LOCA_DRCP N2"
"ICONSCPCH";"S";"0108";"LOCA_DRCP = 0"
"ICONSCPCH";"S";"0109";"DEF LOCA_CPNT N1"
"ICONSCPCH";"S";"0110";"LOCA_CPNT = 0"
"ICONSCPCH";"S";"0111";"*"
"ICONSCPCH";"S";"0112";"*********************************************"
"ICONSCPCH";"S";"0113";"* Locales pour gestion deux demi journées"
"ICONSCPCH";"S";"0114";"DEF LOCA_NBDEMI N2"
"ICONSCPCH";"S";"0115";"LOCA_NBDEMI = 0"
"ICONSCPCH";"S";"0116";"DEF LOCA_DUREEJ T6.2"
"ICONSCPCH";"S";"0117";"LOCA_DUREEJ = 0"
"ICONSCPCH";"S";"0118";"DEF LOCA_DURMAT T6.2"
"ICONSCPCH";"S";"0119";"LOCA_DURMAT = 0"
"ICONSCPCH";"S";"0120";"DEF LOCA_DURSOIR T6.2"
"ICONSCPCH";"S";"0121";"LOCA_DURSOIR = 0"
"ICONSCPCH";"S";"0123";"************************************************"
"ICONSCPCH";"S";"0124";"* Locales pour ajout CP sur jour non travaillé"
"ICONSCPCH";"S";"0125";"DEF LOCA_ANNULCP N1"
"ICONSCPCH";"S";"0126";"LOCA_ANNULCP = 0"
"ICONSCPCH";"S";"0127";"DEF LOCA_DATEVEIL D"
"ICONSCPCH";"S";"0128";"LOCA_DATEVEIL = "" """
"ICONSCPCH";"S";"0129";"DEF LOCA_DATEVEIL2 D"
"ICONSCPCH";"S";"0130";"LOCA_DATEVEIL2 = "" """
"ICONSCPCH";"S";"0131";"DEF LOCA_VALPRE N2"
"ICONSCPCH";"S";"0132";"LOCA_VALPRE = 0"
"ICONSCPCH";"S";"0133";"DEF LOCA_LIMITEHEB N5.1"
"ICONSCPCH";"S";"0134";"LOCA_LIMITEHEB = 0"
"ICONSCPCH";"S";"0135";"DEF LOCA_JOUR A1"
"ICONSCPCH";"S";"0136";"LOCA_JOUR = "" """
"ICONSCPCH";"S";"0138";"LOCA_UTILMOD = 0"
"ICONSCPCH";"S";"0139";"DEF LOCA_XPRES N1"
"ICONSCPCH";"S";"0140";"LOCA_XPRES = 0"
"ICONSCPCH";"S";"0141";"DEF LOCA_IJQMOTCP A10"
"ICONSCPCH";"S";"0142";"LOCA_IJQMOTCP = "" """
"ICONSCPCH";"S";"0143";"*"
"ICONSCPCH";"S";"0144";"*********************************************"
"ICONSCPCH";"S";"0145";"* Locales pour nb de samedi à prendre"
"ICONSCPCH";"S";"0146";"DEF LOCA_NBCPSAM N2.1"
"ICONSCPCH";"S";"0147";"LOCA_NBCPSAM = 0"
"ICONSCPCH";"S";"0148";"*"
"ICONSCPCH";"S";"0149";"**********************************************"
"ICONSCPCH";"S";"0150";"* Locales pour gestion des anomalies"
"ICONSCPCH";"S";"0151";"DEF LOCA_ACP N1"
"ICONSCPCH";"S";"0152";"LOCA_ACP = 0"
"ICONSCPCH";"S";"0153";"DEF LOCA_CPMOT N1"
"ICONSCPCH";"S";"0154";"LOCA_CPMOT = 0"
"ICONSCPCH";"S";"0155";"DEF LOCA_ANCI N1"
"ICONSCPCH";"S";"0156";"LOCA_ANCI = 0"
"ICONSCPCH";"S";"0157";"DEF LOCA_RELCP N1"
"ICONSCPCH";"S";"0158";"LOCA_RELCP = 0"
"ICONSCPCH";"S";"0159";"*"
"ICONSCPCH";"S";"0160";"*"
"ICONSCPCH";"S";"0161";"*----------------------------------- DEBUT DE REGLE ---------------------------------------"
"ICONSCPCH";"S";"0162";"*"
"ICONSCPCH";"S";"0163";"* Test si gestion des cp"
"ICONSCPCH";"S";"0164";"SI HJOU_IJIACOPRIN = ""1"""
"ICONSCPCH";"S";"0165";"*"
"ICONSCPCH";"S";"0166";"*"
"ICONSCPCH";"S";"0167";"*******************************************************************************************"
"ICONSCPCH";"S";"0168";"* Transformation deux demi-journées en 1 journée"
"ICONSCPCH";"S";"0169";"*******************************************************************************************"
"ICONSCPCH";"S";"0170";"*"
"ICONSCPCH";"S";"0171";"   POUR ACTIVITES"
"ICONSCPCH";"S";"0172";"      SI HABS_MOTIF = PARD_IDIVMCOREL"
"ICONSCPCH";"S";"0173";"      OU HABS_MOTIF = PARD_IDIVMCOANC"
"ICONSCPCH";"S";"0174";"      OU HABS_MOTIF = PARD_IDIVMCOPRI"
"ICONSCPCH";"S";"0175";"      OU HABS_MOTIF = PARD_IDIVMCOANT"
"ICONSCPCH";"S";"0176";"         SI HABS_VALORIS <> ""J"""
"ICONSCPCH";"S";"0177";"            LOCA_NBDEMI = LOCA_NBDEMI + 1"
"ICONSCPCH";"S";"0178";"*si valorisation du motif modifiée"
"ICONSCPCH";"S";"0179";"            SI HABS_VALORIS = ""M"""
"ICONSCPCH";"S";"0180";"               LOCA_DURMAT = HABS_MOTIDUR"
"ICONSCPCH";"S";"0181";"            FINSI"
"ICONSCPCH";"S";"0182";"            SI HABS_VALORIS = ""A"""
"ICONSCPCH";"S";"0183";"               LOCA_DURSOIR = HABS_MOTIDUR"
"ICONSCPCH";"S";"0184";"            FINSI"
"ICONSCPCH";"S";"0185";"            LOCA_DUREEJ = LOCA_DURMAT + LOCA_DURSOIR"
"ICONSCPCH";"S";"0186";"         SINON"
"ICONSCPCH";"S";"0187";"            LOCA_DUREEJ = HABS_MOTIDUR"
"ICONSCPCH";"S";"0188";"            SI MOTI_IMIGDURABS = ""FIX"""
"ICONSCPCH";"S";"0189";"               LOCA_DURMAT = MOTI_VALDFT / 2"
"ICONSCPCH";"S";"0190";"               LOCA_DURSOIR = LOCA_DURMAT"
"ICONSCPCH";"S";"0191";"            FINSI"
"ICONSCPCH";"S";"0192";"            SI MOTI_IMIGDURABS = ""C5"""
"ICONSCPCH";"S";"0193";"            OU MOTI_IMIGDURABS = ""C6"""
"ICONSCPCH";"S";"0194";"            OU MOTI_IMIGDURABS = ""C7"""
"ICONSCPCH";"S";"0195";"               LOCA_DURMAT = LOCA_DUREEJ / 2"
"ICONSCPCH";"S";"0196";"               LOCA_DURSOIR = LOCA_DURMAT"
"ICONSCPCH";"S";"0197";"            FINSI"
"ICONSCPCH";"S";"0198";"*"
"ICONSCPCH";"S";"0199";"****** cas a désactiver si compteur non présent dans le package"
"ICONSCPCH";"S";"0200";"*"
"ICONSCPCH";"S";"0201";"            SI MOTI_IMIGDURABS = ""PLG"""
"ICONSCPCH";"S";"0202";"               LOCA_DURMAT = HJOU_IJQPLGMAT"
"ICONSCPCH";"S";"0203";"               LOCA_DURSOIR = HJOU_IJQPLGAPM"
"ICONSCPCH";"S";"0204";"            FINSI"
"ICONSCPCH";"S";"0205";"*"
"ICONSCPCH";"S";"0206";"            SI MOTI_IMIGDURABS = "" """
"ICONSCPCH";"S";"0207";"               LOCA_DURMAT = PROF_ABSENM"
"ICONSCPCH";"S";"0208";"               LOCA_DURSOIR = PROF_ABSENS"
"ICONSCPCH";"S";"0209";"            FINSI"
"ICONSCPCH";"S";"0210";"*"
"ICONSCPCH";"S";"0211";"         FINSI"
"ICONSCPCH";"S";"0212";"      FINSI"
"ICONSCPCH";"S";"0213";"   FINPOUR"
"ICONSCPCH";"S";"0214";"   SI LOCA_NBDEMI = 2"
"ICONSCPCH";"S";"0215";"* cela veut dire qu'on se trouve avec 2 motifs"
"ICONSCPCH";"S";"0216";"* de type congés 1/2 journée"
"ICONSCPCH";"S";"0217";"* c'est normal que l'on fasse 2 fois un enlever"
"ICONSCPCH";"S";"0218";"* sur IDIVMCOPRI, c'est dans le cas ou on se retouve avec un"
"ICONSCPCH";"S";"0219";"* CP de type M et un CP de type A sur la même journée"
"ICONSCPCH";"S";"0220";"      ENLEVER PARD_IDIVMCOREL"
"ICONSCPCH";"S";"0221";"      ENLEVER PARD_IDIVMCOANC"
"ICONSCPCH";"S";"0222";"      ENLEVER PARD_IDIVMCOPRI"
"ICONSCPCH";"S";"0223";"      ENLEVER PARD_IDIVMCOPRI"
"ICONSCPCH";"S";"0224";"      ENLEVER PARD_IDIVMCOANT"
"ICONSCPCH";"S";"0225";"      AJOUTER PARD_IDIVMCOPRI ""J"" LOCA_DUREEJ"
"ICONSCPCH";"S";"0226";"      LOCA_NBDEMI = 0"
"ICONSCPCH";"S";"0227";"   FINSI"
"ICONSCPCH";"S";"0228";"*"
"ICONSCPCH";"S";"0229";"*"
"ICONSCPCH";"S";"0717";"* Calcul des soldes"
"ICONSCPCH";"S";"0230";"*******************************************************************************************"
"ICONSCPCH";"S";"0231";"* Ajout CP sur jours non travaillés"
"ICONSCPCH";"S";"0232";"*******************************************************************************************"
"ICONSCPCH";"S";"0233";"*"
"ICONSCPCH";"S";"0234";"* Jours ouvrables : ajouter CP sur jour de repos du lundi au samedi"
"ICONSCPCH";"S";"0235";"* Jours ouvrés : ajouter CP sur jour de repos du lundi au vendredi"
"ICONSCPCH";"S";"0236";"   SI HJOU_IJQPRETHEJ = 0"
"ICONSCPCH";"S";"0237";"*Pour la gestion si pas reprise direct après fin du premier contrat"
"ICONSCPCH";"S";"0238";"*Date - 1"
"ICONSCPCH";"S";"0239";"      DATAJT HJOU_DATE 12 ""J"" -1"
"ICONSCPCH";"S";"0240";"      LOCA_DATEVEIL2 = TEMP_DXFINPER"
"ICONSCPCH";"S";"0241";"*"
"ICONSCPCH";"S";"0242";"      LIREVALPRE LOCA_DATEVEIL HJOU_DATE"
"ICONSCPCH";"S";"0243";"      SI LOCA_DATEVEIL = LOCA_DATEVEIL2"
"ICONSCPCH";"S";"0244";"         LIREVALPRE LOCA_VALPRE HJOU_IJRJRCONG"
"ICONSCPCH";"S";"0245";"         SI LOCA_VALPRE = 1"
"ICONSCPCH";"S";"0246";"* Si férié sur jour de repos + CP la veille"
"ICONSCPCH";"S";"0247";"            SI TEMP_ITQJJF = ""OUI"""
"ICONSCPCH";"S";"0248";"               LOCA_ANNULCP = 1"
"ICONSCPCH";"S";"0249";"            FINSI"
"ICONSCPCH";"S";"0250";"* Si gestion du maintien des CP le samedi"
"ICONSCPCH";"S";"0251";"* ne pas ajouter le motif car sinon"
"ICONSCPCH";"S";"0252";"* CP ajouter 2 fois"
"ICONSCPCH";"S";"0253";"            SI HJOU_JOUR = ""6"""
"ICONSCPCH";"S";"0254";"               LOCA_CPNT = 1"
"ICONSCPCH";"S";"0255";"            FINSI"
"ICONSCPCH";"S";"0256";"*"
"ICONSCPCH";"S";"0257";"            SI LOCA_ANNULCP <> 1"
"ICONSCPCH";"S";"0258";"               ENLEVER PARD_IDIVMCOREL"
"ICONSCPCH";"S";"0259";"               ENLEVER PARD_IDIVMCOANC"
"ICONSCPCH";"S";"0260";"               ENLEVER PARD_IDIVMCOPRI"
"ICONSCPCH";"S";"0261";"               ENLEVER PARD_IDIVMCOANT"
"ICONSCPCH";"S";"0262";"               ENLEVER PARD_IDIVMRCP"
"ICONSCPCH";"S";"0263";"*"
"ICONSCPCH";"S";"0264";"               LIREVALPRE LOCA_IJQMOTCP HJOU_IJQMOTCP"
"ICONSCPCH";"S";"0265";"*"
"ICONSCPCH";"S";"0266";"               SI LOCA_IJQMOTCP = PARD_IDIVMCOREL"
"ICONSCPCH";"S";"0267";"               OU LOCA_IJQMOTCP = PARD_IDIVMCOANC"
"ICONSCPCH";"S";"0268";"               OU LOCA_IJQMOTCP = PARD_IDIVMCOPRI"
"ICONSCPCH";"S";"0269";"               OU LOCA_IJQMOTCP = PARD_IDIVMCOANT"
"ICONSCPCH";"S";"0270";"                  AJOUTER PARD_IDIVMCOPRI ""J"" 0"
"ICONSCPCH";"S";"0271";"                  HJOU_IJQMOTCP = PARD_IDIVMCOPRI"
"ICONSCPCH";"S";"0272";"               FINSI"
"ICONSCPCH";"S";"0273";"               SI LOCA_IJQMOTCP = PARD_IDIVMRCP"
"ICONSCPCH";"S";"0274";"                  AJOUTER PARD_IDIVMRCP ""J"" 0"
"ICONSCPCH";"S";"0275";"                  HJOU_IJQMOTCP = PARD_IDIVMRCP"
"ICONSCPCH";"S";"0276";"               FINSI"
"ICONSCPCH";"S";"0277";"            FINSI"
"ICONSCPCH";"S";"0278";"         SINON"
"ICONSCPCH";"S";"0279";"            POUR ACTIVITES"
"ICONSCPCH";"S";"0280";"* S'il y a une consigne XPRES"
"ICONSCPCH";"S";"0281";"* et un motif de type congé sur"
"ICONSCPCH";"S";"0282";"* la même journée"
"ICONSCPCH";"S";"0283";"               SI HABS_MOTIF = PARD_IDIXPRES"
"ICONSCPCH";"S";"0284";"                  LOCA_XPRES = 1"
"ICONSCPCH";"S";"0285";"               FINSI"
"ICONSCPCH";"S";"0286";"               SI HABS_MOTIF = PARD_IDIVMCOREL"
"ICONSCPCH";"S";"0287";"               OU HABS_MOTIF = PARD_IDIVMCOANC"
"ICONSCPCH";"S";"0288";"               OU HABS_MOTIF = PARD_IDIVMCOPRI"
"ICONSCPCH";"S";"0289";"               OU HABS_MOTIF = PARD_IDIVMCOANT"
"ICONSCPCH";"S";"0290";"               OU HABS_MOTIF = PARD_IDIVMRCP"
"ICONSCPCH";"S";"0291";"* LOCA_MOTCP = 1"
"ICONSCPCH";"S";"0292";"* Si motif de type CP ajouté par"
"ICONSCPCH";"S";"0293";"* régle on enlève le motif CP"
"ICONSCPCH";"S";"0294";"                  SI HABS_UTILMOD <> ""*REG"""
"ICONSCPCH";"S";"0295";"                     LOCA_UTILMOD = 1"
"ICONSCPCH";"S";"0296";"                  FINSI"
"ICONSCPCH";"S";"0297";"               FINSI"
"ICONSCPCH";"S";"0298";"            FINPOUR"
"ICONSCPCH";"S";"0299";"*"
"ICONSCPCH";"S";"0300";"            SI LOCA_UTILMOD = 0"
"ICONSCPCH";"S";"0301";"               SI LOCA_XPRES = 0"
"ICONSCPCH";"S";"0302";"                  ENLEVER PARD_IDIVMCOREL"
"ICONSCPCH";"S";"0303";"                  ENLEVER PARD_IDIVMCOANC"
"ICONSCPCH";"S";"0304";"                  ENLEVER PARD_IDIVMCOPRI"
"ICONSCPCH";"S";"0305";"                  ENLEVER PARD_IDIVMCOANT"
"ICONSCPCH";"S";"0306";"                  ENLEVER PARD_IDIVMRCP"
"ICONSCPCH";"S";"0307";"               FINSI"
"ICONSCPCH";"S";"0308";"            FINSI"
"ICONSCPCH";"S";"0309";"         FINSI"
"ICONSCPCH";"S";"0310";"      FINSI"
"ICONSCPCH";"S";"0311";"   FINSI"
"ICONSCPCH";"S";"0312";"*"
"ICONSCPCH";"S";"0313";"*"
"ICONSCPCH";"S";"0314";"*******************************************************************************************"
"ICONSCPCH";"S";"0315";"* Gestion de la consommation"
"ICONSCPCH";"S";"0316";"*******************************************************************************************"
"ICONSCPCH";"S";"0317";"*"
"ICONSCPCH";"S";"0318";"   POUR ACTIVITES"
"ICONSCPCH";"S";"0319";"      SI HABS_MOTIF = PARD_IDIVMCOREL"
"ICONSCPCH";"S";"0320";"      OU HABS_MOTIF = PARD_IDIVMCOANC"
"ICONSCPCH";"S";"0321";"      OU HABS_MOTIF = PARD_IDIVMCOPRI"
"ICONSCPCH";"S";"0322";"      OU HABS_MOTIF = PARD_IDIVMCOANT"
"ICONSCPCH";"S";"0323";"* La regle VALACT qui permet de supprimer un motif"
"ICONSCPCH";"S";"0324";"* par rapport au type de jour O/S/D/F n'étant pas"
"ICONSCPCH";"S";"0325";"* déroulée dans le futur on va tester la validité du motif"
"ICONSCPCH";"S";"0326";"* avant d'effectuer le chainage et le calcul des soldes"
"ICONSCPCH";"S";"0327";"* pour que le solde prévisionnel soit juste pour la gestion"
"ICONSCPCH";"S";"0328";"* d'acquisition des CP au mois civil"
"ICONSCPCH";"S";"0329";"         LOCA_ENLEVER = 0"
"ICONSCPCH";"S";"0330";"         LOCA_VALID = MOTI_VALID"
"ICONSCPCH";"S";"0331";"         SI LOCA_VALID(1:1) = ""O"""
"ICONSCPCH";"S";"0332";"            SI PARD_IDIJOUROUV = ""1"""
"ICONSCPCH";"S";"0333";"               SI HJOU_IJQPRETHEJ = 0"
"ICONSCPCH";"S";"0334";"                  LOCA_ENLEVER = 1"
"ICONSCPCH";"S";"0335";"               FINSI"
"ICONSCPCH";"S";"0336";"            SINON"
"ICONSCPCH";"S";"0337";"               SI HJOU_JOUR = ""6"""
"ICONSCPCH";"S";"0338";"                  SI HJOU_IJQPRETHEJ = 0"
"ICONSCPCH";"S";"0339";"                     LOCA_ENLEVER = 1"
"ICONSCPCH";"S";"0340";"                  FINSI"
"ICONSCPCH";"S";"0341";"               FINSI"
"ICONSCPCH";"S";"0342";"            FINSI"
"ICONSCPCH";"S";"0343";"         FINSI"
"ICONSCPCH";"S";"0344";"         SI LOCA_VALID(2:1) = ""S"""
"ICONSCPCH";"S";"0345";"            LOCA_ENLEVER = 0"
"ICONSCPCH";"S";"0346";"         FINSI"
"ICONSCPCH";"S";"0347";"         SI LOCA_VALID(3:1) = "" """
"ICONSCPCH";"S";"0348";"            SI HJOU_JOUR = ""7"""
"ICONSCPCH";"S";"0349";"               SI HJOU_IJQPRETHEJ = 0"
"ICONSCPCH";"S";"0350";"                  LOCA_ENLEVER = 1"
"ICONSCPCH";"S";"0351";"               FINSI"
"ICONSCPCH";"S";"0352";"            FINSI"
"ICONSCPCH";"S";"0353";"         FINSI"
"ICONSCPCH";"S";"0354";"**"
"ICONSCPCH";"S";"0355";"         SI LOCA_ENLEVER = 0"
"ICONSCPCH";"S";"0356";"            LOCA_VAL = 0"
"ICONSCPCH";"S";"0357";"* la règle n'est déroulée que s'il existe un motif congé"
"ICONSCPCH";"S";"0358";"            SI HABS_VALORIS = ""J"""
"ICONSCPCH";"S";"0359";"*Optimum"
"ICONSCPCH";"S";"0360";"               SI CTRA_TYPEPLAN = ""1"""
"ICONSCPCH";"S";"0361";"               OU CTRA_TYPEPLAN = ""6"""
"ICONSCPCH";"S";"0362";"                  SI HJOU_IJQPRETHEJ <> 0"
"ICONSCPCH";"S";"0363";"                     HJOU_IJRCPCOH = HJOU_IJRCPCOH + 1"
"ICONSCPCH";"S";"0364";"*Limite hebdo de 1/5"
"ICONSCPCH";"S";"0365";"                     SI HORC_IHIMOACQCP = ""1"""
"ICONSCPCH";"S";"0366";"                     OU HORC_IHIMOACQCP = ""3"""
"ICONSCPCH";"S";"0367";"                        LOCA_DRCP = 30"
"ICONSCPCH";"S";"0368";"                     FINSI"
"ICONSCPCH";"S";"0369";"                     SI HORC_IHIMOACQCP = ""2"""
"ICONSCPCH";"S";"0370";"                     OU HORC_IHIMOACQCP = ""4"""
"ICONSCPCH";"S";"0371";"                        LOCA_DRCP = 25"
"ICONSCPCH";"S";"0372";"                     FINSI"
"ICONSCPCH";"S";"0373";"*"
"ICONSCPCH";"S";"0374";"                     SI LOCA_DRCP > 0"
"ICONSCPCH";"S";"0375";"                        LOCA_LIMITEHEB = LOCA_DRCP / 5"
"ICONSCPCH";"S";"0376";"*Si congés pris hebdo <= limite hebdo 1/5 des droits CP travaillés"
"ICONSCPCH";"S";"0377";"                        SI HJOU_IJRCPCOH <= LOCA_LIMITEHEB"
"ICONSCPCH";"S";"0378";"                           LOCA_VAL = 1"
"ICONSCPCH";"S";"0379";"                        SINON"
"ICONSCPCH";"S";"0380";"                           LOCA_VAL = 0"
"ICONSCPCH";"S";"0381";"                        FINSI"
"ICONSCPCH";"S";"0382";"                     FINSI"
"ICONSCPCH";"S";"0383";"                  FINSI"
"ICONSCPCH";"S";"0384";"               SINON"
"ICONSCPCH";"S";"0385";"                  LOCA_VAL = 1"
"ICONSCPCH";"S";"0386";"               FINSI"
"ICONSCPCH";"S";"0387";"            SINON"
"ICONSCPCH";"S";"0388";"*Optimum"
"ICONSCPCH";"S";"0389";"               SI CTRA_TYPEPLAN = ""1"""
"ICONSCPCH";"S";"0390";"               OU CTRA_TYPEPLAN = ""6"""
"ICONSCPCH";"S";"0391";"                  SI HJOU_IJQPRETHEJ <> 0"
"ICONSCPCH";"S";"0392";"                     HJOU_IJRCPCOH = HJOU_IJRCPCOH + 0.5"
"ICONSCPCH";"S";"0393";"*Limite hebdo de 1/5"
"ICONSCPCH";"S";"0394";"                     SI HORC_IHIMOACQCP = ""1"""
"ICONSCPCH";"S";"0395";"                     OU HORC_IHIMOACQCP = ""3"""
"ICONSCPCH";"S";"0396";"                        LOCA_DRCP = 30"
"ICONSCPCH";"S";"0397";"                     FINSI"
"ICONSCPCH";"S";"0398";"                     SI HORC_IHIMOACQCP = ""2"""
"ICONSCPCH";"S";"0399";"                     OU HORC_IHIMOACQCP = ""4"""
"ICONSCPCH";"S";"0400";"                        LOCA_DRCP = 25"
"ICONSCPCH";"S";"0401";"                     FINSI"
"ICONSCPCH";"S";"0402";"*"
"ICONSCPCH";"S";"0403";"                     SI LOCA_DRCP > 0"
"ICONSCPCH";"S";"0404";"                        LOCA_LIMITEHEB = LOCA_DRCP / 5"
"ICONSCPCH";"S";"0405";"*Si congés pris hebdo <= limite hebdo 1/5 des droits CP travaillés"
"ICONSCPCH";"S";"0406";"                        SI HJOU_IJRCPCOH <= LOCA_LIMITEHEB"
"ICONSCPCH";"S";"0407";"                           LOCA_VAL = 0.5"
"ICONSCPCH";"S";"0408";"                        SINON"
"ICONSCPCH";"S";"0409";"                           LOCA_VAL = 0"
"ICONSCPCH";"S";"0410";"                        FINSI"
"ICONSCPCH";"S";"0411";"                     FINSI"
"ICONSCPCH";"S";"0412";"                  SINON"
"ICONSCPCH";"S";"0413";"                     LOCA_VAL = 0"
"ICONSCPCH";"S";"0414";"                  FINSI"
"ICONSCPCH";"S";"0415";"               SINON"
"ICONSCPCH";"S";"0416";"                  LOCA_VAL = 0.5"
"ICONSCPCH";"S";"0417";"               FINSI"
"ICONSCPCH";"S";"0418";"            FINSI"
"ICONSCPCH";"S";"0419";"* RELIQUAT"
"ICONSCPCH";"S";"0420";"            SI HJOU_IJRSCORELI >= LOCA_VAL"
"ICONSCPCH";"S";"0421";"               LOCA_CPR = LOCA_VAL"
"ICONSCPCH";"S";"0422";"               LOCA_VALCPR = HABS_VALORIS"
"ICONSCPCH";"S";"0423";"               HJOU_IJRCCORELI = HJOU_IJRCCORELI + LOCA_VAL"
"ICONSCPCH";"S";"0424";"               HJOU_IJRSCORELI = HJOU_IJRSCORELI - LOCA_VAL"
"ICONSCPCH";"S";"0425";"               LOCA_VAL = 0"
"ICONSCPCH";"S";"0426";"               LOCA_NOANNUL = 1"
"ICONSCPCH";"S";"0427";"            SINON"
"ICONSCPCH";"S";"0428";"               SI HJOU_IJRSCORELI > 0"
"ICONSCPCH";"S";"0429";"                  LOCA_VAL = 0.5"
"ICONSCPCH";"S";"0430";"                  LOCA_CPR = 0.5"
"ICONSCPCH";"S";"0431";"                  LOCA_VALCPR = ""M"""
"ICONSCPCH";"S";"0432";"                  HJOU_IJRCCORELI = HJOU_IJRCCORELI + 0.5"
"ICONSCPCH";"S";"0433";"                  HJOU_IJRSCORELI = HJOU_IJRSCORELI - 0.5"
"ICONSCPCH";"S";"0434";"               FINSI"
"ICONSCPCH";"S";"0435";"            FINSI"
"ICONSCPCH";"S";"0436";"* Ne pas prendre en compte les congés ancienneté"
"ICONSCPCH";"S";"0437";"* sur samedi non travaillé"
"ICONSCPCH";"S";"0438";"            SI LOCA_CPNT <> 1"
"ICONSCPCH";"S";"0439";"               SI LOCA_VAL = 1"
"ICONSCPCH";"S";"0440";"* test solde cp anciennet?"
"ICONSCPCH";"S";"0441";"                  SI HJOU_IJRSCOANCI >= LOCA_VAL"
"ICONSCPCH";"S";"0442";"                     LOCA_CPAN = 1"
"ICONSCPCH";"S";"0443";"                     LOCA_VAL = 0"
"ICONSCPCH";"S";"0444";"                     LOCA_VALCPAN = ""J"""
"ICONSCPCH";"S";"0445";"                     HJOU_IJRCCOANCI = HJOU_IJRCCOANCI + 1"
"ICONSCPCH";"S";"0446";"                     HJOU_IJRSCOANCI = HJOU_IJRSCOANCI - 1"
"ICONSCPCH";"S";"0447";"                     LOCA_NOANNUL = 1"
"ICONSCPCH";"S";"0448";"                  SINON"
"ICONSCPCH";"S";"0449";"                     SI HJOU_IJRSCOANCI > 0"
"ICONSCPCH";"S";"0450";"                        LOCA_VAL = 0.5"
"ICONSCPCH";"S";"0451";"                        LOCA_CPAN = 0.5"
"ICONSCPCH";"S";"0452";"                        HJOU_IJRCCOANCI = HJOU_IJRCCOANCI + 0.5"
"ICONSCPCH";"S";"0453";"                        HJOU_IJRSCOANCI = HJOU_IJRSCOANCI - 0.5"
"ICONSCPCH";"S";"0454";"                        SI LOCA_CPR > 0"
"ICONSCPCH";"S";"0455";"                           LOCA_VALCPAN = ""A"""
"ICONSCPCH";"S";"0456";"                        SINON"
"ICONSCPCH";"S";"0457";"                           LOCA_VALCPAN = ""M"""
"ICONSCPCH";"S";"0458";"                        FINSI"
"ICONSCPCH";"S";"0459";"                     FINSI"
"ICONSCPCH";"S";"0460";"                  FINSI"
"ICONSCPCH";"S";"0461";"               SINON"
"ICONSCPCH";"S";"0462";"                  SI LOCA_VAL > 0"
"ICONSCPCH";"S";"0463";"                     SI HJOU_IJRSCOANCI >= LOCA_VAL"
"ICONSCPCH";"S";"0464";"                        LOCA_CPAN = 0.5"
"ICONSCPCH";"S";"0465";"                        LOCA_VAL = 0"
"ICONSCPCH";"S";"0466";"                        HJOU_IJRCCOANCI = HJOU_IJRCCOANCI + 0.5"
"ICONSCPCH";"S";"0467";"                        HJOU_IJRSCOANCI = HJOU_IJRSCOANCI - 0.5"
"ICONSCPCH";"S";"0468";"                        SI LOCA_CPR > 0"
"ICONSCPCH";"S";"0469";"                           LOCA_VALCPAN = ""A"""
"ICONSCPCH";"S";"0470";"                        SINON"
"ICONSCPCH";"S";"0471";"                           LOCA_VALCPAN = HABS_VALORIS"
"ICONSCPCH";"S";"0472";"                           LOCA_NOANNUL = 1"
"ICONSCPCH";"S";"0473";"                        FINSI"
"ICONSCPCH";"S";"0474";"                     FINSI"
"ICONSCPCH";"S";"0475";"                  FINSI"
"ICONSCPCH";"S";"0476";"               FINSI"
"ICONSCPCH";"S";"0477";"            FINSI"
"ICONSCPCH";"S";"0478";"* test solde cp"
"ICONSCPCH";"S";"0479";"            SI LOCA_VAL = 1"
"ICONSCPCH";"S";"0480";"               SI HJOU_IJRSCOPRIN >= LOCA_VAL"
"ICONSCPCH";"S";"0481";"                  HJOU_IJRCCOPRIN = HJOU_IJRCCOPRIN + 1"
"ICONSCPCH";"S";"0482";"                  HJOU_IJRSCOPRIN = HJOU_IJRSCOPRIN - 1"
"ICONSCPCH";"S";"0483";"*"
"ICONSCPCH";"S";"0484";"                  LOCA_CP = 1"
"ICONSCPCH";"S";"0485";"                  LOCA_VAL = 0"
"ICONSCPCH";"S";"0486";"                  LOCA_VALCP = ""J"""
"ICONSCPCH";"S";"0487";"                  LOCA_NOANNUL = 1"
"ICONSCPCH";"S";"0488";"               SINON"
"ICONSCPCH";"S";"0489";"                  SI HJOU_IJRSCOPRIN > 0"
"ICONSCPCH";"S";"0490";"                     HJOU_IJRCCOPRIN = HJOU_IJRCCOPRIN + 0.5"
"ICONSCPCH";"S";"0491";"                     HJOU_IJRSCOPRIN = HJOU_IJRSCOPRIN - 0.5"
"ICONSCPCH";"S";"0492";"*"
"ICONSCPCH";"S";"0493";"                     LOCA_VAL = 0.5"
"ICONSCPCH";"S";"0494";"                     LOCA_CP = 0.5"
"ICONSCPCH";"S";"0495";"                     SI LOCA_CPR > 0"
"ICONSCPCH";"S";"0496";"                     OU LOCA_CPAN > 0"
"ICONSCPCH";"S";"0497";"                        LOCA_VALCP = ""A"""
"ICONSCPCH";"S";"0498";"                     SINON"
"ICONSCPCH";"S";"0499";"                        LOCA_VALCP = ""M"""
"ICONSCPCH";"S";"0500";"                     FINSI"
"ICONSCPCH";"S";"0501";"                  FINSI"
"ICONSCPCH";"S";"0502";"               FINSI"
"ICONSCPCH";"S";"0503";"            SINON"
"ICONSCPCH";"S";"0504";"               SI LOCA_VAL > 0"
"ICONSCPCH";"S";"0505";"                  SI HJOU_IJRSCOPRIN >= LOCA_VAL"
"ICONSCPCH";"S";"0506";"                     HJOU_IJRCCOPRIN = HJOU_IJRCCOPRIN + 0.5"
"ICONSCPCH";"S";"0507";"                     HJOU_IJRSCOPRIN = HJOU_IJRSCOPRIN - 0.5"
"ICONSCPCH";"S";"0508";"*"
"ICONSCPCH";"S";"0509";"                     LOCA_CP = 0.5"
"ICONSCPCH";"S";"0510";"                     LOCA_VAL = 0"
"ICONSCPCH";"S";"0511";"                     SI LOCA_CPR > 0"
"ICONSCPCH";"S";"0512";"                     OU LOCA_CPAN > 0"
"ICONSCPCH";"S";"0513";"                        LOCA_VALCP = ""A"""
"ICONSCPCH";"S";"0514";"                     SINON"
"ICONSCPCH";"S";"0515";"                        LOCA_VALCP = HABS_VALORIS"
"ICONSCPCH";"S";"0516";"                        LOCA_NOANNUL = 1"
"ICONSCPCH";"S";"0517";"                     FINSI"
"ICONSCPCH";"S";"0518";"                  FINSI"
"ICONSCPCH";"S";"0519";"*"
"ICONSCPCH";"S";"0520";"               FINSI"
"ICONSCPCH";"S";"0521";"            FINSI"
"ICONSCPCH";"S";"0522";"* Consommation de l'acquisition"
"ICONSCPCH";"S";"0523";"            SI LOCA_VAL = 1"
"ICONSCPCH";"S";"0524";"*Acquisition congés"
"ICONSCPCH";"S";"0525";"               SI HJOU_IJRSACQCP >= LOCA_VAL"
"ICONSCPCH";"S";"0526";"                  LOCA_CPA = 1"
"ICONSCPCH";"S";"0527";"                  LOCA_VAL = 0"
"ICONSCPCH";"S";"0528";"                  LOCA_VALCPA = ""J"""
"ICONSCPCH";"S";"0529";"                  HJOU_IJRPACQCP = HJOU_IJRPACQCP + 1"
"ICONSCPCH";"S";"0530";"                  HJOU_IJRSACQCP = HJOU_IJRSACQCP - 1"
"ICONSCPCH";"S";"0531";"                  LOCA_NOANNUL = 1"
"ICONSCPCH";"S";"0532";"               SINON"
"ICONSCPCH";"S";"0533";"                  ANOMALIE 134"
"ICONSCPCH";"S";"0534";"                  LOCA_CPA = 1"
"ICONSCPCH";"S";"0535";"                  LOCA_VAL = 0"
"ICONSCPCH";"S";"0536";"                  LOCA_VALCPA = ""J"""
"ICONSCPCH";"S";"0537";"                  HJOU_IJRPACQCP = HJOU_IJRPACQCP + 1"
"ICONSCPCH";"S";"0538";"                  HJOU_IJRSACQCP = HJOU_IJRSACQCP - 1"
"ICONSCPCH";"S";"0539";"               FINSI"
"ICONSCPCH";"S";"0540";"            SINON"
"ICONSCPCH";"S";"0541";"               SI LOCA_VAL > 0"
"ICONSCPCH";"S";"0542";"*Acquisition congés"
"ICONSCPCH";"S";"0543";"                  SI HJOU_IJRSACQCP >= LOCA_VAL"
"ICONSCPCH";"S";"0544";"                     LOCA_CPA = 0.5"
"ICONSCPCH";"S";"0545";"                     LOCA_VAL = 0"
"ICONSCPCH";"S";"0546";"                     LOCA_VALCPA = ""J"""
"ICONSCPCH";"S";"0547";"                     HJOU_IJRPACQCP = HJOU_IJRPACQCP + 0.5"
"ICONSCPCH";"S";"0548";"                     HJOU_IJRSACQCP = HJOU_IJRSACQCP - 0.5"
"ICONSCPCH";"S";"0549";"                     SI LOCA_CPR > 0"
"ICONSCPCH";"S";"0550";"                     OU LOCA_CPAN > 0"
"ICONSCPCH";"S";"0551";"                     OU LOCA_CP > 0"
"ICONSCPCH";"S";"0552";"                        LOCA_VALCPA = ""A"""
"ICONSCPCH";"S";"0553";"                     SINON"
"ICONSCPCH";"S";"0554";"                        LOCA_VALCPA = HABS_VALORIS"
"ICONSCPCH";"S";"0555";"                     FINSI"
"ICONSCPCH";"S";"0556";"                  SINON"
"ICONSCPCH";"S";"0557";"                     ANOMALIE 134"
"ICONSCPCH";"S";"0558";"                     LOCA_CPA = 0.5"
"ICONSCPCH";"S";"0559";"                     LOCA_VAL = 0"
"ICONSCPCH";"S";"0560";"                     HJOU_IJRPACQCP = HJOU_IJRPACQCP + 0.5"
"ICONSCPCH";"S";"0561";"                     HJOU_IJRSACQCP = HJOU_IJRSACQCP - 0.5"
"ICONSCPCH";"S";"0562";"                     SI LOCA_CPR > 0"
"ICONSCPCH";"S";"0563";"                     OU LOCA_CPAN > 0"
"ICONSCPCH";"S";"0564";"                     OU LOCA_CP > 0"
"ICONSCPCH";"S";"0565";"                        LOCA_VALCPA = ""A"""
"ICONSCPCH";"S";"0566";"                     SINON"
"ICONSCPCH";"S";"0567";"                        LOCA_VALCP = HABS_VALORIS"
"ICONSCPCH";"S";"0568";"                     FINSI"
"ICONSCPCH";"S";"0569";"                  FINSI"
"ICONSCPCH";"S";"0570";"               FINSI"
"ICONSCPCH";"S";"0571";"            FINSI"
"ICONSCPCH";"S";"0572";"         FINSI"
"ICONSCPCH";"S";"0573";"      FINSI"
"ICONSCPCH";"S";"0574";"   FINPOUR"
"ICONSCPCH";"S";"0575";"   SI LOCA_ENLEVER = 0"
"ICONSCPCH";"S";"0576";"*"
"ICONSCPCH";"S";"0577";"**** On déroule la modification uniquement dans le passé"
"ICONSCPCH";"S";"0578";"*"
"ICONSCPCH";"S";"0579";"      SI HJOU_DATE <= TEMP_DATJOU"
"ICONSCPCH";"S";"0580";"         SI LOCA_NOANNUL = 0"
"ICONSCPCH";"S";"0581";"** cas ou enleve et on recreer le motif"
"ICONSCPCH";"S";"0582";"            ENLEVER PARD_IDIVMCOREL"
"ICONSCPCH";"S";"0583";"            ENLEVER PARD_IDIVMCOANC"
"ICONSCPCH";"S";"0584";"            ENLEVER PARD_IDIVMCOPRI"
"ICONSCPCH";"S";"0585";"            ENLEVER PARD_IDIVMCOANT"
"ICONSCPCH";"S";"0586";"         FINSI"
"ICONSCPCH";"S";"0587";"         LOCA_PACPRELI = PARD_IDIVMCOREL"
"ICONSCPCH";"S";"0588";"         LOCA_PACPANCI = PARD_IDIVMCOANC"
"ICONSCPCH";"S";"0589";"         LOCA_PACPANNU = PARD_IDIVMCOPRI"
"ICONSCPCH";"S";"0590";"         LOCA_PACPANTI = PARD_IDIVMCOANT"
"ICONSCPCH";"S";"0591";"*"
"ICONSCPCH";"S";"0592";"         SI LOCA_NOANNUL = 0"
"ICONSCPCH";"S";"0593";"** cas ou on enleve et on recree le motif"
"ICONSCPCH";"S";"0594";"*  cp reliquat"
"ICONSCPCH";"S";"0595";"            SI LOCA_CPR = 1"
"ICONSCPCH";"S";"0596";"               AJOUTER LOCA_PACPRELI ""J"" LOCA_DUREEJ"
"ICONSCPCH";"S";"0597";"            FINSI"
"ICONSCPCH";"S";"0598";"            SI LOCA_CPR = 0.5"
"ICONSCPCH";"S";"0599";"               SI LOCA_VALCPR = ""M"""
"ICONSCPCH";"S";"0600";"                  AJOUTER LOCA_PACPRELI ""M"" LOCA_DURMAT"
"ICONSCPCH";"S";"0601";"               FINSI"
"ICONSCPCH";"S";"0602";"               SI LOCA_VALCPR = ""A"""
"ICONSCPCH";"S";"0603";"                  AJOUTER LOCA_PACPRELI ""A"" LOCA_DURSOIR"
"ICONSCPCH";"S";"0604";"               FINSI"
"ICONSCPCH";"S";"0605";"            FINSI"
"ICONSCPCH";"S";"0606";"*  cp anciennete"
"ICONSCPCH";"S";"0607";"            SI LOCA_CPAN = 1"
"ICONSCPCH";"S";"0608";"               AJOUTER LOCA_PACPANCI ""J"" LOCA_DUREEJ"
"ICONSCPCH";"S";"0609";"            FINSI"
"ICONSCPCH";"S";"0610";"            SI LOCA_CPAN = 0.5"
"ICONSCPCH";"S";"0611";"               SI LOCA_VALCPAN = ""M"""
"ICONSCPCH";"S";"0612";"                  AJOUTER LOCA_PACPANCI ""M"" LOCA_DURMAT"
"ICONSCPCH";"S";"0613";"               FINSI"
"ICONSCPCH";"S";"0614";"               SI LOCA_VALCPAN = ""A"""
"ICONSCPCH";"S";"0615";"                  AJOUTER LOCA_PACPANCI ""A"" LOCA_DURSOIR"
"ICONSCPCH";"S";"0616";"               FINSI"
"ICONSCPCH";"S";"0617";"            FINSI"
"ICONSCPCH";"S";"0618";"*  cp"
"ICONSCPCH";"S";"0619";"            SI LOCA_CP = 1"
"ICONSCPCH";"S";"0620";"               AJOUTER LOCA_PACPANNU ""J"" LOCA_DUREEJ"
"ICONSCPCH";"S";"0621";"            FINSI"
"ICONSCPCH";"S";"0622";"            SI LOCA_CP = 0.5"
"ICONSCPCH";"S";"0623";"               SI LOCA_VALCP = ""M"""
"ICONSCPCH";"S";"0624";"                  AJOUTER LOCA_PACPANNU ""M"" LOCA_DURMAT"
"ICONSCPCH";"S";"0625";"               FINSI"
"ICONSCPCH";"S";"0626";"               SI LOCA_VALCP = ""A"""
"ICONSCPCH";"S";"0627";"                  AJOUTER LOCA_PACPANNU ""A"" LOCA_DURSOIR"
"ICONSCPCH";"S";"0628";"               FINSI"
"ICONSCPCH";"S";"0629";"            FINSI"
"ICONSCPCH";"S";"0630";"*  anticipes"
"ICONSCPCH";"S";"0631";"            SI LOCA_CPA = 1"
"ICONSCPCH";"S";"0632";"               AJOUTER LOCA_PACPANTI ""J"" LOCA_DUREEJ"
"ICONSCPCH";"S";"0633";"            FINSI"
"ICONSCPCH";"S";"0634";"            SI LOCA_CPA = 0.5"
"ICONSCPCH";"S";"0635";"               SI LOCA_VALCPA = ""M"""
"ICONSCPCH";"S";"0636";"                  AJOUTER LOCA_PACPANTI ""M"" LOCA_DURMAT"
"ICONSCPCH";"S";"0637";"               FINSI"
"ICONSCPCH";"S";"0638";"               SI LOCA_VALCPA = ""A"""
"ICONSCPCH";"S";"0639";"                  AJOUTER LOCA_PACPANTI ""A"" LOCA_DURSOIR"
"ICONSCPCH";"S";"0640";"               FINSI"
"ICONSCPCH";"S";"0641";"            FINSI"
"ICONSCPCH";"S";"0642";"         FINSI"
"ICONSCPCH";"S";"0643";"         SI LOCA_NOANNUL = 1"
"ICONSCPCH";"S";"0644";"* cas ou on enleve pas le motif mais on le change"
"ICONSCPCH";"S";"0645";"            POUR ACTIVITES"
"ICONSCPCH";"S";"0646";"               SI HABS_MOTIF = PARD_IDIVMCOREL"
"ICONSCPCH";"S";"0647";"               OU HABS_MOTIF = PARD_IDIVMCOANC"
"ICONSCPCH";"S";"0648";"               OU HABS_MOTIF = PARD_IDIVMCOPRI"
"ICONSCPCH";"S";"0649";"               OU HABS_MOTIF = PARD_IDIVMCOANT"
"ICONSCPCH";"S";"0650";"*  cp reliquat"
"ICONSCPCH";"S";"0651";"                  SI LOCA_CPR > 0"
"ICONSCPCH";"S";"0652";"                     HABS_MOTIF = LOCA_PACPRELI"
"ICONSCPCH";"S";"0653";"                  FINSI"
"ICONSCPCH";"S";"0654";"*  cp anciennete"
"ICONSCPCH";"S";"0655";"                  SI LOCA_CPAN > 0"
"ICONSCPCH";"S";"0656";"                     HABS_MOTIF = LOCA_PACPANCI"
"ICONSCPCH";"S";"0657";"                  FINSI"
"ICONSCPCH";"S";"0658";"*  cp"
"ICONSCPCH";"S";"0659";"                  SI LOCA_CP > 0"
"ICONSCPCH";"S";"0660";"                     HABS_MOTIF = LOCA_PACPANNU"
"ICONSCPCH";"S";"0661";"                  FINSI"
"ICONSCPCH";"S";"0662";"*  anticipes"
"ICONSCPCH";"S";"0663";"                  SI LOCA_CPA > 0"
"ICONSCPCH";"S";"0664";"                     HABS_MOTIF = LOCA_PACPANTI"
"ICONSCPCH";"S";"0665";"                  FINSI"
"ICONSCPCH";"S";"0666";"               FINSI"
"ICONSCPCH";"S";"0667";"            FINPOUR"
"ICONSCPCH";"S";"0668";"         FINSI"
"ICONSCPCH";"S";"0669";"      FINSI"
"ICONSCPCH";"S";"0670";"*"
"ICONSCPCH";"S";"0671";"*"
"ICONSCPCH";"S";"0672";"*******************************************************************************************"
"ICONSCPCH";"S";"0673";"* Analyse des consignes d'initialisation et de MAJ"
"ICONSCPCH";"S";"0674";"*******************************************************************************************"
"ICONSCPCH";"S";"0675";"*"
"ICONSCPCH";"S";"0676";"      POUR ACTIVITES"
"ICONSCPCH";"S";"0677";"* Consignes de MAJ"
"ICONSCPCH";"S";"0678";"         SI HABS_MOTIF = ""XCRCP"""
"ICONSCPCH";"S";"0679";"            LOCA_RELCP = 1"
"ICONSCPCH";"S";"0680";"            HJOU_IJRCCORELI = HJOU_IJRCCORELI + HABS_MOTINBR"
"ICONSCPCH";"S";"0681";"         FINSI"
"ICONSCPCH";"S";"0682";"         SI HABS_MOTIF = ""XCCA"""
"ICONSCPCH";"S";"0683";"            LOCA_ANCI = 1"
"ICONSCPCH";"S";"0684";"            HJOU_IJRCCOANCI = HJOU_IJRCCOANCI + HABS_MOTINBR"
"ICONSCPCH";"S";"0685";"         FINSI"
"ICONSCPCH";"S";"0686";"         SI HABS_MOTIF = ""XPACP"""
"ICONSCPCH";"S";"0687";"            LOCA_ACP = 1"
"ICONSCPCH";"S";"0688";"            HJOU_IJRPACQCP = HJOU_IJRPACQCP + HABS_MOTINBR"
"ICONSCPCH";"S";"0689";"         FINSI"
"ICONSCPCH";"S";"0690";"         SI HABS_MOTIF = ""XCCP"""
"ICONSCPCH";"S";"0691";"            LOCA_CPMOT = 1"
"ICONSCPCH";"S";"0692";"            HJOU_IJRCCOPRIN = HJOU_IJRCCOPRIN + HABS_MOTINBR"
"ICONSCPCH";"S";"0693";"         FINSI"
"ICONSCPCH";"S";"0694";"*"
"ICONSCPCH";"S";"0695";"* consignes d'initialisation"
"ICONSCPCH";"S";"0696";"         SI HABS_MOTIF = ""ZCRCP"""
"ICONSCPCH";"S";"0697";"            LOCA_RELCP = 1"
"ICONSCPCH";"S";"0698";"            HJOU_IJRCCORELI = HABS_MOTINBR"
"ICONSCPCH";"S";"0699";"         FINSI"
"ICONSCPCH";"S";"0700";"         SI HABS_MOTIF = ""ZCCA"""
"ICONSCPCH";"S";"0701";"            LOCA_ANCI = 1"
"ICONSCPCH";"S";"0702";"            HJOU_IJRCCOANCI = HABS_MOTINBR"
"ICONSCPCH";"S";"0703";"         FINSI"
"ICONSCPCH";"S";"0704";"         SI HABS_MOTIF = ""ZPACP"""
"ICONSCPCH";"S";"0705";"            LOCA_ACP = 1"
"ICONSCPCH";"S";"0706";"            HJOU_IJRPACQCP = HABS_MOTINBR"
"ICONSCPCH";"S";"0707";"         FINSI"
"ICONSCPCH";"S";"0708";"         SI HABS_MOTIF = ""ZCCP"""
"ICONSCPCH";"S";"0709";"            LOCA_CPMOT = 1"
"ICONSCPCH";"S";"0710";"            HJOU_IJRCCOPRIN = HABS_MOTINBR"
"ICONSCPCH";"S";"0711";"         FINSI"
"ICONSCPCH";"S";"0712";"*"
"ICONSCPCH";"S";"0713";"      FINPOUR"
"ICONSCPCH";"S";"0714";"*"
"ICONSCPCH";"S";"0715";"*"
"ICONSCPCH";"S";"0716";"*******************************************************************************************"
"ICONSCPCH";"S";"0718";"*******************************************************************************************"
"ICONSCPCH";"S";"0719";"*"
"ICONSCPCH";"S";"0720";"      HJOU_IJRSCORELI = HJOU_IJRDCORELI - HJOU_IJRCCORELI"
"ICONSCPCH";"S";"0721";"      HJOU_IJRSCOANCI = HJOU_IJRDCOANCI - HJOU_IJRCCOANCI"
"ICONSCPCH";"S";"0722";"      HJOU_IJRSCOPRIN = HJOU_IJRDCOPRIN - HJOU_IJRCCOPRIN"
"ICONSCPCH";"S";"0723";"      HJOU_IJRSACQCP = HJOU_IJRDACQCP - HJOU_IJRPACQCP"
"ICONSCPCH";"S";"0724";"*"
"ICONSCPCH";"S";"0725";"*"
"ICONSCPCH";"S";"0726";"*******************************************************************************************"
"ICONSCPCH";"S";"0727";"* Gestion des anomalies"
"ICONSCPCH";"S";"0728";"*******************************************************************************************"
"ICONSCPCH";"S";"0729";"*"
"ICONSCPCH";"S";"0730";"      SI LOCA_RELCP = 1"
"ICONSCPCH";"S";"0731";"         SI HJOU_IJRSCORELI < 0"
"ICONSCPCH";"S";"0732";"            ANOMALIE 196"
"ICONSCPCH";"S";"0733";"         FINSI"
"ICONSCPCH";"S";"0734";"      FINSI"
"ICONSCPCH";"S";"0735";"*"
"ICONSCPCH";"S";"0736";"      SI LOCA_ANCI = 1"
"ICONSCPCH";"S";"0737";"         SI HJOU_IJRSCOANCI < 0"
"ICONSCPCH";"S";"0738";"            ANOMALIE 168"
"ICONSCPCH";"S";"0739";"         FINSI"
"ICONSCPCH";"S";"0740";"      FINSI"
"ICONSCPCH";"S";"0741";"*"
"ICONSCPCH";"S";"0742";"      SI LOCA_ACP = 1"
"ICONSCPCH";"S";"0743";"         SI HJOU_IJRSACQCP < 0"
"ICONSCPCH";"S";"0744";"            ANOMALIE 134"
"ICONSCPCH";"S";"0745";"         FINSI"
"ICONSCPCH";"S";"0746";"      FINSI"
"ICONSCPCH";"S";"0747";"*"
"ICONSCPCH";"S";"0748";"      SI LOCA_CPMOT = 1"
"ICONSCPCH";"S";"0749";"         SI HJOU_IJRSCOPRIN < 0"
"ICONSCPCH";"S";"0750";"            ANOMALIE 198"
"ICONSCPCH";"S";"0751";"         FINSI"
"ICONSCPCH";"S";"0752";"      FINSI"
"ICONSCPCH";"S";"0753";"*"
"ICONSCPCH";"S";"0754";"*"
"ICONSCPCH";"S";"0755";"*******************************************************************************************"
"ICONSCPCH";"S";"0756";"* Calcul maintien CP samedi"
"ICONSCPCH";"S";"0757";"*******************************************************************************************"
"ICONSCPCH";"S";"0758";"*"
"ICONSCPCH";"S";"0759";"      SI PARD_IDINBRSAMD > 0"
"ICONSCPCH";"S";"0760";"         SI HJOU_JOUR = ""6"""
"ICONSCPCH";"S";"0761";"            POUR ACTIVITES"
"ICONSCPCH";"S";"0762";"               SI HABS_MOTIF = PARD_IDIVMCOPRI"
"ICONSCPCH";"S";"0763";"               OU HABS_MOTIF = PARD_IDIVMCOREL"
"ICONSCPCH";"S";"0764";"               OU HABS_MOTIF = PARD_IDIVMCOANT"
"ICONSCPCH";"S";"0765";"                  SI HABS_VALORIS = ""J"""
"ICONSCPCH";"S";"0766";"                     LOCA_NBCPSAM = LOCA_NBCPSAM + 1"
"ICONSCPCH";"S";"0767";"                  FINSI"
"ICONSCPCH";"S";"0768";"*"
"ICONSCPCH";"S";"0769";"                  SI HABS_VALORIS = ""M"""
"ICONSCPCH";"S";"0770";"                     LOCA_NBCPSAM = LOCA_NBCPSAM + 0.5"
"ICONSCPCH";"S";"0771";"                  FINSI"
"ICONSCPCH";"S";"0772";"*"
"ICONSCPCH";"S";"0773";"                  SI HABS_VALORIS = ""A"""
"ICONSCPCH";"S";"0774";"                     LOCA_NBCPSAM = LOCA_NBCPSAM + 0.5"
"ICONSCPCH";"S";"0775";"                  FINSI"
"ICONSCPCH";"S";"0776";"               FINSI"
"ICONSCPCH";"S";"0777";"            FINPOUR"
"ICONSCPCH";"S";"0778";"*"
"ICONSCPCH";"S";"0779";"            SI LOCA_NBCPSAM > 0"
"ICONSCPCH";"S";"0780";"               SI LOCA_NBCPSAM > 1"
"ICONSCPCH";"S";"0781";"                  LOCA_NBCPSAM = 1"
"ICONSCPCH";"S";"0782";"               FINSI"
"ICONSCPCH";"S";"0783";"*"
"ICONSCPCH";"S";"0784";"               HJOU_IJRNBCPSAM = HJOU_IJRNBCPSAM + LOCA_NBCPSAM"
"ICONSCPCH";"S";"0785";"            FINSI"
"ICONSCPCH";"S";"0786";"         FINSI"
"ICONSCPCH";"S";"0787";"      FINSI"
"ICONSCPCH";"S";"0788";"*"
"ICONSCPCH";"S";"0789";"* Initialisation du compteur de samedi CP par consigne"
"ICONSCPCH";"S";"0790";"      POUR ACTIVITES"
"ICONSCPCH";"S";"0791";"         SI HABS_MOTIF = ""ZCPSAM"""
"ICONSCPCH";"S";"0792";"            HJOU_IJRNBCPSAM = HABS_MOTINBR"
"ICONSCPCH";"S";"0793";"         FINSI"
"ICONSCPCH";"S";"0794";"         SI HABS_MOTIF = ""XCPSAM"""
"ICONSCPCH";"S";"0795";"            HJOU_IJRNBCPSAM = HJOU_IJRNBCPSAM + HABS_MOTINBR"
"ICONSCPCH";"S";"0796";"         FINSI"
"ICONSCPCH";"S";"0797";"      FINPOUR"
"ICONSCPCH";"S";"0798";"   FINSI"
"ICONSCPCH";"S";"0799";"*"
"ICONSCPCH";"S";"0800";"*"
"ICONSCPCH";"S";"0801";"*"
"ICONSCPCH";"S";"0802";"*"
"ICONSCPCH";"S";"0803";"*******************************************************************************************"
"ICONSCPCH";"S";"0804";"* Maintien du CP si suivi d'un motif maintenant les congés ou suivi d'un jour de repos"
"ICONSCPCH";"S";"0805";"*******************************************************************************************"
"ICONSCPCH";"S";"0806";"*"
"ICONSCPCH";"S";"0807";"* dans le cas ou le chainage est fait avec le même motif"
"ICONSCPCH";"S";"0808";"* le motif reliquat est égal au motif CP"
"ICONSCPCH";"S";"0809";"* Dans le cas ou on a 2 motifs"
"ICONSCPCH";"S";"0810";"* de type conges 1/2 journée, ils sont transformés en"
"ICONSCPCH";"S";"0811";"* un motif de type  PARD_IDIVMCOPRI journée entiere"
"ICONSCPCH";"S";"0812";"*"
"ICONSCPCH";"S";"0813";"   LOCA_NBDEMI = 0"
"ICONSCPCH";"S";"0814";"   POUR ACTIVITES"
"ICONSCPCH";"S";"0815";"      SI HABS_MOTIF = PARD_IDIVMCOREL"
"ICONSCPCH";"S";"0816";"         SI HABS_MOTIF = PARD_IDIVMCOPRI"
"ICONSCPCH";"S";"0817";"            SI HABS_VALORIS <> ""J"""
"ICONSCPCH";"S";"0818";"               LOCA_NBDEMI = LOCA_NBDEMI + 1"
"ICONSCPCH";"S";"0819";"            FINSI"
"ICONSCPCH";"S";"0820";"         FINSI"
"ICONSCPCH";"S";"0821";"      FINSI"
"ICONSCPCH";"S";"0822";"   FINPOUR"
"ICONSCPCH";"S";"0823";"   SI LOCA_NBDEMI = 2"
"ICONSCPCH";"S";"0824";"* cela veut dire qu'on se trouve avec 2 motifs"
"ICONSCPCH";"S";"0825";"* de type congés 1/2 journée"
"ICONSCPCH";"S";"0826";"* c'est normal que l'on fasse 2 fois un enlever"
"ICONSCPCH";"S";"0827";"* sur PACPANNU , c'est dans le cas ou on se retouve avec un"
"ICONSCPCH";"S";"0828";"* CP de type M et un CP de type A sur la même journée"
"ICONSCPCH";"S";"0829";"      ENLEVER PARD_IDIVMCOREL"
"ICONSCPCH";"S";"0830";"      ENLEVER PARD_IDIVMCOANC"
"ICONSCPCH";"S";"0831";"      ENLEVER PARD_IDIVMCOPRI"
"ICONSCPCH";"S";"0832";"      ENLEVER PARD_IDIVMCOPRI"
"ICONSCPCH";"S";"0833";"      ENLEVER PARD_IDIVMCOANT"
"ICONSCPCH";"S";"0834";"      AJOUTER PARD_IDIVMCOPRI ""J"" LOCA_DUREEJ"
"ICONSCPCH";"S";"0835";"      LOCA_NBDEMI = 0"
"ICONSCPCH";"S";"0836";"   FINSI"
"ICONSCPCH";"S";"0837";"* RAZ"
"ICONSCPCH";"S";"0838";"   SI HJOU_IJRJRCONG <> 0"
"ICONSCPCH";"S";"0839";"      HJOU_IJRJRCONG = 0"
"ICONSCPCH";"S";"0840";"   FINSI"
"ICONSCPCH";"S";"0841";"* Ouvrés"
"ICONSCPCH";"S";"0842";"   SI HORC_IHIMOACQCP = ""2"""
"ICONSCPCH";"S";"0843";"   OU HORC_IHIMOACQCP = ""4"""
"ICONSCPCH";"S";"0844";"      LOCA_JOUR = ""5"""
"ICONSCPCH";"S";"0845";"   FINSI"
"ICONSCPCH";"S";"0846";"* Ouvrables"
"ICONSCPCH";"S";"0847";"   SI HORC_IHIMOACQCP = ""1"""
"ICONSCPCH";"S";"0848";"   OU HORC_IHIMOACQCP = ""3"""
"ICONSCPCH";"S";"0849";"      LOCA_JOUR = ""6"""
"ICONSCPCH";"S";"0850";"   FINSI"
"ICONSCPCH";"S";"0851";"*"
"ICONSCPCH";"S";"0852";"* Récupération si il y a un CP sur la journée"
"ICONSCPCH";"S";"0853";"* Uniquement jusqu'au dernier jour de la semaine"
"ICONSCPCH";"S";"0854";"   SI HJOU_JOUR < LOCA_JOUR"
"ICONSCPCH";"S";"0855";"      POUR ACTIVITES"
"ICONSCPCH";"S";"0856";"* Maintien motif CP"
"ICONSCPCH";"S";"0857";"         SI MOTI_IMICONTCPS = ""1"""
"ICONSCPCH";"S";"0858";"            SI HABS_VALORIS = ""J"""
"ICONSCPCH";"S";"0859";"               SI PROF_ABSENS <> 0"
"ICONSCPCH";"S";"0860";"                  HJOU_IJRJRCONG = 1"
"ICONSCPCH";"S";"0861";"               SINON"
"ICONSCPCH";"S";"0862";"* Cas où une personne ne travaille que le matin"
"ICONSCPCH";"S";"0863";"                  SI PROF_ABSENJ = PROF_ABSENM"
"ICONSCPCH";"S";"0864";"                     HJOU_IJRJRCONG = 1"
"ICONSCPCH";"S";"0865";"                  SINON"
"ICONSCPCH";"S";"0866";"                     SI HJOU_IJQPRETHEJ <> 0"
"ICONSCPCH";"S";"0867";"                        HJOU_IJRJRCONG = 0"
"ICONSCPCH";"S";"0868";"                     SINON"
"ICONSCPCH";"S";"0869";"                        HJOU_IJRJRCONG = 1"
"ICONSCPCH";"S";"0870";"                     FINSI"
"ICONSCPCH";"S";"0871";"                  FINSI"
"ICONSCPCH";"S";"0872";"               FINSI"
"ICONSCPCH";"S";"0873";"            SINON"
"ICONSCPCH";"S";"0874";"               SI HABS_VALORIS = ""A"""
"ICONSCPCH";"S";"0875";"                  HJOU_IJRJRCONG = 1"
"ICONSCPCH";"S";"0876";"               SINON"
"ICONSCPCH";"S";"0877";"                  SI HABS_VALORIS = ""M"""
"ICONSCPCH";"S";"0878";"                     HJOU_IJRJRCONG = 0"
"ICONSCPCH";"S";"0879";"                  FINSI"
"ICONSCPCH";"S";"0880";"               FINSI"
"ICONSCPCH";"S";"0881";"            FINSI"
"ICONSCPCH";"S";"0882";"*"
"ICONSCPCH";"S";"0883";"* Stockage du code motif"
"ICONSCPCH";"S";"0884";"            SI HABS_MOTIF = PARD_IDIVMCOREL"
"ICONSCPCH";"S";"0885";"            OU HABS_MOTIF = PARD_IDIVMCOANC"
"ICONSCPCH";"S";"0886";"            OU HABS_MOTIF = PARD_IDIVMCOPRI"
"ICONSCPCH";"S";"0887";"            OU HABS_MOTIF = PARD_IDIVMCOANT"
"ICONSCPCH";"S";"0888";"            OU HABS_MOTIF = PARD_IDIVMRCP"
"ICONSCPCH";"S";"0889";"               HJOU_IJQMOTCP = HABS_MOTIF"
"ICONSCPCH";"S";"0890";"            SINON"
"ICONSCPCH";"S";"0891";"               LIREVALPRE LOCA_IJQMOTCP HJOU_IJQMOTCP"
"ICONSCPCH";"S";"0892";"               HJOU_IJQMOTCP = LOCA_IJQMOTCP"
"ICONSCPCH";"S";"0893";"            FINSI"
"ICONSCPCH";"S";"0894";"*"
"ICONSCPCH";"S";"0895";"         FINSI"
"ICONSCPCH";"S";"0896";"      FINPOUR"
"ICONSCPCH";"S";"0897";"   FINSI"
"ICONSCPCH";"S";"0898";"*"
"ICONSCPCH";"S";"0899";"* fin de la gestion si indicateur gestion congé est coché"
"ICONSCPCH";"S";"0900";"FINSI"
"ICONSCPCH";"S";"0901";"FIN"
"ITELETRAV";"S";"0037";"* RAZ du compteur de télétravail mensuel"
"ITELETRAV";"S";"0038";"SI HJOU_DATE(7:2) = ""01"""
"ITELETRAV";"S";"0039";"   HJOU_IJRTTMENS = 0"
"ITELETRAV";"S";"0040";"FINSI"
"ITELETRAV";"S";"0041";"*"
"ITELETRAV";"S";"0042";"*Le Motif/ consigne de la famille TT affiche le salarié en télétravail"
"ITELETRAV";"S";"0043";"* sur la journée"
"ITELETRAV";"S";"0044";"POUR ACTIVITES"
"ITELETRAV";"S";"0045";"   SI MOTI_FAMILLE = ""TT"""
"ITELETRAV";"S";"0046";"      SI HABS_VALORIS = ""J"""
"ITELETRAV";"S";"0047";"         HJOU_IJQTT = 1"
"ITELETRAV";"S";"0048";"* Hebdo et Mensuel journée"
"ITELETRAV";"S";"0049";"         HJOU_IJRTTHEBDO = HJOU_IJRTTHEBDO + HJOU_IJQTT"
"ITELETRAV";"S";"0050";"         HJOU_IJRTTMENS = HJOU_IJRTTMENS + HJOU_IJQTT"
"ITELETRAV";"S";"0051";"      SINON"
"ITELETRAV";"S";"0052";"         HJOU_IJQTT = HJOU_IJQTT + 0,5"
"ITELETRAV";"S";"0053";"* Hebdo et Mensuel demi-journée"
"ITELETRAV";"S";"0054";"         HJOU_IJRTTHEBDO = HJOU_IJRTTHEBDO + HJOU_IJQTT"
"ITELETRAV";"S";"0055";"         HJOU_IJRTTMENS = HJOU_IJRTTMENS + HJOU_IJQTT"
"ITELETRAV";"S";"0056";"      FINSI"
"ITELETRAV";"S";"0057";"   FINSI"
"ITELETRAV";"S";"0058";"FINPOUR"
"ITELETRAV";"S";"0059";"* Consignes télétravail hebdo et mensuel"
"ITELETRAV";"S";"0060";"POUR ACTIVITES"
"ITELETRAV";"S";"0061";"* Hebdo"
"ITELETRAV";"S";"0062";"   SI HABS_MOTIF = ""XTTHEB"""
"ITELETRAV";"S";"0063";"      HJOU_IJRTTHEBDO = HJOU_IJRTTHEBDO + HABS_MOTINBR"
"ITELETRAV";"S";"0064";"   FINSI"
"ITELETRAV";"S";"0065";"*"
"ITELETRAV";"S";"0066";"   SI HABS_MOTIF = ""ZTTHEB"""
"IHNUIT";"S";"0001";"***********************************************************************"
"IHNUIT";"S";"0002";"* Règle     : IHNUIT"
"IHNUIT";"S";"0003";"* Ordre     : 6400"
"IHNUIT";"S";"0004";"* Titre     : Calcul des heures de nuit"
"IHNUIT";"S";"0005";"* Package   : Privé 16.3"
"IHNUIT";"S";"0006";"*----------------------------------------------------------------------"
"IHNUIT";"S";"0007";"*"
"IHNUIT";"S";"0008";"*"
"IHNUIT";"S";"0009";"* Rôle : Calcul des heures de nuit"
"IHNUIT";"S";"0010";"*"
"IHNUIT";"S";"0011";"*"
"IHNUIT";"S";"0012";"*"
"IHNUIT";"S";"0013";"*"
"IHNUIT";"S";"0014";"*"
"IHNUIT";"S";"0015";"*----------------------------------------------------------------------"
"IHNUIT";"S";"0016";"* Créé par : Méthodes et outils"
"IHNUIT";"S";"0017";"* Date     : 03/09/2018"
"IHNUIT";"S";"0018";"* Version  : 1"
"IHNUIT";"S";"0019";"*----------------------------------------------------------------------"
"IHNUIT";"S";"0020";"* Modifiée par :"
"IHNUIT";"S";"0021";"* Date         : JJ/MM/AAAA"
"IHNUIT";"S";"0022";"* Objet        :"
"IHNUIT";"S";"0023";"***********************************************************************"
"IHNUIT";"S";"0024";"*"
"IHNUIT";"S";"0025";"* Implémentation des données industrielles"
"IHNUIT";"S";"0026";"*"
"IHNUIT";"S";"0027";"DEBDICO"
"IHNUIT";"S";"0028";"   HJOU_IJQHNUITTO;N;T6,2;I;;;     6789;;;V3;""Heures de nuit payées"";"
"IHNUIT";"S";"0029";"   TEMP_ITQNUITMOT;N;T6,2;I;;;      789;;;V3;""Heures de nuit maintenues par motif"";"
"IHNUIT";"S";"0030";"FINDICO"
"IHNUIT";"S";"0031";"*"
"IHNUIT";"S";"0032";"* Déclaration des donnees locales"
"IHNUIT";"S";"0033";"*"
"IHNUIT";"S";"0034";"DEF LOCA_INBADG Z1"
"IHNUIT";"S";"0035";"LOCA_INBADG = ""0"""
"IHNUIT";"S";"0036";"DEF LOCA_NUIT T6.2"
"IHNUIT";"S";"0037";"LOCA_NUIT = 0"
"IHNUIT";"S";"0038";"DEF LOCA_FINNUIT T6.2"
"IHNUIT";"S";"0039";"LOCA_FINNUIT = 0"
"IHNUIT";"S";"0040";"DEF LOCA_NUITM T6.2"
"IHNUIT";"S";"0041";"LOCA_NUITM = 0"
"IHNUIT";"S";"0042";"DEF LOCA_NUITT T6.2"
"IHNUIT";"S";"0043";"LOCA_NUITT = 0"
"IHNUIT";"S";"0044";"*"
"IHNUIT";"S";"0045";"SI HJOU_DATE <= TEMP_DATJOU"
"IHNUIT";"S";"0046";"   LOCA_INBADG = HJOU_IJIGBADGEA"
"IHNUIT";"S";"0047";"SINON"
"IHNUIT";"S";"0048";"   LOCA_INBADG = ""0"""
"IHNUIT";"S";"0049";"FINSI"
"IHNUIT";"S";"0050";"* pour les badgeants, jusqu'à la date du jour"
"IHNUIT";"S";"0051";"* les heures de nuit correspondent aux heures de nuit réelles"
"IHNUIT";"S";"0052";"HJOU_IJQHNUITTO = HJOU_IJQHNUITBA"
"IHNUIT";"S";"0053";"* pour les non badgeants et les badgeants si la date est dans le futur"
"IHNUIT";"S";"0054";"* les heures de nuit sont calculées d'apres les bornes de nuit définie"
"IHNUIT";"S";"0055";"* dans le profil horaire mais limitée à HJPOINV"
"IHNUIT";"S";"0056";"* SI LOCA_INBADG = ""0"""
"IHNUIT";"S";"0057";"* SI PROF_DEBNUIT > PROF_FINNUIT"
"IHNUIT";"S";"0058";"* LOCA_FINNUIT = PROF_FINNUIT + 24.00"
"IHNUIT";"S";"0059";"* LOCA_NUIT = LOCA_FINNUIT - PROF_DEBNUIT"
"IHNUIT";"S";"0060";"* SINON"
"IHNUIT";"S";"0061";"* LOCA_NUIT = PROF_FINNUIT - PROF_DEBNUIT"
"IHNUIT";"S";"0062";"* FINSI"
"IHNUIT";"S";"0063";"* SI LOCA_NUIT >= HJOU_IJQPRESBAV"
"IHNUIT";"S";"0064";"* LOCA_NUIT = HJOU_IJQPRESBAV"
"IHNUIT";"S";"0065";"* FINSI"
"IHNUIT";"S";"0066";"* HJOU_IJQHNUITTO = LOCA_NUIT"
"IHNUIT";"S";"0067";"* FINSI"
"IHNUIT";"S";"0068";"**"
"IHNUIT";"S";"0069";"**"
"IHNUIT";"S";"0070";"POUR ACTIVITES"
"IHNUIT";"S";"0071";"   SI MOTI_MOTYPE <> ""C"""
"IHNUIT";"S";"0072";"      SI MOTI_IMIGHNUITT = ""1"""
"IHNUIT";"S";"0073";"         SI PROF_IPIGHNUIMA > 0"
"IHNUIT";"S";"0074";"            SI HJOU_IJQHNUITTO <= PROF_IPIGHNUIMA"
"IHNUIT";"S";"0075";"               LOCA_NUITT = HJOU_IJQHNUITTO + HABS_MOTIDUR"
"IHNUIT";"S";"0076";"               SI LOCA_NUITT >= PROF_IPIGHNUIMA"
"IHNUIT";"S";"0077";"                  LOCA_NUITT = PROF_IPIGHNUIMA"
"IHNUIT";"S";"0078";"               FINSI"
"IHNUIT";"S";"0079";"               LOCA_NUITM = LOCA_NUITT - HJOU_IJQHNUITTO"
"IHNUIT";"S";"0080";"               TEMP_ITQNUITMOT = TEMP_ITQNUITMOT + LOCA_NUITM"
"IHNUIT";"S";"0081";"               HJOU_IJQHNUITTO = HJOU_IJQHNUITTO + LOCA_NUITM"
"IHNUIT";"S";"0082";"            FINSI"
"IHNUIT";"S";"0083";"         FINSI"
"IHNUIT";"S";"0084";"      FINSI"
"IHNUIT";"S";"0085";"   FINSI"
"IHNUIT";"S";"0086";"FINPOUR"
"IHNUIT";"S";"0087";"*"
"IHNUIT";"S";"0088";"*  analyse des consignes d'init et de MAJ"
"IHNUIT";"S";"0089";"*"
"ITELETRAV";"S";"0067";"      HJOU_IJRTTHEBDO = HABS_MOTINBR"
"ITELETRAV";"S";"0068";"   FINSI"
"ITELETRAV";"S";"0069";"* Mensuel"
"ITELETRAV";"S";"0070";"   SI HABS_MOTIF = ""XTTMENS"""
"ITELETRAV";"S";"0071";"      HJOU_IJRTTMENS = HJOU_IJRTTMENS + HABS_MOTINBR"
"ITELETRAV";"S";"0072";"   FINSI"
"ITELETRAV";"S";"0073";"*"
"ITELETRAV";"S";"0074";"   SI HABS_MOTIF = ""ZTTMENS"""
"ITELETRAV";"S";"0075";"      HJOU_IJRTTMENS = HABS_MOTINBR"
"ITELETRAV";"S";"0076";"   FINSI"
"ITELETRAV";"S";"0077";"FINPOUR"
"ITELETRAV";"S";"0078";"*"
"ITELETRAV";"S";"0079";"FIN"
"ITELETRAV";"S";"0080";"*"
"IECART";"S";"0001";"***********************************************************************"
"IECART";"S";"0002";"* Règle     : IECART"
"IECART";"S";"0003";"* Ordre     : 7610"
"IECART";"S";"0004";"* Titre     : Ecart hebdo / horaire de réference"
"IECART";"S";"0005";"* Package   : Privé 16.3"
"IECART";"S";"0006";"*----------------------------------------------------------------------"
"IECART";"S";"0007";"*"
"IECART";"S";"0008";"*"
"IECART";"S";"0009";"* Rôle : Ecart hebdo / horaire de réference"
"IECART";"S";"0010";"*"
"IECART";"S";"0011";"*"
"IECART";"S";"0012";"*----------------------------------------------------------------------"
"IECART";"S";"0013";"* Créé par : Cellule Industrialisation"
"IECART";"S";"0014";"* Date     : 03/09/2009"
"IECART";"S";"0015";"* Version  : 1"
"IECART";"S";"0016";"*----------------------------------------------------------------------"
"IECART";"S";"0017";"* Modifiée par : Cellule Industrialisation"
"IECART";"S";"0018";"* Date         : JJ/MM/AAAA"
"IECART";"S";"0019";"* Objet        :"
"IECART";"S";"0020";"***********************************************************************"
"IHNUIT";"S";"0090";"POUR ACTIVITES"
"IHNUIT";"S";"0091";"   SI HABS_MOTIF = ""XNUI"""
"IHNUIT";"S";"0092";"      HJOU_IJQHNUITTO = HJOU_IJQHNUITTO + HABS_MOTIDUR"
"IHNUIT";"S";"0093";"   FINSI"
"IHNUIT";"S";"0094";"   SI HABS_MOTIF = ""ZNUI"""
"IHNUIT";"S";"0095";"      HJOU_IJQHNUITTO = HABS_MOTIDUR"
"IHNUIT";"S";"0096";"   FINSI"
"IHNUIT";"S";"0097";"**"
"IHNUIT";"S";"0098";"FINPOUR"
"IHNUIT";"S";"0099";"FIN"
"IECART";"S";"0021";"*"
"IECART";"S";"0022";"* Implémentation des données industrielles"
"IECART";"S";"0023";"*"
"IECART";"S";"0024";"DEBDICO"
"IECART";"S";"0025";"   HJOU_IJQECARTHE;N;T6,2;I;;;    56789;;;V3;""Ecart hebdo / horaire de référence"";"
"IECART";"S";"0026";"   PARD_IDIVHORCOH;O;T6,2;I;;;123456789;;;C2;""Horaire hebdo temps plein"";"
"IECART";"S";"0027";"FINDICO"
"IECART";"S";"0028";"*"
"ISTATI";"S";"0006";"*----------------------------------------------------------------------"
"ISTATI";"S";"0007";"*"
"ISTATI";"S";"0008";"*"
"ISTATI";"S";"0009";"* Rôle : Statistiques et compteur Explorer"
"ISTATI";"S";"0010";"*"
"ISTATI";"S";"0011";"*"
"ISTATI";"S";"0012";"*"
"ISTATI";"S";"0013";"*"
"ISTATI";"S";"0014";"*----------------------------------------------------------------------"
"ISTATI";"S";"0015";"* Créé par : Cellule Industrialisation"
"ISTATI";"S";"0016";"* Date     : 03/09/2009"
"ISTATI";"S";"0017";"* Version  : 1"
"ISTATI";"S";"0018";"*----------------------------------------------------------------------"
"ISTATI";"S";"0019";"* Modifiée par : Cellule Industrialisation"
"ISTATI";"S";"0020";"* Date         : JJ/MM/AAAA"
"ISTATI";"S";"0021";"* Objet        :"
"ISTATI";"S";"0022";"***********************************************************************"
"ISTATI";"S";"0023";"*"
"ISTATI";"S";"0024";"* Implémentation des données industrielles"
"ISTATI";"S";"0025";"*"
"ISTATI";"S";"0026";"DEBDICO"
"ISTATI";"S";"0027";"   HJOU_IJRNNUITRA;N;N5,1;I;;;    56789;;IJRNNUITRA;V3;""Nbre de nuits travaillées annuel"";"
"ISTATI";"S";"0028";"   HJOU_IJRNSAMTRA;N;N5,1;I;;;    56789;;IJRNSAMTRA;V3;""Nbre de samedi travaillés annuel"";"
"ISTATI";"S";"0029";"   HJOU_IJRNDIMTRA;N;N5,1;I;;;    56789;;IJRNDIMTRA;V3;""Nbre de dimanche travaillés annuel"";"
"ISTATI";"S";"0030";"   HJOU_IJRNJFETRA;N;N5,1;I;;;    56789;;IJRNJFETRA;V3;""Nbre de fériés travaillés annuel"";"
"ISTATI";"S";"0031";"   HJOU_IJQETTEPRT;N;T8,2;L;;;    56789;;;V3;""Ecart TTE / présence théorique"";"
"ISTATI";"S";"0032";"FINDICO"
"ISTATI";"S";"0033";"*"
"ISTATI";"S";"0034";"* Déclaration des donnees locales"
"ISTATI";"S";"0035";"*"
"ISTATI";"S";"0036";"*---------------------------------------------------------------"
"ISTATI";"S";"0037";"*          STATISTIQUES                                        *"
"ISTATI";"S";"0038";"*---------------------------------------------------------------"
"ISTATI";"S";"0039";"** raz des compteurs au 01/01 ou en debut d'annualisation"
"ISTATI";"S";"0040";"SI PARD_IDIDDEBANN <> "" """
"ISTATI";"S";"0041";"   SI HJOU_DATE = PARD_IDIDDEBANN"
"ISTATI";"S";"0042";"      HJOU_IJRNNUITRA = 0"
"ISTATI";"S";"0043";"      HJOU_IJRNSAMTRA = 0"
"ISTATI";"S";"0044";"      HJOU_IJRNDIMTRA = 0"
"ISTATI";"S";"0045";"      HJOU_IJRNJFETRA = 0"
"ISTATI";"S";"0046";"   FINSI"
"ISTATI";"S";"0047";"SINON"
"ISTATI";"S";"0048";"   SI HJOU_DATE(5:4) = ""0101"""
"ISTATI";"S";"0049";"      HJOU_IJRNNUITRA = 0"
"ISTATI";"S";"0050";"      HJOU_IJRNSAMTRA = 0"
"ISTATI";"S";"0051";"      HJOU_IJRNDIMTRA = 0"
"ISTATI";"S";"0052";"      HJOU_IJRNJFETRA = 0"
"ISTATI";"S";"0053";"   FINSI"
"ISTATI";"S";"0054";"FINSI"
"ISTATI";"S";"0055";"* nombre de nuits travailles"
"ISTATI";"S";"0056";"SI HJOU_IJQHNUITTO > 0"
"ISTATI";"S";"0057";"   HJOU_IJRNNUITRA = HJOU_IJRNNUITRA + 1"
"ISTATI";"S";"0058";"FINSI"
"ISTATI";"S";"0059";"* nombre de samedi travailles"
"ISTATI";"S";"0060";"SI HJOU_JOUR = ""6"""
"ISTATI";"S";"0061";"   SI HJOU_IJQTTEFFEJ > 0"
"ISTATI";"S";"0062";"      HJOU_IJRNSAMTRA = HJOU_IJRNSAMTRA + 1"
"ISTATI";"S";"0063";"   FINSI"
"ISTATI";"S";"0064";"FINSI"
"ISTATI";"S";"0065";"* nombre de dimanche travailles"
"ISTATI";"S";"0066";"SI HJOU_JOUR = ""7"""
"ISTATI";"S";"0067";"   SI HJOU_IJQTTEFFEJ > 0"
"ISTATI";"S";"0068";"      HJOU_IJRNDIMTRA = HJOU_IJRNDIMTRA + 1"
"ISTATI";"S";"0069";"   FINSI"
"ISTATI";"S";"0070";"FINSI"
"ISTATI";"S";"0071";"* nombre de jours feries travailles"
"ISTATI";"S";"0072";"SI HJOU_IJQHJFTRAV > 0"
"ISTATI";"S";"0073";"   HJOU_IJRNJFETRA = HJOU_IJRNJFETRA + 1"
"ISTATI";"S";"0074";"FINSI"
"ISTATI";"S";"0075";"*"
"ISTATI";"S";"0076";"* consignes d'initialisation"
"ISTATI";"S";"0077";"POUR ACTIVITES"
"ISTATI";"S";"0078";"   SI HABS_MOTIF = ""ZNBN"""
"ISTATI";"S";"0079";"      HJOU_IJRNNUITRA = HABS_MOTINBR"
"ISTATI";"S";"0080";"   FINSI"
"ISTATI";"S";"0081";"   SI HABS_MOTIF = ""ZNBS"""
"ISTATI";"S";"0082";"      HJOU_IJRNSAMTRA = HABS_MOTINBR"
"ISTATI";"S";"0083";"   FINSI"
"ISTATI";"S";"0084";"   SI HABS_MOTIF = ""ZNBD"""
"ISTATI";"S";"0085";"      HJOU_IJRNDIMTRA = HABS_MOTINBR"
"ISTATI";"S";"0086";"   FINSI"
"ISTATI";"S";"0087";"   SI HABS_MOTIF = ""ZNBF"""
"ISTATI";"S";"0088";"      HJOU_IJRNJFETRA = HABS_MOTINBR"
"ISTATI";"S";"0089";"   FINSI"
"ISTATI";"S";"0090";"FINPOUR"
"ISTATI";"S";"0091";"*"
"ISTATI";"S";"0092";"*---------------------------------------------------------------"
"ISTATI";"S";"0093";"*          COMPTEUR EXPLORER                                   *"
"ISTATI";"S";"0094";"*---------------------------------------------------------------"
"ISTATI";"S";"0095";"*"
"ISTATI";"S";"0096";"* Calcul de l'écart heures effectives/théorie"
"ISTATI";"S";"0097";"* selon le type de traitement"
"ISTATI";"S";"0098";"*"
"ISTATI";"S";"0099";"* Traitement fin de semaine Type 1"
"ISTATI";"S";"0100";"*"
"ISTATI";"S";"0101";"SI HJOU_DATE <= TEMP_DATJOU"
"ISTATI";"S";"0102";"   SI HJOU_IJIGCDTYPP = ""1"""
"ISTATI";"S";"0103";"      SI HJOU_JOUR = ""7"""
"ISTATI";"S";"0104";"         HJOU_IJQETTEPRT = HJOU_IJRTTEFFEH - HJOU_IJRPRETHEH"
"ISTATI";"S";"0105";"      FINSI"
"ISTATI";"S";"0106";"   FINSI"
"ISTATI";"S";"0107";"*"
"ISTATI";"S";"0108";"* Traitement fin de mois Type 2"
"ISTATI";"S";"0109";"*"
"ISTATI";"S";"0110";"   SI HJOU_IJIGCDTYPP = ""2"""
"ISTATI";"S";"0111";"      SI TEMP_DATSUI(7:2) = ""01"""
"ISTATI";"S";"0112";"         HJOU_IJQETTEPRT = HJOU_IJRTTEFFEM - HJOU_IJRPRETHEM"
"ISTATI";"S";"0113";"      FINSI"
"ISTATI";"S";"0114";"   FINSI"
"ISTATI";"S";"0115";"*"
"ISTATI";"S";"0116";"* Traitement sur calendrier type 3"
"ISTATI";"S";"0117";"*"
"ISTATI";"S";"0118";"   SI HJOU_IJIGCDTYPP = ""3"""
"ISTATI";"S";"0119";"      POUR ACTIVITES"
"ISTATI";"S";"0120";"         SI HABS_MOTIF = ""FINP"""
"ISTATI";"S";"0121";"            HJOU_IJQETTEPRT = HJOU_IJRTTEFFEM - HJOU_IJRPRETHEM"
"ISTATI";"S";"0122";"         FINSI"
"ISTATI";"S";"0123";"      FINPOUR"
"ISTATI";"S";"0124";"   FINSI"
"ISTATI";"S";"0125";"*"
"ISTATI";"S";"0126";"* Traitement mixte"
"ISTATI";"S";"0127";"*"
"ISTATI";"S";"0128";"   SI HJOU_IJIGCDTYPP = ""5"""
"ISTATI";"S";"0129";"      SI HJOU_JOUR = ""7"""
"ISTATI";"S";"0130";"         SI TEMP_DATSUI(7:2) <> ""01"""
"ISTATI";"S";"0131";"            HJOU_IJQETTEPRT = HJOU_IJRTTEFFEH - HJOU_IJRPRETHEH"
"ISTATI";"S";"0132";"         FINSI"
"ISTATI";"S";"0133";"      FINSI"
"ISTATI";"S";"0134";"      SI TEMP_DATSUI(7:2) = ""01"""
"ISTATI";"S";"0135";"         HJOU_IJQETTEPRT = HJOU_IJRTTEFFEM - HJOU_IJRPRETHEM"
"ISTATI";"S";"0136";"      FINSI"
"ISTATI";"S";"0137";"   FINSI"
"ISTATI";"S";"0138";"FINSI"
"ISTATI";"S";"0139";"FIN"
"ICONTR";"S";"0001";"***********************************************************************"
"ICONTR";"S";"0002";"* Règle     : ICONTR"
"ICONTR";"S";"0003";"* Ordre     : 7620"
"ICONTR";"S";"0004";"* Titre     : Anomalies liees aux contraintes legales"
"ICONTR";"S";"0005";"* Package   : Privé 16.3"
"ICONTR";"S";"0006";"*----------------------------------------------------------------------"
"ICONTR";"S";"0007";"*"
"ICONTR";"S";"0008";"*"
"ICONTR";"S";"0009";"* Rôle : Anomalies liees aux contraintes legales"
"ICONTR";"S";"0010";"*"
"ICONTR";"S";"0011";"*"
"ICONTR";"S";"0012";"*"
"ICONTR";"S";"0013";"*"
"ICONTR";"S";"0014";"*"
"ICONTR";"S";"0015";"*----------------------------------------------------------------------"
"ICONTR";"S";"0016";"* Créé par : Cellule Industrialisation"
"ICONTR";"S";"0017";"* Date     : 19/01/2023"
"ICONTR";"S";"0018";"* Version  : 1"
"ICONTR";"S";"0019";"*----------------------------------------------------------------------"
"ICONTR";"S";"0020";"* Modifiée par :"
"ICONTR";"S";"0021";"* Date         : JJ/MM/AAAA"
"ICONTR";"S";"0022";"* Objet        :"
"IECART";"S";"0029";"**********************************************************************"
"IECART";"S";"0030";"*"
"IECART";"S";"0031";"* Déclaration des donnees locales"
"IECART";"S";"0032";"*"
"IECART";"S";"0033";"SI HJOU_JOUR = ""7"""
"IECART";"S";"0034";"   HJOU_IJQECARTHE = HJOU_IJRTTEFFEH - PARD_IDIVHORCOH"
"IECART";"S";"0035";"FINSI"
"IECART";"S";"0036";"FIN"
"ICONTR";"S";"0023";"*******************************************************************"
"ICONTR";"S";"0024";"* Implémentation des données industrielles"
"ICONTR";"S";"0025";"*"
"ICONTR";"S";"0026";"DEBDICO"
"ICONTR";"S";"0027";"   CTRA_ICIDEROGTP;O;Z1;X;0;1;123456789;C;;C3;""Dérogation minimum légal temps partiel"";"
"ICONTR";"S";"0028";"   HJOU_IJRHTRAS01;N;T6,2;I;;;     6789;;IJRHTRAS01;V3;""Temps de travail semaine 1"";"
"ICONTR";"S";"0029";"   HJOU_IJRHTRAS02;N;T6,2;I;;;     6789;;IJRHTRAS02;V3;""Temps de travail semaine 2"";"
"ICONTR";"S";"0030";"   HJOU_IJRHTRAS03;N;T6,2;I;;;     6789;;IJRHTRAS03;V3;""Temps de travail semaine 3"";"
"ICONTR";"S";"0031";"   HJOU_IJRHTRAS04;N;T6,2;I;;;     6789;;IJRHTRAS04;V3;""Temps de travail semaine 4"";"
"ICONTR";"S";"0032";"   HJOU_IJRHTRAS05;N;T6,2;I;;;     6789;;IJRHTRAS05;V3;""Temps de travail semaine 5"";"
"ICONTR";"S";"0033";"   HJOU_IJRHTRAS06;N;T6,2;I;;;     6789;;IJRHTRAS06;V3;""Temps de travail semaine 6"";"
"ICONTR";"S";"0136";"   HJOU_IJRHTRM12S = HJOU_IJRHTRM12S + HJOU_IJRHTRAS06"
"ICONTR";"S";"0034";"   HJOU_IJRHTRAS07;N;T6,2;I;;;     6789;;IJRHTRAS07;V3;""Temps de travail semaine 7"";"
"ICONTR";"S";"0035";"   HJOU_IJRHTRAS08;N;T6,2;I;;;     6789;;IJRHTRAS08;V3;""Temps de travail semaine 8"";"
"ICONTR";"S";"0036";"   HJOU_IJRHTRAS09;N;T6,2;I;;;     6789;;IJRHTRAS09;V3;""Temps de travail semaine 9"";"
"ICONTR";"S";"0037";"   HJOU_IJRHTRAS10;N;T6,2;I;;;     6789;;IJRHTRAS10;V3;""Temps de travail semaine 10"";"
"ICONTR";"S";"0038";"   HJOU_IJRHTRAS11;N;T6,2;I;;;     6789;;IJRHTRAS11;V3;""Temps de travail semaine 11"";"
"ICONTR";"S";"0039";"   HJOU_IJRHTRAS12;N;T6,2;I;;;     6789;;IJRHTRAS12;V3;""Temps de travail semaine 12"";"
"ICONTR";"S";"0040";"   HJOU_IJRHTRM12S;N;T8,2;L;;;     6789;;IJRHTRM12S;V3;""Temps de travail moyen sur 12 semaines"";"
"ICONTR";"S";"0041";"   HJOU_IJQDEBADGT;N;T6,2;I;;;        9;;;V3;""Dernier badgeage théorique"";"
"ICONTR";"S";"0042";"   PARD_IDIMINLEGA;O;T6,2;I;0;;123456789;;;C3;""Seuil minimum légal temps partiel"";"
"ICONTR";"S";"0043";"   *Anomalie 35h hebdo"
"ICONTR";"S";"0044";"   HJOU_IJRINDANO;N;N2;I;;;    56789;;IJRINDANO;V3;""Indicateur pour déclenchement ano 134"";"
"ICONTR";"S";"0045";"   HJOU_IJRREP35H;N;T6,2;I;;;    56789;;IJRREP35H;V3;""Nombres d'heures repos hebdo"";"
"ICONTR";"S";"0046";"   HJOU_IJRNBTRAVS;N;N3;I;;;    56789;;IJRNBTRAVS;V3;""Nombre de jours travaillés par semaine"";"
"ICONTR";"S";"0047";"   HJOU_IJRNBRJCTR;O;N4;L;0;10;    56789;;IJRNBRJCTR;V3;""Nombre de jours du contrat"";"
"ICONTR";"S";"0048";"   PARD_IDIJOUROUV;O;Z1;X;;;123456789;L;;C2;""Jours ouvrés / oeuvrés"";"
"ICONTR";"S";"0049";"   * amplitude journée"
"ICONTR";"S";"0050";"   PARD_IDIMAXAMP;O;T6,2;I;0;;123456789;;;C3;""Amplitude jour max"";"
"ICONTR";"S";"0051";"FINDICO"
"ICONTR";"S";"0052";"*"
"ICONTR";"S";"0053";"DEBANO"
"ICONTR";"S";"0054";"   130;5;""La durée hebdomadaire est supérieure au maximum"";"
"ICONTR";"S";"0055";"   131;5;""La moyenne sur 12 semaines est supérieure à la durée légale"";"
"ICONTR";"S";"0056";"   132;5;""Repos quotidien inférieur à 11h"";"
"ICONTR";"S";"0057";"   133;5;""L'amplitude journalière est supérieure au maximum"";"
"ICONTR";"S";"0058";"   180;8;""Minimum légal temps partiel non respecté"";"
"ICONTR";"S";"0059";"   183;7;""Durée du repos hebdomadaire non respecté"";"
"ICONTR";"S";"0060";"   159;8;""Plus de 6 jours consécutifs de travail dans la semaine"";"
"ICONTR";"S";"0061";"FINANO"
"ICONTR";"S";"0062";"* Déclaration des donnees locales"
"ICONTR";"S";"0063";"*"
"ICONTR";"S";"0064";"DEF LOCA_AGE N2"
"ICONTR";"S";"0065";"LOCA_AGE = 0"
"ICONTR";"S";"0066";"DEF LOCA_DERBADG T6.2"
"ICONTR";"S";"0067";"LOCA_DERBADG = 0"
"ICONTR";"S";"0068";"DEF LOCA_CALCUL N1"
"ICONTR";"S";"0069";"LOCA_CALCUL = 0"
"ICONTR";"S";"0070";"DEF LOCA_24 T6.2"
"ICONTR";"S";"0071";"LOCA_24 = 24"
"ICONTR";"S";"0072";"DEF LOCA_35 T6.2"
"ICONTR";"S";"0073";"LOCA_35 = 35"
"ICONTR";"S";"0074";"DEF LOCA_LENDREP2 T6.2"
"ICONTR";"S";"0075";"LOCA_LENDREP2 = 0"
"ICONTR";"S";"0076";"DEF LOCA_VEILPRESBA T6.2"
"ICONTR";"S";"0077";"LOCA_VEILPRESBA = 0"
"ICONTR";"S";"0078";"DEF LOCA_REPOS T6.2"
"ICONTR";"S";"0079";"LOCA_REPOS = 24.00"
"ICONTR";"S";"0080";"DEF LOCA_AMPLI T6.2"
"ICONTR";"S";"0081";"LOCA_AMPLI = 0"
"ICONTR";"S";"0082";"DEF LOCA_PREMBT T6.2"
"ICONTR";"S";"0083";"LOCA_PREMBT = 0"
"ICONTR";"S";"0084";"DEF LOCA_INBADG Z1"
"ICONTR";"S";"0085";"LOCA_INBADG = ""0"""
"ICONTR";"S";"0086";"DEF LOCA_PTTHEO1 N1"
"ICONTR";"S";"0087";"LOCA_PTTHEO1 = 0"
"ICONTR";"S";"0088";"DEF LOCA_PTTHEO4 N1"
"ICONTR";"S";"0089";"LOCA_PTTHEO4 = 0"
"ICONTR";"S";"0090";"*"
"ICONTR";"S";"0091";"DEF LOCA_DELAI N3.2"
"ICONTR";"S";"0092";"LOCA_DELAI = 0"
"ICONTR";"S";"0093";"DEF LOCA_CARENCE N8.2"
"ICONTR";"S";"0094";"LOCA_CARENCE = 0"
"ICONTR";"S";"0095";"DEF LOCA_REST N6.2"
"ICONTR";"S";"0096";"LOCA_REST = 0"
"ICONTR";"S";"0097";"DEF LOCA_INTCAR N8.0"
"ICONTR";"S";"0098";"LOCA_INTCAR = 0"
"ICONTR";"S";"0099";"*"
"ICONTR";"S";"0100";"SI HJOU_DATE <= TEMP_DATJOU"
"ICONTR";"S";"0101";"   LOCA_INBADG = HJOU_IJIGBADGEA"
"ICONTR";"S";"0102";"SINON"
"ICONTR";"S";"0103";"   LOCA_INBADG = ""0"""
"ICONTR";"S";"0104";"FINSI"
"ICONTR";"S";"0105";"*"
"ICONTR";"S";"0106";"SI EMPS_E2DATENAI <> "" """
"ICONTR";"S";"0107";"   DATDIFF EMPS_E2DATENAI 12 HJOU_DATE 12"
"ICONTR";"S";"0108";"   LOCA_AGE = TEMP_NXANNEE"
"ICONTR";"S";"0109";"FINSI"
"ICONTR";"S";"0110";"*"
"ICONTR";"S";"0111";"*  mise en place anomalie maxi hebdo le dimanche"
"ICONTR";"S";"0112";"*"
"ICONTR";"S";"0113";"SI HJOU_JOUR = ""7"""
"ICONTR";"S";"0114";"   SI HJOU_IJRTTEFFEH > PARD_IDISMXTHEB"
"ICONTR";"S";"0115";"      ANOMALIE 130"
"ICONTR";"S";"0116";"   FINSI"
"ICONTR";"S";"0117";"* Stockage des 12 dernieres semaines"
"ICONTR";"S";"0118";"   HJOU_IJRHTRAS01 = HJOU_IJRHTRAS02"
"ICONTR";"S";"0119";"   HJOU_IJRHTRAS02 = HJOU_IJRHTRAS03"
"ICONTR";"S";"0120";"   HJOU_IJRHTRAS03 = HJOU_IJRHTRAS04"
"ICONTR";"S";"0121";"   HJOU_IJRHTRAS04 = HJOU_IJRHTRAS05"
"ICONTR";"S";"0122";"   HJOU_IJRHTRAS05 = HJOU_IJRHTRAS06"
"ICONTR";"S";"0123";"   HJOU_IJRHTRAS06 = HJOU_IJRHTRAS07"
"ICONTR";"S";"0124";"   HJOU_IJRHTRAS07 = HJOU_IJRHTRAS08"
"ICONTR";"S";"0125";"   HJOU_IJRHTRAS08 = HJOU_IJRHTRAS09"
"ICONTR";"S";"0126";"   HJOU_IJRHTRAS09 = HJOU_IJRHTRAS10"
"ICONTR";"S";"0127";"   HJOU_IJRHTRAS10 = HJOU_IJRHTRAS11"
"ICONTR";"S";"0128";"   HJOU_IJRHTRAS11 = HJOU_IJRHTRAS12"
"ICONTR";"S";"0129";"   HJOU_IJRHTRAS12 = HJOU_IJRTTEFFEH"
"ICONTR";"S";"0130";"*    calcul de la moyenne"
"ICONTR";"S";"0131";"*"
"ICONTR";"S";"0132";"   HJOU_IJRHTRM12S = HJOU_IJRHTRAS01 + HJOU_IJRHTRAS02"
"ICONTR";"S";"0133";"   HJOU_IJRHTRM12S = HJOU_IJRHTRM12S + HJOU_IJRHTRAS03"
"ICONTR";"S";"0134";"   HJOU_IJRHTRM12S = HJOU_IJRHTRM12S + HJOU_IJRHTRAS04"
"ICONTR";"S";"0135";"   HJOU_IJRHTRM12S = HJOU_IJRHTRM12S + HJOU_IJRHTRAS05"
"ICONTR";"S";"0137";"   HJOU_IJRHTRM12S = HJOU_IJRHTRM12S + HJOU_IJRHTRAS07"
"ICONTR";"S";"0138";"   HJOU_IJRHTRM12S = HJOU_IJRHTRM12S + HJOU_IJRHTRAS08"
"ICONTR";"S";"0139";"   HJOU_IJRHTRM12S = HJOU_IJRHTRM12S + HJOU_IJRHTRAS09"
"ICONTR";"S";"0140";"   HJOU_IJRHTRM12S = HJOU_IJRHTRM12S + HJOU_IJRHTRAS10"
"ICONTR";"S";"0141";"   HJOU_IJRHTRM12S = HJOU_IJRHTRM12S + HJOU_IJRHTRAS11"
"ICONTR";"S";"0142";"   HJOU_IJRHTRM12S = HJOU_IJRHTRM12S + HJOU_IJRHTRAS12"
"ICONTR";"S";"0143";"   HJOU_IJRHTRM12S = HJOU_IJRHTRM12S / 12"
"ICONTR";"S";"0144";"*    mise en place de l'anomalie"
"ICONTR";"S";"0145";"*"
"ICONTR";"S";"0146";"   SI HJOU_IJRHTRM12S > PARD_IDISMXT12S"
"ICONTR";"S";"0147";"      ANOMALIE 131"
"ICONTR";"S";"0148";"   FINSI"
"ICONTR";"S";"0149";"FINSI"
"ICONTR";"S";"0150";"*"
"ICONTR";"S";"0151";"* calcul de la dur?e du repos quotidien"
"ICONTR";"S";"0152";"*"
"ICONTR";"S";"0153";"* Si l'age de la personne n'est pas renseigné"
"ICONTR";"S";"0154";"* ou que la personne est majeur"
"ICONTR";"S";"0155";"SI EMPS_E2DATENAI = "" """
"ICONTR";"S";"0156";"OU LOCA_AGE >= 18"
"ICONTR";"S";"0157";"   SI HJOU_IJQDEBADGV > 0"
"ICONTR";"S";"0158";"      SI HJOU_IJQPRBADGV > 0"
"ICONTR";"S";"0159";"         LOCA_REPOS = HJOU_IJQPRBADGV + 24.00"
"ICONTR";"S";"0160";"         LOCA_REPOS = LOCA_REPOS - HJOU_IJRSDBADGV"
"ICONTR";"S";"0161";"      FINSI"
"ICONTR";"S";"0162";"   FINSI"
"ICONTR";"S";"0163";"   SI LOCA_INBADG = ""0"""
"ICONTR";"S";"0164";"** Contrôle si la plage n'est pas à blanc"
"ICONTR";"S";"0165";"      SI PROF_PTTHEO1 > 0"
"ICONTR";"S";"0166";"         SI PROF_PTTHEO1 < 100"
"ICONTR";"S";"0167";"            LOCA_PTTHEO1 = 1"
"ICONTR";"S";"0168";"         FINSI"
"ICONTR";"S";"0169";"      FINSI"
"ICONTR";"S";"0170";"** Contrôle si la plage n'est pas à blanc"
"ICONTR";"S";"0171";"      SI PROF_PTTHEO4 > 0"
"ICONTR";"S";"0172";"         SI PROF_PTTHEO4 < 100"
"ICONTR";"S";"0173";"            LOCA_PTTHEO4 = 1"
"ICONTR";"S";"0174";"         FINSI"
"ICONTR";"S";"0175";"      FINSI"
"ICONTR";"S";"0176";"*"
"ICONTR";"S";"0177";"      SI LOCA_PTTHEO1 = 1"
"ICONTR";"S";"0178";"         LOCA_PREMBT = PROF_PTTHEO1"
"ICONTR";"S";"0179";"         SI LOCA_PTTHEO4 = 1"
"ICONTR";"S";"0180";"            HJOU_IJQDEBADGT = PROF_PTTHEO4"
"ICONTR";"S";"0181";"         SINON"
"ICONTR";"S";"0182";"            HJOU_IJQDEBADGT = PROF_PTTHEO2"
"ICONTR";"S";"0183";"         FINSI"
"ICONTR";"S";"0184";"         LOCA_REPOS = LOCA_PREMBT + 24.00"
"ICONTR";"S";"0185";"         LOCA_REPOS = LOCA_REPOS - HJOU_IJRDBADGTV"
"ICONTR";"S";"0186";"      SINON"
"ICONTR";"S";"0187";"         SI PROF_PTTHEO3 > 0"
"ICONTR";"S";"0188";"            SI PROF_PTTHEO3 < 100"
"ICONTR";"S";"0189";"               LOCA_PREMBT = PROF_PTTHEO3"
"ICONTR";"S";"0190";"               HJOU_IJQDEBADGT = PROF_PTTHEO4"
"ICONTR";"S";"0191";"               LOCA_REPOS = LOCA_PREMBT + 24.00"
"ICONTR";"S";"0192";"               LOCA_REPOS = LOCA_REPOS - HJOU_IJRDBADGTV"
"ICONTR";"S";"0193";"            FINSI"
"ICONTR";"S";"0194";"         FINSI"
"ICONTR";"S";"0195";"      FINSI"
"ICONTR";"S";"0196";"   FINSI"
"ICONTR";"S";"0197";"*"
"ICONTR";"S";"0198";"*"
"ICONTR";"S";"0199";"* anomalie si < 11h"
"ICONTR";"S";"0200";"*"
"ICONTR";"S";"0201";"   SI LOCA_REPOS > 0"
"ICONTR";"S";"0202";"      SI LOCA_REPOS < 11.00"
"ICONTR";"S";"0203";"         ANOMALIE 132"
"ICONTR";"S";"0204";"      FINSI"
"ICONTR";"S";"0205";"   FINSI"
"ICONTR";"S";"0206";"FINSI"
"ICONTR";"S";"0207";"*"
"ICONTR";"S";"0208";"* calcul de l'amplitude de la journ?e"
"ICONTR";"S";"0209";"*"
"ICONTR";"S";"0210";"LOCA_AMPLI = HJOU_IJQDEBADGV - HJOU_IJQPRBADGV"
"ICONTR";"S";"0211";"SI LOCA_AMPLI > PARD_IDIMAXAMP"
"ICONTR";"S";"0212";"   ANOMALIE 133"
"ICONTR";"S";"0213";"FINSI"
"ICONTR";"S";"0214";"** Contrôle temps minimum légal pour les temps partiels"
"ICONTR";"S";"0215";"** contrôle effectué"
"ICONTR";"S";"0216";"**"
"ICONTR";"S";"0217";"SI HJOU_IJITYPCTRA > 0"
"ICONTR";"S";"0218";"   SI HJOU_IJITYPCTRA < 100"
"ICONTR";"S";"0219";"** pas de contrôle si l'indicateur du contrat ICIDEROG = 1"
"ICONTR";"S";"0220";"      SI CTRA_ICIDEROGTP <> ""1"""
"ICONTR";"S";"0221";"         FAIRE CONTROLE"
"ICONTR";"S";"0222";"      FINSI"
"ICONTR";"S";"0223";"   FINSI"
"ICONTR";"S";"0224";"FINSI"
"ICONTR";"S";"0225";"**********"
"ICONTR";"S";"0226";"* Anomalie des contraintes légales : repos 35h"
"ICONTR";"S";"0227";"* Badgeant"
"ICONTR";"S";"0228";"SI LOCA_INBADG = ""1"""
"ICONTR";"S";"0229";"* Si l'age de la personne n'est pas renseigné"
"ICONTR";"S";"0230";"* ou que la personne est majeur"
"ICONTR";"S";"0231";"   SI EMPS_E2DATENAI = "" """
"ICONTR";"S";"0232";"   OU LOCA_AGE >= 18"
"ICONTR";"S";"0233";"* Récupération des heures effectives de la veille"
"ICONTR";"S";"0234";"* LIREVALPRE LOCA_VEILPRESBA HJOU_IJQPRESBAJ"
"ICONTR";"S";"0235";"      LIREVALPRE LOCA_VEILPRESBA HJOU_IJQTTEFFEJ"
"ICONTR";"S";"0236";"* Si pas d'heures effectives la veille"
"ICONTR";"S";"0237";"      SI LOCA_VEILPRESBA = 0"
"ICONTR";"S";"0238";"*Nb heures repos hebdo"
"ICONTR";"S";"0239";"         SI HJOU_IJRREP35H >= 35"
"ICONTR";"S";"0240";"*Indicateur pour déclenchement ano"
"ICONTR";"S";"0241";"            HJOU_IJRINDANO = 1"
"ICONTR";"S";"0242";"            LOCA_CALCUL = 1"
"ICONTR";"S";"0243";"            HJOU_IJRREP35H = 35"
"ICONTR";"S";"0244";"         FINSI"
"ICONTR";"S";"0245";"      FINSI"
"ICONTR";"S";"0246";"*"
"ICONTR";"S";"0247";"      SI LOCA_CALCUL <> 1"
"ICONTR";"S";"0248";"*Si repos la veille"
"ICONTR";"S";"0249";"* LIREVALPRE LOCA_LENDREP HJOU_IJQNBADGEA"
"ICONTR";"S";"0250";"         LIREVALPRE LOCA_LENDREP2 HJOU_IJQTTEFFEJ"
"ICONTR";"S";"0251";"         SI LOCA_LENDREP2 = 0"
"ICONTR";"S";"0252";"* SI HJOU_IJQPRESBAJ > 0"
"ICONTR";"S";"0253";"            SI HJOU_IJQTTEFFEJ > 0"
"ICONTR";"S";"0254";"*"
"ICONTR";"S";"0255";"               HJOU_IJRREP35H = HJOU_IJRREP35H + LOCA_24"
"ICONTR";"S";"0256";"               HJOU_IJRREP35H = HJOU_IJRREP35H + HJOU_IJQPRBADGV"
"ICONTR";"S";"0257";"*"
"ICONTR";"S";"0258";"               SI HJOU_IJRREP35H < LOCA_35"
"ICONTR";"S";"0259";"                  HJOU_IJRINDANO = HJOU_IJRINDANO + 2"
"ICONTR";"S";"0260";"               SINON"
"ICONTR";"S";"0261";"                  HJOU_IJRINDANO = 1"
"ICONTR";"S";"0262";"               FINSI"
"ICONTR";"S";"0263";"            SINON"
"ICONTR";"S";"0264";"               HJOU_IJRREP35H = HJOU_IJRREP35H + LOCA_24"
"ICONTR";"S";"0265";"            FINSI"
"ICONTR";"S";"0266";"         SINON"
"ICONTR";"S";"0267";"* SI HJOU_IJQPRESBAJ = 0"
"ICONTR";"S";"0268";"            SI HJOU_IJQTTEFFEJ = 0"
"ICONTR";"S";"0269";"               LIREVALPRE LOCA_DERBADG HJOU_IJQDEBADGV"
"ICONTR";"S";"0270";"               HJOU_IJRREP35H = LOCA_24 - LOCA_DERBADG"
"ICONTR";"S";"0271";"            SINON"
"ICONTR";"S";"0272";"               HJOU_IJRINDANO = HJOU_IJRINDANO + 1"
"ICONTR";"S";"0273";"            FINSI"
"ICONTR";"S";"0274";"         FINSI"
"ICONTR";"S";"0275";"*"
"ICONTR";"S";"0276";"         SI HJOU_IJRINDANO = 7"
"ICONTR";"S";"0277";"* SI HJOU_IJQPRESBAJ <> 0"
"ICONTR";"S";"0278";"            SI HJOU_IJQTTEFFEJ <> 0"
"ICONTR";"S";"0279";"               ANOMALIE 183"
"ICONTR";"S";"0280";"               HJOU_IJRINDANO = 0"
"ICONTR";"S";"0281";"            FINSI"
"ICONTR";"S";"0282";"         FINSI"
"ICONTR";"S";"0283";"*"
"ICONTR";"S";"0284";"         SI HJOU_IJRINDANO = 8"
"ICONTR";"S";"0285";"            ANOMALIE 183"
"ICONTR";"S";"0286";"            HJOU_IJRINDANO = 0"
"ICONTR";"S";"0287";"         FINSI"
"ICONTR";"S";"0288";"      FINSI"
"ICONTR";"S";"0289";"   FINSI"
"ICONTR";"S";"0290";"FINSI"
"ICONTR";"S";"0291";"*"
"ICONTR";"S";"0292";"*-----------------------------------------------------------------"
"ICONTR";"S";"0293";"*                REPOS LEGAL HEBDOMADAIRE                        *"
"ICONTR";"S";"0294";"*-----------------------------------------------------------------"
"ICONTR";"S";"0295";"* Suite à l'ajout de la gestion des moins de 18 ans,"
"ICONTR";"S";"0296";"* ajout du test de l'âge, pour déclencher l'anomalie"
"ICONTR";"S";"0297";"* 159 si la personne est majeure"
"ICONTR";"S";"0298";"*"
"ICONTR";"S";"0299";"SI HJOU_DATE < TEMP_DATJOU"
"ICONTR";"S";"0300";"   SI HJOU_IJQTTEFFEJ > 0"
"ICONTR";"S";"0301";"      HJOU_IJRNBTRAVS = HJOU_IJRNBTRAVS + 1"
"ICONTR";"S";"0302";"   SINON"
"ICONTR";"S";"0303";"      HJOU_IJRNBTRAVS = 0"
"ICONTR";"S";"0304";"   FINSI"
"ICONTR";"S";"0305";"******"
"ICONTR";"S";"0306";"* Pour les personnes d'au moins 18 ans"
"ICONTR";"S";"0307";"   SI EMPS_E2DATENAI = "" """
"ICONTR";"S";"0308";"   OU LOCA_AGE >= 18"
"ICONTR";"S";"0309";"** Mise en place d'une anomalie si plus de 6 jours travaillés"
"ICONTR";"S";"0310";"      SI HJOU_IJRNBTRAVS > 6"
"ICONTR";"S";"0311";"         HJOU_IJRNBTRAVS = 0"
"ICONTR";"S";"0312";"         ANOMALIE 159"
"ICONTR";"S";"0313";"      FINSI"
"ICONTR";"S";"0314";"   FINSI"
"ICONTR";"S";"0315";"FINSI"
"ICONTR";"S";"0316";"*-----------------------------------------------------------------"
"ICONTR";"S";"0317";"*                        DELAI DE CARENCE                         *"
"ICONTR";"S";"0318";"*-----------------------------------------------------------------"
"ICONTR";"S";"0319";"* Stockage de la date de fin de contrat"
"ICONTR";"S";"0320";"*"
"ICONTR";"S";"0321";"SI CTRA_TYPCTRA = ""CDD"""
"ICONTR";"S";"0322";"OU CADM_TYPCTRA = ""CDD"""
"ICONTR";"S";"0323";"   SI HJOU_DATE = CTRA_DATFIN"
"ICONTR";"S";"0324";"* Stockage de la date de fin de contrat"
"ICONTR";"S";"0325";"      DATDIFF CTRA_DATDEB 12 CTRA_DATFIN 12"
"ICONTR";"S";"0326";"* Stockage du nombre de jours dans le contrat"
"ICONTR";"S";"0327";"      HJOU_IJRNBRJCTR = TEMP_NXJOUR"
"ICONTR";"S";"0328";"      HJOU_IJRNBRJCTR = TEMP_NXJOUR + 1"
"ICONTR";"S";"0329";"*"
"ICONTR";"S";"0330";"      SI HJOU_IJRNBRJCTR >= 14"
"ICONTR";"S";"0331";"         LOCA_CARENCE = HJOU_IJRNBRJCTR / 3"
"ICONTR";"S";"0332";"      SINON"
"ICONTR";"S";"0333";"         LOCA_CARENCE = HJOU_IJRNBRJCTR / 2"
"ICONTR";"S";"0334";"      FINSI"
"ICONTR";"S";"0335";"**"
"ICONTR";"S";"0336";"**arrondi"
"ICONTR";"S";"0337";"**"
"ICONTR";"S";"0338";"      LOCA_REST = LOCA_CARENCE % 1"
"ICONTR";"S";"0339";"      LOCA_CARENCE = LOCA_CARENCE - LOCA_REST"
"ICONTR";"S";"0340";"      SI LOCA_REST > 0"
"ICONTR";"S";"0341";"         LOCA_CARENCE = LOCA_CARENCE + 1"
"ICONTR";"S";"0342";"      FINSI"
"ICONTR";"S";"0343";"** Dans le cas ou les jours d'ouverture sont du lundi au vendredi"
"ICONTR";"S";"0344";"      SI PARD_IDIJOUROUV = ""0"""
"ICONTR";"S";"0345";"* - DURÉE DU CONTRAT À DIVISER PAR 2 OU 3"
"ICONTR";"S";"0346";"*- DIVISER LE CHIFFRE OBTENU PAR 5"
"ICONTR";"S";"0347";"*- PRENDRE LA PARTIE ENTIÈRE, LA MULTIPLIER PAR 2 (4 *2 = 8) ET L'AJOUTER"
"ICONTR";"S";"0348";"*"
"ICONTR";"S";"0349";"         LOCA_DELAI = LOCA_CARENCE / 5"
"ICONTR";"S";"0350";"         LOCA_REST = LOCA_DELAI % 1"
"ICONTR";"S";"0351";"         LOCA_DELAI = LOCA_DELAI - LOCA_REST"
"ICONTR";"S";"0352";"         LOCA_DELAI = LOCA_DELAI * 2"
"ICONTR";"S";"0353";"         LOCA_CARENCE = LOCA_DELAI + LOCA_CARENCE"
"ICONTR";"S";"0354";"      FINSI"
"ICONTR";"S";"0355";"*"
"ICONTR";"S";"0356";"      LOCA_INTCAR = LOCA_CARENCE"
"ICONTR";"S";"0357";"      DATAJT CTRA_DATFIN 12 ""J"" LOCA_INTCAR"
"ICONTR";"S";"0358";"      CADM_DATCARENCE = TEMP_DXFINPER"
"ICONTR";"S";"0359";"   FINSI"
"ICONTR";"S";"0360";"SINON"
"ICONTR";"S";"0361";"   CADM_DATCARENCE = "" """
"ICONTR";"S";"0362";"FINSI"
"ICONTR";"S";"0363";"*"
"ICONTR";"S";"0364";"FIN"
"ICONTR";"S";"0365";"*"
"ICONTR";"S";"0366";"PROC CONTROLE"
"ICONTR";"S";"0367";"*"
"ICONTR";"S";"0368";"   SI HJOU_JOUR = ""7"""
"ICONTR";"S";"0369";"      SI HORC_MOYCYCLE < PARD_IDIMINLEGA"
"ICONTR";"S";"0370";"         ANOMALIE 180"
"ICONTR";"S";"0371";"      FINSI"
"ICONTR";"S";"0372";"   FINSI"
"ICONTR";"S";"0373";"*"
"ICONTR";"S";"0374";"FINPROC"
"IABSI";"S";"0001";"***********************************************************************"
"IABSI";"S";"0002";"* Règle     : IABSI"
"IABSI";"S";"0003";"* Ordre     : 3265"
"IABSI";"S";"0004";"* Libellé   : Présomption de démission"
"IABSI";"S";"0005";"* Package   : Privé 16.3"
"IABSI";"S";"0006";"*----------------------------------------------------------------------"
"IABSI";"S";"0007";"* Objectif  : Comptabilise le nombre de jours d'absence injustifiée"
"IABSI";"S";"0008";"*             Déclenchement d'une alerte si total absence > seuil dans PARD"
"IABSI";"S";"0009";"*             Un publipostage permet de récupérer une édition pour les personnes en anomalies"
"IABSI";"S";"0010";"*"
"IABSI";"S";"0011";"* Remarques : La pose du motif ABSI doit se faire en calendaire"
"ICONSRCP";"S";"0001";"***********************************************************************"
"ICONSRCP";"S";"0002";"* Règle     : ICONSRCP"
"ICONSRCP";"S";"0003";"* Ordre     : 6310"
"ICONSRCP";"S";"0004";"* Libellé   : Conso des CP reportés en cas de maladie"
"ICONSRCP";"S";"0005";"* Package   : Privé 16.3"
"ICONSRCP";"S";"0006";"*----------------------------------------------------------------------"
"ICONSRCP";"S";"0007";"* Objectif  : Gestion de la consommation des congés reportés en cas de maladie"
"ICONSRCP";"S";"0008";"*----------------------------------------------------------------------"
"ICONSRCP";"S";"0009";"* Créée par : HQSector"
"ICONSRCP";"S";"0010";"* Date      : 19.09.2024"
"ICONSRCP";"S";"0011";"*----------------------------------------------------------------------"
"ICONSRCP";"S";"0012";"* Màj par   :"
"ICONSRCP";"S";"0013";"* Date      :"
"ICONSRCP";"S";"0014";"* Objet     :"
"ICONSRCP";"S";"0015";"************************************************************************"
"ICONSRCP";"S";"0016";"*"
"ICONSRCP";"S";"0017";"DEBDICO"
"ICONSRCP";"S";"0018";"   * Congé la veille"
"ICONSRCP";"S";"0019";"   HJOU_IJRJRCONG;N;N2;I;;;    56789;;IJRJRCONG;V3;""Congé sur la journée"";"
"ICONSRCP";"S";"0020";"   * Report congé"
"ICONSRCP";"S";"0021";"   PARD_IDIVMRCP;O;A10;X;;;123456789;II;;C2;""Report congé"";**"
"ICONSRCP";"S";"0022";"   HJOU_IJRRRCPP1;N;N6,1;I;;;    56789;;IJRRRCPP1;V3;""Congé reporté (maladie +1 an)"";"
"ICONSRCP";"S";"0023";"   HJOU_IJRFRRCPP1;N;D10;X;;;    56789;;IJRFRRCPP1;V3;""Date de perte"";"
"ICONSRCP";"S";"0024";"   HJOU_IJRRRCPM1;N;N6,1;I;;;    56789;;IJRRRCPM1;V3;""Congé reporté (maladie -1 an)"";"
"ICONSRCP";"S";"0025";"   HJOU_IJRFRRCPM1;N;D10;X;;;    56789;;IJRFRRCPM1;V3;""Date de perte"";"
"ICONSRCP";"S";"0026";"   HJOU_IJRRRCP2M1;N;N6,1;I;;;    56789;;IJRRRCP2M1;V3;""Congé reporté (2ème maladie -1 an)"";"
"ICONSRCP";"S";"0027";"   HJOU_IJRFRCP2M1;N;D10;X;;;    56789;;IJRFRCP2M1;V3;""Date de perte"";"
"ICONSRCP";"S";"0028";"FINDICO"
"ICONSRCP";"S";"0029";"*"
"ICONSRCP";"S";"0030";"DEBANO"
"ICONSRCP";"S";"0031";"   199;8;""Solde report congé pour maladie insuffisant"";"
"ICONSRCP";"S";"0032";"FINANO"
"ICONSRCP";"S";"0033";"*"
"ICONSRCP";"S";"0034";"* Déclaration des donnees locales"
"ICONSRCP";"S";"0035";"*"
"ICONSRCP";"S";"0036";"* Locales pour gestion de la consommation"
"ICONSRCP";"S";"0037";"DEF LOCA_VAL N5.2"
"ICONSRCP";"S";"0038";"LOCA_VAL = 0"
"ICONSRCP";"S";"0039";"DEF LOCA_ENLEVER N1"
"ICONSRCP";"S";"0040";"LOCA_ENLEVER = 0"
"ICONSRCP";"S";"0041";"DEF LOCA_VALID A4"
"ICONSRCP";"S";"0042";"LOCA_VALID = "" """
"ICONSRCP";"S";"0043";"DEF LOCA_LIMITEHEB N5.1"
"ICONSRCP";"S";"0044";"LOCA_LIMITEHEB = 0"
"ICONSRCP";"S";"0045";"DEF LOCA_DRCP N2"
"ICONSRCP";"S";"0046";"LOCA_DRCP = 0"
"ICONSRCP";"S";"0047";"DEF LOCA_CAL N6.1"
"ICONSRCP";"S";"0048";"LOCA_CAL = 0"
"ICONSRCP";"S";"0049";"DEF LOCA_VALORIS A1"
"ICONSRCP";"S";"0050";"LOCA_VALORIS = "" """
"ICONSRCP";"S";"0051";"*"
"ICONSRCP";"S";"0052";"************************************************"
"ICONSRCP";"S";"0053";"* Locales pour gestion de la consommation du report CP"
"ICONSRCP";"S";"0054";"DEF LOCA_CONSORCP N1"
"ICONSRCP";"S";"0055";"LOCA_CONSORCP = 0"
"ICONSRCP";"S";"0056";"DEF LOCA_CPMAL2M1 N1"
"ICONSRCP";"S";"0057";"LOCA_CPMAL2M1 = 0"
"ICONSRCP";"S";"0058";"*"
"ICONSRCP";"S";"0059";"*"
"ICONSRCP";"S";"0060";"*********************************************"
"ICONSRCP";"S";"0061";"* Locales pour gestion deux demi journées"
"ICONSRCP";"S";"0062";"DEF LOCA_NBDEMIRCP N2"
"ICONSRCP";"S";"0063";"LOCA_NBDEMIRCP = 0"
"ICONSRCP";"S";"0064";"DEF LOCA_DUREEJ T6.2"
"ICONSRCP";"S";"0065";"LOCA_DUREEJ = 0"
"ICONSRCP";"S";"0066";"DEF LOCA_DURMAT T6.2"
"ICONSRCP";"S";"0067";"LOCA_DURMAT = 0"
"ICONSRCP";"S";"0068";"DEF LOCA_DURSOIR T6.2"
"ICONSRCP";"S";"0069";"LOCA_DURSOIR = 0"
"ICONSRCP";"S";"0070";"*"
"ICONSRCP";"S";"0071";"*"
"ICONSRCP";"S";"0072";"*----------------------------------- DEBUT DE REGLE ---------------------------------------"
"ICONSRCP";"S";"0073";"*"
"ICONSRCP";"S";"0074";"* Test si gestion des cp"
"ICONSRCP";"S";"0075";"SI HJOU_IJIACOPRIN = ""1"""
"ICONSRCP";"S";"0076";"*"
"ICONSRCP";"S";"0077";"*"
"ICONSRCP";"S";"0078";"*******************************************************************************************"
"ICONSRCP";"S";"0079";"* Transformation deux demi-journées en 1 journée"
"ICONSRCP";"S";"0080";"*******************************************************************************************"
"ICONSRCP";"S";"0081";"*"
"IABSI";"S";"0012";"*             Alimentation automatique en cas de repos, si la veille était en ABSI"
"IABSI";"S";"0013";"*"
"IABSI";"S";"0014";"*"
"IABSI";"S";"0015";"*----------------------------------------------------------------------"
"IABSI";"S";"0016";"* Créée par : HQ Sector"
"IABSI";"S";"0017";"* Date      : 10/02/2025"
"IABSI";"S";"0018";"*----------------------------------------------------------------------"
"IABSI";"S";"0019";"* Màj par   :"
"IABSI";"S";"0020";"* Date      : JJ.MM.AAAA"
"IABSI";"S";"0021";"* Objet     :"
"IABSI";"S";"0022";"***********************************************************************"
"IABSI";"S";"0023";"*"
"IABSI";"S";"0024";"*"
"IABSI";"S";"0025";"DEBDICO"
"IABSI";"S";"0026";"   HJOU_IJRNBABSI;N;N6,1;L;;;    56789;;IJRNBABSI;V3;""Nbr absences injustifiées"";"
"IABSI";"S";"0027";"   PARD_IDIVMABSI;O;A10;X;;;123456789;II;;C2;""Absence injustifiée"";"
"IABSI";"S";"0028";"   PARD_IDISJABSI;O;N5,1;I;000000000000;;123456789;;;C2;""Seuil Présomption démission"";"
"IABSI";"S";"0029";"   HJOU_IJQFABSI;N;N3,1;I;;;     6789;;;V3;""Flag ABSI demi-journée"";"
"IABSI";"S";"0030";"   TEMP_ITQJJF;O;A3;X;;;     6789;;;V3;""Jour jour férié"";"
"IABSI";"S";"0031";"FINDICO"
"IABSI";"S";"0032";"*"
"ICONSRCP";"S";"0082";"   POUR ACTIVITES"
"IABSI";"S";"0033";"*"
"IABSI";"S";"0034";"DEBANO"
"IABSI";"S";"0035";"   257;8;""Suspicion d'abandon de poste"";"
"IABSI";"S";"0036";"FINANO"
"IABSI";"S";"0037";"*"
"IABSI";"S";"0038";"*"
"IABSI";"S";"0039";"*------------------------------------------------*"
"IABSI";"S";"0040";"* Définition des variables locales"
"IABSI";"S";"0041";"*------------------------------------------------*"
"ICONSRCP";"S";"0083";"* Report"
"ICONSRCP";"S";"0084";"      SI HABS_MOTIF = PARD_IDIVMRCP"
"ICONSRCP";"S";"0085";"         SI HABS_VALORIS <> ""J"""
"ICONSRCP";"S";"0086";"            LOCA_NBDEMIRCP = LOCA_NBDEMIRCP + 1"
"ICONSRCP";"S";"0087";"         FINSI"
"ICONSRCP";"S";"0088";"      FINSI"
"ICONSRCP";"S";"0089";"   FINPOUR"
"ICONSRCP";"S";"0090";"*"
"ICONSRCP";"S";"0091";"   SI LOCA_NBDEMIRCP = 2"
"ICONSRCP";"S";"0092";"      POUR ACTIVITES"
"ICONSRCP";"S";"0093";"         SI HABS_MOTIF = PARD_IDIVMRCP"
"ICONSRCP";"S";"0094";"            SI HABS_VALORIS <> ""J"""
"ICONSRCP";"S";"0095";"*si valorisation du motif modifiée"
"ICONSRCP";"S";"0096";"               SI HABS_VALORIS = ""M"""
"ICONSRCP";"S";"0097";"                  LOCA_DURMAT = HABS_MOTIDUR"
"ICONSRCP";"S";"0098";"               FINSI"
"ICONSRCP";"S";"0099";"               SI HABS_VALORIS = ""A"""
"ICONSRCP";"S";"0100";"                  LOCA_DURSOIR = HABS_MOTIDUR"
"ICONSRCP";"S";"0101";"               FINSI"
"ICONSRCP";"S";"0102";"               LOCA_DUREEJ = LOCA_DURMAT + LOCA_DURSOIR"
"ICONSRCP";"S";"0103";"            SINON"
"ICONSRCP";"S";"0104";"               LOCA_DUREEJ = HABS_MOTIDUR"
"ICONSRCP";"S";"0105";"               SI MOTI_IMIGDURABS = ""FIX"""
"ICONSRCP";"S";"0106";"                  LOCA_DURMAT = MOTI_VALDFT / 2"
"ICONSRCP";"S";"0107";"                  LOCA_DURSOIR = LOCA_DURMAT"
"ICONSRCP";"S";"0108";"               FINSI"
"ICONSRCP";"S";"0109";"               SI MOTI_IMIGDURABS = ""C5"""
"ICONSRCP";"S";"0110";"               OU MOTI_IMIGDURABS = ""C6"""
"ICONSRCP";"S";"0111";"               OU MOTI_IMIGDURABS = ""C7"""
"ICONSRCP";"S";"0112";"                  LOCA_DURMAT = LOCA_DUREEJ / 2"
"ICONSRCP";"S";"0113";"                  LOCA_DURSOIR = LOCA_DURMAT"
"ICONSRCP";"S";"0114";"               FINSI"
"ICONSRCP";"S";"0115";"*"
"ICONSRCP";"S";"0116";"****** cas a désactiver si compteur non présent dans le package"
"ICONSRCP";"S";"0117";"*"
"ICONSRCP";"S";"0118";"               SI MOTI_IMIGDURABS = ""PLG"""
"IABSI";"S";"0042";"*"
"IABSI";"S";"0043";"DEF LOCA_VERIF N2"
"IABSI";"S";"0044";"LOCA_VERIF = 0"
"IABSI";"S";"0045";"DEF LOCA_FABSI N3.1"
"ICONSRCP";"S";"0119";"                  LOCA_DURMAT = HJOU_IJQPLGMAT"
"ICONSRCP";"S";"0120";"                  LOCA_DURSOIR = HJOU_IJQPLGAPM"
"ICONSRCP";"S";"0121";"               FINSI"
"ICONSRCP";"S";"0122";"*"
"ICONSRCP";"S";"0123";"               SI MOTI_IMIGDURABS = "" """
"ICONSRCP";"S";"0124";"                  LOCA_DURMAT = PROF_ABSENM"
"ICONSRCP";"S";"0125";"                  LOCA_DURSOIR = PROF_ABSENS"
"ICONSRCP";"S";"0126";"               FINSI"
"ICONSRCP";"S";"0127";"            FINSI"
"ICONSRCP";"S";"0128";"         FINSI"
"ICONSRCP";"S";"0129";"      FINPOUR"
"ICONSRCP";"S";"0130";"* Report congé"
"ICONSRCP";"S";"0131";"      SI LOCA_NBDEMIRCP = 2"
"ICONSRCP";"S";"0132";"         ENLEVER PARD_IDIVMRCP"
"ICONSRCP";"S";"0133";"         ENLEVER PARD_IDIVMRCP"
"ICONSRCP";"S";"0134";"         AJOUTER PARD_IDIVMRCP ""J"" LOCA_DUREEJ"
"ICONSRCP";"S";"0135";"      FINSI"
"ICONSRCP";"S";"0136";"   FINSI"
"ICONSRCP";"S";"0137";"*"
"ICONSRCP";"S";"0138";"*"
"ICONSRCP";"S";"0139";"*******************************************************************************************"
"ICONSRCP";"S";"0140";"* Gestion de l'ordre de consommation du report en fonction des dates de fin de report"
"ICONSRCP";"S";"0141";"*******************************************************************************************"
"ICONSRCP";"S";"0142";"*"
"ICONSRCP";"S";"0143";"* On vérifie si le compteur report maladie 2 - d'un an est alimenté"
"ICONSRCP";"S";"0144";"*"
"ICONSRCP";"S";"0145";"   SI HJOU_IJRRRCP2M1 > 0"
"ICONSRCP";"S";"0146";"      LOCA_CPMAL2M1 = 1"
"ICONSRCP";"S";"0147";"   FINSI"
"ICONSRCP";"S";"0148";"*"
"ICONSRCP";"S";"0149";"* Dans le cas où il est alimenté, cela signifie que le compteur maladie 1 - d'un an est consommé en"
"ICONSRCP";"S";"0150";"* dernier"
"ICONSRCP";"S";"0151";"   SI LOCA_CPMAL2M1 = 1"
"ICONSRCP";"S";"0152";"      SI HJOU_IJRFRRCPP1 <> "" """
"ICONSRCP";"S";"0153";"         SI HJOU_IJRFRRCPP1 >= HJOU_IJRFRCP2M1"
"ICONSRCP";"S";"0154";"            SI HJOU_IJRFRRCPM1 >= HJOU_IJRFRRCPP1"
"ICONSRCP";"S";"0155";"* Conso 1 = maladie 2 -1an, maladie +1an, maladie 1 - 1an"
"ICONSRCP";"S";"0156";"               LOCA_CONSORCP = 1"
"ICONSRCP";"S";"0157";"            SINON"
"ICONSRCP";"S";"0158";"* Conso 6 = maladie 2 -1an, maladie 1 - 1an, maladie +1an"
"ICONSRCP";"S";"0159";"               LOCA_CONSORCP = 6"
"ICONSRCP";"S";"0160";"            FINSI"
"ICONSRCP";"S";"0161";"         SINON"
"ICONSRCP";"S";"0162";"* Conso 2 = maladie +1an, maladie 2 -1an, maladie 1 - 1an"
"ICONSRCP";"S";"0163";"            LOCA_CONSORCP = 2"
"ICONSRCP";"S";"0164";"         FINSI"
"ICONSRCP";"S";"0165";"      SINON"
"ICONSRCP";"S";"0166";"* Conso 3 = maladie 2 -1an, maladie 1 - 1an"
"ICONSRCP";"S";"0167";"         LOCA_CONSORCP = 3"
"ICONSRCP";"S";"0168";"      FINSI"
"ICONSRCP";"S";"0169";"*"
"ICONSRCP";"S";"0170";"* Si pas alimenté, alors l'ordre se fait entre maladie 1 1an et maladie + 1an"
"ICONSRCP";"S";"0171";"   SINON"
"ICONSRCP";"S";"0172";"      SI HJOU_IJRFRRCPP1 <> "" """
"ICONSRCP";"S";"0173";"         SI HJOU_IJRFRRCPM1 <> "" """
"ICONSRCP";"S";"0174";"            SI HJOU_IJRFRRCPP1 >= HJOU_IJRFRRCPM1"
"ICONSRCP";"S";"0175";"* Conso 4 = maladie 1 -1an, maladie + 1an"
"ICONSRCP";"S";"0176";"               LOCA_CONSORCP = 4"
"ICONSRCP";"S";"0177";"            SINON"
"ICONSRCP";"S";"0178";"* Conso 5 = maladie + 1an, maladie 1 - 1an"
"ICONSRCP";"S";"0179";"               LOCA_CONSORCP = 5"
"ICONSRCP";"S";"0180";"            FINSI"
"ICONSRCP";"S";"0181";"         SINON"
"ICONSRCP";"S";"0182";"* Conso 4 = maladie 1 -1an, maladie + 1an"
"ICONSRCP";"S";"0183";"            LOCA_CONSORCP = 4"
"ICONSRCP";"S";"0184";"         FINSI"
"ICONSRCP";"S";"0185";"      SINON"
"IABSI";"S";"0122";"      FINSI"
"ICONSRCP";"S";"0186";"* Conso 5 = maladie + 1an, maladie 1 - 1an"
"ICONSRCP";"S";"0187";"         LOCA_CONSORCP = 5"
"ICONSRCP";"S";"0188";"      FINSI"
"ICONSRCP";"S";"0189";"   FINSI"
"ICONSRCP";"S";"0190";"*"
"ICONSRCP";"S";"0191";"*"
"ICONSRCP";"S";"0192";"*******************************************************************************************"
"ICONSRCP";"S";"0193";"* Gestion de la consommation"
"ICONSRCP";"S";"0194";"*******************************************************************************************"
"ICONSRCP";"S";"0195";"*"
"ICONSRCP";"S";"0196";"   POUR ACTIVITES"
"IABSI";"S";"0046";"LOCA_FABSI = 0"
"IABSI";"S";"0047";"*"
"IABSI";"S";"0048";"DEF LOCA_FMATIN N2"
"IABSI";"S";"0049";"LOCA_FMATIN = 0"
"IABSI";"S";"0050";"DEF LOCA_FAPM N2"
"IABSI";"S";"0051";"LOCA_FAPM = 0"
"IABSI";"S";"0052";"DEF LOCA_FVEILLE N3.1"
"IABSI";"S";"0053";"LOCA_FVEILLE = 0"
"IABSI";"S";"0054";"*"
"IABSI";"S";"0055";"*------------------------------------------------*"
"IABSI";"S";"0056";"* alimentation du compteur"
"IABSI";"S";"0057";"*------------------------------------------------*"
"IABSI";"S";"0058";"*"
"IABSI";"S";"0059";"SI PARD_IDISJABSI > 0"
"IABSI";"S";"0060";"* Remise à zéro si la veille il n'y a ni absence jour ou APM"
"IABSI";"S";"0061";"   LIREVALPRE LOCA_FVEILLE HJOU_IJQFABSI"
"IABSI";"S";"0062";"   SI LOCA_FVEILLE = 0"
"IABSI";"S";"0063";"      HJOU_IJRNBABSI = 0"
"IABSI";"S";"0064";"   FINSI"
"IABSI";"S";"0065";"*"
"IABSI";"S";"0066";"* Alimentation en cas d'absence injustifiée sur jour travaillé"
"IABSI";"S";"0067";"   SI HJOU_IJQPRETHEJ > 0"
"IABSI";"S";"0068";"      POUR ACTIVITES"
"IABSI";"S";"0069";"*"
"IABSI";"S";"0070";"* Présence du motif ABSI"
"IABSI";"S";"0071";"         SI HABS_MOTIF = PARD_IDIVMABSI"
"IABSI";"S";"0072";"            SI HABS_VALORIS <> ""H"""
"IABSI";"S";"0073";"               SI HABS_VALORIS = ""J"""
"IABSI";"S";"0074";"                  LOCA_FABSI = 1"
"IABSI";"S";"0075";"                  HJOU_IJQFABSI = 1"
"IABSI";"S";"0076";"               SINON"
"IABSI";"S";"0077";"                  LOCA_FABSI = LOCA_FABSI + 0.5"
"IABSI";"S";"0078";"*"
"IABSI";"S";"0079";"* test valorisation des demi-journées pour prolongation automatique le lendemain"
"IABSI";"S";"0080";"                  SI HABS_VALORIS = ""M"""
"IABSI";"S";"0081";"                     LOCA_FMATIN = 1"
"IABSI";"S";"0082";"                     SI LOCA_FAPM = 1"
"IABSI";"S";"0083";"                        HJOU_IJQFABSI = 1"
"IABSI";"S";"0084";"                     SINON"
"IABSI";"S";"0085";"                        HJOU_IJQFABSI = 0"
"IABSI";"S";"0086";"                     FINSI"
"IABSI";"S";"0087";"                  FINSI"
"IABSI";"S";"0088";"*"
"IABSI";"S";"0089";"                  SI HABS_VALORIS = ""A"""
"IABSI";"S";"0090";"                     LOCA_FAPM = 1"
"IABSI";"S";"0091";"                     SI LOCA_FMATIN = 1"
"IABSI";"S";"0092";"                        HJOU_IJQFABSI = 1"
"IABSI";"S";"0093";"                     SINON"
"IABSI";"S";"0094";"                        HJOU_IJRNBABSI = 0"
"IABSI";"S";"0095";"                        HJOU_IJQFABSI = 0.5"
"IABSI";"S";"0096";"                     FINSI"
"IABSI";"S";"0097";"                  FINSI"
"IABSI";"S";"0098";"               FINSI"
"IABSI";"S";"0099";"            FINSI"
"IABSI";"S";"0100";"         FINSI"
"IABSI";"S";"0101";"      FINPOUR"
"IABSI";"S";"0102";"*"
"IABSI";"S";"0103";"      SI TEMP_ITQJJF = ""OUI"""
"IABSI";"S";"0104";"         LOCA_VERIF = 1"
"IABSI";"S";"0105";"      FINSI"
"IABSI";"S";"0106";"*"
"IABSI";"S";"0107";"      HJOU_IJRNBABSI = HJOU_IJRNBABSI + LOCA_FABSI"
"IABSI";"S";"0108";"*"
"IABSI";"S";"0109";"   SINON"
"IABSI";"S";"0110";"      LOCA_VERIF = 1"
"IABSI";"S";"0111";"   FINSI"
"IABSI";"S";"0112";"*"
"IABSI";"S";"0113";"*"
"IABSI";"S";"0114";"* en cas de JF ou de WE, on vérifie si la veille était en ABSI jour ou APM"
"IABSI";"S";"0115";"* si oui, on ajoute +1 au compteur d'ABSI"
"IABSI";"S";"0116";"*"
"IABSI";"S";"0117";"   SI LOCA_VERIF = 1"
"IABSI";"S";"0118";"      SI LOCA_FVEILLE > 0"
"IABSI";"S";"0119";"         HJOU_IJRNBABSI = HJOU_IJRNBABSI + 1"
"IABSI";"S";"0120";"         LOCA_FABSI = 1"
"IABSI";"S";"0121";"         HJOU_IJQFABSI = 1"
"IABSI";"S";"0123";"   FINSI"
"IABSI";"S";"0124";"*"
"IABSI";"S";"0125";"* RAZ du compteur si le motif n'est pas présent"
"IABSI";"S";"0126";"   SI LOCA_FABSI = 0"
"IABSI";"S";"0127";"      HJOU_IJRNBABSI = 0"
"IABSI";"S";"0128";"   FINSI"
"IABSI";"S";"0129";"*"
"IABSI";"S";"0130";"* Consignes de forçage"
"IABSI";"S";"0131";"   POUR ACTIVITES"
"IABSI";"S";"0132";"      SI HABS_MOTIF = ""XABSI"""
"IABSI";"S";"0133";"         HJOU_IJRNBABSI = HJOU_IJRNBABSI + HABS_MOTINBR"
"IABSI";"S";"0134";"      FINSI"
"IABSI";"S";"0135";"*"
"IABSI";"S";"0136";"      SI HABS_MOTIF = ""ZABSI"""
"IABSI";"S";"0137";"         HJOU_IJRNBABSI = HABS_MOTINBR"
"IABSI";"S";"0138";"      FINSI"
"IABSI";"S";"0139";"   FINPOUR"
"IABSI";"S";"0140";"*"
"IABSI";"S";"0141";"* Anomalie en cas d'absence supérieure au seuil de CFG"
"IABSI";"S";"0142";"   SI HJOU_IJRNBABSI > PARD_IDISJABSI"
"IABSI";"S";"0143";"      ANOMALIE 257"
"IABSI";"S";"0144";"   FINSI"
"IABSI";"S";"0145";"*"
"IABSI";"S";"0146";"FINSI"
"IABSI";"S";"0147";"FIN"
"ICONSRCP";"S";"0206";"         SI LOCA_VALID(1:1) = ""O"""
"ICONSRCP";"S";"0197";"      SI HABS_MOTIF = PARD_IDIVMRCP"
"ICONSRCP";"S";"0198";"* La regle VALACT qui permet de supprimer un motif"
"ICONSRCP";"S";"0199";"* par rapport au type de jour O/S/D/F n'étant pas"
"ICONSRCP";"S";"0200";"* déroulée dans le futur on va tester la validité du motif"
"ICONSRCP";"S";"0201";"* avant d'effectuer le chainage et le calcul des soldes"
"ICONSRCP";"S";"0202";"* pour que le solde prévisionnel soit juste pour la gestion"
"ICONSRCP";"S";"0203";"* d'acquisition des CP au mois civil"
"ICONSRCP";"S";"0204";"         LOCA_ENLEVER = 0"
"ICONSRCP";"S";"0205";"         LOCA_VALID = MOTI_VALID"
"ICONSRCP";"S";"0207";"            SI PARD_IDIJOUROUV = ""1"""
"ICONSRCP";"S";"0208";"               SI HJOU_IJQPRETHEJ = 0"
"ICONSRCP";"S";"0209";"                  LOCA_ENLEVER = 1"
"ICONSRCP";"S";"0210";"               FINSI"
"ICONSRCP";"S";"0211";"            SINON"
"ICONSRCP";"S";"0212";"               SI HJOU_JOUR = ""6"""
"ICONSRCP";"S";"0213";"                  SI HJOU_IJQPRETHEJ = 0"
"ICONSRCP";"S";"0214";"                     LOCA_ENLEVER = 1"
"ICONSRCP";"S";"0215";"                  FINSI"
"ICONSRCP";"S";"0216";"               FINSI"
"ICONSRCP";"S";"0217";"            FINSI"
"ICONSRCP";"S";"0218";"         FINSI"
"ICONSRCP";"S";"0219";"         SI LOCA_VALID(2:1) = ""S"""
"ICONSRCP";"S";"0220";"            LOCA_ENLEVER = 0"
"ICONSRCP";"S";"0221";"         FINSI"
"ICONSRCP";"S";"0222";"         SI LOCA_VALID(3:1) = "" """
"FCTUTILES";"S";"0022";"DEF LOCA_COMPTEUR N6.3"
"FCTUTILES";"S";"0023";"DEF LOCA_JJMM A4"
"FCTUTILES";"S";"0024";"*"
"FCTUTILES";"S";"0025";"*"
"FCTUTILES";"S";"0026";"***********************"
"FCTUTILES";"S";"0027";"* FONCTIONS D'ARRONDI *"
"FCTUTILES";"S";"0028";"***********************"
"FCTUTILES";"S";"0029";"* Remplacer LOCA_COMPTEUR par le nom complet du compteur"
"FCTUTILES";"S";"0030";"* Exemples : HJOU_SJRSJRF"
"FCTUTILES";"S";"0031";"*            LOCA_RESENTSUP"
"FCTUTILES";"S";"0032";"*"
"FCTUTILES";"S";"0033";"* Texte suivant à copier en début de règle, dans 'Déclaration des données locales' :"
"FCTUTILES";"S";"0034";"* Pour le calcul de l'arrondi"
"FCTUTILES";"S";"0035";"DEF LOCA_ENTIER N6"
"FCTUTILES";"S";"0036";"LOCA_ENTIER = 0"
"FCTUTILES";"S";"0037";"DEF LOCA_RESTE N6.3"
"FCTUTILES";"S";"0038";"LOCA_RESTE = 0"
"FCTUTILES";"S";"0039";"*--------------------------"
"FCTUTILES";"S";"0040";"* a) ARRONDI AU DEMI SUPERIEUR"
"FCTUTILES";"S";"0041";"*--------------------------"
"FCTUTILES";"S";"0042";"* Texte suivant à copier après le calcul du compteur :"
"FCTUTILES";"S";"0043";"LOCA_RESTE = LOCA_COMPTEUR % 1"
"FCTUTILES";"S";"0044";"LOCA_ENTIER = LOCA_COMPTEUR - LOCA_RESTE"
"FCTUTILES";"S";"0045";"SI LOCA_RESTE > 0"
"FCTUTILES";"S";"0046";"   SI LOCA_RESTE > 0.5"
"FCTUTILES";"S";"0047";"      LOCA_ENTIER = LOCA_ENTIER + 1"
"FCTUTILES";"S";"0048";"   SINON"
"FCTUTILES";"S";"0049";"      LOCA_ENTIER = LOCA_ENTIER + 0.5"
"FCTUTILES";"S";"0050";"   FINSI"
"FCTUTILES";"S";"0051";"FINSI"
"FCTUTILES";"S";"0052";"LOCA_COMPTEUR = LOCA_ENTIER"
"FCTUTILES";"S";"0053";"*-----------------------------"
"FCTUTILES";"S";"0054";"* b) ARRONDI A L'ENTIER SUPERIEUR"
"FCTUTILES";"S";"0055";"*-----------------------------"
"FCTUTILES";"S";"0056";"* Texte suivant à copier après le calcul du compteur :"
"FCTUTILES";"S";"0057";"LOCA_RESTE = LOCA_COMPTEUR % 1"
"FCTUTILES";"S";"0058";"LOCA_ENTIER = LOCA_COMPTEUR - LOCA_RESTE"
"FCTUTILES";"S";"0059";"SI LOCA_RESTE > 0"
"FCTUTILES";"S";"0060";"   LOCA_ENTIER = LOCA_ENTIER + 1"
"FCTUTILES";"S";"0061";"FINSI"
"FCTUTILES";"S";"0062";"LOCA_COMPTEUR = LOCA_ENTIER"
"FCTUTILES";"S";"0063";"*-----------------------------"
"FCTUTILES";"S";"0064";"* c) ARRONDI A L'ENTIER INFERIEUR"
"FCTUTILES";"S";"0065";"*-----------------------------"
"FCTUTILES";"S";"0066";"* Texte suivant à copier après le calcul du compteur :"
"FCTUTILES";"S";"0067";"LOCA_RESTE = LOCA_COMPTEUR % 1"
"FCTUTILES";"S";"0068";"LOCA_ENTIER = LOCA_COMPTEUR - LOCA_RESTE"
"FCTUTILES";"S";"0069";"LOCA_COMPTEUR = LOCA_ENTIER"
"FCTUTILES";"S";"0070";"*----------------------------------------------------------------------"
"FCTUTILES";"S";"0071";"*"
"FCTUTILES";"S";"0072";"*"
"FCTUTILES";"S";"0073";"******************************************************************************"
"FCTUTILES";"S";"0074";"* d) FONCTION DE CONVERSION DE DATE AU FORMAT JJMM (alpha) VERS AAAAMMJJ (date) *"
"FCTUTILES";"S";"0075";"******************************************************************************"
"FCTUTILES";"S";"0076";"* Remplacer LOCA_JJMM par le nom complet de l'indicateur"
"FCTUTILES";"S";"0077";"* Exemple : PARD_IDIDRAZRFJ"
"FCTUTILES";"S";"0078";"*"
"FCTUTILES";"S";"0079";"* Texte suivant à copier en début de règle, dans 'Déclaration des données locales' :"
"FCTUTILES";"S";"0080";"* Pour la date de <à compléter>"
"FCTUTILES";"S";"0081";"DEF LOCA_DATE D"
"FCTUTILES";"S";"0082";"LOCA_DATE(1:8) = ""19800101"""
"FCTUTILES";"S";"0083";"DEF LOCA_REF N2"
"FCTUTILES";"S";"0084";"LOCA_REF = 0"
"FCTUTILES";"S";"0085";"* Texte suivant à copier en début de règle, dans la partie d'initialisation :"
"FCTUTILES";"S";"0086";"* Stockage de l'année de la date de traitement"
"FCTUTILES";"S";"0087";"LOCA_DATE(1:4) = HJOU_DATE(1:4)"
"FCTUTILES";"S";"0088";"* Stockage du mois"
"FCTUTILES";"S";"0089";"LOCA_REF << LOCA_JJMM(3:2)"
"FCTUTILES";"S";"0090";"LOCA_DATE(5:2) << LOCA_REF"
"ICONSRCP";"S";"0223";"            SI HJOU_JOUR = ""7"""
"ICONSRCP";"S";"0224";"               SI HJOU_IJQPRETHEJ = 0"
"ICONSRCP";"S";"0359";"*"
"ICONSRCP";"S";"0225";"                  LOCA_ENLEVER = 1"
"ICONSRCP";"S";"0226";"               FINSI"
"ICONSRCP";"S";"0227";"            FINSI"
"ICONSRCP";"S";"0228";"         FINSI"
"ICONSRCP";"S";"0229";"**"
"ICONSRCP";"S";"0230";"         SI LOCA_ENLEVER = 0"
"ICONSRCP";"S";"0231";"            LOCA_VAL = 0"
"ICONSRCP";"S";"0232";"* la règle n'est déroulée que s'il existe un motif congé"
"ICONSRCP";"S";"0233";"            SI HABS_VALORIS = ""J"""
"ICONSRCP";"S";"0234";"*Optimum"
"ICONSRCP";"S";"0235";"               SI CTRA_TYPEPLAN = ""1"""
"ICONSRCP";"S";"0236";"               OU CTRA_TYPEPLAN = ""6"""
"ICONSRCP";"S";"0237";"                  SI HJOU_IJQPRETHEJ <> 0"
"ICONSRCP";"S";"0238";"                     HJOU_IJRCPCOH = HJOU_IJRCPCOH + 1"
"ICONSRCP";"S";"0239";"*Limite hebdo de 1/5"
"ICONSRCP";"S";"0240";"                     SI HORC_IHIMOACQCP = ""1"""
"ICONSRCP";"S";"0241";"                     OU HORC_IHIMOACQCP = ""3"""
"ICONSRCP";"S";"0242";"                        LOCA_DRCP = 30"
"ICONSRCP";"S";"0243";"                     FINSI"
"ICONSRCP";"S";"0244";"                     SI HORC_IHIMOACQCP = ""2"""
"ICONSRCP";"S";"0245";"                     OU HORC_IHIMOACQCP = ""4"""
"ICONSRCP";"S";"0246";"                        LOCA_DRCP = 25"
"ICONSRCP";"S";"0247";"                     FINSI"
"ICONSRCP";"S";"0248";"*"
"ICONSRCP";"S";"0249";"                     SI LOCA_DRCP > 0"
"ICONSRCP";"S";"0250";"                        LOCA_LIMITEHEB = LOCA_DRCP / 5"
"ICONSRCP";"S";"0251";"*Si congés pris hebdo <= limite hebdo 1/5 des droits CP travaillés"
"ICONSRCP";"S";"0252";"                        SI HJOU_IJRCPCOH <= LOCA_LIMITEHEB"
"ICONSRCP";"S";"0253";"                           LOCA_VAL = 1"
"ICONSRCP";"S";"0254";"                        SINON"
"ICONSRCP";"S";"0255";"                           LOCA_VAL = 0"
"ICONSRCP";"S";"0256";"                        FINSI"
"ICONSRCP";"S";"0257";"                     FINSI"
"ICONSRCP";"S";"0258";"                  FINSI"
"ICONSRCP";"S";"0259";"               SINON"
"ICONSRCP";"S";"0260";"                  LOCA_VAL = 1"
"ICONSRCP";"S";"0261";"               FINSI"
"ICONSRCP";"S";"0262";"            SINON"
"ICONSRCP";"S";"0263";"*Optimum"
"ICONSRCP";"S";"0264";"               SI CTRA_TYPEPLAN = ""1"""
"ICONSRCP";"S";"0265";"               OU CTRA_TYPEPLAN = ""6"""
"ICONSRCP";"S";"0266";"                  SI HJOU_IJQPRETHEJ <> 0"
"ICONSRCP";"S";"0267";"                     HJOU_IJRCPCOH = HJOU_IJRCPCOH + 0.5"
"ICONSRCP";"S";"0268";"*Limite hebdo de 1/5"
"ICONSRCP";"S";"0269";"                     SI HORC_IHIMOACQCP = ""1"""
"ICONSRCP";"S";"0270";"                     OU HORC_IHIMOACQCP = ""3"""
"ICONSRCP";"S";"0271";"                        LOCA_DRCP = 30"
"ICONSRCP";"S";"0272";"                     FINSI"
"ICONSRCP";"S";"0273";"                     SI HORC_IHIMOACQCP = ""2"""
"ICONSRCP";"S";"0274";"                     OU HORC_IHIMOACQCP = ""4"""
"ICONSRCP";"S";"0275";"                        LOCA_DRCP = 25"
"ICONSRCP";"S";"0276";"                     FINSI"
"ICONSRCP";"S";"0277";"*"
"ICONSRCP";"S";"0278";"                     SI LOCA_DRCP > 0"
"ICONSRCP";"S";"0279";"                        LOCA_LIMITEHEB = LOCA_DRCP / 5"
"ICONSRCP";"S";"0280";"*Si congés pris hebdo <= limite hebdo 1/5 des droits CP travaillés"
"ICONSRCP";"S";"0281";"                        SI HJOU_IJRCPCOH <= LOCA_LIMITEHEB"
"ICONSRCP";"S";"0282";"                           LOCA_VAL = 0.5"
"ICONSRCP";"S";"0283";"                        SINON"
"ICONSRCP";"S";"0284";"                           LOCA_VAL = 0"
"ICONSRCP";"S";"0285";"                        FINSI"
"ICONSRCP";"S";"0286";"                     FINSI"
"ICONSRCP";"S";"0287";"                  SINON"
"ICONSRCP";"S";"0288";"                     LOCA_VAL = 0"
"ICONSRCP";"S";"0289";"                  FINSI"
"ICONSRCP";"S";"0290";"               SINON"
"ICONSRCP";"S";"0291";"                  LOCA_VAL = 0.5"
"ICONSRCP";"S";"0292";"               FINSI"
"ICONSRCP";"S";"0293";"            FINSI"
"ICONSRCP";"S";"0294";"* Conso 1 = maladie 2 -1an, maladie +1an, maladie 1 - 1an"
"ICONSRCP";"S";"0295";"            SI LOCA_CONSORCP = 1"
"ICONSRCP";"S";"0296";"               SI HJOU_IJRRRCP2M1 >= LOCA_VAL"
"ICONSRCP";"S";"0297";"                  HJOU_IJRRRCP2M1 = HJOU_IJRRRCP2M1 - LOCA_VAL"
"ICONSRCP";"S";"0298";"                  LOCA_VAL = 0"
"ICONSRCP";"S";"0299";"               SINON"
"ICONSRCP";"S";"0300";"                  LOCA_VAL = LOCA_VAL - HJOU_IJRRRCP2M1"
"ICONSRCP";"S";"0301";"                  HJOU_IJRRRCP2M1 = 0"
"ICONSRCP";"S";"0302";"               FINSI"
"ICONSRCP";"S";"0303";"               SI LOCA_VAL > 0"
"ICONSRCP";"S";"0304";"                  SI HJOU_IJRRRCPP1 >= LOCA_VAL"
"ICONSRCP";"S";"0305";"                     HJOU_IJRRRCPP1 = HJOU_IJRRRCPP1 - LOCA_VAL"
"ICONSRCP";"S";"0357";"               FINSI"
"FCTUTILES";"S";"0091";"* Stockage du jour"
"FCTUTILES";"S";"0092";"LOCA_REF << LOCA_JJMM(1:2)"
"FCTUTILES";"S";"0093";"LOCA_DATE(7:2) << LOCA_REF"
"FCTUTILES";"S";"0094";"*----------------------------------------------------------------------"
"FCTUTILES";"S";"0095";"*"
"FCTUTILES";"S";"0096";"*"
"FCTUTILES";"S";"0097";"*********************************************************************"
"FCTUTILES";"S";"0098";"* e) FONCTION INDIQUANT SI LA SEMAINE COURANTE EST A CHEVAL SUR 2 MOIS *"
"FCTUTILES";"S";"0099";"*********************************************************************"
"FCTUTILES";"S";"0100";"*"
"FCTUTILES";"S";"0101";"* Texte suivant à copier en début de règle, dans 'Déclaration des données locales' :"
"FCTUTILES";"S";"0102";"* Indicateur de semaine à cheval sur 2 mois"
"FCTUTILES";"S";"0103";"DEF LOCA_SEMACHEVAL N1"
"FCTUTILES";"S";"0104";"LOCA_SEMACHEVAL = 0"
"FCTUTILES";"S";"0105";"*------------------------"
"FCTUTILES";"S";"0106";"* SI DERNIER JOUR DU MOIS"
"FCTUTILES";"S";"0107";"*------------------------"
"FCTUTILES";"S";"0108";"* Texte suivant à copier dans le corps de la règle :"
"FCTUTILES";"S";"0109";"* Dernier jour du mois (mois du jour courant <> mois du jour suivant)"
"FCTUTILES";"S";"0110";"SI TEMP_DATJOU(5:2) <> TEMP_DATSUI(5:2)"
"ICONSRCP";"S";"0306";"                     LOCA_VAL = 0"
"ICONSRCP";"S";"0307";"                  SINON"
"ICONSRCP";"S";"0308";"                     LOCA_VAL = LOCA_VAL - HJOU_IJRRRCPP1"
"ICONSRCP";"S";"0309";"                     HJOU_IJRRRCPP1 = 0"
"ICONSRCP";"S";"0310";"                  FINSI"
"ICONSRCP";"S";"0311";"               FINSI"
"ICONSRCP";"S";"0312";"               HJOU_IJRRRCPM1 = HJOU_IJRRRCPM1 - LOCA_VAL"
"ICONSRCP";"S";"0313";"               LOCA_VAL = 0"
"ICONSRCP";"S";"0358";"            FINSI"
"ICONSRCP";"S";"0314";"               SI HJOU_IJRRRCPM1 < 0"
"ICONSRCP";"S";"0315";"                  ANOMALIE 199"
"ICONSRCP";"S";"0316";"               FINSI"
"ICONSRCP";"S";"0317";"            FINSI"
"ICONSRCP";"S";"0318";"*"
"ICONSRCP";"S";"0319";"* Conso 2 = maladie +1an, maladie 2 -1an, maladie 1 - 1an"
"ICONSRCP";"S";"0320";"            SI LOCA_CONSORCP = 2"
"ICONSRCP";"S";"0321";"               SI HJOU_IJRRRCPP1 >= LOCA_VAL"
"ICONSRCP";"S";"0322";"                  HJOU_IJRRRCPP1 = HJOU_IJRRRCPP1 - LOCA_VAL"
"ICONSRCP";"S";"0323";"                  LOCA_VAL = 0"
"ICONSRCP";"S";"0324";"               SINON"
"ICONSRCP";"S";"0325";"                  LOCA_VAL = LOCA_VAL - HJOU_IJRRRCPP1"
"ICONSRCP";"S";"0326";"                  HJOU_IJRRRCPP1 = 0"
"ICONSRCP";"S";"0327";"               FINSI"
"ICONSRCP";"S";"0328";"               SI LOCA_VAL > 0"
"ICONSRCP";"S";"0329";"                  SI HJOU_IJRRRCP2M1 >= LOCA_VAL"
"ICONSRCP";"S";"0330";"                     HJOU_IJRRRCP2M1 = HJOU_IJRRRCP2M1 - LOCA_VAL"
"ICONSRCP";"S";"0331";"                     LOCA_VAL = 0"
"ICONSRCP";"S";"0332";"                  SINON"
"ICONSRCP";"S";"0333";"                     LOCA_VAL = LOCA_VAL - HJOU_IJRRRCP2M1"
"ICONSRCP";"S";"0334";"                     HJOU_IJRRRCP2M1 = 0"
"ICONSRCP";"S";"0335";"                  FINSI"
"ICONSRCP";"S";"0336";"               FINSI"
"ICONSRCP";"S";"0337";"               HJOU_IJRRRCPM1 = HJOU_IJRRRCPM1 - LOCA_VAL"
"ICONSRCP";"S";"0338";"               LOCA_VAL = 0"
"ICONSRCP";"S";"0339";"               SI HJOU_IJRRRCPM1 < 0"
"ICONSRCP";"S";"0340";"                  ANOMALIE 199"
"ICONSRCP";"S";"0341";"               FINSI"
"ICONSRCP";"S";"0342";"            FINSI"
"ICONSRCP";"S";"0343";"*"
"ICONSRCP";"S";"0344";"* Conso 3 = maladie 2 -1an, maladie 1 - 1an"
"ICONSRCP";"S";"0345";"            SI LOCA_CONSORCP = 3"
"FCTUTILES";"S";"0111";"   SI HJOU_JOUR <> ""7"""
"FCTUTILES";"S";"0112";"      LOCA_SEMACHEVAL = 1"
"FCTUTILES";"S";"0113";"   FINSI"
"ICONSRCP";"S";"0346";"               SI HJOU_IJRRRCP2M1 >= LOCA_VAL"
"ICONSRCP";"S";"0347";"                  HJOU_IJRRRCP2M1 = HJOU_IJRRRCP2M1 - LOCA_VAL"
"ICONSRCP";"S";"0348";"                  LOCA_VAL = 0"
"ICONSRCP";"S";"0349";"               SINON"
"ICONSRCP";"S";"0350";"                  LOCA_VAL = LOCA_VAL - HJOU_IJRRRCP2M1"
"ICONSRCP";"S";"0351";"                  HJOU_IJRRRCP2M1 = 0"
"ICONSRCP";"S";"0352";"               FINSI"
"ICONSRCP";"S";"0353";"               HJOU_IJRRRCPM1 = HJOU_IJRRRCPM1 - LOCA_VAL"
"ICONSRCP";"S";"0354";"               LOCA_VAL = 0"
"ICONSRCP";"S";"0355";"               SI HJOU_IJRRRCPM1 < 0"
"ICONSRCP";"S";"0356";"                  ANOMALIE 199"
"ICONSRCP";"S";"0360";"* Conso 4 = maladie 1 -1an, maladie + 1an"
"ICONSRCP";"S";"0361";"            SI LOCA_CONSORCP = 4"
"ICONSRCP";"S";"0362";"               SI HJOU_IJRRRCPM1 >= LOCA_VAL"
"ICONSRCP";"S";"0363";"                  HJOU_IJRRRCPM1 = HJOU_IJRRRCPM1 - LOCA_VAL"
"ICONSRCP";"S";"0364";"                  LOCA_VAL = 0"
"ICONSRCP";"S";"0365";"               SINON"
"ICONSRCP";"S";"0366";"                  LOCA_VAL = LOCA_VAL - HJOU_IJRRRCPM1"
"ICONSRCP";"S";"0367";"                  HJOU_IJRRRCPM1 = 0"
"ICONSRCP";"S";"0368";"               FINSI"
"ICONSRCP";"S";"0369";"               HJOU_IJRRRCPP1 = HJOU_IJRRRCPP1 - LOCA_VAL"
"ICONSRCP";"S";"0370";"               LOCA_VAL = 0"
"ICONSRCP";"S";"0371";"               SI HJOU_IJRRRCPP1 < 0"
"ICONSRCP";"S";"0372";"                  ANOMALIE 199"
"ICONSRCP";"S";"0373";"               FINSI"
"ICONSRCP";"S";"0374";"            FINSI"
"ICONSRCP";"S";"0375";"*"
"ICONSRCP";"S";"0376";"* Conso 5 = maladie + 1an, maladie 1 -1an"
"ICONSRCP";"S";"0377";"            SI LOCA_CONSORCP = 5"
"ICONSRCP";"S";"0378";"               SI HJOU_IJRRRCPP1 >= LOCA_VAL"
"ICONSRCP";"S";"0379";"                  HJOU_IJRRRCPP1 = HJOU_IJRRRCPP1 - LOCA_VAL"
"ICONSRCP";"S";"0380";"                  LOCA_VAL = 0"
"ICONSRCP";"S";"0381";"               SINON"
"ICONSRCP";"S";"0382";"                  LOCA_VAL = LOCA_VAL - HJOU_IJRRRCPP1"
"ICONSRCP";"S";"0383";"                  HJOU_IJRRRCPP1 = 0"
"ICONSRCP";"S";"0384";"               FINSI"
"ICONSRCP";"S";"0385";"               HJOU_IJRRRCPM1 = HJOU_IJRRRCPM1 - LOCA_VAL"
"ICONSRCP";"S";"0386";"               LOCA_VAL = 0"
"ICONSRCP";"S";"0387";"               SI HJOU_IJRRRCPM1 < 0"
"ICONSRCP";"S";"0388";"                  ANOMALIE 199"
"ICONSRCP";"S";"0389";"               FINSI"
"ICONSRCP";"S";"0390";"            FINSI"
"ICONSRCP";"S";"0391";"*"
"ICONSRCP";"S";"0392";"* Conso 6 = maladie 2 -1an, maladie 1 - 1an, maladie +1an"
"ICONSRCP";"S";"0393";"            SI LOCA_CONSORCP = 6"
"ICONSRCP";"S";"0394";"               SI HJOU_IJRRRCP2M1 >= LOCA_VAL"
"ICONSRCP";"S";"0395";"                  HJOU_IJRRRCP2M1 = HJOU_IJRRRCP2M1 - LOCA_VAL"
"ICONSRCP";"S";"0396";"                  LOCA_VAL = 0"
"ICONSRCP";"S";"0397";"               SINON"
"ICONSRCP";"S";"0398";"                  LOCA_VAL = LOCA_VAL - HJOU_IJRRRCP2M1"
"ICONSRCP";"S";"0399";"                  HJOU_IJRRRCP2M1 = 0"
"ICONSRCP";"S";"0400";"               FINSI"
"ICONSRCP";"S";"0401";"               SI LOCA_VAL > 0"
"ICONSRCP";"S";"0402";"                  SI HJOU_IJRRRCPM1 >= LOCA_VAL"
"ICONSRCP";"S";"0403";"                     HJOU_IJRRRCPM1 = HJOU_IJRRRCPM1 - LOCA_VAL"
"ICONSRCP";"S";"0404";"                     LOCA_VAL = 0"
"ICONSRCP";"S";"0405";"                  SINON"
"ICONSRCP";"S";"0406";"                     LOCA_VAL = LOCA_VAL - HJOU_IJRRRCPM1"
"ICONSRCP";"S";"0407";"                     HJOU_IJRRRCPM1 = 0"
"ICONSRCP";"S";"0408";"                  FINSI"
"ICONSRCP";"S";"0409";"               FINSI"
"ICONSRCP";"S";"0410";"               HJOU_IJRRRCPP1 = HJOU_IJRRRCPP1 - LOCA_VAL"
"ICONSRCP";"S";"0411";"               LOCA_VAL = 0"
"ICONSRCP";"S";"0412";"               SI HJOU_IJRRRCPP1 < 0"
"ICONSRCP";"S";"0413";"                  ANOMALIE 199"
"ICONSRCP";"S";"0414";"               FINSI"
"ICONSRCP";"S";"0415";"            FINSI"
"ICONSRCP";"S";"0416";"         FINSI"
"ICONSRCP";"S";"0417";"      FINSI"
"ICONSRCP";"S";"0418";"   FINPOUR"
"ICONSRCP";"S";"0419";"*"
"ICONSRCP";"S";"0420";"* fin de la gestion si indicateur gestion congé est coché"
"ICONSRCP";"S";"0421";"FINSI"
"ICONSRCP";"S";"0422";"FIN"
"FCTUTILES";"S";"0114";"FINSI"
"FCTUTILES";"S";"0115";"*------------------------"
"FCTUTILES";"S";"0116";"* SI DERNIER LUNDI DU MOIS"
"FCTUTILES";"S";"0117";"*------------------------"
"FCTUTILES";"S";"0118";"* Texte suivant à copier dans le corps de la règle :"
"FCTUTILES";"S";"0119";"* Si jour courant = lundi"
"FCTUTILES";"S";"0120";"SI HJOU_JOUR = ""1"""
"FCTUTILES";"S";"0121";"*  Ajout de 6 jours pour être sur un dimanche"
"FCTUTILES";"S";"0122";"   DATAJT HJOU_DATE 12 ""J"" 6"
"FCTUTILES";"S";"0123";"*  Si les mois sont différents"
"FCTUTILES";"S";"0124";"   SI HJOU_DATE(5:2) <> TEMP_DXFINPER(5:2)"
"FCTUTILES";"S";"0125";"      LOCA_SEMACHEVAL = 1"
"FCTUTILES";"S";"0126";"   FINSI"
"FCTUTILES";"S";"0127";"FINSI"
"FCTUTILES";"S";"0128";"*----------------------------------------------------------------------"
"FCTUTILES";"S";"0129";"*"
"FCTUTILES";"S";"0130";"*"
"FCTUTILES";"S";"0131";"**************************************************************"
"FCTUTILES";"S";"0132";"* f) FONCTION DONNANT LE JOUR DE LA SEMAINE DE LA DATE COURANTE *"
"FCTUTILES";"S";"0133";"**************************************************************"
"FCTUTILES";"S";"0134";"*"
"FCTUTILES";"S";"0135";"* Texte suivant à copier en début de règle, dans 'Déclaration des données locales' :"
"FCTUTILES";"S";"0136";"* Date dans le passé correspondant à un lundi"
"FCTUTILES";"S";"0137";"DEF LOCA_DATLUNDI D"
"FCTUTILES";"S";"0138";"LOCA_DATLUNDI(1:8) = ""20180101"""
"FCTUTILES";"S";"0139";"* Jour courant de la semaine"
"FCTUTILES";"S";"0140";"DEF LOCA_NUMJOUR N1"
"FCTUTILES";"S";"0141";"LOCA_NUMJOUR = 0"
"FCTUTILES";"S";"0142";"*"
"FCTUTILES";"S";"0143";"* Texte suivant à copier dans le corps de la règle :"
"FCTUTILES";"S";"0144";"DATDIFF LOCA_DATLUNDI 12 TEMP_DATJOU 12"
"FCTUTILES";"S";"0145";"LOCA_NUMJOUR = TEMP_NXJOUR % 7"
"FCTUTILES";"S";"0146";"LOCA_NUMJOUR = LOCA_NUMJOUR + 1"
"FCTUTILES";"S";"0147";"SI LOCA_NUMJOUR = 1"
"FCTUTILES";"S";"0148";"*  Lundi (2=Mardi, 3=Mercredi, 4=Jeudi, 5=Vendredi, 6=Samedi, 7=Dimanche)"
"FCTUTILES";"S";"0149";"FINSI"
"FCTUTILES";"S";"0150";"*----------------------------------------------------------------------"
"FCTUTILES";"S";"0151";"*"
"FCTUTILES";"S";"0152";"****************************************************************************************************"
"FCTUTILES";"S";"0153";"* g) VALIDITE DES MOTIFS DANS LE FUTUR"
"FCTUTILES";"S";"0154";"****************************************************************************************************"
"FCTUTILES";"S";"0155";"* Il y a une volonté que dans le futur, les motifs posés ne soit pas retirés car la situation doit p"
"FCTUTILES";"S";"0156";"* Si par exemple un collaborateur se voit supprimer son motif, en cas de changement il ne sera pas r"
"FCTUTILES";"S";"0157";"*"
"FCTUTILES";"S";"0158";"* Donc on laisse IVALACT (suppression des motifs selon paramétrage des jours de validité de PRO) pou"
"FCTUTILES";"S";"0159";"*"
"FCTUTILES";"S";"0160";"* Par contre pour un bon calcul des compteurs prévisionnels, pour toutes les règles ""Droit Pris Sold"
"FCTUTILES";"S";"0161";"* il faut rajouter dans le futur, le bout de code de IVALACT correspondant"
"FCTUTILES";"S";"0162";"* sauf qu'à la place de la suppression du motif, on ne fait juste pas les calculs."
"FCTUTILES";"S";"0163";"***********"
"FCTUTILES";"S";"0164";"* A ajouter aux règles ""Droit Pris Solde"" :"
"FCTUTILES";"S";"0165";"***********"
"FCTUTILES";"S";"0166";"* DEB LOCA *"
"FCTUTILES";"S";"0167";"DEF LOCA_MONMOTIF N1"
"FCTUTILES";"S";"0168";"LOCA_MONMOTIF = 0"
"FCTUTILES";"S";"0169";"DEF LOCA_CONSO N1"
"FCTUTILES";"S";"0170";"DEF LOCA_VALID A4"
"FCTUTILES";"S";"0171";"LOCA_VALID = "" """
"FCTUTILES";"S";"0172";"* FIN LOCA *"
"FCTUTILES";"S";"0173";"*"
"FCTUTILES";"S";"0174";"***"
"FCTUTILES";"S";"0175";"*"
"FCTUTILES";"S";"0176";"* Lignes de commande à décommenter"
"FCTUTILES";"S";"0177";"*"
"FCTUTILES";"S";"0178";"*POUR ACTIVITES"
"FCTUTILES";"S";"0179";"****************"
"FCTUTILES";"S";"0180";"* CONSOMMATION *"
"FCTUTILES";"S";"0181";"****************"
"FCTUTILES";"S";"0182";"*   SI HABS_MOTIF = ""MONMOTIF"""
"FCTUTILES";"S";"0183";"*      LOCA_MONMOTIF = 1"
"FCTUTILES";"S";"0184";"*"
"FCTUTILES";"S";"0185";"*-*-*-*-*-*-*-*-*-*-*-*-*-*-*-*-*-*-*-*-*-*-*-*-*-*-*-*-*-*"
"FCTUTILES";"S";"0186";"* La regle IVALAC qui permet de supprimer un motif"
"FCTUTILES";"S";"0187";"* par rapport au type de jour O/S/D/F n'étant pas"
"FCTUTILES";"S";"0188";"* déroulée dans le futur on va tester la validité du motif"
"FCTUTILES";"S";"0189";"* avant d'effectuer le calcul des soldes."
"FCTUTILES";"S";"0190";"*      LOCA_CONSO = 0"
"FCTUTILES";"S";"0191";"*      LOCA_VALID = MOTI_VALID"
"FCTUTILES";"S";"0192";"*"
"FCTUTILES";"S";"0193";"*      SI LOCA_VALID(1:1) = ""O"""
"FCTUTILES";"S";"0194";"*         SI PARD_IDIJOUROUV = ""1"""
"FCTUTILES";"S";"0195";"*            SI HJOU_IJQPRETHEJ = 0"
"FCTUTILES";"S";"0196";"*               LOCA_CONSO = 1"
"FCTUTILES";"S";"0197";"*            FINSI"
"FCTUTILES";"S";"0198";"*         SINON"
"FCTUTILES";"S";"0199";"*            SI HJOU_JOUR = ""6"""
"FCTUTILES";"S";"0200";"*               SI HJOU_IJQPRETHEJ = 0"
"FCTUTILES";"S";"0201";"*                  LOCA_CONSO = 1"
"FCTUTILES";"S";"0202";"*               FINSI"
"FCTUTILES";"S";"0203";"*            FINSI"
"FCTUTILES";"S";"0204";"*         FINSI"
"FCTUTILES";"S";"0205";"*      FINSI"
"FCTUTILES";"S";"0206";"*"
"FCTUTILES";"S";"0207";"*      SI LOCA_VALID(2:1) = ""S"""
"FCTUTILES";"S";"0208";"*         LOCA_CONSO = 0"
"FCTUTILES";"S";"0209";"*      FINSI"
"FCTUTILES";"S";"0210";"*"
"FCTUTILES";"S";"0211";"*      SI LOCA_VALID(3:1) = "" """
"FCTUTILES";"S";"0212";"*         SI HJOU_JOUR = ""7"""
"FCTUTILES";"S";"0213";"*            SI HJOU_IJQPRETHEJ = 0"
"FCTUTILES";"S";"0214";"*               LOCA_CONSO = 1"
"FCTUTILES";"S";"0215";"*            FINSI"
"FCTUTILES";"S";"0216";"*         FINSI"
"FCTUTILES";"S";"0217";"*      FINSI"
"FCTUTILES";"S";"0218";"*"
"FCTUTILES";"S";"0219";"*      SI LOCA_VALID(4:1) = "" """
"FCTUTILES";"S";"0220";"*         SI TEMP_FERI = 1"
"FCTUTILES";"S";"0221";"*            LOCA_CONSO = 1"
"FCTUTILES";"S";"0222";"*         FINSI"
"FCTUTILES";"S";"0223";"*      FINSI"
"FCTUTILES";"S";"0224";"*-*-*-*-*-*-*-*-*-*-*-*-*-*-*-*-*-*-*-*-*-*-*-*-*-*-*-*-*-*"
"FCTUTILES";"S";"0225";"*"
"FCTUTILES";"S";"0226";"*      SI LOCA_CONSO = 0"
"FCTUTILES";"S";"0227";"*         SI HABS_VALORIS = ""J"""
"FCTUTILES";"S";"0228";"*            HJOU_COMPTEURPRIS = HJOU_COMPTEURPRIS + 1"
"FCTUTILES";"S";"0229";"*         FINSI"
"FCTUTILES";"S";"0230";"*         SI HABS_VALORIS = ""A"""
"FCTUTILES";"S";"0231";"*         OU HABS_VALORIS = ""M"""
"FCTUTILES";"S";"0232";"*            HJOU_COMPTEURPRIS = HJOU_COMPTEURPRIS + 0.5"
"FCTUTILES";"S";"0233";"*         FINSI"
"FCTUTILES";"S";"0234";"*      FINSI"
"FCTUTILES";"S";"0235";"*   FINSI"
"FCTUTILES";"S";"0236";"*"
"FCTUTILES";"S";"0237";"*FINPOUR"
"FCTUTILES";"S";"0238";"****************************************************************************************************"
"FCTUTILES";"S";"0239";"*"
"FCTUTILES";"S";"0240";"FIN"
"FCTUTILES";"S";"0241";"*"
"IGCSEGLISS";"S";"0001";"***********************************************************************"
"IGCSEGLISS";"S";"0002";"* Règle     : IGCSEGLISS"
"IGCSEGLISS";"S";"0003";"* Ordre     : 5230"
"IGCSEGLISS";"S";"0004";"* Titre     : Délégations CSE"
"ITRAVPAU";"S";"0001";"***********************************************************************"
"ITRAVPAU";"S";"0002";"* Règle     : ITRAVPAU"
"ITRAVPAU";"S";"0003";"* Ordre     : 2590"
"ITRAVPAU";"S";"0004";"* Libellé   : Analyse des temps de travail et de pause"
"ITRAVPAU";"S";"0005";"* Package   : Privé 16.3"
"ITRAVPAU";"S";"0006";"*----------------------------------------------------------------------"
"ITRAVPAU";"S";"0007";"* Objectif  : Tester les temps de travail supérieurs à 6 heures."
"ITRAVPAU";"S";"0008";"*             Erreur si c'est le cas."
"ITRAVPAU";"S";"0009";"*             S'assurer de la présence d'une pause d'au moins 20 mn consécutives."
"ITRAVPAU";"S";"0010";"* Remarques :"
"ITRAVPAU";"S";"0011";"*----------------------------------------------------------------------"
"ITRAVPAU";"S";"0012";"* Créée par : HQ Sector"
"ITRAVPAU";"S";"0013";"* Date      : 06.08.2024"
"ITRAVPAU";"S";"0014";"*----------------------------------------------------------------------"
"ITRAVPAU";"S";"0015";"* Màj par   :"
"ITRAVPAU";"S";"0016";"* Date      : JJ.MM.AAAA"
"ITRAVPAU";"S";"0017";"* Objet     :"
"ITRAVPAU";"S";"0018";"***********************************************************************"
"ITRAVPAU";"S";"0019";"*"
"ITRAVPAU";"S";"0020";"* Implémentation des données industrielles"
"ITRAVPAU";"S";"0021";"DEBDICO"
"ITRAVPAU";"S";"0022";"   *"
"ITRAVPAU";"S";"0023";"FINDICO"
"ITRAVPAU";"S";"0024";"*"
"ITRAVPAU";"S";"0025";"DEBANO"
"ITRAVPAU";"S";"0026";"   161;5;""Au-delà de 6 heures de travail minimum, une pause est obligatoire"";"
"ITRAVPAU";"S";"0027";"   162;5;""Une pause de 20 minutes consécutives est obligatoire"";"
"ITRAVPAU";"S";"0028";"FINANO"
"ITRAVPAU";"S";"0029";"*"
"ITRAVPAU";"S";"0030";"*------------------------------------------------*"
"ITRAVPAU";"S";"0031";"* Définition des variables locales"
"ITRAVPAU";"S";"0032";"*------------------------------------------------*"
"ITRAVPAU";"S";"0033";"DEF LOCA_PASS N1"
"ITRAVPAU";"S";"0034";"LOCA_PASS = 0"
"ITRAVPAU";"S";"0035";"DEF LOCA_SORTIE T6.2"
"ITRAVPAU";"S";"0036";"LOCA_SORTIE = 0"
"IGCSEGLISS";"S";"0017";"* Version  : 1"
"IGCSEGLISS";"S";"0005";"* Package   : Privé 16.3"
"IGCSEGLISS";"S";"0006";"*----------------------------------------------------------------------"
"IGCSEGLISS";"S";"0007";"*"
"IGCSEGLISS";"S";"0008";"*"
"IGCSEGLISS";"S";"0009";"* Rôle : Gestion des délégations CS avec report des compteurs sur 12"
"IGCSEGLISS";"S";"0010";"*        mois glissants."
"IGCSEGLISS";"S";"0011";"*"
"IGCSEGLISS";"S";"0012";"*"
"IGCSEGLISS";"S";"0013";"*"
"IGCSEGLISS";"S";"0014";"*----------------------------------------------------------------------"
"IBADGWBA";"S";"0025";"*"
"IGCSEGLISS";"S";"0015";"* Créé par : Méthodes et outils"
"IGCSEGLISS";"S";"0016";"* Date     : 27/05/2019"
"IGCSEGLISS";"S";"0018";"*----------------------------------------------------------------------"
"IGCSEGLISS";"S";"0019";"* Modifiée par :"
"IGCSEGLISS";"S";"0020";"* Date         : JJ/MM/AAAA"
"IGCSEGLISS";"S";"0021";"* Objet        :"
"IGCSEGLISS";"S";"0022";"***********************************************************************"
"IGCSEGLISS";"S";"0023";"*"
"IGCSEGLISS";"S";"0024";"* Implémentation des données industrielles"
"IGCSEGLISS";"S";"0025";"*"
"IGCSEGLISS";"S";"0026";"DEBDICO"
"IGCSEGLISS";"S";"0027";"   HJOU_IJIDFIN;O;D10;X;;;   456789;;;C2;""Fin de mandat délégation"";"
"IGCSEGLISS";"S";"0028";"   HJOU_IJRADCSE;N;T6,2;L;;;   456789;;IJRADCSE;V3;""Droit annuel réel (H)"";"
"IGCSEGLISS";"S";"0029";"   HJOU_IJIDACSET;O;T6,2;L;;;   456789;;;C3;""Droit annuel théorique (H)"";"
"IGCSEGLISS";"S";"0030";"   HJOU_IJIDACSEM;O;T6,2;L;;;   456789;;;C3;""Droit annuel mandat theo (H)"";"
"IGCSEGLISS";"S";"0031";"   HJOU_IJRAPCSE;N;T6,2;L;;;   456789;;IJRAPCSE;V3;""Pris annuel (H)"";"
"IGCSEGLISS";"S";"0032";"   HJOU_IJRATCSE;N;T6,2;L;;;   456789;;IJRATCSE;V3;""Transfert annuel (H)"";"
"IGCSEGLISS";"S";"0033";"   HJOU_IJRASCSE;N;T6,2;L;;;   456789;;IJRASCSE;V3;""Solde annuel (H)"";"
"IGCSEGLISS";"S";"0034";"   HJOU_IJRMDCSE;N;T6,2;I;;;   456789;;IJRMDCSE;V3;""Droit mensuel (H)"";"
"IGCSEGLISS";"S";"0035";"   HJOU_IJRMPCSE;N;T6,2;I;;;   456789;;IJRMPCSE;V3;""Pris mensuel (H)"";"
"IGCSEGLISS";"S";"0036";"   HJOU_IJRMTCSE;N;T6,2;I;;;   456789;;IJRMTCSE;V3;""Transfert mensuel (H)"";"
"IGCSEGLISS";"S";"0037";"   HJOU_IJRMSCSE;N;T6,2;I;;;   456789;;IJRMSCSE;V3;""Solde mensuel (H)"";"
"IGCSEGLISS";"S";"0038";"   HJOU_IJRADCSEF;N;N6,2;I;;;   456789;;IJRADCSEF;V3;""Droit CSE (forfait jour)"";"
"IGCSEGLISS";"S";"0039";"   HJOU_IJRAPCSEF;N;N6,2;I;;;   456789;;IJRAPCSEF;V3;""Pris CSE (forfait jour)"";"
"IGCSEGLISS";"S";"0040";"   HJOU_IJRATCSEF;N;N6,2;I;;;   456789;;IJRATCSEF;V3;""Transfert CSE (forfait jour)"";"
"IGCSEGLISS";"S";"0041";"   HJOU_IJRASCSEF;N;N6,2;I;;;   456789;;IJRASCSEF;V3;""Solde CSE (forfait jour)"";"
"IGCSEGLISS";"S";"0042";"   *Compteurs glissants"
"IGCSEGLISS";"S";"0043";"   HJOU_IJRMDCSE1;N;T6,2;I;;;   456789;;IJRMDCSE1;V3;""Droit mensuel M-1 (H)"";"
"IGCSEGLISS";"S";"0044";"   HJOU_IJRMDCSE10;N;T6,2;I;;;   456789;;IJRMDCSE10;V3;""Droit mensuel M-10 (H)"";"
"IGCSEGLISS";"S";"0045";"   HJOU_IJRMDCSE11;N;T6,2;I;;;   456789;;IJRMDCSE11;V3;""Droit mensuel M-11 (H)"";"
"IGCSEGLISS";"S";"0046";"   HJOU_IJRMDCSE2;N;T6,2;I;;;   456789;;IJRMDCSE2;V3;""Droit mensuel M-2 (H)"";"
"IGCSEGLISS";"S";"0047";"   HJOU_IJRMDCSE3;N;T6,2;I;;;   456789;;IJRMDCSE3;V3;""Droit mensuel M-3 (H)"";"
"ICOPIE";"S";"0060";"*"
"IBADGWBA";"S";"0001";"**********************************************************************"
"IBADGWBA";"S";"0002";"* Règle     : IBADGWBA"
"IBADGWBA";"S";"0003";"* Ordre     : 2060"
"IBADGWBA";"S";"0004";"* Titre     : Pointage lecteur WBA"
"IBADGWBA";"S";"0005";"* Package   : Privé 16.3"
"IBADGWBA";"S";"0006";"*---------------------------------------------------------------------"
"IBADGWBA";"S";"0007";"*"
"IBADGWBA";"S";"0008";"* Créé par : Méthodes et outils"
"IBADGWBA";"S";"0009";"* Date     : 26/04/2019"
"IBADGWBA";"S";"0010";"* Version  : 1"
"IBADGWBA";"S";"0011";"*"
"IBADGWBA";"S";"0012";"*---------------------------------------------------------------------"
"IBADGWBA";"S";"0013";"*"
"IBADGWBA";"S";"0014";"*"
"IBADGWBA";"S";"0015";"* Rôle : BT 65196 : Ajouter du temps à la présence badgée en cas de badgeage par le web"
"IBADGWBA";"S";"0016";"*"
"IBADGWBA";"S";"0017";"* Si il y a une durée renseignée dans le compteur IDIDURWBA"
"IBADGWBA";"S";"0018";"* alors toutes les personnes badgeants par le web verront le compteur"
"IBADGWBA";"S";"0019";"* IJQPRESBAJ alimenté du temps badgé + la durée définie dans le compteur"
"IBADGWBA";"S";"0020";"* IDIDURWBA dès lors que le premier badgeage est un badgeage web"
"IBADGWBA";"S";"0021";"*"
"IBADGWBA";"S";"0022";"*---------------------------------------------------------------------"
"IBADGWBA";"S";"0023";"*"
"IBADGWBA";"S";"0024";"* Dates d'effet :"
"IBADGWBA";"S";"0026";"* Date début : ../../...., Date fin   : ../../...."
"IBADGWBA";"S";"0027";"*"
"IBADGWBA";"S";"0028";"*---------------------------------------------------------------------"
"IBADGWBA";"S";"0029";"*"
"IBADGWBA";"S";"0030";"* Portée du calcul : Passé / présent :?, Futur proche : ?, Futur : ?"
"IBADGWBA";"S";"0031";"*"
"IBADGWBA";"S";"0032";"*---------------------------------------------------------------------"
"IBADGWBA";"S";"0033";"*"
"IBADGWBA";"S";"0034";"* Portée du report : ..."
"IBADGWBA";"S";"0035";"*"
"IBADGWBA";"S";"0036";"*---------------------------------------------------------------------"
"IBADGWBA";"S";"0037";"*"
"IBADGWBA";"S";"0038";"* Données en entrée :"
"IBADGWBA";"S";"0039";"*"
"IBADGWBA";"S";"0040";"*"
"IBADGWBA";"S";"0041";"* --- Données élémentaires ---"
"IBADGWBA";"S";"0042";"*"
"IBADGWBA";"S";"0043";"*"
"IBADGWBA";"S";"0044";"* --- Données personnalisées ---"
"IBADGWBA";"S";"0045";"*"
"IBADGWBA";"S";"0046";"*"
"IBADGWBA";"S";"0047";"* Données en sortie :"
"IBADGWBA";"S";"0048";"*"
"IBADGWBA";"S";"0049";"* --- Données personnalisées ---"
"IBADGWBA";"S";"0050";"*"
"IBADGWBA";"S";"0051";"*"
"IBADGWBA";"S";"0052";"* --- Messages ---"
"IBADGWBA";"S";"0053";"*"
"IBADGWBA";"S";"0054";"* N° / msg / Gravité"
"IBADGWBA";"S";"0055";"*"
"IBADGWBA";"S";"0056";"*---------------------------------------------------------------------"
"IBADGWBA";"S";"0057";"*"
"IBADGWBA";"S";"0058";"* Implémentation des données industrielles"
"IBADGWBA";"S";"0059";"*"
"IBADGWBA";"S";"0060";"DEBDICO"
"IBADGWBA";"S";"0061";"   PARD_IDIDURWBA;O;T6,2;I;;;123456789;;;C2;""Durée ajoutée si pointage WBA"";"
"IBADGWBA";"S";"0062";"FINDICO"
"IBADGWBA";"S";"0063";"*"
"IBADGWBA";"S";"0064";"*---------------------------------------------------------------------"
"IBADGWBA";"S";"0065";"*"
"IBADGWBA";"S";"0066";"* Modifiée par : Prénom Nom"
"IBADGWBA";"S";"0067";"* Date         : JJ/MM/AAAA"
"IBADGWBA";"S";"0068";"* Objet        :"
"IBADGWBA";"S";"0069";"*"
"IBADGWBA";"S";"0070";"**********************************************************************"
"IBADGWBA";"S";"0071";"*"
"IBADGWBA";"S";"0072";"* Définition des consignes"
"IBADGWBA";"S";"0073";"*"
"IBADGWBA";"S";"0074";"*"
"IBADGWBA";"S";"0075";"* Définition des variables locales"
"IBADGWBA";"S";"0076";"*"
"ICOPIE";"S";"0001";"***********************************************************************"
"ICOPIE";"S";"0002";"* Règle     : ICOPIE"
"ICOPIE";"S";"0003";"* Ordre     : 2050"
"ICOPIE";"S";"0004";"* Libellé   : Copie des valeurs internes dans HJOU"
"ICOPIE";"S";"0005";"* Package   : Privé 16.3"
"ICOPIE";"S";"0006";"*----------------------------------------------------------------------"
"ICOPIE";"S";"0007";"* Objectif  : 1) COPIE DES VALEURS INTERNES DANS LE DOMAINE HJOU"
"ICOPIE";"S";"0008";"*             a) Passé et présent"
"ICOPIE";"S";"0009";"*                - Nombre de mouvements d'une personne"
"ICOPIE";"S";"0010";"*                - Temps badgé (y compris les heures de nuit)"
"ICOPIE";"S";"0011";"*                - Temps effectué de nuit"
"ICOPIE";"S";"0012";"*             b) Passé, présent et futur"
"ICOPIE";"S";"0013";"*                - Taux d'emploi"
"ICOPIE";"S";"0014";"*"
"ICOPIE";"S";"0015";"*             2) ALIMENTATION INDICATEUR PIXID (en commentaire)"
"ICOPIE";"S";"0016";"*"
"ICOPIE";"S";"0017";"* Remarques :"
"ICOPIE";"S";"0018";"*----------------------------------------------------------------------"
"ICOPIE";"S";"0019";"* Créée par : HQSector"
"ICOPIE";"S";"0020";"* Date      : 06.08.2024"
"ICOPIE";"S";"0021";"* Objet     :"
"ICOPIE";"S";"0022";"*----------------------------------------------------------------------"
"ICOPIE";"S";"0023";"* Màj par   :"
"ICOPIE";"S";"0024";"* Date      :"
"ICOPIE";"S";"0025";"* Objet     :"
"ICOPIE";"S";"0026";"***********************************************************************"
"ICOPIE";"S";"0027";"* Implémentation des données industrielles"
"ICOPIE";"S";"0028";"DEBDICO"
"ICOPIE";"S";"0029";"   HJOU_IJQNBADGEA;O;N2;I;000000000000;000000000010;    56789;;;V2;""Nombre de badgeages"";"
"ICOPIE";"S";"0030";"   HJOU_IJQPRESBAJ;N;T6,2;I;;;    56789;;;V2;""Présence badgée"";"
"ICOPIE";"S";"0031";"   HJOU_IJQHNUITBA;N;T6,2;I;;;    56789;;;V2;""Heures de nuit"";"
"ICOPIE";"S";"0032";"   *"
"ICOPIE";"S";"0033";"   * Données pour export RA PIXID"
"ICOPIE";"S";"0034";"   * EMPL_IEIMATRI;O;A10;X;;;789;;;C2;MATRICULE PIXID;"
"ICOPIE";"S";"0035";"   * HJOU_IJIPIXID;O;Z1;X;;;789;L;;C0;FILTRE JOUR EXPORT PIXID;"
"ICOPIE";"S";"0036";"   *"
"ICOPIE";"S";"0037";"   * Ajout 06.08.2024 - PDH"
"ICOPIE";"S";"0038";"   CTRA_ICITAUX;O;N5,2;I;000000000000;000000010000;123456789;;;C2;""Taux"";"
"ICOPIE";"S";"0039";"   HJOU_IJITYPCTRA;O;N5,2;I;000000000000;000000010000;123456789;;;V2;""Temps de travail (%)"";"
"ICOPIE";"S";"0040";"FINDICO"
"ICOPIE";"S";"0041";"*"
"ICOPIE";"S";"0042";"*"
"ICOPIE";"S";"0043";"SI HJOU_DATE <= TEMP_DATJOU"
"ICOPIE";"S";"0044";"*  Nombre de mouvements d'une personne"
"ICOPIE";"S";"0045";"   HJOU_IJQNBADGEA = TEMP_NXPOIN"
"ICOPIE";"S";"0046";"*  Temps badgé (y compris les heures de nuit)"
"ICOPIE";"S";"0047";"   HJOU_IJQPRESBAJ = TEMP_HXPOIN"
"ICOPIE";"S";"0048";"*  Temps effectué de nuit"
"ICOPIE";"S";"0049";"   HJOU_IJQHNUITBA = TEMP_HXNUIT"
"ICOPIE";"S";"0050";"*"
"ICOPIE";"S";"0051";"FINSI"
"ICOPIE";"S";"0052";"*"
"ICOPIE";"S";"0053";"* Taux d'emploi"
"ICOPIE";"S";"0054";"SI CTRA_ICITAUX = 0"
"ICOPIE";"S";"0055";"   HJOU_IJITYPCTRA = 100"
"ICOPIE";"S";"0056";"SINON"
"ICOPIE";"S";"0057";"   HJOU_IJITYPCTRA = CTRA_ICITAUX"
"ICOPIE";"S";"0058";"FINSI"
"ICOPIE";"S";"0059";"*"
"ICOPIE";"S";"0061";"************************************************************"
"ICOPIE";"S";"0062";"* Gestion du filtre extraction journalier des intérimaires PIXID"
"ICOPIE";"S";"0063";"************************************************************"
"ICOPIE";"S";"0064";"* Les intérimaires PIXID sont identifiés par un matricule PIXID identifié par donnée EMPL_IEIMATRI"
"ICOPIE";"S";"0065";"*SI EMPL_IEIMATRI <> "" """
"ICOPIE";"S";"0066";"*  Intérimaire identifié"
"ICOPIE";"S";"0067";"*   SI HJOU_IJIPIXID <> ""1"""
"ICOPIE";"S";"0068";"*     Positionner le filtre actif"
"ICOPIE";"S";"0069";"*      HJOU_IJIPIXID = ""1"""
"ICOPIE";"S";"0070";"*   FINSI"
"ICOPIE";"S";"0071";"*SINON"
"ICOPIE";"S";"0072";"*  Intérimaire non identifié"
"ICOPIE";"S";"0073";"*   SI HJOU_IJIPIXID <> ""0"""
"ICOPIE";"S";"0074";"*     Positionner le filtre inactif"
"ICOPIE";"S";"0075";"*      HJOU_IJIPIXID = ""0"""
"ICOPIE";"S";"0076";"*   FINSI"
"ICOPIE";"S";"0077";"*FINSI"
"ICOPIE";"S";"0078";"***********************************************************"
"ICOPIE";"S";"0079";"*"
"ICOPIE";"S";"0080";"FIN"
"ICOPIE";"S";"0081";"*"
"IMISSJ";"S";"0001";"***********************************************************************"
"IMISSJ";"S";"0002";"* Règle     : IMISSJ"
"IMISSJ";"S";"0003";"* Ordre     : 2100"
"IMISSJ";"S";"0004";"* Titre     : Mission jour en cours et suivants"
"IMISSJ";"S";"0005";"* Package   : Privé 16.3"
"IMISSJ";"S";"0006";"*----------------------------------------------------------------------"
"IMISSJ";"S";"0007";"*"
"IMISSJ";"S";"0008";"* Rôle :"
"IMISSJ";"S";"0009";"*"
"IMISSJ";"S";"0010";"* Mission jour en cours et suivants"
"IMISSJ";"S";"0011";"*"
"IMISSJ";"S";"0012";"*----------------------------------------------------------------------"
"IMISSJ";"S";"0013";"* Créé par : Cellule Industrialisation"
"IMISSJ";"S";"0014";"* Date     : 03/09/2009"
"IMISSJ";"S";"0015";"* Objet    :"
"IMISSJ";"S";"0016";"*----------------------------------------------------------------------"
"IMISSJ";"S";"0017";"* Màj par   :"
"IMISSJ";"S";"0018";"* Date      : JJ.MM.AAAA"
"IMISSJ";"S";"0019";"* Objet     :"
"IMISSJ";"S";"0020";"***********************************************************************"
"IMISSJ";"S";"0021";"*"
"IMISSJ";"S";"0022";"* Implémentation des données industrielles"
"IMISSJ";"S";"0023";"*"
"IMISSJ";"S";"0024";"DEBDICO"
"IMISSJ";"S";"0025";"   HJOU_INMISS;O;Z1;X;;;123456789;L;;C2;""Mission autorisée"";"
"IBADGWBA";"S";"0077";"DEF LOCA_NOB N2"
"IBADGWBA";"S";"0078";"LOCA_NOB = 0"
"IBADGWBA";"S";"0079";"DEF LOCA_RAJOUT N1"
"IBADGWBA";"S";"0080";"LOCA_RAJOUT = 0"
"IBADGWBA";"S";"0081";"*"
"IBADGWBA";"S";"0082";"SI PARD_IDIDURWBA > 0"
"IBADGWBA";"S";"0083";"   SI HJOU_DATE <= TEMP_DATJOU"
"IBADGWBA";"S";"0084";"      POUR POINTAGES"
"IBADGWBA";"S";"0085";"*        Comptabilisation du nombre de pointage"
"IBADGWBA";"S";"0086";"         LOCA_NOB = LOCA_NOB + 1"
"IBADGWBA";"S";"0087";"*        jai pointé depuis le pc : WBA"
"IBADGWBA";"S";"0088";"         SI POIN_LECTEUR = ""*WBA"""
"IBADGWBA";"S";"0089";"*           premier pointage de la journée"
"IBADGWBA";"S";"0090";"            SI LOCA_NOB = 1"
"IBADGWBA";"S";"0091";"               LOCA_RAJOUT = 1"
"IBADGWBA";"S";"0092";"            FINSI"
"IBADGWBA";"S";"0093";"         FINSI"
"IBADGWBA";"S";"0094";"      FINPOUR"
"IBADGWBA";"S";"0095";"*"
"IBADGWBA";"S";"0096";"*     je dois rajouter des heures. je prends celles definies dans PARD_IDIDURWBA"
"IBADGWBA";"S";"0097";"      SI LOCA_RAJOUT > 0"
"IBADGWBA";"S";"0098";"         HJOU_IJQPRESBAJ = HJOU_IJQPRESBAJ + PARD_IDIDURWBA"
"IBADGWBA";"S";"0099";"      FINSI"
"IBADGWBA";"S";"0100";"   FINSI"
"IBADGWBA";"S";"0101";"FINSI"
"IBADGWBA";"S";"0102";"*"
"IBADGWBA";"S";"0103";"*"
"IBADGWBA";"S";"0104";"FIN"
"IMISSL";"S";"0001";"***********************************************************************"
"IMISSL";"S";"0002";"* Règle     : IMISSL"
"IMISSL";"S";"0003";"* Ordre     : 2110"
"IMISSL";"S";"0004";"* Titre     : Mission départ la veille"
"IMISSL";"S";"0005";"* Package   : Privé 16.3"
"IMISSL";"S";"0006";"*----------------------------------------------------------------------"
"IMISSL";"S";"0007";"*"
"IMISSL";"S";"0008";"*"
"IMISSL";"S";"0009";"* Rôle :"
"IMISSL";"S";"0010";"*"
"IMISSL";"S";"0011";"* <A préciser>"
"IMISSL";"S";"0012";"*"
"IMISSL";"S";"0013";"*----------------------------------------------------------------------"
"IMISSL";"S";"0014";"* Créé par : Cellule Industrialisation"
"IMISSL";"S";"0015";"* Date     : 03/09/2009"
"IMISSL";"S";"0016";"* Version  : 1"
"IMISSL";"S";"0017";"*----------------------------------------------------------------------"
"IMISSL";"S";"0018";"* Màj par   :"
"IMISSL";"S";"0019";"* Date      : JJ.MM.AAAA"
"IMISSL";"S";"0020";"* Objet     :"
"IMISSL";"S";"0021";"***********************************************************************"
"IMISSL";"S";"0022";"*"
"IMISSL";"S";"0023";"*"
"IMISSL";"S";"0024";"* Implémentation des données industrielles"
"IMISSL";"S";"0025";"*"
"IMISSL";"S";"0026";"DEBDICO"
"IMISSL";"S";"0027";"   HJOU_IJRF2PBHSL;N;Z1;X;0;9;    56789;;IJRF2PBHSL;V2;""Flag prés. b.h.s. du lendemain (N2)"";"
"IMISSL";"S";"0028";"   HJOU_IJQMISBADV;N;T6,2;I;;;    56789;;;V2;""Présence hors site badgée la veille"";"
"IMISSL";"S";"0029";"   HJOU_IJQFMILPDJ;N;N2;I;;;    56789;;;V2;""Flag pause mérid. prés. h.s.bad. lend."";"
"IMISSL";"S";"0030";"FINDICO"
"IMISSL";"S";"0031";"*"
"IMISSL";"S";"0032";"DEBANO"
"IMISSL";"S";"0033";"   143;5;""Mission du lendemain annulée"";"
"IMISSL";"S";"0034";"FINANO"
"IMISSL";"S";"0035";"* Déclaration des donnees locales"
"IMISSL";"S";"0036";"*"
"IMISSL";"S";"0037";"DEF LOCA_DEJDEB T6.2"
"IMISSL";"S";"0038";"LOCA_DEJDEB = 0"
"IMISSL";"S";"0039";"DEF LOCA_DEJFIN T6.2"
"IMISSL";"S";"0040";"LOCA_DEJFIN = 0"
"IMISSL";"S";"0041";"DEF LOCA_DEJLIM T6.2"
"IMISSL";"S";"0042";"LOCA_DEJLIM = 0"
"IMISSL";"S";"0043";"DEF LOCA_SUP T6.2"
"IMISSL";"S";"0044";"LOCA_SUP = 0"
"IMISSL";"S";"0045";"DEF LOCA_INF T6.2"
"IMISSL";"S";"0046";"LOCA_INF = 0"
"IMISSL";"S";"0047";"DEF LOCA_DIF T6.2"
"IMISSL";"S";"0048";"LOCA_DIF = 0"
"IMISSL";"S";"0049";"DEF LOCA_IMPUT A6"
"IMISSL";"S";"0050";"LOCA_IMPUT = "" """
"IMISSL";"S";"0051";"DEF LOCA_MISSL T6.2"
"IMISSL";"S";"0052";"LOCA_MISSL = 0"
"IMISSL";"S";"0053";"DEF LOCA_DUREE T6.2"
"IMISSL";"S";"0054";"LOCA_DUREE = 0"
"IMISSL";"S";"0055";"DEF LOCA_PTMISS N1"
"IMISSL";"S";"0056";"LOCA_PTMISS = 0"
"IMISSL";"S";"0057";"DEF LOCA_DURDEJ T6.2"
"IMISSL";"S";"0058";"LOCA_DURDEJ = 0"
"IMISSL";"S";"0059";"DEF LOCA_SORTIE T6.2"
"IMISSL";"S";"0060";"LOCA_SORTIE = 0"
"IMISSL";"S";"0061";"DEF LOCA_RETMIS T6.2"
"IMISSL";"S";"0062";"LOCA_RETMIS = 0"
"IMISSL";"S";"0063";"SI HJOU_DATE <= TEMP_DATJOU"
"IMISSL";"S";"0064";"   SI HJOU_INMISS = ""3"""
"IMISSL";"S";"0065";"      PLAGE ""DJ"""
"IMISSL";"S";"0066";"      SI TEMP_TYPPLA <> "" """
"IMISSL";"S";"0067";"         LOCA_DEJDEB = TEMP_VALTRT1"
"IMISSL";"S";"0068";"         LOCA_DEJFIN = TEMP_VALTRT2"
"IMISSL";"S";"0069";"      FINSI"
"IGCSEGLISS";"S";"0048";"   HJOU_IJRMDCSE4;N;T6,2;I;;;   456789;;IJRMDCSE4;V3;""Droit mensuel M-4 (H)"";"
"IMISSL";"S";"0070";"      POUR POINTAGES"
"IMISSL";"S";"0071";"* Récuperation de l'heure de badgeage"
"IMISSL";"S";"0072";"* si c'est un mouvement de sortie mission"
"IMISSL";"S";"0073";"         SI POIN_SENS = ""1"""
"IMISSL";"S";"0074";"            SI POIN_IMPUT = ""MISSL"""
"IMISSL";"S";"0075";"               LOCA_PTMISS = 1"
"IMISSL";"S";"0076";"               LOCA_IMPUT = POIN_IMPUT"
"IMISSL";"S";"0077";"               LOCA_SORTIE = POIN_HRETRAI"
"IMISSL";"S";"0078";"               HJOU_IJRF2PBHSL = ""1"""
"IMISSL";"S";"0079";"            FINSI"
"IMISSL";"S";"0080";"         FINSI"
"IMISSL";"S";"0081";"         SI POIN_SENS = ""0"""
"IMISSL";"S";"0082";"            LOCA_PTMISS = 0"
"IMISSL";"S";"0083";"* si retour mission sans depart dans la m?me journe"
"IMISSL";"S";"0084";"            SI LOCA_IMPUT = "" """
"IMISSL";"S";"0085";"               SI LOCA_RETMIS = 0"
"IMISSJ";"S";"0232";"         FINSI"
"IMISSJ";"S";"0026";"   HJOU_IJRF2PRBHS;N;Z1;X;0;9;    56789;;IJRF2PRBHS;V2;""Flag prés. b. h.s. sur x jours (N2)"";"
"IMISSJ";"S";"0027";"   HJOU_IJQPRESBA1;N;T6,2;I;;;    56789;;;V2;""Présence badgée matin"";"
"IMISSJ";"S";"0028";"   HJOU_IJQPRESBA2;N;T6,2;I;;;    56789;;;V2;""Présence badgée après-midi"";"
"IMISSJ";"S";"0029";"   HJOU_IJQFMISPDJ;N;N2;I;;;     6789;;;V2;""Flag pause médienne mission"";"
"IMISSJ";"S";"0030";"   HJOU_IJQFMISBAD;O;N2;I;;;    56789;;;V2;""Flag présence hors site badgée"";"
"IMISSJ";"S";"0031";"   HJOU_IJQMISBADG;N;T6,2;I;;;    56789;;;V2;""Présence hors site badgée"";"
"IMISSJ";"S";"0032";"   HJOU_IJQMISSRET;N;T6,2;I;;;    56789;;;V2;""Présence h. s.borne déb. et 1er pointage"";"
"IMISSJ";"S";"0033";"   TEMP_RETOUR;N;T6,2;I;;;    56789;;;V2;""Retour mission"";"
"IMISSJ";"S";"0034";"   TEMP_TEMISS;O;Z1;X;0;1;    56789;;;V2;""Indicateur pour repas mission"";"
"IMISSJ";"S";"0035";"FINDICO"
"IMISSJ";"S";"0036";"*"
"IMISSJ";"S";"0037";"* Déclaration des donnees locales"
"IMISSJ";"S";"0038";"*"
"IMISSJ";"S";"0039";"DEF LOCA_PRESM N1"
"IMISSJ";"S";"0040";"LOCA_PRESM = 0"
"IMISSJ";"S";"0041";"DEF LOCA_PRESA N1"
"IMISSJ";"S";"0042";"LOCA_PRESA = 0"
"IMISSJ";"S";"0043";"DEF LOCA_TEST N1"
"IMISSJ";"S";"0044";"LOCA_TEST = 0"
"IMISSJ";"S";"0045";"DEF LOCA_DEJDEB T6.2"
"IMISSJ";"S";"0046";"LOCA_DEJDEB = 0"
"IMISSJ";"S";"0047";"DEF LOCA_DEJFIN T6.2"
"IMISSJ";"S";"0048";"LOCA_DEJFIN = 0"
"IMISSJ";"S";"0049";"DEF LOCA_DEJLIM T6.2"
"IMISSJ";"S";"0050";"LOCA_DEJLIM = 0"
"IMISSJ";"S";"0051";"DEF LOCA_SUP T6.2"
"IMISSJ";"S";"0052";"LOCA_SUP = 0"
"IMISSJ";"S";"0053";"DEF LOCA_INF T6.2"
"IMISSJ";"S";"0054";"LOCA_INF = 0"
"IMISSJ";"S";"0055";"DEF LOCA_DIF T6.2"
"IMISSJ";"S";"0056";"LOCA_DIF = 0"
"IMISSJ";"S";"0057";"DEF LOCA_IMPUT A6"
"IMISSJ";"S";"0058";"LOCA_IMPUT = "" """
"IMISSJ";"S";"0059";"DEF LOCA_MISS T6.2"
"IMISSJ";"S";"0060";"LOCA_MISS = 0"
"IMISSJ";"S";"0061";"DEF LOCA_DUREE T6.2"
"IMISSJ";"S";"0062";"LOCA_DUREE = 0"
"IMISSJ";"S";"0063";"DEF LOCA_PTMISS N1"
"IMISSJ";"S";"0064";"LOCA_PTMISS = 0"
"IMISSJ";"S";"0065";"DEF LOCA_DURDEJ T6.2"
"IMISSJ";"S";"0066";"LOCA_DURDEJ = 0"
"IMISSJ";"S";"0067";"DEF LOCA_DURDEJL T6.2"
"IMISSJ";"S";"0068";"LOCA_DURDEJL = 0"
"IMISSJ";"S";"0069";"DEF LOCA_SORTIE T6.2"
"IMISSJ";"S";"0070";"LOCA_SORTIE = 0"
"IMISSJ";"S";"0071";"DEF LOCA_RETMIS T6.2"
"IMISSJ";"S";"0072";"LOCA_RETMIS = 0"
"IMISSJ";"S";"0073";"DEF LOCA_MISSL T6.2"
"IMISSJ";"S";"0074";"LOCA_MISSL = 0"
"IMISSJ";"S";"0075";"SI HJOU_DATE <= TEMP_DATJOU"
"IMISSJ";"S";"0076";"   SI HJOU_INMISS <> ""0"""
"IMISSJ";"S";"0077";"      PLAGE ""DJ"""
"IMISSJ";"S";"0078";"      SI TEMP_TYPPLA <> "" """
"IMISSJ";"S";"0079";"         LOCA_DEJDEB = TEMP_VALTRT1"
"IMISSJ";"S";"0080";"         LOCA_DEJFIN = TEMP_VALTRT2"
"IMISSJ";"S";"0081";"      FINSI"
"IMISSJ";"S";"0082";"      POUR POINTAGES"
"IMISSJ";"S";"0083";"* Recuperation de l'heure de badgeage"
"IMISSJ";"S";"0084";"* si c'est un mouvement de sortie mission"
"IMISSJ";"S";"0085";"         SI POIN_SENS = ""1"""
"IMISSJ";"S";"0086";"            SI POIN_IMPUT = ""MISS"""
"IMISSJ";"S";"0087";"               LOCA_PTMISS = 1"
"IMISSJ";"S";"0088";"               LOCA_IMPUT = POIN_IMPUT"
"IMISSJ";"S";"0089";"               LOCA_SORTIE = POIN_HRETRAI"
"IMISSJ";"S";"0090";"               HJOU_IJRF2PRBHS = ""1"""
"IMISSJ";"S";"0091";"               LOCA_TEST = 0"
"IMISSJ";"S";"0092";"** test si on a un depart mission"
"IMISSJ";"S";"0093";"**  < badgeage theorique sortie 1"
"IMISSJ";"S";"0094";"** pour ne pas declencher l'anomalie"
"IMISSJ";"S";"0095";"** absent matin"
"IMISSJ";"S";"0096";"               SI PROF_PTTHEO1 > 0"
"IMISSJ";"S";"0097";"                  SI PROF_PTTHEO1 <= 36.00"
"IMISSJ";"S";"0098";"                     SI LOCA_SORTIE < PROF_PTTHEO2"
"IMISSJ";"S";"0099";"                        LOCA_PRESM = 1"
"IMISSJ";"S";"0100";"                     FINSI"
"IMISSJ";"S";"0101";"                  FINSI"
"IMISSJ";"S";"0102";"               FINSI"
"IMISSJ";"S";"0103";"** test si on a un depart mission"
"IMISSJ";"S";"0104";"**  < badgeage theorique sortie 1"
"IMISSJ";"S";"0105";"** pour ne pas declencher l'anomalie"
"IMISSJ";"S";"0106";"** absent matin"
"IMISSJ";"S";"0107";"               SI PROF_PTTHEO3 > 0"
"IMISSJ";"S";"0108";"                  SI PROF_PTTHEO3 <= 36.00"
"IMISSJ";"S";"0109";"                     SI LOCA_SORTIE < PROF_PTTHEO4"
"IMISSJ";"S";"0110";"                        LOCA_PRESA = 1"
"IMISSJ";"S";"0111";"                     FINSI"
"IMISSJ";"S";"0112";"                  FINSI"
"IMISSJ";"S";"0113";"               FINSI"
"IMISSJ";"S";"0114";"            FINSI"
"IMISSJ";"S";"0115";"         FINSI"
"IMISSJ";"S";"0116";"         SI POIN_SENS = ""0"""
"IMISSJ";"S";"0117";"            LOCA_PTMISS = 0"
"IMISSJ";"S";"0118";"* si le badgeage en entree est un retour mission"
"IMISSJ";"S";"0119";"            SI LOCA_IMPUT = ""MISS"""
"IMISSJ";"S";"0120";"               LOCA_RETMIS = POIN_HRETRAI"
"IMISSJ";"S";"0121";"               LOCA_IMPUT = "" """
"IMISSJ";"S";"0122";"               HJOU_IJRF2PRBHS = ""0"""
"IMISSJ";"S";"0123";"               LOCA_TEST = 0"
"IMISSJ";"S";"0124";"** test si on a un retour mission"
"IMISSJ";"S";"0125";"**  > badgeage theorique entree 1"
"IMISSJ";"S";"0126";"** pour ne pas declencher l'anomalie"
"IMISSJ";"S";"0127";"** absent matin"
"IMISSJ";"S";"0128";"               SI LOCA_PRESM = 1"
"IMISSJ";"S";"0129";"                  SI LOCA_RETMIS > PROF_PTTHEO1"
"IMISSJ";"S";"0130";"                     HJOU_IJQPRESBA1 = 2"
"IMISSJ";"S";"0131";"                  FINSI"
"IMISSJ";"S";"0132";"               FINSI"
"IMISSJ";"S";"0133";"** test si on a un retour mission"
"IGCSEGLISS";"S";"0049";"   HJOU_IJRMDCSE5;N;T6,2;I;;;   456789;;IJRMDCSE5;V3;""Droit mensuel M-5 (H)"";"
"IGCSEGLISS";"S";"0050";"   HJOU_IJRMDCSE6;N;T6,2;I;;;   456789;;IJRMDCSE6;V3;""Droit mensuel M-6 (H)"";"
"IGCSEGLISS";"S";"0051";"   HJOU_IJRMDCSE7;N;T6,2;I;;;   456789;;IJRMDCSE7;V3;""Droit mensuel M-7 (H)"";"
"IGCSEGLISS";"S";"0052";"   HJOU_IJRMDCSE8;N;T6,2;I;;;   456789;;IJRMDCSE8;V3;""Droit mensuel M-8 (H)"";"
"IGCSEGLISS";"S";"0053";"   HJOU_IJRMDCSE9;N;T6,2;I;;;   456789;;IJRMDCSE9;V3;""Droit mensuel M-9 (H)"";"
"IGCSEGLISS";"S";"0054";"   *Pour déclencher l'anomalie en cas de dépassement du max mensuel"
"IGCSEGLISS";"S";"0055";"   HJOU_IJRCUPMCSE;N;T6,2;I;;;   456789;;IJRCUPMCSE;V3;""Cumul pris mensuel (H)"";"
"IGCSEGLISS";"S";"0056";"   MOTI_IMIMATRICS;O;A10;X;;;   456789;IH;;C2;""Matricule à créditer CSE"";"
"IGCSEGLISS";"S";"0057";"   EMPL_IEQSDELCSE;N;T6,2;L;;;     6789;;;V3;""Solde délégation CSE"";"
"IGCSEGLISS";"S";"0058";"   HORC_IHINFORFJ;O;Z1;X;0;1;123456789;C;;C2;""Forfait jour CSE"";"
"IGCSEGLISS";"S";"0059";"   PARD_IDIMAJOCSE;O;N3,1;I;0;;123456789;;;C3;""Taux de majoration maxi droit CSE"";"
"IGCSEGLISS";"S";"0060";"   EMPL_IEIMEMBCSE;O;A1;X;;;123456789;L8;;C3;""Membre CSE"";"
"IGCSEGLISS";"S";"0061";"FINDICO"
"IGCSEGLISS";"S";"0062";"*"
"IGCSEGLISS";"S";"0063";"DEBANO"
"IGCSEGLISS";"S";"0064";"   215;7;""Solde mensuel délégation CSE négatif"";"
"IGCSEGLISS";"S";"0065";"   216;7;""Dépassement du droit maximum CSE mensuel"";"
"IGCSEGLISS";"S";"0066";"   217;7;""Solde annuel délégation CSE négatif"";"
"IGCSEGLISS";"S";"0067";"   218;7;""Dépassement du droit maximum CSE annuel"";"
"IGCSEGLISS";"S";"0068";"   219;7;""La valeur du CSE transféré doit être un multiple de 4"";"
"IGCSEGLISS";"S";"0069";"   220;7;""Le transfert doit se faire vers un matricule différent de celui du donateur"";"
"IGCSEGLISS";"S";"0070";"   221;7;""Valorisation en heures interdite aux forfaits jour"";"
"IGCSEGLISS";"S";"0071";"   224;7;""Dépassement des droits maxi mensuel"";"
"IGCSEGLISS";"S";"0072";"FINANO"
"IGCSEGLISS";"S";"0073";"* -------------------------------"
"IGCSEGLISS";"S";"0074";"* Déclaration des donnees locales"
"IGCSEGLISS";"S";"0075";"* -------------------------------"
"IGCSEGLISS";"S";"0076";"DEF LOCA_DTMAX T6.2"
"IGCSEGLISS";"S";"0077";"LOCA_DTMAX = 0"
"IGCSEGLISS";"S";"0078";"* --------------------------------------------------------------------------------"
"IGCSEGLISS";"S";"0079";"* Locale permettant de déterminer s'il y a une consigne impactant le droit mensuel"
"IGCSEGLISS";"S";"0080";"* --------------------------------------------------------------------------------"
"IGCSEGLISS";"S";"0081";"DEF LOCA_MENS N1"
"IGCSEGLISS";"S";"0082";"LOCA_MENS = 0"
"IGCSEGLISS";"S";"0083";"DEF LOCA_MENS2 N1"
"IGCSEGLISS";"S";"0084";"LOCA_MENS2 = 0"
"IGCSEGLISS";"S";"0085";"DEF LOCA_MAJO N1"
"IGCSEGLISS";"S";"0086";"LOCA_MAJO = 0"
"IGCSEGLISS";"S";"0087";"* -------------------------------------------------------------"
"IGCSEGLISS";"S";"0088";"* Locale permettant de calculer le droit pour les forfaits jour"
"IGCSEGLISS";"S";"0089";"* -------------------------------------------------------------"
"IGCSEGLISS";"S";"0090";"DEF LOCA_MAJD T6.2"
"IGCSEGLISS";"S";"0091";"LOCA_MAJD = 0"
"IGCSEGLISS";"S";"0092";"* --------------------------------------------------------------------------------"
"IGCSEGLISS";"S";"0093";"* Locale permettant de calculer le nbre de jours transférés pour les forfaits jour"
"IGCSEGLISS";"S";"0094";"* --------------------------------------------------------------------------------"
"IGCSEGLISS";"S";"0095";"DEF LOCA_MAJT T6.2"
"IGCSEGLISS";"S";"0096";"LOCA_MAJT = 0"
"IGCSEGLISS";"S";"0097";"DEF LOCA_DATE D"
"IGCSEGLISS";"S";"0098";"LOCA_DATE = "" """
"IGCSEGLISS";"S";"0099";"DEF LOCA_ACOURS N4"
"IGCSEGLISS";"S";"0100";"LOCA_ACOURS = 0"
"IGCSEGLISS";"S";"0101";"DEF LOCA_DATEFIN D"
"IGCSEGLISS";"S";"0102";"LOCA_DATEFIN = "" """
"IGCSEGLISS";"S";"0103";"DEF LOCA_DROIT N7.3"
"IGCSEGLISS";"S";"0104";"LOCA_DROIT = 0"
"IGCSEGLISS";"S";"0105";"DEF LOCA_MAT A10"
"IGCSEGLISS";"S";"0106";"LOCA_MAT = "" """
"IGCSEGLISS";"S";"0107";"DEF LOCA_VALO A1"
"IGCSEGLISS";"S";"0108";"LOCA_VALO = "" """
"IGCSEGLISS";"S";"0109";"* ----------------------------------------------------"
"IGCSEGLISS";"S";"0110";"* Coefficient appliqué pour le calcul de la majoration"
"IGCSEGLISS";"S";"0111";"* ----------------------------------------------------"
"IGCSEGLISS";"S";"0112";"DEF LOCA_TAUX N4.1"
"IGCSEGLISS";"S";"0113";"LOCA_TAUX = PARD_IDIMAJOCSE"
"IGCSEGLISS";"S";"0114";"DEF LOCA_DIV T6.2"
"IGCSEGLISS";"S";"0115";"LOCA_DIV = 1.00"
"IGCSEGLISS";"S";"0116";"DEF LOCA_RESTE N7.3"
"IGCSEGLISS";"S";"0117";"LOCA_RESTE = 0"
"IGCSEGLISS";"S";"0118";"DEF LOCA_RESTET T8.2"
"IGCSEGLISS";"S";"0119";"LOCA_RESTET = 0"
"IGCSEGLISS";"S";"0120";"DEF LOCA_MOINS1 N2"
"IGCSEGLISS";"S";"0121";"LOCA_MOINS1 = -1"
"IGCSEGLISS";"S";"0122";"DEF LOCA_CONSORELI N1"
"IGCSEGLISS";"S";"0123";"LOCA_CONSORELI = 0"
"IGCSEGLISS";"S";"0124";"DEF LOCA_CONSO N1"
"IGCSEGLISS";"S";"0125";"LOCA_CONSO = 0"
"IGCSEGLISS";"S";"0126";"****************************"
"IGCSEGLISS";"S";"0127";"* maximum mensuel (par défaut 1,5 fois le 12ième ANNUEL)"
"IGCSEGLISS";"S";"0128";"DEF LOCA_MAXM T8.2"
"IGCSEGLISS";"S";"0129";"LOCA_MAXM = HJOU_IJIDACSEM / 12"
"IGCSEGLISS";"S";"0130";"LOCA_MAXM = LOCA_MAXM * PARD_IDIMAJOCSE"
"IGCSEGLISS";"S";"0131";"* droit et transfert"
"IGCSEGLISS";"S";"0132";"DEF LOCA_DRTR T8.2"
"IGCSEGLISS";"S";"0133";"LOCA_DRTR = 0"
"IGCSEGLISS";"S";"0134";"* droit et pris"
"IGCSEGLISS";"S";"0135";"DEF LOCA_DRPR T8.2"
"IGCSEGLISS";"S";"0136";"LOCA_DRPR = 0"
"IGCSEGLISS";"S";"0137";"*CSE en jour"
"IGCSEGLISS";"S";"0138";"DEF LOCA_MENSJ N1"
"IGCSEGLISS";"S";"0139";"LOCA_MENSJ = 0"
"IGCSEGLISS";"S";"0140";"* --------------------------------"
"IGCSEGLISS";"S";"0141";"* Calcul de la date prévisionnelle"
"IGCSEGLISS";"S";"0142";"* --------------------------------"
"IMISSJ";"S";"0134";"**  > badgeage theorique entree 2"
"IMISSJ";"S";"0135";"** pour ne pas declencher l'anomalie"
"IMISSJ";"S";"0136";"** absent apres-midi"
"IMISSJ";"S";"0137";"               SI LOCA_PRESA = 1"
"IMISSJ";"S";"0138";"                  SI LOCA_RETMIS > PROF_PTTHEO3"
"IMISSJ";"S";"0139";"                     HJOU_IJQPRESBA2 = 2"
"IMISSJ";"S";"0140";"                  FINSI"
"IMISSJ";"S";"0141";"               FINSI"
"IMISSJ";"S";"0142";"               FAIRE CALMISS"
"IMISSJ";"S";"0143";"            FINSI"
"IMISSJ";"S";"0144";"* si retour mission sans depart dans la m?me journe"
"IMISSJ";"S";"0145";"            SI LOCA_IMPUT = "" """
"IMISSJ";"S";"0146";"* calcul de la duree par rapport ? la borne de"
"IMISSJ";"S";"0147";"* debut du profil"
"IMISSJ";"S";"0148";"* Attention calcul systematique du temps mission"
"IMISSJ";"S";"0149";"* entre le premier mouv. et l'heure de debut missio"
"IMISSJ";"S";"0150";"* du profil, ce temps est stocké dans HJMISSBL"
"IMISSJ";"S";"0151";"* Ce compteur est utilisé pour calculé la mission sur"
"IMISSJ";"S";"0152";"* un depart fait la veille"
"IMISSJ";"S";"0153";"               SI LOCA_RETMIS = 0"
"IMISSJ";"S";"0154";"                  SI HJOU_INMISS = ""2"""
"IMISSJ";"S";"0155";"                  OU HJOU_INMISS = ""3"""
"IMISSJ";"S";"0156";"                     SI PROF_IPIVMISSDV > 0"
"IMISSJ";"S";"0157";"                        LOCA_RETMIS = POIN_HRETRAI"
"IMISSJ";"S";"0158";"                        SI HJOU_IJRF2PRBHS = ""1"""
"IMISSJ";"S";"0159";"                           SI PROF_PTTHEO1 > 0"
"IMISSJ";"S";"0160";"                              SI PROF_PTTHEO1 <= 36.00"
"IMISSJ";"S";"0161";"                                 SI LOCA_RETMIS > PROF_PTTHEO1"
"IMISSJ";"S";"0162";"                                    HJOU_IJQPRESBA1 = 2"
"IMISSJ";"S";"0163";"                                 FINSI"
"IMISSJ";"S";"0164";"                              FINSI"
"IMISSJ";"S";"0165";"                           FINSI"
"IMISSJ";"S";"0166";"** test si on a un retour mission"
"IMISSJ";"S";"0167";"**  > badgeage theorique entree 2"
"IMISSJ";"S";"0168";"** pour ne pas declencher l'anomalie"
"IMISSJ";"S";"0169";"** absent apres-midi"
"IMISSJ";"S";"0170";"                           SI PROF_PTTHEO3 > 0"
"IMISSJ";"S";"0171";"                              SI PROF_PTTHEO3 <= 36.00"
"IMISSJ";"S";"0172";"                                 SI LOCA_RETMIS > PROF_PTTHEO3"
"IMISSJ";"S";"0173";"                                    HJOU_IJQPRESBA2 = 2"
"IMISSJ";"S";"0174";"                                 FINSI"
"IMISSJ";"S";"0175";"                              FINSI"
"IMISSJ";"S";"0176";"                           FINSI"
"IMISSJ";"S";"0177";"                        FINSI"
"IMISSJ";"S";"0178";"                        HJOU_IJRF2PRBHS = ""0"""
"IMISSJ";"S";"0179";"                        LOCA_SORTIE = PROF_IPIVMISSDV"
"IMISSJ";"S";"0180";"                        LOCA_TEST = 1"
"IMISSJ";"S";"0181";"                        FAIRE CALMISS"
"IMISSJ";"S";"0182";"                     SINON"
"IMISSJ";"S";"0183";"                        HJOU_IJRF2PRBHS = ""0"""
"IMISSJ";"S";"0184";"                     FINSI"
"IMISSJ";"S";"0185";"                  FINSI"
"IMISSJ";"S";"0186";"               FINSI"
"IMISSJ";"S";"0187";"            FINSI"
"IMISSJ";"S";"0188";"         FINSI"
"IMISSJ";"S";"0189";"      FINPOUR"
"IMISSJ";"S";"0190";"* depart mission sans retour dans la meme journne"
"IMISSJ";"S";"0191";"      SI LOCA_IMPUT = ""MISS"""
"IMISSJ";"S";"0192";"         SI LOCA_PTMISS = 1"
"IMISSJ";"S";"0193";"            SI LOCA_SORTIE <= LOCA_DEJDEB"
"IMISSJ";"S";"0194";"               LOCA_DURDEJ = PROF_IPIGPAMMIS"
"IMISSJ";"S";"0195";"               HJOU_IJQFMISPDJ = 1"
"IMISSJ";"S";"0196";"* ce compteur est utilis? dans la regle REPAS"
"IMISSJ";"S";"0197";"* pour ne pas decompter de pause d?jeuner sur"
"IMISSJ";"S";"0198";"* un depart mission fait avant la borne de debut"
"IMISSJ";"S";"0199";"* dejeuner et sans retour dans la journee"
"IMISSJ";"S";"0200";"            FINSI"
"IMISSJ";"S";"0201";"* complement par rapport ? la borne de fin mission du"
"IMISSJ";"S";"0202";"* profil"
"IMISSJ";"S";"0203";"            SI PROF_IPIGMISSTH <> ""1"""
"IMISSJ";"S";"0204";"               SI PROF_IPIVHFISRM > 0"
"IMISSJ";"S";"0205";"                  SI LOCA_SORTIE < PROF_IPIVHFISRM"
"IMISSJ";"S";"0206";"*ecretage si depart mission < borne debut mission"
"IMISSJ";"S";"0207";"* autorisee"
"IMISSJ";"S";"0208";"                     SI LOCA_SORTIE < PROF_IPIHDPRBHS"
"IMISSJ";"S";"0209";"                        LOCA_INF = LOCA_SORTIE"
"IMISSJ";"S";"0210";"                        LOCA_SUP = PROF_IPIHDPRBHS"
"IMISSJ";"S";"0211";"* calcul de la valeur ecretee"
"IMISSJ";"S";"0212";"                        SI LOCA_SUP > LOCA_INF"
"IMISSJ";"S";"0213";"                           LOCA_DIF = LOCA_SUP - LOCA_INF"
"IMISSJ";"S";"0214";"                        FINSI"
"IMISSJ";"S";"0215";"                        LOCA_SORTIE = PROF_IPIHDPRBHS"
"IMISSJ";"S";"0216";"                     FINSI"
"IMISSJ";"S";"0217";"* calcul de la duree mission"
"IMISSJ";"S";"0218";"                     LOCA_DUREE = PROF_IPIVHFISRM - LOCA_SORTIE"
"IMISSJ";"S";"0219";"                     LOCA_MISS = LOCA_MISS + LOCA_DUREE"
"IMISSJ";"S";"0220";"                  FINSI"
"IMISSJ";"S";"0221";"               FINSI"
"IMISSJ";"S";"0222";"            FINSI"
"IMISSJ";"S";"0223";"* complement par rapport ? la theorie"
"IMISSJ";"S";"0224";"            SI PROF_IPIGMISSTH = ""1"""
"IMISSJ";"S";"0225";"               LOCA_MISS = 0"
"IMISSJ";"S";"0226";"               LOCA_DURDEJ = 0"
"IMISSJ";"S";"0227";"* initialisation du compteur INMISSBA"
"IMISSJ";"S";"0228";"* pour calculer le complement dans la regle"
"IMISSJ";"S";"0229";"* MOTMISS par rapport aux autres motifs"
"IMISSJ";"S";"0230";"               HJOU_IJQFMISBAD = 1"
"IMISSJ";"S";"0231";"            FINSI"
"IMISSJ";"S";"0233";"         SI HJOU_INMISS = ""1"""
"IMISSJ";"S";"0234";"            HJOU_IJRF2PRBHS = ""0"""
"IMISSJ";"S";"0235";"         FINSI"
"IMISSJ";"S";"0236";"      FINSI"
"IMISSJ";"S";"0237";"      LOCA_MISS = LOCA_MISS - LOCA_DURDEJ"
"IMISSJ";"S";"0238";"      SI LOCA_MISS > 0"
"IMISSJ";"S";"0239";"         SI LOCA_TEST = 0"
"IMISSJ";"S";"0240";"            HJOU_IJQMISBADG = LOCA_MISS"
"IMISSJ";"S";"0241";"         FINSI"
"IMISSJ";"S";"0242";"      FINSI"
"IMISSJ";"S";"0243";"      SI LOCA_MISSL > 0"
"IMISSJ";"S";"0244";"         HJOU_IJQMISSRET = LOCA_MISSL"
"IMISSJ";"S";"0245";"      FINSI"
"IMISSJ";"S";"0246";"   FINSI"
"IMISSJ";"S";"0247";"FINSI"
"IMISSJ";"S";"0248";"FIN"
"IMISSJ";"S";"0249";"***********************************************************"
"IMISSJ";"S";"0250";"*** Procedure CALMISS"
"IMISSJ";"S";"0251";"***********************************************************"
"IMISSJ";"S";"0252";"PROC CALMISS"
"IMISSJ";"S";"0253";"* retour mission apres l'heure autorisee"
"IMISSJ";"S";"0254";"   SI LOCA_RETMIS > PROF_IPIHFPRBHS"
"IMISSJ";"S";"0255";"      LOCA_INF = PROF_IPIHFPRBHS"
"IMISSJ";"S";"0256";"      SI LOCA_SORTIE > PROF_IPIHFPRBHS"
"IMISSJ";"S";"0257";"         LOCA_INF = LOCA_SORTIE"
"IMISSJ";"S";"0258";"      FINSI"
"IMISSJ";"S";"0259";"      LOCA_SUP = LOCA_RETMIS"
"IMISSJ";"S";"0260";"      LOCA_DIF = 0"
"IMISSJ";"S";"0261";"      SI LOCA_SUP > LOCA_INF"
"IMISSJ";"S";"0262";"         LOCA_DIF = LOCA_SUP - LOCA_INF"
"IMISSJ";"S";"0263";"      FINSI"
"IMISSJ";"S";"0264";"      LOCA_RETMIS = PROF_IPIHFPRBHS"
"IMISSJ";"S";"0265";"   FINSI"
"IMISSJ";"S";"0266";"* depart mission avant l'heure autorisee"
"IMISSJ";"S";"0267";"   SI LOCA_SORTIE < PROF_IPIHDPRBHS"
"IMISSJ";"S";"0268";"      LOCA_INF = LOCA_SORTIE"
"IMISSJ";"S";"0269";"      LOCA_SUP = PROF_IPIHDPRBHS"
"IMISSJ";"S";"0270";"      SI LOCA_RETMIS < PROF_IPIHDPRBHS"
"IMISSJ";"S";"0271";"         LOCA_SUP = LOCA_RETMIS"
"IMISSJ";"S";"0272";"      FINSI"
"IMISSJ";"S";"0273";"      SI LOCA_SUP > LOCA_INF"
"IMISSJ";"S";"0274";"         LOCA_DIF = LOCA_SUP - LOCA_INF"
"IMISSJ";"S";"0275";"      FINSI"
"IMISSJ";"S";"0276";"      LOCA_SORTIE = PROF_IPIHDPRBHS"
"IMISSJ";"S";"0277";"   FINSI"
"IMISSJ";"S";"0278";"** 02/07/2013 anomalie dans le cas ou le depart et le retour"
"IMISSJ";"S";"0279";"** sont faits apres l'heure de fin mission autorisée"
"IMISSJ";"S";"0280";"   SI LOCA_SORTIE > PROF_IPIHFPRBHS"
"IMISSJ";"S";"0281";"      ANOMALIE 181"
"IMISSJ";"S";"0282";"   FINSI"
"IMISSJ";"S";"0283";"*"
"IMISSJ";"S";"0284";"*"
"IMISSJ";"S";"0285";"   LOCA_DUREE = 0"
"IMISSJ";"S";"0286";"   SI LOCA_RETMIS > LOCA_SORTIE"
"IMISSJ";"S";"0287";"      LOCA_DUREE = LOCA_RETMIS - LOCA_SORTIE"
"IMISSJ";"S";"0288";"   FINSI"
"IMISSJ";"S";"0289";"   SI LOCA_RETMIS < LOCA_DEJFIN"
"IMISSJ";"S";"0290";"      SI LOCA_RETMIS > LOCA_DEJDEB"
"IMISSJ";"S";"0291";"         TEMP_RETOUR = LOCA_RETMIS"
"IMISSJ";"S";"0292";"         SI LOCA_TEST = 0"
"IMISSJ";"S";"0293";"            TEMP_TEMISS = ""2"""
"IMISSJ";"S";"0294";"         FINSI"
"IMISSJ";"S";"0295";"      FINSI"
"IMISSJ";"S";"0296";"   FINSI"
"IMISSJ";"S";"0297";"* le repas est decompte de la mission dans le cas"
"IMISSJ";"S";"0298";"* ou le depart est fait avant la borne debut dejeuner"
"IMISSJ";"S";"0299";"* et le retour apres la borne fin dejeuner"
"IMISSJ";"S";"0300";"   SI LOCA_RETMIS >= LOCA_DEJFIN"
"IMISSJ";"S";"0301";"      SI LOCA_SORTIE <= LOCA_DEJDEB"
"IMISSJ";"S";"0302";"         SI LOCA_TEST = 0"
"IMISSJ";"S";"0303";"            LOCA_DURDEJ = PROF_IPIGPAMMIS"
"IMISSJ";"S";"0304";"         SINON"
"IMISSJ";"S";"0305";"            LOCA_DURDEJL = PROF_IPIGPAMMIS"
"IMISSJ";"S";"0306";"         FINSI"
"IMISSJ";"S";"0307";"         HJOU_IJQFMISPDJ = 1"
"IMISSJ";"S";"0308";"* ce compteur est utilisé dans la regle REPAS"
"IMISSJ";"S";"0309";"* pour ne pas decompter de pause déjeuner sur"
"IMISSJ";"S";"0310";"* La presence badgee puisqu'elle est decomptee de la mission"
"IMISSJ";"S";"0311";"      FINSI"
"IMISSJ";"S";"0312";"   FINSI"
"IMISSJ";"S";"0313";"   SI LOCA_TEST = 0"
"IMISSJ";"S";"0314";"      LOCA_MISS = LOCA_MISS + LOCA_DUREE"
"IMISSJ";"S";"0315";"   SINON"
"IMISSJ";"S";"0316";"      LOCA_MISSL = LOCA_DUREE"
"IMISSJ";"S";"0317";"      LOCA_MISSL = LOCA_MISSL - LOCA_DURDEJL"
"IMISSJ";"S";"0318";"   FINSI"
"IMISSJ";"S";"0319";"FINPROC"
"IMISSL";"S";"0086";"* on ne calcul du temps mission sur le retour"
"IMISSL";"S";"0087";"* uniquement dans le cas ou PROF_IPIVMISSDV > 0"
"IMISSL";"S";"0088";"                  SI PROF_IPIVMISSDV > 0"
"IMISSL";"S";"0089";"                     LOCA_RETMIS = POIN_HRETRAI"
"IMISSL";"S";"0090";"                     HJOU_IJRF2PBHSL = ""0"""
"IMISSL";"S";"0091";"                     LOCA_SORTIE = PROF_IPIVMISSDV"
"IMISSL";"S";"0092";"                     FAIRE CALMISS"
"IMISSL";"S";"0093";"                  SINON"
"IMISSL";"S";"0094";"                     HJOU_IJRF2PBHSL = ""0"""
"IMISSL";"S";"0095";"                  FINSI"
"IMISSL";"S";"0096";"               FINSI"
"IMISSL";"S";"0097";"            SINON"
"IMISSL";"S";"0098";"* il y a un retour dans la journee"
"IMISSL";"S";"0099";"               ANOMALIE 143"
"IMISSL";"S";"0100";"               HJOU_IJRF2PBHSL = ""0"""
"IMISSL";"S";"0101";"            FINSI"
"IMISSL";"S";"0102";"         FINSI"
"IMISSL";"S";"0103";"      FINPOUR"
"IMISSL";"S";"0104";"      LOCA_MISSL = LOCA_MISSL - LOCA_DURDEJ"
"IMISSL";"S";"0105";"      SI LOCA_MISSL > 0"
"IMISSL";"S";"0106";"         HJOU_IJQMISBADV = LOCA_MISSL"
"IMISSL";"S";"0107";"      FINSI"
"IMISSL";"S";"0108";"   FINSI"
"IMISSL";"S";"0109";"FINSI"
"IMISSL";"S";"0110";"FIN"
"IMISSL";"S";"0111";"***********************************************************"
"IMISSL";"S";"0112";"*** Procedure CALMISS"
"IMISSL";"S";"0113";"***********************************************************"
"IMISSL";"S";"0114";"PROC CALMISS"
"IMISSL";"S";"0115";"* retour mission apres l'heure autorisee"
"IMISSL";"S";"0116";"   SI LOCA_RETMIS > PROF_IPIHFPRBHS"
"IMISSL";"S";"0117";"      LOCA_RETMIS = PROF_IPIHFPRBHS"
"IMISSL";"S";"0118";"   FINSI"
"IMISSL";"S";"0119";"   LOCA_DUREE = LOCA_RETMIS - LOCA_SORTIE"
"IMISSL";"S";"0120";"* le repas est decompte de la mission dans le cas"
"IMISSL";"S";"0121";"* ou le depart est fait avant la borne debut dejeuner"
"IMISSL";"S";"0122";"* et le retour apres la borne fin dejeuner"
"IMISSL";"S";"0123";"   SI LOCA_RETMIS >= LOCA_DEJFIN"
"IMISSL";"S";"0124";"      SI LOCA_SORTIE <= LOCA_DEJDEB"
"IMISSL";"S";"0125";"         LOCA_DURDEJ = PROF_IPIGPAMMIS"
"IMISSL";"S";"0126";"         HJOU_IJQFMILPDJ = 1"
"IMISSL";"S";"0127";"* ce compteur est utilis? dans la regle REPAS"
"IMISSL";"S";"0128";"* pour ne pas decompter de pause d?jeuner sur"
"IMISSL";"S";"0129";"* La presence badgee puisqu'elle est decomptee de la mission"
"IMISSL";"S";"0130";"      FINSI"
"IMISSL";"S";"0131";"   FINSI"
"IMISSL";"S";"0132";"   LOCA_MISSL = LOCA_MISSL + LOCA_DUREE"
"IMISSL";"S";"0133";"FINPROC"
"IACTBA";"S";"0001";"***********************************************************************"
"IACTBA";"S";"0002";"* Règle     : IACTBA"
"IACTBA";"S";"0003";"* Ordre     : 2150"
"IACTBA";"S";"0004";"* Titre     : Activité badgée"
"IACTBA";"S";"0005";"* Package   : Privé 16.3"
"IACTBA";"S";"0006";"*----------------------------------------------------------------------"
"IACTBA";"S";"0007";"*"
"IACTBA";"S";"0008";"*"
"IACTBA";"S";"0009";"* Rôle :"
"IACTBA";"S";"0010";"*"
"IACTBA";"S";"0011";"* <A préciser>"
"IACTBA";"S";"0012";"*"
"IACTBA";"S";"0013";"*"
"IACTBA";"S";"0014";"*----------------------------------------------------------------------"
"IACTBA";"S";"0015";"* Créé par : Cellule Industrialisation"
"IACTBA";"S";"0016";"* Date     : 03/09/2009"
"IACTBA";"S";"0017";"* Version  : 1"
"IACTBA";"S";"0018";"*----------------------------------------------------------------------"
"IACTBA";"S";"0019";"* Màj par   :"
"IACTBA";"S";"0020";"* Date      : JJ.MM.AAAA"
"IACTBA";"S";"0021";"* Objet     :"
"IACTBA";"S";"0022";"*----------------------------------------------------------------------"
"IACTBA";"S";"0023";"* Modifiée par : Méthodes et outils"
"IACTBA";"S";"0024";"* Date         : 28/08/2018"
"IACTBA";"S";"0025";"* Objet        : BT 43982 : passage à 10 caractères des champs contenant des motifs"
"IACTBA";"S";"0026";"***********************************************************************"
"IACTBA";"S";"0027";"*"
"IACTBA";"S";"0028";"* Implémentation des données industrielles"
"IACTBA";"S";"0029";"*"
"IACTBA";"S";"0030";"*DEBDICO"
"IACTBA";"S";"0031";"*FINDICO"
"IACTBA";"S";"0032";"*"
"IACTBA";"S";"0033";"*"
"IACTBA";"S";"0034";"DEBANO"
"IACTBA";"S";"0035";"   144;5;""Pas de retour sur une sortie avec motif"";"
"IACTBA";"S";"0036";"FINANO"
"IACTBA";"S";"0037";"* Déclaration des donnees locales"
"IACTBA";"S";"0038";"*"
"IACTBA";"S";"0039";"DEF LOCA_ACTBAD A10"
"IACTBA";"S";"0040";"LOCA_ACTBAD = "" """
"IACTBA";"S";"0041";"DEF LOCA_IMPUT A10"
"IACTBA";"S";"0042";"LOCA_IMPUT = "" """
"IACTBA";"S";"0043";"DEF LOCA_ACT T6.2"
"IACTBA";"S";"0044";"LOCA_ACT = 0"
"IACTBA";"S";"0045";"DEF LOCA_DUREE T6.2"
"IACTBA";"S";"0046";"LOCA_DUREE = 0"
"IACTBA";"S";"0047";"DEF LOCA_PTACT N1"
"IACTBA";"S";"0048";"LOCA_PTACT = 0"
"IACTBA";"S";"0049";"DEF LOCA_SORTIE T6.2"
"IACTBA";"S";"0050";"LOCA_SORTIE = 0"
"IACTBA";"S";"0051";"DEF LOCA_RETACT T6.2"
"IACTBA";"S";"0052";"LOCA_RETACT = 0"
"IACTBA";"S";"0053";"DEF LOCA_DUREET T6.2"
"IACTBA";"S";"0054";"LOCA_DUREET = 0"
"IACTBA";"S";"0055";"SI HJOU_DATE <= TEMP_DATJOU"
"IACTBA";"S";"0056";"   SI HJOU_IJIGACTBAD = ""1"""
"IACTBA";"S";"0057";"      POUR POINTAGES"
"IACTBA";"S";"0058";"* Recuperation de l'heure de badgeage"
"IACTBA";"S";"0059";"* si c'est un mouvement de sortie avec motif"
"IACTBA";"S";"0060";"         SI POIN_SENS = ""1"""
"IACTBA";"S";"0061";"            SI POIN_IMPUT = PARD_IDIACTBAD"
"IACTBA";"S";"0062";"               LOCA_PTACT = 1"
"IACTBA";"S";"0063";"               LOCA_IMPUT = POIN_IMPUT"
"IACTBA";"S";"0064";"               LOCA_SORTIE = POIN_HRETRAI"
"IACTBA";"S";"0065";"            FINSI"
"IACTBA";"S";"0066";"         FINSI"
"IACTBA";"S";"0067";"         SI POIN_SENS = ""0"""
"IACTBA";"S";"0068";"            LOCA_PTACT = 0"
"IACTBA";"S";"0069";"* si le badgeage en entree est un retour motif"
"IACTBA";"S";"0070";"            SI LOCA_IMPUT = PARD_IDIACTBAD"
"IACTBA";"S";"0071";"               LOCA_RETACT = POIN_HRETRAI"
"IACTBA";"S";"0072";"               LOCA_IMPUT = "" """
"IACTBA";"S";"0073";"** Calcul de la durée"
"IACTBA";"S";"0074";"               LOCA_DUREE = LOCA_RETACT - LOCA_SORTIE"
"IACTBA";"S";"0075";"               LOCA_DUREET = LOCA_DUREET + LOCA_DUREE"
"IACTBA";"S";"0076";"            FINSI"
"IACTBA";"S";"0077";"         FINSI"
"IACTBA";"S";"0078";"      FINPOUR"
"IACTBA";"S";"0079";"* depart sans retour dans la meme journne"
"IACTBA";"S";"0080";"      SI LOCA_IMPUT = PARD_IDIACTBAD"
"IACTBA";"S";"0081";"         SI LOCA_PTACT = 1"
"IACTBA";"S";"0082";"            ANOMALIE 144"
"IACTBA";"S";"0083";"         FINSI"
"IACTBA";"S";"0084";"      FINSI"
"IACTBA";"S";"0085";"      SI PARD_IDIACTBAD = "" """
"IACTBA";"S";"0086";"         LOCA_ACTBAD = ""ACTBAD"""
"IACTBA";"S";"0087";"      SINON"
"IACTBA";"S";"0088";"         LOCA_ACTBAD = PARD_IDIACTBAD"
"IACTBA";"S";"0089";"      FINSI"
"IACTBA";"S";"0090";"      ENLEVER LOCA_ACTBAD"
"IACTBA";"S";"0091";"      SI LOCA_DUREET > 0"
"IACTBA";"S";"0092";"         AJOUTER LOCA_ACTBAD ""H"" LOCA_DUREET"
"IACTBA";"S";"0093";"      FINSI"
"IACTBA";"S";"0094";"   FINSI"
"IACTBA";"S";"0095";"FINSI"
"IACTBA";"S";"0096";"FIN"
"IGCSEGLISS";"S";"0143";"LOCA_DATE(5:4) = HJOU_IJIDFIN(5:4)"
"IGCSEGLISS";"S";"0144";"LOCA_ACOURS << TEMP_DATJOU(1:4)"
"IGCSEGLISS";"S";"0145";"SI TEMP_DATJOU(5:4) > HJOU_IJIDFIN(5:4)"
"IGCSEGLISS";"S";"0146";"   LOCA_ACOURS = LOCA_ACOURS + 1"
"IGCSEGLISS";"S";"0147";"FINSI"
"IGCSEGLISS";"S";"0148";"LOCA_DATE(1:4) << LOCA_ACOURS"
"IGCSEGLISS";"S";"0149";"*"
"IGCSEGLISS";"S";"0150";"SI HJOU_DATE <= HJOU_IJIDFIN"
"IGCSEGLISS";"S";"0151";"* --------------"
"IGCSEGLISS";"S";"0152";"* Forfait heures"
"IGCSEGLISS";"S";"0153";"* --------------"
"IGCSEGLISS";"S";"0154";"   SI HORC_IHINFORFJ <> ""1"""
"IGCSEGLISS";"S";"0155";"* la période retenue est la période d'annualisation"
"IGCSEGLISS";"S";"0156";"      SI HJOU_DATE = PARD_IDIDDEBANN"
"IGCSEGLISS";"S";"0157";"         HJOU_IJRADCSE = 0"
"IGCSEGLISS";"S";"0158";"         HJOU_IJRAPCSE = 0"
"IGCSEGLISS";"S";"0159";"         HJOU_IJRATCSE = 0"
"IGCSEGLISS";"S";"0160";"         HJOU_IJRASCSE = 0"
"IGCSEGLISS";"S";"0161";"      FINSI"
"IGCSEGLISS";"S";"0162";"* -------------------------------------------------------------------------------"
"IGCSEGLISS";"S";"0163";"* Initialisation du droit et remise à 0 des compteurs pris et transférés mensuels"
"IGCSEGLISS";"S";"0164";"* -------------------------------------------------------------------------------"
"IGCSEGLISS";"S";"0165";"      SI HJOU_DATE(7:2) = ""01"""
"IGCSEGLISS";"S";"0166";"*RAZ du cumul pris mensuel"
"IGCSEGLISS";"S";"0167";"         HJOU_IJRCUPMCSE = 0"
"IGCSEGLISS";"S";"0168";"*"
"IGCSEGLISS";"S";"0169";"         HJOU_IJRMDCSE11 = HJOU_IJRMDCSE10"
"IGCSEGLISS";"S";"0170";"         HJOU_IJRMDCSE10 = HJOU_IJRMDCSE9"
"IGCSEGLISS";"S";"0171";"         HJOU_IJRMDCSE9 = HJOU_IJRMDCSE8"
"IGCSEGLISS";"S";"0172";"         HJOU_IJRMDCSE8 = HJOU_IJRMDCSE7"
"IGCSEGLISS";"S";"0173";"         HJOU_IJRMDCSE7 = HJOU_IJRMDCSE6"
"IGCSEGLISS";"S";"0174";"         HJOU_IJRMDCSE6 = HJOU_IJRMDCSE5"
"IGCSEGLISS";"S";"0175";"         HJOU_IJRMDCSE5 = HJOU_IJRMDCSE4"
"IGCSEGLISS";"S";"0176";"         HJOU_IJRMDCSE4 = HJOU_IJRMDCSE3"
"IGCSEGLISS";"S";"0177";"         HJOU_IJRMDCSE3 = HJOU_IJRMDCSE2"
"IGCSEGLISS";"S";"0178";"         HJOU_IJRMDCSE2 = HJOU_IJRMDCSE1"
"IGCSEGLISS";"S";"0179";"         HJOU_IJRMDCSE1 = HJOU_IJRMSCSE"
"IGCSEGLISS";"S";"0180";"*"
"IGCSEGLISS";"S";"0181";"         HJOU_IJRMDCSE = HJOU_IJIDACSET / 12"
"IGCSEGLISS";"S";"0182";"* -------------------------------------------"
"IGCSEGLISS";"S";"0183";"* Consigne de majoration mensuelle des droits"
"IGCSEGLISS";"S";"0184";"* -------------------------------------------"
"IGCSEGLISS";"S";"0185";"         POUR ACTIVITES"
"IGCSEGLISS";"S";"0186";"            SI HABS_MOTIF = ""ZMACSE"""
"IGCSEGLISS";"S";"0187";"               LOCA_MAJO = 1"
"IGCSEGLISS";"S";"0188";"            FINSI"
"IGCSEGLISS";"S";"0189";"         FINPOUR"
"IGCSEGLISS";"S";"0190";"         SI LOCA_MAJO = 1"
"IGCSEGLISS";"S";"0191";"            HJOU_IJRMDCSE = HJOU_IJRMDCSE * LOCA_TAUX"
"IGCSEGLISS";"S";"0192";"         FINSI"
"IGCSEGLISS";"S";"0193";"         HJOU_IJRADCSE = HJOU_IJRADCSE + HJOU_IJRMDCSE"
"IGCSEGLISS";"S";"0194";"         HJOU_IJRMPCSE = 0"
"IVALAC";"S";"0017";"* Version  : 1"
"IVALAC";"S";"0001";"***********************************************************************"
"IVALAC";"S";"0002";"* Règle     : IVALAC"
"IVALAC";"S";"0003";"* Ordre     : 4100"
"IVALAC";"S";"0004";"* Titre     : Gestion des jours de validite"
"IVALAC";"S";"0005";"* Package   : Privé 16.3"
"IVALAC";"S";"0006";"*----------------------------------------------------------------------"
"IVALAC";"S";"0007";"*"
"IVALAC";"S";"0008";"*"
"IVALAC";"S";"0009";"* Rôle : Gestion des jours de validite"
"IVALAC";"S";"0010";"*"
"IVALAC";"S";"0011";"*"
"IVALAC";"S";"0012";"*"
"IVALAC";"S";"0013";"*"
"IVALAC";"S";"0014";"*----------------------------------------------------------------------"
"IVALAC";"S";"0015";"* Créé par : Cellule Industrialisation"
"IVALAC";"S";"0016";"* Date     : 03/09/2009"
"IVALAC";"S";"0018";"*----------------------------------------------------------------------"
"IVALAC";"S";"0019";"* Modifiée par : Cellule Industrialisation"
"IVALAC";"S";"0020";"* Date         : JJ/MM/AAAA"
"IVALAC";"S";"0021";"* Objet        :"
"IVALAC";"S";"0022";"***********************************************************************"
"IVALAC";"S";"0023";"*"
"IVALAC";"S";"0024";"* Implémentation des données industrielles"
"IVALAC";"S";"0025";"*"
"IVALAC";"S";"0026";"DEBDICO"
"IVALAC";"S";"0027";"FINDICO"
"IVALAC";"S";"0028";"*"
"IVALAC";"S";"0029";"* Déclaration des donnees locales"
"IVALAC";"S";"0030";"*"
"IVALAC";"S";"0031";"DEF LOCA_ENLEVER N1"
"IVALAC";"S";"0032";"DEF LOCA_MOTIF A10"
"IVALAC";"S";"0033";"LOCA_MOTIF = "" """
"IVALAC";"S";"0034";"DEF LOCA_VALID A4"
"IVALAC";"S";"0035";"LOCA_VALID = "" """
"IVALAC";"S";"0036";"*"
"IVALAC";"S";"0037";"SI HJOU_DATE <= TEMP_DATJOU"
"IVALAC";"S";"0038";"   POUR ACTIVITES"
"IVALAC";"S";"0039";"      SI HABS_MOTYPE <> ""C"""
"IVALAC";"S";"0040";"         LOCA_ENLEVER = 0"
"IVALAC";"S";"0041";"         LOCA_MOTIF = HABS_MOTIF"
"IVALAC";"S";"0042";"         LOCA_VALID = MOTI_VALID"
"IVALAC";"S";"0043";"         SI LOCA_VALID(1:1) = ""O"""
"IVALAC";"S";"0044";"            SI PARD_IDIJOUROUV = ""1"""
"IVALAC";"S";"0045";"               SI HJOU_IJQPRETHEJ = 0"
"IVALAC";"S";"0046";"                  LOCA_ENLEVER = 1"
"IVALAC";"S";"0047";"               FINSI"
"IVALAC";"S";"0048";"            SINON"
"IVALAC";"S";"0049";"               SI HJOU_JOUR = ""6"""
"IVALAC";"S";"0050";"                  SI HJOU_IJQPRETHEJ = 0"
"IVALAC";"S";"0051";"                     LOCA_ENLEVER = 1"
"IVALAC";"S";"0052";"                  FINSI"
"IVALAC";"S";"0053";"               FINSI"
"IVALAC";"S";"0054";"            FINSI"
"IVALAC";"S";"0055";"         FINSI"
"IVALAC";"S";"0056";"         SI LOCA_VALID(2:1) = ""S"""
"IVALAC";"S";"0057";"            LOCA_ENLEVER = 0"
"IVALAC";"S";"0058";"         FINSI"
"IVALAC";"S";"0059";"         SI LOCA_VALID(3:1) = "" """
"IVALAC";"S";"0060";"            SI HJOU_JOUR = ""7"""
"IVALAC";"S";"0061";"               SI HJOU_IJQPRETHEJ = 0"
"IVALAC";"S";"0062";"                  LOCA_ENLEVER = 1"
"IVALAC";"S";"0063";"               FINSI"
"IVALAC";"S";"0064";"            FINSI"
"IVALAC";"S";"0065";"         FINSI"
"IVALAC";"S";"0066";"      FINSI"
"IVALAC";"S";"0067";"   FINPOUR"
"IVALAC";"S";"0068";"   SI LOCA_ENLEVER = 1"
"IVALAC";"S";"0069";"      ENLEVER LOCA_MOTIF"
"IVALAC";"S";"0070";"   FINSI"
"IVALAC";"S";"0071";"FINSI"
"IVALAC";"S";"0072";"FIN"
"IACTIV";"S";"0001";"***********************************************************************"
"IACTIV";"S";"0002";"* Règle     : IACTIV"
"IACTIV";"S";"0003";"* Ordre     : 4300"
"IACTIV";"S";"0004";"* Titre     : Analyse des activites du jour"
"IACTIV";"S";"0005";"* Package   : Privé 16.3"
"IACTIV";"S";"0006";"*----------------------------------------------------------------------"
"IACTIV";"S";"0007";"*"
"IACTIV";"S";"0008";"*"
"ISUPAC";"S";"0174";"SI LOCA_MOTIFM <> "" """
"IACTIV";"S";"0009";"* Rôle : Analyse des activites du jour"
"IACTIV";"S";"0010";"*"
"IACTIV";"S";"0011";"*"
"IACTIV";"S";"0012";"*"
"IACTIV";"S";"0013";"*"
"IACTIV";"S";"0014";"*----------------------------------------------------------------------"
"IACTIV";"S";"0015";"* Créé par : Cellule Industrialisation"
"IACTIV";"S";"0016";"* Date     : 03/09/2009"
"IACTIV";"S";"0017";"* Version  : 1"
"IACTIV";"S";"0018";"*----------------------------------------------------------------------"
"IACTIV";"S";"0019";"* Modifiée par : Cellule Industrialisation"
"IACTIV";"S";"0020";"* Date         : JJ/MM/AAAA"
"IACTIV";"S";"0021";"* Objet        :"
"IACTIV";"S";"0022";"***********************************************************************"
"IACTIV";"S";"0023";"*"
"IACTIV";"S";"0024";"* Implémentation des données industrielles"
"IACTIV";"S";"0025";"*"
"IACTIV";"S";"0026";"DEBDICO"
"IACTIV";"S";"0027";"   HJOU_IJQNABSENT;N;N2;I;;;    56789;;;V3;""Nombre d absences totales"";"
"IACTIV";"S";"0028";"   HJOU_IJQABSENTJ;N;T6,2;I;;;    56789;;;V3;""Absence totale jour"";"
"IACTIV";"S";"0029";"   MOTI_IMIGDEBCRE;O;Z1;X;0;2;123456789;;;C2;""Participe au Crédit/Débit"";"
"IACTIV";"S";"0030";"   HJOU_IJQPRESNBJ;N;T6,2;I;;;     6789;;;V3;""Activités créditées"";"
"IACTIV";"S";"0031";"FINDICO"
"IACTIV";"S";"0032";"*"
"IACTIV";"S";"0033";"DEBANO"
"IACTIV";"S";"0034";"   118;8;""Badgeages pour employé présumé absent"";"
"IACTIV";"S";"0035";"   119;8;""Badgeages pour employé présumé absent le matin"";"
"IACTIV";"S";"0036";"   120;8;""Badgeages pour employé présumé absent l'après-midi"";"
"IACTIV";"S";"0037";"   124;9;""Incohérence dans la saisie des absences"";"
"IACTIV";"S";"0038";"FINANO"
"IACTIV";"S";"0039";"*"
"IACTIV";"S";"0040";"* Déclaration des donnees locales"
"IACTIV";"S";"0041";"*"
"IACTIV";"S";"0042";"POUR ACTIVITES"
"IACTIV";"S";"0043";"*  Calcul heures d'absence"
"IACTIV";"S";"0044";"   SI HABS_MOTYPE <> ""C"""
"IACTIV";"S";"0045";"      SI HABS_MOTIF <> PARD_IDIVMOMISB"
"IACTIV";"S";"0046";"         SI HABS_MOTIF <> PARD_IDIVMOMIBL"
"IACTIV";"S";"0047";"            SI HABS_MOTIF <> ""MISS"""
"IACTIV";"S";"0048";"               HJOU_IJQNABSENT = HJOU_IJQNABSENT + 1"
"IACTIV";"S";"0049";"               HJOU_IJQABSENTJ = HJOU_IJQABSENTJ + HABS_MOTIDUR"
"IACTIV";"S";"0050";"            FINSI"
"IACTIV";"S";"0051";"         FINSI"
"IACTIV";"S";"0052";"      FINSI"
"IACTIV";"S";"0053";"* Motifs participants aux heures totales"
"IACTIV";"S";"0054";"      SI MOTI_IMIGDEBCRE = ""1"""
"IACTIV";"S";"0055";"      OU MOTI_IMIGDEBCRE = ""2"""
"ISUPAC";"S";"0112";"   SI HJOU_IJQPRESBA2 = 1"
"ISUPAC";"S";"0001";"***********************************************************************"
"ISUPAC";"S";"0002";"* Règle     : ISUPAC"
"ISUPAC";"S";"0003";"* Ordre     : 4200"
"ISUPAC";"S";"0004";"* Titre     : Suppression d'un motif si badgeage"
"ISUPAC";"S";"0005";"* Package   : Privé 16.3"
"ISUPAC";"S";"0006";"*----------------------------------------------------------------------"
"ISUPAC";"S";"0007";"*"
"ISUPAC";"S";"0008";"*"
"ISUPAC";"S";"0009";"* Rôle : Suppression d'un motif si badgeage"
"ISUPAC";"S";"0010";"*"
"ISUPAC";"S";"0011";"*"
"ISUPAC";"S";"0012";"*"
"ISUPAC";"S";"0013";"*"
"ISUPAC";"S";"0014";"*----------------------------------------------------------------------"
"ISUPAC";"S";"0015";"* Créé par : Méthodes et outils"
"ISUPAC";"S";"0016";"* Date     : 21/05/2019"
"ISUPAC";"S";"0017";"* Version  : 1"
"ISUPAC";"S";"0018";"*----------------------------------------------------------------------"
"ISUPAC";"S";"0019";"* Modifiée par : Cellule Industrialisation"
"ISUPAC";"S";"0020";"* Date         : JJ/MM/AAAA"
"ISUPAC";"S";"0021";"* Objet        :"
"ISUPAC";"S";"0022";"***********************************************************************"
"ISUPAC";"S";"0023";"*"
"ISUPAC";"S";"0024";"* Implémentation des données industrielles"
"ISUPAC";"S";"0025";"*"
"ISUPAC";"S";"0026";"DEBDICO"
"ISUPAC";"S";"0027";"   HJOU_IJQNACTIVJ;N;N2;I;;;    56789;;;V3;""Nombre d activités"";"
"ISUPAC";"S";"0028";"   HJOU_IJQNABSEN1;N;N2;I;;;    56789;;;V3;""Nombre d absences matin"";"
"ISUPAC";"S";"0029";"   HJOU_IJQNABSEN2;N;N2;I;;;    56789;;;V3;""Nombre d absences après-midi"";"
"ISUPAC";"S";"0030";"   HJOU_IJQPRETHEJ;O;T6,2;I;;;    56789;;;C0;""Présence théorique jour"";"
"ISUPAC";"S";"0031";"   PARD_IDIMOTJF;O;A10;X;;;     6789;II;;C2;""Motif jour férié"";"
"ISUPAC";"S";"0032";"FINDICO"
"ISUPAC";"S";"0033";"*"
"ISUPAC";"S";"0034";"DEBANO"
"ISUPAC";"S";"0035";"   123;5;""Suppression d'un motif d'absence car badgeages"";"
"ISUPAC";"S";"0036";"FINANO"
"ISUPAC";"S";"0037";"* Déclaration des donnees locales"
"ISUPAC";"S";"0038";"*"
"ISUPAC";"S";"0039";"DEF LOCA_MOTIFJ A10"
"ISUPAC";"S";"0040";"LOCA_MOTIFJ = "" """
"ISUPAC";"S";"0041";"DEF LOCA_MOTIFM A10"
"ISUPAC";"S";"0042";"LOCA_MOTIFM = "" """
"ISUPAC";"S";"0043";"DEF LOCA_MOTIFA A10"
"ISUPAC";"S";"0044";"LOCA_MOTIFA = "" """
"ISUPAC";"S";"0045";"DEF LOCA_ABSH T6.2"
"ISUPAC";"S";"0046";"LOCA_ABSH = 0"
"ISUPAC";"S";"0047";"DEF LOCA_SEUIL T6.2"
"ISUPAC";"S";"0048";"LOCA_SEUIL = 0"
"ISUPAC";"S";"0049";"*"
"ISUPAC";"S";"0050";"*"
"ISUPAC";"S";"0051";"POUR ACTIVITES"
"ISUPAC";"S";"0052";"   SI HABS_MOTYPE <> ""C"""
"ISUPAC";"S";"0053";"      SI HABS_VALORIS = ""H"""
"ISUPAC";"S";"0054";"         LOCA_ABSH = LOCA_ABSH + HABS_MOTIDUR"
"ISUPAC";"S";"0055";"      FINSI"
"ISUPAC";"S";"0056";"      SI HABS_VALORIS = ""J"""
"ISUPAC";"S";"0057";"         HJOU_IJQNACTIVJ = HJOU_IJQNACTIVJ + 1"
"ISUPAC";"S";"0058";"      FINSI"
"ISUPAC";"S";"0059";"      SI HABS_VALORIS = ""M"""
"ISUPAC";"S";"0060";"         HJOU_IJQNABSEN1 = HJOU_IJQNABSEN1 + 1"
"ISUPAC";"S";"0061";"      FINSI"
"ISUPAC";"S";"0062";"      SI HABS_VALORIS = ""A"""
"ISUPAC";"S";"0063";"         HJOU_IJQNABSEN2 = HJOU_IJQNABSEN2 + 1"
"ISUPAC";"S";"0064";"      FINSI"
"ISUPAC";"S";"0065";"   FINSI"
"ISUPAC";"S";"0066";"FINPOUR"
"ISUPAC";"S";"0067";"SI HJOU_IJQNBADGEA = 0"
"ISUPAC";"S";"0068";"   SI LOCA_ABSH > 0"
"ISUPAC";"S";"0069";"* le 03/10/2012"
"ISUPAC";"S";"0070";"* pas de déclenchement d'anomalie 125/126"
"ISUPAC";"S";"0071";"* si le total des motifs en heure > (theorie/2) +2"
"ISUPAC";"S";"0072";"      LOCA_SEUIL = HJOU_IJQPRETHEJ / 2"
"ISUPAC";"S";"0073";"      LOCA_SEUIL = LOCA_SEUIL + 2"
"ISUPAC";"S";"0074";"      SI LOCA_ABSH >= LOCA_SEUIL"
"ISUPAC";"S";"0075";"* cas ou on a un motif matin"
"ISUPAC";"S";"0076";"         SI HJOU_IJQNABSEN1 > 0"
"ISUPAC";"S";"0077";"            HJOU_IJQNABSEN2 = HJOU_IJQNABSEN2 + 1"
"ISUPAC";"S";"0078";"         SINON"
"ISUPAC";"S";"0079";"* cas ou on a un motif apres-midi"
"ISUPAC";"S";"0080";"            SI HJOU_IJQNABSEN2 > 0"
"ISUPAC";"S";"0081";"               HJOU_IJQNABSEN1 = HJOU_IJQNABSEN1 + 1"
"ISUPAC";"S";"0082";"* aucun motif matin ou apres-midi"
"ISUPAC";"S";"0083";"* on considere qu'il est absent la journée"
"ISUPAC";"S";"0084";"            SINON"
"ISUPAC";"S";"0085";"               HJOU_IJQNACTIVJ = HJOU_IJQNACTIVJ + 1"
"ISUPAC";"S";"0086";"            FINSI"
"ISUPAC";"S";"0087";"         FINSI"
"ISUPAC";"S";"0088";"      SINON"
"ISUPAC";"S";"0089";"* cas ou le total des motifs en heure < (théorie/2) + 2"
"ISUPAC";"S";"0090";"         SI HJOU_IJQNABSEN1 > 0"
"ISUPAC";"S";"0091";"            HJOU_IJQNABSEN2 = HJOU_IJQNABSEN2 + 1"
"ISUPAC";"S";"0092";"         SINON"
"ISUPAC";"S";"0093";"            SI HJOU_IJQNABSEN2 > 0"
"ISUPAC";"S";"0094";"               HJOU_IJQNABSEN1 = HJOU_IJQNABSEN1 + 1"
"ISUPAC";"S";"0095";"            SINON"
"ISUPAC";"S";"0096";"* cas ou on a aucun motif matin ou apres-midi"
"ISUPAC";"S";"0097";"               HJOU_IJQNABSEN1 = 50"
"ISUPAC";"S";"0098";"               HJOU_IJQNABSEN2 = 50"
"ISUPAC";"S";"0099";"            FINSI"
"ISUPAC";"S";"0100";"         FINSI"
"ISUPAC";"S";"0101";"      FINSI"
"ISUPAC";"S";"0102";"   FINSI"
"ISUPAC";"S";"0103";"FINSI"
"ISUPAC";"S";"0104";"SI LOCA_ABSH > 0"
"ISUPAC";"S";"0105";"   SI HJOU_IJQPRESBA1 = 1"
"ISUPAC";"S";"0106";"      SI HJOU_IJQPRESBA2 = 0"
"ISUPAC";"S";"0107";"         SI HJOU_IJQNABSEN2 = 0"
"ISUPAC";"S";"0108";"            HJOU_IJQNABSEN2 = HJOU_IJQNABSEN2 + 1"
"ISUPAC";"S";"0109";"         FINSI"
"ISUPAC";"S";"0110";"      FINSI"
"ISUPAC";"S";"0111";"   FINSI"
"ISUPAC";"S";"0113";"      SI HJOU_IJQPRESBA1 = 0"
"ISUPAC";"S";"0114";"         SI HJOU_IJQNABSEN1 = 0"
"ISUPAC";"S";"0115";"            HJOU_IJQNABSEN1 = HJOU_IJQNABSEN1 + 1"
"ISUPAC";"S";"0116";"         FINSI"
"ISUPAC";"S";"0117";"      FINSI"
"ISUPAC";"S";"0118";"   FINSI"
"ISUPAC";"S";"0119";"FINSI"
"ISUPAC";"S";"0120";"*"
"ISUPAC";"S";"0121";"*  Test si absence jour et badgeage"
"ISUPAC";"S";"0122";"*  Test du parametre suppression d'un motif car badgeage"
"ISUPAC";"S";"0123";"*  parametre pard_paretour"
"ISUPAC";"S";"0124";"POUR ACTIVITES"
"ISUPAC";"S";"0125";"   SI HABS_MOTYPE <> ""C"""
"ISUPAC";"S";"0126";"      SI PARD_IDIGPRIBAD = ""1"""
"ISUPAC";"S";"0127";"         SI HJOU_IJQNACTIVJ > 0"
"ISUPAC";"S";"0128";"            SI HJOU_IJQNBADGEA > 0"
"ISUPAC";"S";"0129";"               SI HABS_VALORIS = ""J"""
"ISUPAC";"S";"0130";"                  LOCA_MOTIFJ = HABS_MOTIF"
"ISUPAC";"S";"0131";"                  SI LOCA_MOTIFJ = PARD_IDIMOTJF"
"ISUPAC";"S";"0132";"                     HABS_MOTIDUR = 0"
"ISUPAC";"S";"0133";"                  SINON"
"ISUPAC";"S";"0134";"                     SI MOTI_TYPMAT = "" """
"ISUPAC";"S";"0135";"                        ANOMALIE 123"
"ISUPAC";"S";"0136";"                     FINSI"
"ISUPAC";"S";"0137";"                  FINSI"
"ISUPAC";"S";"0138";"               FINSI"
"ISUPAC";"S";"0139";"            FINSI"
"ISUPAC";"S";"0140";"         FINSI"
"ISUPAC";"S";"0141";"*  Test si absence matin et badgeage"
"ISUPAC";"S";"0142";"         SI HJOU_IJQNABSEN1 >= 1"
"ISUPAC";"S";"0143";"            SI HJOU_IJQPRESBA1 = 1"
"ISUPAC";"S";"0144";"               SI HABS_VALORIS = ""M"""
"ISUPAC";"S";"0145";"                  LOCA_MOTIFM = HABS_MOTIF"
"ISUPAC";"S";"0146";"                  SI MOTI_TYPMAT = "" """
"ISUPAC";"S";"0147";"                     ANOMALIE 123"
"ISUPAC";"S";"0148";"                  FINSI"
"ISUPAC";"S";"0149";"               FINSI"
"ISUPAC";"S";"0150";"            FINSI"
"ISUPAC";"S";"0151";"         FINSI"
"ISUPAC";"S";"0152";"* Test si absence soir et badgeage"
"ISUPAC";"S";"0153";"         SI HJOU_IJQNABSEN2 >= 1"
"ISUPAC";"S";"0154";"            SI HJOU_IJQPRESBA2 = 1"
"ISUPAC";"S";"0155";"               SI HABS_VALORIS = ""A"""
"ISUPAC";"S";"0156";"                  LOCA_MOTIFA = HABS_MOTIF"
"ISUPAC";"S";"0157";"                  SI MOTI_TYPMAT = "" """
"ISUPAC";"S";"0158";"                     ANOMALIE 123"
"ISUPAC";"S";"0159";"                  FINSI"
"ISUPAC";"S";"0160";"               FINSI"
"ISUPAC";"S";"0161";"            FINSI"
"ISUPAC";"S";"0162";"         FINSI"
"ISUPAC";"S";"0163";"      FINSI"
"ISUPAC";"S";"0164";"   FINSI"
"ISUPAC";"S";"0165";"FINPOUR"
"ISUPAC";"S";"0166";"*  Retrait du motif d'absence jour"
"ISUPAC";"S";"0167";"SI LOCA_MOTIFJ <> "" """
"ISUPAC";"S";"0168";"   SI LOCA_MOTIFJ <> PARD_IDIMOTJF"
"ISUPAC";"S";"0169";"      ENLEVER LOCA_MOTIFJ"
"IACTIV";"S";"0115";"**"
"ISUPAC";"S";"0170";"      HJOU_IJQNACTIVJ = HJOU_IJQNACTIVJ - 1"
"ISUPAC";"S";"0171";"   FINSI"
"ISUPAC";"S";"0172";"FINSI"
"ISUPAC";"S";"0173";"*  Retrait du motif d'absence matin"
"ISUPAC";"S";"0175";"   ENLEVER LOCA_MOTIFM"
"ISUPAC";"S";"0176";"   HJOU_IJQNABSEN1 = HJOU_IJQNABSEN1 - 1"
"ISUPAC";"S";"0177";"FINSI"
"ISUPAC";"S";"0178";"*  Retrait du motif d'absence apr?s midi"
"ISUPAC";"S";"0179";"SI LOCA_MOTIFA <> "" """
"ISUPAC";"S";"0180";"   ENLEVER LOCA_MOTIFA"
"ISUPAC";"S";"0181";"   HJOU_IJQNABSEN2 = HJOU_IJQNABSEN2 - 1"
"ISUPAC";"S";"0182";"FINSI"
"ISUPAC";"S";"0183";"FIN"
"IVALPA";"S";"0001";"***********************************************************************"
"IVALPA";"S";"0002";"* Règle     : IVALPA"
"IVALPA";"S";"0003";"* Ordre     : 4500"
"IVALPA";"S";"0004";"* Titre     : Valorisation des pauses"
"IVALPA";"S";"0005";"* Package   : Privé 16.3"
"IVALPA";"S";"0006";"*----------------------------------------------------------------------"
"IVALPA";"S";"0007";"*"
"IVALPA";"S";"0008";"*"
"IVALPA";"S";"0009";"* Rôle : Valorisation des pauses"
"IVALPA";"S";"0010";"*"
"IVALPA";"S";"0011";"*"
"IVALPA";"S";"0012";"*"
"IVALPA";"S";"0013";"*"
"IVALPA";"S";"0014";"* Implémentation des données industrielles"
"IVALPA";"S";"0015";"*"
"IVALPA";"S";"0016";"*----------------------------------------------------------------------"
"IVALPA";"S";"0017";"* Créé par : Cellule Industrialisation"
"IVALPA";"S";"0018";"* Date     : 03/09/2009"
"IVALPA";"S";"0019";"* Version  : 1"
"IVALPA";"S";"0020";"*----------------------------------------------------------------------"
"IVALPA";"S";"0021";"* Modifiée par : Cellule Industrialisation"
"IVALPA";"S";"0022";"* Date         : JJ/MM/AAAA"
"IVALPA";"S";"0023";"* Objet        :"
"IVALPA";"S";"0024";"***********************************************************************"
"IVALPA";"S";"0025";"*"
"IVALPA";"S";"0026";"DEBDICO"
"IVALPA";"S";"0027";"   PROF_IPIFPAUSBA;O;Z1;X;0;1;123456789;C;;C2;""Pause badgée"";"
"IVALPA";"S";"0028";"   HJOU_IJQECPAUMA;N;T6,2;I;;;     6789;;;V3;""Ecart pause première plage"";"
"IVALPA";"S";"0029";"   HJOU_IJQECPAUSO;N;T6,2;I;;;     6789;;;V3;""Ecart pause seconde plage"";"
"IVALPA";"S";"0030";"   HJOU_IJQBHORVAJ;N;T6,2;I;;;    56789;;;V3;""Heures totales"";"
"IVALPA";"S";"0031";"   HJOU_IJQPRESEFF;N;T6,2;I;;;    56789;;;V3;""Base calcul des pauses pour h effectives"";"
"IVALPA";"S";"0032";"   HJOU_IJQPRESBAV;N;T6,2;I;;;    56789;;;V3;""Présence badgée validée"";"
"IVALPA";"S";"0033";"   HJOU_IJQPAUPPLA;N;T6,2;I;;;    56789;;;V3;""Pause premiere plage"";"
"IVALPA";"S";"0034";"   HJOU_IJQPAUSPLA;N;T6,2;I;;;    56789;;;V3;""Pause seconde plage"";"
"IVALPA";"S";"0035";"FINDICO"
"IVALPA";"S";"0036";"*"
"IACTIV";"S";"0056";"* on ne cumul pas le motif mission badgée"
"IACTIV";"S";"0057";"* il sera cumulé dans la règle MISSMT"
"IACTIV";"S";"0058";"         SI HABS_MOTIF <> PARD_IDIVMOMISB"
"IACTIV";"S";"0059";"            SI HABS_MOTIF <> PARD_IDIVMOMIBL"
"IACTIV";"S";"0060";"               SI HABS_MOTIF <> ""MISS"""
"IACTIV";"S";"0061";"                  HJOU_IJQPRESNBJ = HJOU_IJQPRESNBJ + HABS_MOTIDUR"
"IACTIV";"S";"0062";"               FINSI"
"IACTIV";"S";"0063";"            FINSI"
"IACTIV";"S";"0064";"         FINSI"
"IACTIV";"S";"0065";"      FINSI"
"IACTIV";"S";"0066";"*   Controle si absences journees et pointages"
"IACTIV";"S";"0067";"*"
"IACTIV";"S";"0068";"      SI HABS_VALORIS = ""J"""
"IACTIV";"S";"0069";"         SI HJOU_IJQNBADGEA > 0"
"IACTIV";"S";"0070";"            ANOMALIE 118"
"IACTIV";"S";"0071";"         FINSI"
"IACTIV";"S";"0072";"      FINSI"
"IACTIV";"S";"0073";"* Controle si absences matin et pointages"
"IACTIV";"S";"0074";"      SI HABS_VALORIS = ""M"""
"IACTIV";"S";"0075";"         SI HJOU_IJQPRESBA1 = 1"
"IACTIV";"S";"0076";"            ANOMALIE 119"
"IACTIV";"S";"0077";"         FINSI"
"IACTIV";"S";"0078";"      FINSI"
"IACTIV";"S";"0079";"* Controle si absences soir et pointages"
"IACTIV";"S";"0080";"      SI HABS_VALORIS = ""A"""
"IACTIV";"S";"0081";"         SI HJOU_IJQPRESBA2 = 1"
"IACTIV";"S";"0082";"            ANOMALIE 120"
"IACTIV";"S";"0083";"         FINSI"
"IACTIV";"S";"0084";"      FINSI"
"IACTIV";"S";"0085";"   FINSI"
"IACTIV";"S";"0086";"FINPOUR"
"IACTIV";"S";"0087";"****"
"IACTIV";"S";"0088";"* Mise en place des anomalies si deux motifs absence"
"IACTIV";"S";"0089";"* Test si deux absences matin"
"IACTIV";"S";"0090";"SI HJOU_IJQNABSEN1 >= 2"
"IACTIV";"S";"0091";"* Test si deux absences apr?s-midi"
"IACTIV";"S";"0092";"OU HJOU_IJQNABSEN2 >= 2"
"IACTIV";"S";"0093";"* Test si deux absences jour"
"IACTIV";"S";"0094";"OU HJOU_IJQNACTIVJ >= 2"
"IACTIV";"S";"0095";"* pas d'anomalie sur jour en cours"
"IACTIV";"S";"0096";"   SI HJOU_DATE < TEMP_DATJOU"
"IACTIV";"S";"0097";"      ANOMALIE 124"
"IACTIV";"S";"0098";"   FINSI"
"IACTIV";"S";"0099";"FINSI"
"IACTIV";"S";"0100";"* Test si un motif journ?e enti?re et un motif demi-journ?e"
"IACTIV";"S";"0101";"SI HJOU_IJQNACTIVJ >= 1"
"IACTIV";"S";"0102";"   SI HJOU_IJQNABSEN1 >= 1"
"IACTIV";"S";"0103";"   OU HJOU_IJQNABSEN2 >= 1"
"IACTIV";"S";"0104";"* pas d'anomalie sur jour en cours"
"IACTIV";"S";"0105";"      SI HJOU_DATE < TEMP_DATJOU"
"IACTIV";"S";"0106";"         ANOMALIE 124"
"IACTIV";"S";"0107";"      FINSI"
"IACTIV";"S";"0108";"   FINSI"
"IACTIV";"S";"0109";"FINSI"
"IACTIV";"S";"0110";"** le 03/10/2012"
"IACTIV";"S";"0111";"** dans le cas ou on a uniquement un ou plusieurs motifs en"
"IACTIV";"S";"0112";"** heure sur la journée , la valeur de IJQNABSEN1/IJQNABSEN2 étant"
"IACTIV";"S";"0113";"** initalisés à 50 dans la règle 3080 , l'anomalie 124 se déclenche"
"IACTIV";"S";"0114";"** dans cette règle si un de ces compteurs >= 2"
"IACTIV";"S";"0116";"SI HJOU_IJQNABSEN1 = 50"
"IACTIV";"S";"0117";"   SI HJOU_IJQNABSEN2 = 50"
"IACTIV";"S";"0118";"      SUPANOM 124"
"IACTIV";"S";"0119";"   FINSI"
"IACTIV";"S";"0120";"FINSI"
"IACTIV";"S";"0121";"*"
"IACTIV";"S";"0122";"FIN"
"IVALPA";"S";"0037";"DEBANO"
"IVALPA";"S";"0132";"            SI PROF_IPIFPAUSBA <> ""1"""
"IVALPA";"S";"0038";"   138;5;""Retrait du temps de pause forfaitaire première plage"";"
"IVALPA";"S";"0039";"   139;5;""Crédit du temps de pause forfaitaire première plage"";"
"IVALPA";"S";"0040";"   142;5;""Absence de badgeage en pause première plage"";"
"IVALPA";"S";"0041";"   140;5;""Retrait du complément de temps de pause première plage"";"
"IVALPA";"S";"0042";"   141;5;""Crédit du temps de pause première plage"";"
"IVALPA";"S";"0043";"   150;5;""Retrait du temps de pause forfaitaire seconde plage"";"
"IVALPA";"S";"0044";"   151;5;""Crédit du temps de pause forfaitaire seconde plage"";"
"IVALPA";"S";"0045";"   152;5;""Absence de badgeage en pause seconde seconde plage"";"
"IVALPA";"S";"0046";"   153;5;""Retrait du complément de temps de pause seconde plage"";"
"IVALPA";"S";"0047";"   154;5;""Crédit du temps de pause seconde plage"";"
"IVALPA";"S";"0048";"FINANO"
"IVALPA";"S";"0049";"* Déclaration des donnees locales"
"IVALPA";"S";"0050";"*"
"IVALPA";"S";"0051";"SI HJOU_DATE <= TEMP_DATJOU"
"IVALPA";"S";"0052";"* alimentation du compteur de base de calcul des heures effectives"
"IVALPA";"S";"0053";"   HJOU_IJQPRESEFF = HJOU_IJQPRESBAV"
"IVALPA";"S";"0054";"*************************************"
"IVALPA";"S";"0055";"*"
"IVALPA";"S";"0056";"* Calcul de l'ecart sur pause si elle est badgee"
"IVALPA";"S";"0057";"****************************************************************"
"IVALPA";"S";"0058";"   SI PROF_IPIFPAUSBA = ""1"""
"IVALPA";"S";"0059";"      SI HJOU_IJQNBADGEA > 0"
"IVALPA";"S";"0060";"* test si pas d'absence de type M"
"IVALPA";"S";"0061";"         SI HJOU_IJQNABSEN1 = 0"
"IVALPA";"S";"0062";"** Pause matin"
"IVALPA";"S";"0063";"            SI PROF_IPIVFPAUMA > 0"
"IVALPA";"S";"0064";"               HJOU_IJQECPAUMA = HJOU_IJQPAUSMAT - PROF_IPIVFPAUMA"
"IVALPA";"S";"0065";"* si le temps de pause badgé > tps pause minimum"
"IVALPA";"S";"0066";"* l'ecart est remis à 0"
"IVALPA";"S";"0067";"               SI HJOU_IJQECPAUMA > 0"
"IVALPA";"S";"0068";"                  HJOU_IJQECPAUMA = 0"
"IVALPA";"S";"0069";"               FINSI"
"IVALPA";"S";"0070";"            FINSI"
"IVALPA";"S";"0071";"         FINSI"
"IVALPA";"S";"0072";"** pause soir"
"IVALPA";"S";"0073";"* test si pas absence de type A"
"IVALPA";"S";"0074";"         SI HJOU_IJQNABSEN2 = 0"
"IVALPA";"S";"0075";"            SI PROF_IPIVFPAUSO > 0"
"IVALPA";"S";"0076";"               HJOU_IJQECPAUSO = HJOU_IJQPAUSSOI - PROF_IPIVFPAUSO"
"IVALPA";"S";"0077";"* si le temps de pause badgé > tps pause minimum"
"IVALPA";"S";"0078";"* l'ecart est remis à 0"
"IVALPA";"S";"0079";"               SI HJOU_IJQECPAUSO > 0"
"IVALPA";"S";"0080";"                  HJOU_IJQECPAUSO = 0"
"IVALPA";"S";"0081";"               FINSI"
"IVALPA";"S";"0082";"            FINSI"
"IVALPA";"S";"0083";"         FINSI"
"IVALPA";"S";"0084";"      FINSI"
"IVALPA";"S";"0085";"   FINSI"
"IVALPA";"S";"0086";"****************************************************************"
"IVALPA";"S";"0087";"* Valorisation de la pause"
"IVALPA";"S";"0088";"****************************************************************"
"IVALPA";"S";"0089";"   SI HJOU_IJQNBADGEA >= 2"
"IVALPA";"S";"0090";"*************************************************************"
"IVALPA";"S";"0091";"* Pause matin"
"IVALPA";"S";"0275";"               FINSI"
"IVALPA";"S";"0092";"*************************************************************"
"IVALPA";"S";"0093";"* Pause non badgée"
"IVALPA";"S";"0094";"*"
"IVALPA";"S";"0095";"      SI PROF_IPIVFPAUMA > 0"
"IVALPA";"S";"0096";"* pas d'absence de type M"
"IVALPA";"S";"0097";"         SI HJOU_IJQNABSEN1 = 0"
"IVALPA";"S";"0098";"* cas ou la pause n'est pas badgee et pas creditee"
"IVALPA";"S";"0099";"            SI PROF_IPIFPAUSBA <> ""1"""
"IVALPA";"S";"0100";"               SI PROF_IPIGPAUSME = ""0"""
"IVALPA";"S";"0101";"** Pause premiere plage"
"IVALPA";"S";"0102";"                  HJOU_IJQBHORVAJ = HJOU_IJQBHORVAJ - HJOU_IJQPAUSMAT"
"IVALPA";"S";"0103";"                  HJOU_IJQPRESBAV = HJOU_IJQPRESBAV - HJOU_IJQPAUSMAT"
"IVALPA";"S";"0104";"                  HJOU_IJQPRESEFF = HJOU_IJQPRESEFF - HJOU_IJQPAUSMAT"
"IVALPA";"S";"0105";"                  HJOU_IJQPAUPPLA = HJOU_IJQPAUSMAT * -1"
"IVALPA";"S";"0106";"                  ANOMALIE 138"
"IVALPA";"S";"0107";"               FINSI"
"IVALPA";"S";"0108";"            FINSI"
"IVALPA";"S";"0109";"* cas ou la pause n'est pas badgee et pas creditee uniquement dans les"
"IVALPA";"S";"0110";"* heures totales jour (on ne touche pas aux heures effectives"
"IVALPA";"S";"0111";"            SI PROF_IPIFPAUSBA <> ""1"""
"IVALPA";"S";"0112";"               SI PROF_IPIGPAUSME = ""2"""
"IVALPA";"S";"0113";"** Pause premiere plage"
"IVALPA";"S";"0114";"                  HJOU_IJQBHORVAJ = HJOU_IJQBHORVAJ - HJOU_IJQPAUSMAT"
"IVALPA";"S";"0115";"                  HJOU_IJQPRESBAV = HJOU_IJQPRESBAV - HJOU_IJQPAUSMAT"
"IVALPA";"S";"0116";"                  HJOU_IJQPAUPPLA = HJOU_IJQPAUSMAT * -1"
"IVALPA";"S";"0117";"                  ANOMALIE 138"
"IVALPA";"S";"0118";"               FINSI"
"IVALPA";"S";"0119";"            FINSI"
"IVALPA";"S";"0120";"* cas ou la pause n'est pas badgée et est creditee"
"IVALPA";"S";"0121";"            SI PROF_IPIFPAUSBA <> ""1"""
"IVALPA";"S";"0122";"               SI PROF_IPIGPAUSME = ""1"""
"IVALPA";"S";"0123";"                  HJOU_IJQBHORVAJ = HJOU_IJQBHORVAJ + HJOU_IJQPAUSMAT"
"IVALPA";"S";"0124";"                  HJOU_IJQPRESBAV = HJOU_IJQPRESBAV + HJOU_IJQPAUSMAT"
"IVALPA";"S";"0125";"                  HJOU_IJQPRESEFF = HJOU_IJQPRESEFF + HJOU_IJQPAUSMAT"
"IVALPA";"S";"0126";"                  HJOU_IJQPAUPPLA = HJOU_IJQPAUSMAT"
"IVALPA";"S";"0127";"                  ANOMALIE 139"
"IVALPA";"S";"0128";"               FINSI"
"IVALPA";"S";"0129";"            FINSI"
"IVALPA";"S";"0130";"* cas ou la pause n'est pas badgée et est creditee uniquement dans les"
"IVALPA";"S";"0131";"* heures totales jour on ne touche pas aux heures effectives"
"IVALPA";"S";"0133";"               SI PROF_IPIGPAUSME = ""3"""
"IVALPA";"S";"0134";"                  HJOU_IJQBHORVAJ = HJOU_IJQBHORVAJ + HJOU_IJQPAUSMAT"
"IVALPA";"S";"0135";"                  HJOU_IJQPRESBAV = HJOU_IJQPRESBAV + HJOU_IJQPAUSMAT"
"IVALPA";"S";"0136";"                  HJOU_IJQPAUPPLA = HJOU_IJQPAUSMAT"
"IVALPA";"S";"0137";"                  ANOMALIE 139"
"IVALPA";"S";"0138";"               FINSI"
"IVALPA";"S";"0139";"            FINSI"
"IVALPA";"S";"0140";"* cas ou la pause est badgee"
"IVALPA";"S";"0141";"            SI PROF_IPIFPAUSBA = ""1"""
"IVALPA";"S";"0142";"* Anomalie si la pause n'a aps ete badgee"
"IVALPA";"S";"0143";"               SI HJOU_IJQPAUSMAT = 0"
"IVALPA";"S";"0144";"                  ANOMALIE 142"
"IVALPA";"S";"0145";"               FINSI"
"IVALPA";"S";"0146";"* Cas ou elle n'est pas credite on deduit l'ecart"
"IVALPA";"S";"0147";"* si elle est < à la pause minimum"
"IVALPA";"S";"0148";"               SI PROF_IPIGPAUSME = ""0"""
"IVALPA";"S";"0149";"                  SI HJOU_IJQECPAUMA < 0"
"IVALPA";"S";"0150";"                     HJOU_IJQBHORVAJ = HJOU_IJQBHORVAJ + HJOU_IJQECPAUMA"
"IVALPA";"S";"0151";"                     HJOU_IJQPRESBAV = HJOU_IJQPRESBAV + HJOU_IJQECPAUMA"
"IVALPA";"S";"0152";"                     HJOU_IJQPRESEFF = HJOU_IJQPRESEFF + HJOU_IJQECPAUMA"
"IVALPA";"S";"0153";"                     HJOU_IJQPAUPPLA = HJOU_IJQECPAUMA"
"IVALPA";"S";"0154";"                     ANOMALIE 140"
"IVALPA";"S";"0155";"                  FINSI"
"IVALPA";"S";"0156";"               FINSI"
"IVALPA";"S";"0157";"* Cas ou elle n'est pas credite on deduit l'ecart"
"IVALPA";"S";"0158";"* uniquement su les heures totales jour"
"IVALPA";"S";"0159";"* on ne touche pas aux heures effectives"
"IVALPA";"S";"0160";"* si elle est < à la pause minimum"
"IVALPA";"S";"0161";"               SI PROF_IPIGPAUSME = ""2"""
"IVALPA";"S";"0162";"                  SI HJOU_IJQECPAUMA < 0"
"IVALPA";"S";"0163";"                     HJOU_IJQBHORVAJ = HJOU_IJQBHORVAJ + HJOU_IJQECPAUMA"
"IVALPA";"S";"0164";"                     HJOU_IJQPRESBAV = HJOU_IJQPRESBAV + HJOU_IJQECPAUMA"
"IVALPA";"S";"0165";"                     HJOU_IJQPAUPPLA = HJOU_IJQECPAUMA"
"IVALPA";"S";"0166";"                     ANOMALIE 140"
"IVALPA";"S";"0167";"                  FINSI"
"IVALPA";"S";"0168";"               FINSI"
"IVALPA";"S";"0169";"* Cas ou elle est creditee"
"IVALPA";"S";"0170";"               SI PROF_IPIGPAUSME = ""1"""
"IVALPA";"S";"0171";"* Si elle est > à la pause minimum"
"IVALPA";"S";"0172";"* on redonne le temps de pause du profil"
"IVALPA";"S";"0173";"                  SI HJOU_IJQPAUSMAT >= PROF_IPIVFPAUMA"
"IVALPA";"S";"0174";"                     HJOU_IJQBHORVAJ = HJOU_IJQBHORVAJ + PROF_IPIVFPAUMA"
"IVALPA";"S";"0175";"                     HJOU_IJQPRESBAV = HJOU_IJQPRESBAV + PROF_IPIVFPAUMA"
"IVALPA";"S";"0176";"                     HJOU_IJQPRESEFF = HJOU_IJQPRESEFF + PROF_IPIVFPAUMA"
"IVALPA";"S";"0177";"                     HJOU_IJQPAUPPLA = PROF_IPIVFPAUMA"
"IVALPA";"S";"0178";"                     ANOMALIE 139"
"IVALPA";"S";"0179";"                  FINSI"
"IVALPA";"S";"0180";"* Si elle est < à la pause minimum"
"IVALPA";"S";"0181";"* on redonne le temps de pause badgee"
"IVALPA";"S";"0182";"                  SI HJOU_IJQPAUSMAT < PROF_IPIVFPAUMA"
"ICREDB";"S";"0020";"* Modifiée par :"
"IVALPA";"S";"0183";"* Cas ou le temps de pause est egal à 0"
"IVALPA";"S";"0184";"                     SI HJOU_IJQPAUSMAT > 0"
"IVALPA";"S";"0185";"                        HJOU_IJQBHORVAJ = HJOU_IJQBHORVAJ + HJOU_IJQPAUSMAT"
"IVALPA";"S";"0186";"                        HJOU_IJQPRESBAV = HJOU_IJQPRESBAV + HJOU_IJQPAUSMAT"
"IVALPA";"S";"0187";"                        HJOU_IJQPRESEFF = HJOU_IJQPRESEFF + HJOU_IJQPAUSMAT"
"IVALPA";"S";"0188";"                        HJOU_IJQPAUPPLA = HJOU_IJQPAUSMAT"
"IVALPA";"S";"0189";"                        ANOMALIE 141"
"IVALPA";"S";"0190";"                     FINSI"
"IVALPA";"S";"0191";"                  FINSI"
"IVALPA";"S";"0192";"               FINSI"
"IVALPA";"S";"0193";"* Cas ou elle est creditee uniquement dans les heures toales jour"
"IVALPA";"S";"0194";"* on ne touche pas aux heures effectives"
"IVALPA";"S";"0195";"               SI PROF_IPIGPAUSME = ""3"""
"IVALPA";"S";"0196";"* Si elle est > à la pause minimum"
"IVALPA";"S";"0197";"* on redonne le temps de pause du profil"
"IVALPA";"S";"0198";"                  SI HJOU_IJQPAUSMAT >= PROF_IPIVFPAUMA"
"IVALPA";"S";"0199";"                     HJOU_IJQBHORVAJ = HJOU_IJQBHORVAJ + PROF_IPIVFPAUMA"
"IVALPA";"S";"0200";"                     HJOU_IJQPRESBAV = HJOU_IJQPRESBAV + PROF_IPIVFPAUMA"
"IVALPA";"S";"0201";"                     HJOU_IJQPAUPPLA = PROF_IPIVFPAUMA"
"IVALPA";"S";"0202";"                     ANOMALIE 139"
"IVALPA";"S";"0203";"                  FINSI"
"IVALPA";"S";"0204";"* Si elle est < à la pause minimum"
"IVALPA";"S";"0205";"* on redonne le temps de pause badgee"
"IVALPA";"S";"0206";"                  SI HJOU_IJQPAUSMAT < PROF_IPIVFPAUMA"
"IVALPA";"S";"0207";"* Cas ou le temps de pause est egal à 0"
"IVALPA";"S";"0208";"                     SI HJOU_IJQPAUSMAT > 0"
"IVALPA";"S";"0209";"                        HJOU_IJQBHORVAJ = HJOU_IJQBHORVAJ + HJOU_IJQPAUSMAT"
"IVALPA";"S";"0210";"                        HJOU_IJQPRESBAV = HJOU_IJQPRESBAV + HJOU_IJQPAUSMAT"
"IVALPA";"S";"0211";"                        HJOU_IJQPAUPPLA = HJOU_IJQPAUSMAT"
"IVALPA";"S";"0212";"                        ANOMALIE 141"
"IVALPA";"S";"0213";"                     FINSI"
"IVALPA";"S";"0214";"                  FINSI"
"IVALPA";"S";"0215";"               FINSI"
"IVALPA";"S";"0216";"            FINSI"
"IVALPA";"S";"0217";"         FINSI"
"IVALPA";"S";"0218";"      FINSI"
"IVALPA";"S";"0219";"*************************************************************"
"IVALPA";"S";"0220";"* Pause soir"
"IVALPA";"S";"0221";"*************************************************************"
"IVALPA";"S";"0222";"* Pause non badgée"
"IVALPA";"S";"0223";"*"
"IVALPA";"S";"0224";"      SI PROF_IPIVFPAUSO > 0"
"IVALPA";"S";"0225";"* test si pas d'absence de type A"
"IVALPA";"S";"0226";"         SI HJOU_IJQNABSEN2 = 0"
"IVALPA";"S";"0227";"* cas ou la pause n'est pas badgee et pas creditee"
"IVALPA";"S";"0228";"            SI PROF_IPIFPAUSBA <> ""1"""
"IVALPA";"S";"0229";"               SI PROF_IPIGPAUSME = ""0"""
"IVALPA";"S";"0230";"** Pause seconde plage"
"IVALPA";"S";"0231";"                  HJOU_IJQBHORVAJ = HJOU_IJQBHORVAJ - HJOU_IJQPAUSSOI"
"IVALPA";"S";"0232";"                  HJOU_IJQPRESBAV = HJOU_IJQPRESBAV - HJOU_IJQPAUSSOI"
"IVALPA";"S";"0233";"                  HJOU_IJQPRESEFF = HJOU_IJQPRESEFF - HJOU_IJQPAUSSOI"
"IVALPA";"S";"0234";"                  HJOU_IJQPAUSPLA = HJOU_IJQPAUSSOI * -1"
"IVALPA";"S";"0235";"                  ANOMALIE 150"
"IVALPA";"S";"0236";"               FINSI"
"IVALPA";"S";"0237";"            FINSI"
"IVALPA";"S";"0238";"* cas ou la pause n'est pas badgee et pas creditee unquement dans les heures total jour"
"IVALPA";"S";"0239";"* on ne touche pas aux heures effectives"
"IVALPA";"S";"0240";"            SI PROF_IPIFPAUSBA <> ""1"""
"IVALPA";"S";"0241";"               SI PROF_IPIGPAUSME = ""2"""
"IVALPA";"S";"0242";"** Pause seconde plage"
"IVALPA";"S";"0243";"                  HJOU_IJQBHORVAJ = HJOU_IJQBHORVAJ - HJOU_IJQPAUSSOI"
"IVALPA";"S";"0244";"                  HJOU_IJQPRESBAV = HJOU_IJQPRESBAV - HJOU_IJQPAUSSOI"
"IVALPA";"S";"0245";"                  HJOU_IJQPAUSPLA = HJOU_IJQPAUSSOI * -1"
"IVALPA";"S";"0246";"                  ANOMALIE 150"
"IVALPA";"S";"0247";"               FINSI"
"IVALPA";"S";"0248";"            FINSI"
"IVALPA";"S";"0249";"* cas ou la pause n'est pas badgée et est creditee"
"IVALPA";"S";"0250";"            SI PROF_IPIFPAUSBA <> ""1"""
"IVALPA";"S";"0251";"               SI PROF_IPIGPAUSME = ""1"""
"IVALPA";"S";"0252";"                  HJOU_IJQBHORVAJ = HJOU_IJQBHORVAJ + HJOU_IJQPAUSSOI"
"IVALPA";"S";"0253";"                  HJOU_IJQPRESBAV = HJOU_IJQPRESBAV + HJOU_IJQPAUSSOI"
"IVALPA";"S";"0254";"                  HJOU_IJQPRESEFF = HJOU_IJQPRESEFF + HJOU_IJQPAUSSOI"
"IVALPA";"S";"0255";"                  HJOU_IJQPAUSPLA = HJOU_IJQPAUSSOI"
"IVALPA";"S";"0256";"                  ANOMALIE 151"
"IVALPA";"S";"0257";"               FINSI"
"IVALPA";"S";"0258";"            FINSI"
"IVALPA";"S";"0259";"* cas ou la pause n'est pas badgée et est creditee"
"IVALPA";"S";"0260";"* uniquement dans les heures totales jour"
"IVALPA";"S";"0261";"* on ne touche pas aux heures effectives"
"IVALPA";"S";"0262";"            SI PROF_IPIFPAUSBA <> ""1"""
"IVALPA";"S";"0263";"               SI PROF_IPIGPAUSME = ""3"""
"IVALPA";"S";"0264";"                  HJOU_IJQBHORVAJ = HJOU_IJQBHORVAJ + HJOU_IJQPAUSSOI"
"IVALPA";"S";"0265";"                  HJOU_IJQPRESBAV = HJOU_IJQPRESBAV + HJOU_IJQPAUSSOI"
"IVALPA";"S";"0266";"                  HJOU_IJQPAUSPLA = HJOU_IJQPAUSSOI"
"IVALPA";"S";"0267";"                  ANOMALIE 151"
"IVALPA";"S";"0268";"               FINSI"
"IVALPA";"S";"0269";"            FINSI"
"IVALPA";"S";"0270";"* cas ou la pause est badgee"
"IVALPA";"S";"0271";"            SI PROF_IPIFPAUSBA = ""1"""
"IVALPA";"S";"0272";"* Anomalie si la pause n'a aps ete badgee"
"IVALPA";"S";"0273";"               SI HJOU_IJQPAUSSOI = 0"
"IVALPA";"S";"0274";"                  ANOMALIE 152"
"IVALPA";"S";"0276";"* Cas ou elle n'est pas credite on deduit l'ecart"
"IVALPA";"S";"0277";"* si elle est < à la pause minimum"
"IVALPA";"S";"0278";"               SI PROF_IPIGPAUSME = ""0"""
"IVALPA";"S";"0279";"                  SI HJOU_IJQECPAUSO < 0"
"IVALPA";"S";"0280";"                     HJOU_IJQBHORVAJ = HJOU_IJQBHORVAJ + HJOU_IJQECPAUSO"
"IVALPA";"S";"0281";"                     HJOU_IJQPRESBAV = HJOU_IJQPRESBAV + HJOU_IJQECPAUSO"
"IVALPA";"S";"0282";"                     HJOU_IJQPRESEFF = HJOU_IJQPRESEFF + HJOU_IJQECPAUSO"
"IVALPA";"S";"0283";"                     HJOU_IJQPAUSPLA = HJOU_IJQECPAUSO"
"IVALPA";"S";"0284";"                     ANOMALIE 153"
"IVALPA";"S";"0285";"                  FINSI"
"IVALPA";"S";"0286";"               FINSI"
"IVALPA";"S";"0287";"* Cas ou elle n'est pas credite"
"IVALPA";"S";"0288";"* uniquement dans les heures totales jour on deduit l'ecart"
"IVALPA";"S";"0289";"* on ne touche pas aux heures effectives"
"IVALPA";"S";"0290";"* si elle est < à la pause minimum"
"IVALPA";"S";"0291";"               SI PROF_IPIGPAUSME = ""2"""
"IVALPA";"S";"0292";"                  SI HJOU_IJQECPAUSO < 0"
"IVALPA";"S";"0293";"                     HJOU_IJQBHORVAJ = HJOU_IJQBHORVAJ + HJOU_IJQECPAUSO"
"IVALPA";"S";"0294";"                     HJOU_IJQPRESBAV = HJOU_IJQPRESBAV + HJOU_IJQECPAUSO"
"IVALPA";"S";"0295";"                     HJOU_IJQPAUSPLA = HJOU_IJQECPAUSO"
"IVALPA";"S";"0296";"                     ANOMALIE 153"
"IVALPA";"S";"0297";"                  FINSI"
"IVALPA";"S";"0298";"               FINSI"
"IVALPA";"S";"0299";"* Cas ou elle est creditee"
"IVALPA";"S";"0300";"               SI PROF_IPIGPAUSME = ""1"""
"IVALPA";"S";"0301";"* Si elle est > à la pause minimum"
"IVALPA";"S";"0302";"* on redonne le temps de pause du profil"
"IVALPA";"S";"0303";"                  SI HJOU_IJQPAUSSOI >= PROF_IPIVFPAUSO"
"IVALPA";"S";"0304";"                     HJOU_IJQBHORVAJ = HJOU_IJQBHORVAJ + PROF_IPIVFPAUSO"
"IVALPA";"S";"0305";"                     HJOU_IJQPRESBAV = HJOU_IJQPRESBAV + PROF_IPIVFPAUSO"
"IVALPA";"S";"0306";"                     HJOU_IJQPRESEFF = HJOU_IJQPRESEFF + PROF_IPIVFPAUSO"
"IVALPA";"S";"0307";"                     HJOU_IJQPAUSPLA = PROF_IPIVFPAUSO"
"IVALPA";"S";"0308";"                     ANOMALIE 151"
"IVALPA";"S";"0309";"                  FINSI"
"IVALPA";"S";"0310";"* Si elle est < à la pause minimum"
"IVALPA";"S";"0311";"* on redonne le temps de pause badgee"
"IVALPA";"S";"0312";"                  SI HJOU_IJQPAUSSOI < PROF_IPIVFPAUSO"
"IVALPA";"S";"0313";"* Cas ou le temps de pause est egal à 0"
"IVALPA";"S";"0314";"                     SI HJOU_IJQPAUSSOI > 0"
"ICREDB";"S";"0064";"SI HJOU_IJIGCDTYPP = ""2"""
"IVALPA";"S";"0315";"                        HJOU_IJQBHORVAJ = HJOU_IJQBHORVAJ + HJOU_IJQPAUSSOI"
"IVALPA";"S";"0316";"                        HJOU_IJQPRESBAV = HJOU_IJQPRESBAV + HJOU_IJQPAUSSOI"
"IVALPA";"S";"0317";"                        HJOU_IJQPRESEFF = HJOU_IJQPRESEFF + HJOU_IJQPAUSSOI"
"IVALPA";"S";"0318";"                        HJOU_IJQPAUSPLA = HJOU_IJQPAUSSOI"
"IVALPA";"S";"0319";"                        ANOMALIE 154"
"IVALPA";"S";"0320";"                     FINSI"
"IVALPA";"S";"0321";"                  FINSI"
"IVALPA";"S";"0322";"               FINSI"
"IVALPA";"S";"0323";"* cas ou elle est créditée uniquement dans les heures totales jour"
"IVALPA";"S";"0324";"* on ne touche pas aux heures effectives"
"IVALPA";"S";"0325";"               SI PROF_IPIGPAUSME = ""3"""
"IVALPA";"S";"0326";"* Si elle est > à la pause minimum"
"IVALPA";"S";"0327";"* on redonne le temps de pause du profil"
"IVALPA";"S";"0328";"                  SI HJOU_IJQPAUSSOI >= PROF_IPIVFPAUSO"
"IVALPA";"S";"0329";"                     HJOU_IJQBHORVAJ = HJOU_IJQBHORVAJ + PROF_IPIVFPAUSO"
"IVALPA";"S";"0330";"                     HJOU_IJQPRESBAV = HJOU_IJQPRESBAV + PROF_IPIVFPAUSO"
"IVALPA";"S";"0331";"                     HJOU_IJQPAUSPLA = PROF_IPIVFPAUSO"
"IVALPA";"S";"0332";"                     ANOMALIE 151"
"IVALPA";"S";"0333";"                  FINSI"
"IVALPA";"S";"0334";"* Si elle est < à la pause minimum"
"IVALPA";"S";"0335";"* on redonne le temps de pause badgee"
"IVALPA";"S";"0336";"                  SI HJOU_IJQPAUSSOI < PROF_IPIVFPAUSO"
"IVALPA";"S";"0337";"* Cas ou le temps de pause est egal à 0"
"IVALPA";"S";"0338";"                     SI HJOU_IJQPAUSSOI > 0"
"IVALPA";"S";"0339";"                        HJOU_IJQBHORVAJ = HJOU_IJQBHORVAJ + HJOU_IJQPAUSSOI"
"IVALPA";"S";"0340";"                        HJOU_IJQPRESBAV = HJOU_IJQPRESBAV + HJOU_IJQPAUSSOI"
"IVALPA";"S";"0341";"                        HJOU_IJQPAUSPLA = HJOU_IJQPAUSSOI"
"IVALPA";"S";"0342";"                        ANOMALIE 154"
"IVALPA";"S";"0343";"                     FINSI"
"IVALPA";"S";"0344";"                  FINSI"
"IVALPA";"S";"0345";"               FINSI"
"IVALPA";"S";"0346";"            FINSI"
"IVALPA";"S";"0347";"         FINSI"
"IVALPA";"S";"0348";"      FINSI"
"IVALPA";"S";"0349";"   FINSI"
"IVALPA";"S";"0350";"FINSI"
"IVALPA";"S";"0351";"FIN"
"ICREDB";"S";"0001";"***********************************************************************"
"ICREDB";"S";"0002";"* Règle     : ICREDB"
"ICREDB";"S";"0003";"* Ordre     : 6100"
"ICREDB";"S";"0004";"* Titre     : Gestion du credit/debit"
"ICREDB";"S";"0005";"* Package   : Privé 16.3"
"ICREDB";"S";"0006";"*----------------------------------------------------------------------"
"ICREDB";"S";"0007";"*"
"ICREDB";"S";"0008";"*"
"ICREDB";"S";"0009";"* Rôle : Gestion du credit/debit"
"ICREDB";"S";"0010";"*"
"ICREDB";"S";"0011";"*"
"ICREDB";"S";"0012";"*"
"ICREDB";"S";"0013";"*"
"ICREDB";"S";"0014";"*"
"ICREDB";"S";"0015";"**----------------------------------------------------------------------"
"ICREDB";"S";"0016";"* Créé par : Méthodes et Outils"
"ICREDB";"S";"0017";"* Date     : 15/10/2020"
"ICREDB";"S";"0018";"* Version  : 1"
"ICREDB";"S";"0019";"*----------------------------------------------------------------------"
"ICREDB";"S";"0021";"* Date         : JJ/MM/AAAA"
"ICREDB";"S";"0022";"* Objet        :"
"ICREDB";"S";"0023";"***********************************************************************"
"ICREDB";"S";"0024";"*"
"ICREDB";"S";"0025";"* Implémentation des données industrielles"
"ICREDB";"S";"0026";"*"
"ICREDB";"S";"0027";"DEBDICO"
"ICREDB";"S";"0028";"   HJOU_IJIGCDTYPP;O;Z1;X;;;123456789;L;;C2;""Période de traitement"";"
"ICREDB";"S";"0029";"   HJOU_IJRFFINPER;N;N2;I;;;    56789;;IJRFFINPER;V3;""Flag fin de période horaire variable"";"
"ICREDB";"S";"0030";"   HJOU_IJRCDPERMA;N;T8,2;L;;;    56789;;IJRCDPERMA;V3;""Crédit/Débit"";"
"ICREDB";"S";"0031";"   HJOU_IJRVICRD01;N;T8,2;L;;;    56789;;IJRVICRD01;V3;""VI - C/D cumulé"";"
"ICREDB";"S";"0032";"   HJOU_IJRCREDEBC;N;T8,2;L;;;    56789;;IJRCREDEBC;V3;""Crédit/Débit cumulé"";"
"ICREDB";"S";"0033";"   HJOU_IJQCREDEBJ;N;T6,2;I;;;    56789;;;V3;""Crédit/Débit du jour"";"
"ICREDB";"S";"0034";"   HJOU_IJQHECRETP;N;T8,2;L;;;    56789;;;V3;""Heures écrêtées Crédit/Débit"";"
"ICREDB";"S";"0035";"   HJOU_IJRBHORVPR;N;T8,2;L;;;    56789;;IJRBHORVAP;V3;""Report base HV période de la veille"";"
"ICREDB";"S";"0036";"   HJOU_IJRCDCUMAF;N;T8,2;L;;;123456789;;IJRCREDEBC;V3;""C/D cumulé affichage lecteur"";"
"ICREDB";"S";"0037";"   HJOU_IJQPRETHEJ;O;T6,2;I;;;    56789;;;C0;""Présence théorique jour"";"
"ICREDB";"S";"0038";"   TEMP_ITCHEVCD;N;T6,2;I;;;        9;;;V3;""Durée de chevauchement C/D"";"
"ICREDB";"S";"0039";"FINDICO"
"ICREDB";"S";"0040";"*"
"ICREDB";"S";"0041";"DEBANO"
"ICREDB";"S";"0042";"   104;4;""Ecrétage du crédit/débit journalier"";"
"ICREDB";"S";"0043";"   108;5;""Débit de la période inférieur au seuil minimum"";"
"ICREDB";"S";"0044";"   109;5;""Crédit de la période supérieur au seuil maximum"";"
"ICREDB";"S";"0045";"   112;5;""Limitation du crédit/débit à sa valeur maximum"";"
"ICREDB";"S";"0046";"   113;6;""Limitation du crédit/débit à sa valeur minimum"";"
"ICREDB";"S";"0047";"FINANO"
"ICREDB";"S";"0048";"*"
"ICREDB";"S";"0049";"* Déclaration des donnees locales"
"ICREDB";"S";"0050";"*"
"ICREDB";"S";"0051";"* Initialisation des compteurs en fonction du type de traitement"
"ICREDB";"S";"0052";"*"
"ICREDB";"S";"0053";"* Raz compteurs pour traitement semaine type 1 ou 5"
"ICREDB";"S";"0054";"*"
"ICREDB";"S";"0055";"SI HJOU_JOUR = ""1"""
"ICREDB";"S";"0056";"   SI HJOU_IJIGCDTYPP = ""1"""
"ICREDB";"S";"0057";"   OU HJOU_IJIGCDTYPP = ""5"""
"ICREDB";"S";"0058";"      FAIRE RAZPER"
"ICREDB";"S";"0059";"   FINSI"
"ICREDB";"S";"0060";"FINSI"
"ICREDB";"S";"0061";"*"
"ICREDB";"S";"0062";"* Raz compteurs pour traitement mensuel type 2 ou 5"
"ICREDB";"S";"0063";"*"
"ICREDB";"S";"0065";"OU HJOU_IJIGCDTYPP = ""5"""
"ICREDB";"S";"0066";"   SI HJOU_DATE(7:2) = ""01"""
"ICREDB";"S";"0067";"      FAIRE RAZPER"
"ICREDB";"S";"0068";"   FINSI"
"ICREDB";"S";"0069";"FINSI"
"ICREDB";"S";"0070";"*"
"ICREDB";"S";"0071";"* Raz compteurs pour traitement avec calendrier type 3"
"ICREDB";"S";"0072";"*"
"ICREDB";"S";"0073";"SI HJOU_IJIGCDTYPP = ""3"""
"ICREDB";"S";"0074";"   SI HJOU_IJRFFINPER = 1"
"ICREDB";"S";"0075";"      FAIRE RAZPER"
"ICREDB";"S";"0076";"      HJOU_IJRFFINPER = 2"
"ICREDB";"S";"0077";"   FINSI"
"ICREDB";"S";"0078";"FINSI"
"ICREDB";"S";"0079";"*"
"ICREDB";"S";"0080";"* traitement du motif d'absence"
"ICREDB";"S";"0081";"*"
"ICREDB";"S";"0082";"POUR ACTIVITES"
"ICREDB";"S";"0083";"   SI MOTI_MOTYPE <> ""C"""
"ICREDB";"S";"0084";"      SI MOTI_IMIGDEBCRE = ""2"""
"ICREDB";"S";"0085";"         HJOU_IJRCDPERMA = HJOU_IJRCDPERMA - HABS_MOTIDUR"
"ICREDB";"S";"0086";"         SI PARD_IDIGDEBCRE = ""1"""
"ICREDB";"S";"0087";"            HJOU_IJRVICRD01 = HJOU_IJRCREDEBC"
"ICREDB";"S";"0088";"            HJOU_IJRCREDEBC = HJOU_IJRCREDEBC - HABS_MOTIDUR"
"ICREDB";"S";"0089";"         FINSI"
"IGCSEGLISS";"S";"0195";"         HJOU_IJRMTCSE = 0"
"IGCSEGLISS";"S";"0196";"* ----------------------"
"IGCSEGLISS";"S";"0197";"* Mise à jour des soldes"
"IGCSEGLISS";"S";"0198";"* ----------------------"
"IGCSEGLISS";"S";"0199";"         HJOU_IJRMSCSE = HJOU_IJRMDCSE - HJOU_IJRMPCSE"
"IGCSEGLISS";"S";"0200";"         HJOU_IJRMSCSE = HJOU_IJRMSCSE + HJOU_IJRMTCSE"
"IGCSEGLISS";"S";"0201";"         HJOU_IJRASCSE = HJOU_IJRADCSE - HJOU_IJRAPCSE"
"IGCSEGLISS";"S";"0202";"         HJOU_IJRASCSE = HJOU_IJRASCSE + HJOU_IJRATCSE"
"IGCSEGLISS";"S";"0203";"      FINSI"
"IGCSEGLISS";"S";"0204";"*"
"IGCSEGLISS";"S";"0205";"* ------------------"
"IGCSEGLISS";"S";"0206";"* Analyse des consignes"
"IGCSEGLISS";"S";"0207";"* ------------------"
"IGCSEGLISS";"S";"0208";"      POUR ACTIVITES"
"IGCSEGLISS";"S";"0209";"* -----------------"
"IGCSEGLISS";"S";"0210";"* Droit CSE mensuel"
"IGCSEGLISS";"S";"0211";"* -----------------"
"IGCSEGLISS";"S";"0212";"         SI HABS_MOTIF = ""ZDCSE"""
"IGCSEGLISS";"S";"0213";"            LOCA_MENS = 1"
"IGCSEGLISS";"S";"0214";"            LOCA_MAJD = HABS_MOTIDUR - HJOU_IJRMDCSE"
"IGCSEGLISS";"S";"0215";"            HJOU_IJRMDCSE = HABS_MOTIDUR"
"IGCSEGLISS";"S";"0216";"            HJOU_IJRADCSE = HJOU_IJRADCSE + LOCA_MAJD"
"IGCSEGLISS";"S";"0217";"         FINSI"
"IGCSEGLISS";"S";"0218";"         SI HABS_MOTIF = ""XDCSE"""
"IGCSEGLISS";"S";"0219";"            LOCA_MENS = 1"
"IGCSEGLISS";"S";"0220";"            HJOU_IJRMDCSE = HJOU_IJRMDCSE + HABS_MOTIDUR"
"IGCSEGLISS";"S";"0221";"            HJOU_IJRADCSE = HJOU_IJRADCSE + HABS_MOTIDUR"
"IGCSEGLISS";"S";"0222";"         FINSI"
"IGCSEGLISS";"S";"0223";"* ----------------"
"IGCSEGLISS";"S";"0224";"* Pris CSE mensuel"
"IGCSEGLISS";"S";"0225";"* ----------------"
"IGCSEGLISS";"S";"0226";"         SI HABS_MOTIF = ""ZPCSE"""
"IGCSEGLISS";"S";"0227";"            LOCA_MENS = 1"
"IGCSEGLISS";"S";"0228";"            LOCA_MAJD = HABS_MOTIDUR - HJOU_IJRMPCSE"
"IGCSEGLISS";"S";"0229";"            HJOU_IJRMPCSE = HABS_MOTIDUR"
"IGCSEGLISS";"S";"0230";"            HJOU_IJRAPCSE = HJOU_IJRAPCSE + LOCA_MAJD"
"IGCSEGLISS";"S";"0231";"         FINSI"
"IGCSEGLISS";"S";"0232";"         SI HABS_MOTIF = ""XPCSE"""
"IGCSEGLISS";"S";"0233";"            LOCA_MENS = 1"
"IGCSEGLISS";"S";"0234";"            HJOU_IJRMPCSE = HJOU_IJRMPCSE + HABS_MOTIDUR"
"IGCSEGLISS";"S";"0235";"            HJOU_IJRAPCSE = HJOU_IJRAPCSE + HABS_MOTIDUR"
"IGCSEGLISS";"S";"0236";"         FINSI"
"IGCSEGLISS";"S";"0237";"* ----------------"
"IGCSEGLISS";"S";"0238";"* Transfert CSE mensuel"
"IGCSEGLISS";"S";"0239";"* ----------------"
"IGCSEGLISS";"S";"0240";"         SI HABS_MOTIF = ""ZTCSE"""
"IGCSEGLISS";"S";"0241";"            LOCA_MENS2 = 1"
"IGCSEGLISS";"S";"0242";"            LOCA_MAJD = HABS_MOTIDUR - HJOU_IJRMTCSE"
"IGCSEGLISS";"S";"0243";"            HJOU_IJRMTCSE = HABS_MOTIDUR"
"IGCSEGLISS";"S";"0244";"            HJOU_IJRATCSE = HJOU_IJRATCSE + LOCA_MAJD"
"IGCSEGLISS";"S";"0245";"         FINSI"
"IGCSEGLISS";"S";"0246";"         SI HABS_MOTIF = ""XTCSE"""
"IGCSEGLISS";"S";"0247";"            LOCA_MENS2 = 1"
"IGCSEGLISS";"S";"0248";"            HJOU_IJRMTCSE = HJOU_IJRMTCSE + HABS_MOTIDUR"
"IGCSEGLISS";"S";"0249";"            HJOU_IJRATCSE = HJOU_IJRATCSE + HABS_MOTIDUR"
"IGCSEGLISS";"S";"0250";"         FINSI"
"IGCSEGLISS";"S";"0251";"* -----------------------------"
"IGCSEGLISS";"S";"0252";"* Motif de demande de transfert"
"IGCSEGLISS";"S";"0253";"* -----------------------------"
"IGCSEGLISS";"S";"0254";"         SI HABS_MOTYPE = ""C"""
"IGCSEGLISS";"S";"0255";"            SI MOTI_IMIMATRICS <> "" """
"IGCSEGLISS";"S";"0256";"               HJOU_IJRMTCSE = HJOU_IJRMTCSE - HABS_MOTIDUR"
"IGCSEGLISS";"S";"0257";"               HJOU_IJRATCSE = HJOU_IJRATCSE - HABS_MOTIDUR"
"IGCSEGLISS";"S";"0258";"               SI MOTI_IMIMATRICS = HJOU_MATRI"
"IGCSEGLISS";"S";"0259";"                  ANOMALIE 220"
"IGCSEGLISS";"S";"0260";"               FINSI"
"IGCSEGLISS";"S";"0261";"            FINSI"
"IGCSEGLISS";"S";"0262";"         FINSI"
"IGCSEGLISS";"S";"0263";"      FINPOUR"
"IGCSEGLISS";"S";"0264";"*"
"IGCSEGLISS";"S";"0265";"* ------------------"
"IGCSEGLISS";"S";"0266";"* Analyse des motifs"
"IGCSEGLISS";"S";"0267";"* ------------------"
"ICREDB";"S";"0090";"      FINSI"
"ICREDB";"S";"0091";"   FINSI"
"ICREDB";"S";"0092";"FINPOUR"
"ICREDB";"S";"0093";"*"
"ICREDB";"S";"0094";"* calcul crédit du jour et controle"
"IGCSEGLISS";"S";"0268";"      POUR ACTIVITES"
"IGCSEGLISS";"S";"0269";"         SI HABS_MOTIF = ""DECSE"""
"IGCSEGLISS";"S";"0270";"         OU HABS_MOTIF = ""DECSEB"""
"IGCSEGLISS";"S";"0271";"            LOCA_CONSO = 1"
"IGCSEGLISS";"S";"0272";"*Prise annuel"
"IGCSEGLISS";"S";"0273";"            HJOU_IJRAPCSE = HJOU_IJRAPCSE + HABS_MOTIDUR"
"IGCSEGLISS";"S";"0274";"*"
"IGCSEGLISS";"S";"0275";"            LOCA_RESTET = HABS_MOTIDUR"
"IGCSEGLISS";"S";"0276";"            HJOU_IJRCUPMCSE = HJOU_IJRCUPMCSE + LOCA_RESTET"
"IGCSEGLISS";"S";"0277";"*Si le solde mensuel > 0"
"IGCSEGLISS";"S";"0278";"            SI HJOU_IJRMSCSE > 0"
"IGCSEGLISS";"S";"0279";"               SI HJOU_IJRMSCSE >= LOCA_RESTET"
"IGCSEGLISS";"S";"0280";"*Pris mensuel = durée du motif"
"IGCSEGLISS";"S";"0281";"                  HJOU_IJRMPCSE = HJOU_IJRMPCSE + LOCA_RESTET"
"IGCSEGLISS";"S";"0282";"                  LOCA_RESTET = 0"
"IGCSEGLISS";"S";"0283";"               SINON"
"IGCSEGLISS";"S";"0284";"                  SI HJOU_IJRMSCSE > 0"
"IGCSEGLISS";"S";"0285";"                     LOCA_RESTET = LOCA_RESTET - HJOU_IJRMSCSE"
"IGCSEGLISS";"S";"0286";"*Pris mensuel = solde mensuel"
"IGCSEGLISS";"S";"0287";"                     HJOU_IJRMPCSE = HJOU_IJRMPCSE + HJOU_IJRMSCSE"
"IGCSEGLISS";"S";"0288";"*Solde mensuel"
"IGCSEGLISS";"S";"0289";"                     HJOU_IJRMSCSE = 0"
"IGCSEGLISS";"S";"0290";"                  FINSI"
"IGCSEGLISS";"S";"0291";"*Si il n'y a pas assez du solde on va consommer dans les"
"IGCSEGLISS";"S";"0292";"*compteurs de stockage si il y a"
"IGCSEGLISS";"S";"0293";"                  LOCA_CONSORELI = 1"
"IGCSEGLISS";"S";"0294";"               FINSI"
"IGCSEGLISS";"S";"0295";"            SINON"
"IGCSEGLISS";"S";"0296";"*Si il n'y a pas assez du solde on va consommer dans les"
"IGCSEGLISS";"S";"0297";"*compteurs de stockage si il y a"
"IGCSEGLISS";"S";"0298";"               LOCA_CONSORELI = 1"
"IGCSEGLISS";"S";"0299";"            FINSI"
"IGCSEGLISS";"S";"0300";"*"
"IGCSEGLISS";"S";"0301";"*Consommation dans les compteurs de stockage"
"IGCSEGLISS";"S";"0302";"            SI LOCA_CONSORELI = 1"
"IGCSEGLISS";"S";"0303";"* M-11"
"IGCSEGLISS";"S";"0304";"               SI LOCA_RESTET > 0"
"IGCSEGLISS";"S";"0305";"                  SI HJOU_IJRMDCSE11 > 0"
"IGCSEGLISS";"S";"0306";"                     SI HJOU_IJRMDCSE11 >= LOCA_RESTET"
"IGCSEGLISS";"S";"0307";"                        HJOU_IJRMDCSE11 = HJOU_IJRMDCSE11 - LOCA_RESTET"
"IGCSEGLISS";"S";"0308";"                        LOCA_RESTET = 0"
"IGCSEGLISS";"S";"0309";"                     SINON"
"IGCSEGLISS";"S";"0310";"                        LOCA_RESTET = LOCA_RESTET - HJOU_IJRMDCSE11"
"IGCSEGLISS";"S";"0311";"                        HJOU_IJRMDCSE11 = 0"
"IGCSEGLISS";"S";"0312";"                     FINSI"
"IGCSEGLISS";"S";"0313";"                  FINSI"
"IGCSEGLISS";"S";"0314";"               FINSI"
"IGCSEGLISS";"S";"0315";"* M-10"
"IGCSEGLISS";"S";"0316";"               SI LOCA_RESTET > 0"
"IGCSEGLISS";"S";"0317";"                  SI HJOU_IJRMDCSE10 > 0"
"IGCSEGLISS";"S";"0318";"                     SI HJOU_IJRMDCSE10 >= LOCA_RESTET"
"IGCSEGLISS";"S";"0319";"                        HJOU_IJRMDCSE10 = HJOU_IJRMDCSE10 - LOCA_RESTET"
"IGCSEGLISS";"S";"0320";"                        LOCA_RESTET = 0"
"IGCSEGLISS";"S";"0321";"                     SINON"
"IGCSEGLISS";"S";"0322";"                        LOCA_RESTET = LOCA_RESTET - HJOU_IJRMDCSE10"
"IGCSEGLISS";"S";"0323";"                        HJOU_IJRMDCSE10 = 0"
"IGCSEGLISS";"S";"0324";"                     FINSI"
"IGCSEGLISS";"S";"0325";"                  FINSI"
"IGCSEGLISS";"S";"0326";"               FINSI"
"IGCSEGLISS";"S";"0327";"* M-9"
"IGCSEGLISS";"S";"0328";"               SI LOCA_RESTET > 0"
"IGCSEGLISS";"S";"0329";"                  SI HJOU_IJRMDCSE9 > 0"
"IGCSEGLISS";"S";"0330";"                     SI HJOU_IJRMDCSE9 >= LOCA_RESTET"
"IGCSEGLISS";"S";"0331";"                        HJOU_IJRMDCSE9 = HJOU_IJRMDCSE9 - LOCA_RESTET"
"IGCSEGLISS";"S";"0332";"                        LOCA_RESTET = 0"
"IGCSEGLISS";"S";"0333";"                     SINON"
"IGCSEGLISS";"S";"0334";"                        LOCA_RESTET = LOCA_RESTET - HJOU_IJRMDCSE9"
"IGCSEGLISS";"S";"0335";"                        HJOU_IJRMDCSE9 = 0"
"IGCSEGLISS";"S";"0336";"                     FINSI"
"IGCSEGLISS";"S";"0337";"                  FINSI"
"IGCSEGLISS";"S";"0338";"               FINSI"
"IGCSEGLISS";"S";"0339";"* M-8"
"IGCSEGLISS";"S";"0340";"               SI LOCA_RESTET > 0"
"IGCSEGLISS";"S";"0341";"                  SI HJOU_IJRMDCSE8 > 0"
"IGCSEGLISS";"S";"0342";"                     SI HJOU_IJRMDCSE8 >= LOCA_RESTET"
"IGCSEGLISS";"S";"0343";"                        HJOU_IJRMDCSE8 = HJOU_IJRMDCSE8 - LOCA_RESTET"
"IGCSEGLISS";"S";"0344";"                        LOCA_RESTET = 0"
"IGCSEGLISS";"S";"0345";"                     SINON"
"IGCSEGLISS";"S";"0346";"                        LOCA_RESTET = LOCA_RESTET - HJOU_IJRMDCSE8"
"IGCSEGLISS";"S";"0347";"                        HJOU_IJRMDCSE8 = 0"
"IGCSEGLISS";"S";"0348";"                     FINSI"
"IGCSEGLISS";"S";"0349";"                  FINSI"
"IGCSEGLISS";"S";"0350";"               FINSI"
"IGCSEGLISS";"S";"0351";"* M-7"
"IGCSEGLISS";"S";"0352";"               SI LOCA_RESTET > 0"
"IGCSEGLISS";"S";"0353";"                  SI HJOU_IJRMDCSE7 > 0"
"IGCSEGLISS";"S";"0354";"                     SI HJOU_IJRMDCSE7 >= LOCA_RESTET"
"IGCSEGLISS";"S";"0355";"                        HJOU_IJRMDCSE7 = HJOU_IJRMDCSE7 - LOCA_RESTET"
"IGCSEGLISS";"S";"0356";"                        LOCA_RESTET = 0"
"IGCSEGLISS";"S";"0357";"                     SINON"
"IGCSEGLISS";"S";"0358";"                        LOCA_RESTET = LOCA_RESTET - HJOU_IJRMDCSE7"
"IGCSEGLISS";"S";"0359";"                        HJOU_IJRMDCSE7 = 0"
"IGCSEGLISS";"S";"0360";"                     FINSI"
"IGCSEGLISS";"S";"0361";"                  FINSI"
"IGCSEGLISS";"S";"0362";"               FINSI"
"IGCSEGLISS";"S";"0363";"* M-6"
"IGCSEGLISS";"S";"0364";"               SI LOCA_RESTET > 0"
"IGCSEGLISS";"S";"0365";"                  SI HJOU_IJRMDCSE6 > 0"
"IGCSEGLISS";"S";"0366";"                     SI HJOU_IJRMDCSE6 >= LOCA_RESTET"
"IGCSEGLISS";"S";"0367";"                        HJOU_IJRMDCSE6 = HJOU_IJRMDCSE6 - LOCA_RESTET"
"IGCSEGLISS";"S";"0368";"                        LOCA_RESTET = 0"
"IGCSEGLISS";"S";"0369";"                     SINON"
"IGCSEGLISS";"S";"0370";"                        LOCA_RESTET = LOCA_RESTET - HJOU_IJRMDCSE6"
"IGCSEGLISS";"S";"0371";"                        HJOU_IJRMDCSE6 = 0"
"IGCSEGLISS";"S";"0372";"                     FINSI"
"IGCSEGLISS";"S";"0373";"                  FINSI"
"IGCSEGLISS";"S";"0374";"               FINSI"
"IGCSEGLISS";"S";"0375";"* M-5"
"IGCSEGLISS";"S";"0376";"               SI LOCA_RESTET > 0"
"IGCSEGLISS";"S";"0377";"                  SI HJOU_IJRMDCSE5 > 0"
"IGCSEGLISS";"S";"0378";"                     SI HJOU_IJRMDCSE5 >= LOCA_RESTET"
"IGCSEGLISS";"S";"0379";"                        HJOU_IJRMDCSE5 = HJOU_IJRMDCSE5 - LOCA_RESTET"
"IGCSEGLISS";"S";"0380";"                        LOCA_RESTET = 0"
"IGCSEGLISS";"S";"0381";"                     SINON"
"IGCSEGLISS";"S";"0382";"                        LOCA_RESTET = LOCA_RESTET - HJOU_IJRMDCSE5"
"IGCSEGLISS";"S";"0383";"                        HJOU_IJRMDCSE5 = 0"
"IGCSEGLISS";"S";"0384";"                     FINSI"
"IGCSEGLISS";"S";"0385";"                  FINSI"
"IGCSEGLISS";"S";"0386";"               FINSI"
"IGCSEGLISS";"S";"0387";"* M-4"
"IGCSEGLISS";"S";"0388";"               SI LOCA_RESTET > 0"
"IGCSEGLISS";"S";"0389";"                  SI HJOU_IJRMDCSE4 > 0"
"IGCSEGLISS";"S";"0390";"                     SI HJOU_IJRMDCSE4 >= LOCA_RESTET"
"IGCSEGLISS";"S";"0391";"                        HJOU_IJRMDCSE4 = HJOU_IJRMDCSE4 - LOCA_RESTET"
"IGCSEGLISS";"S";"0392";"                        LOCA_RESTET = 0"
"IGCSEGLISS";"S";"0393";"                     SINON"
"IGCSEGLISS";"S";"0394";"                        LOCA_RESTET = LOCA_RESTET - HJOU_IJRMDCSE4"
"IGCSEGLISS";"S";"0395";"                        HJOU_IJRMDCSE4 = 0"
"IGCSEGLISS";"S";"0396";"                     FINSI"
"IGCSEGLISS";"S";"0397";"                  FINSI"
"IGCSEGLISS";"S";"0398";"               FINSI"
"IGCSEGLISS";"S";"0399";"* M-3"
"IGCSEGLISS";"S";"0400";"               SI LOCA_RESTET > 0"
"IGCSEGLISS";"S";"0401";"                  SI HJOU_IJRMDCSE3 > 0"
"IGCSEGLISS";"S";"0402";"                     SI HJOU_IJRMDCSE3 >= LOCA_RESTET"
"IGCSEGLISS";"S";"0403";"                        HJOU_IJRMDCSE3 = HJOU_IJRMDCSE3 - LOCA_RESTET"
"IGCSEGLISS";"S";"0404";"                        LOCA_RESTET = 0"
"IGCSEGLISS";"S";"0405";"                     SINON"
"IGCSEGLISS";"S";"0406";"                        LOCA_RESTET = LOCA_RESTET - HJOU_IJRMDCSE3"
"IGCSEGLISS";"S";"0407";"                        HJOU_IJRMDCSE3 = 0"
"IGCSEGLISS";"S";"0408";"                     FINSI"
"IGCSEGLISS";"S";"0409";"                  FINSI"
"IGCSEGLISS";"S";"0410";"               FINSI"
"IGCSEGLISS";"S";"0411";"* M-2"
"IGCSEGLISS";"S";"0412";"               SI LOCA_RESTET > 0"
"IGCSEGLISS";"S";"0413";"                  SI HJOU_IJRMDCSE2 > 0"
"IGCSEGLISS";"S";"0414";"                     SI HJOU_IJRMDCSE2 >= LOCA_RESTET"
"IGCSEGLISS";"S";"0415";"                        HJOU_IJRMDCSE2 = HJOU_IJRMDCSE2 - LOCA_RESTET"
"IGCSEGLISS";"S";"0416";"                        LOCA_RESTET = 0"
"IGCSEGLISS";"S";"0417";"                     SINON"
"IGCSEGLISS";"S";"0418";"                        LOCA_RESTET = LOCA_RESTET - HJOU_IJRMDCSE2"
"IGCSEGLISS";"S";"0419";"                        HJOU_IJRMDCSE2 = 0"
"IGCSEGLISS";"S";"0420";"                     FINSI"
"IGCSEGLISS";"S";"0421";"                  FINSI"
"IGCSEGLISS";"S";"0422";"               FINSI"
"IGCSEGLISS";"S";"0423";"* M-1"
"IGCSEGLISS";"S";"0424";"               SI LOCA_RESTET > 0"
"IGCSEGLISS";"S";"0425";"                  SI HJOU_IJRMDCSE1 > 0"
"IGCSEGLISS";"S";"0426";"                     SI HJOU_IJRMDCSE1 >= LOCA_RESTET"
"IGCSEGLISS";"S";"0427";"                        HJOU_IJRMDCSE1 = HJOU_IJRMDCSE1 - LOCA_RESTET"
"IGCSEGLISS";"S";"0428";"                        LOCA_RESTET = 0"
"IGCSEGLISS";"S";"0429";"                     SINON"
"IGCSEGLISS";"S";"0430";"                        LOCA_RESTET = LOCA_RESTET - HJOU_IJRMDCSE1"
"IGCSEGLISS";"S";"0431";"                        HJOU_IJRMDCSE1 = 0"
"IGCSEGLISS";"S";"0432";"                     FINSI"
"IGCSEGLISS";"S";"0433";"                  FINSI"
"IGCSEGLISS";"S";"0434";"               FINSI"
"IGCSEGLISS";"S";"0435";"* Si il reste encore, ce n'est pas possible sur le papier. Le salarié ne peut pas pre"
"IGCSEGLISS";"S";"0436";"* d'heures que possible dans son reliquat. Il ne pourra jamais y arriver."
"IGCSEGLISS";"S";"0437";"* On génère tout de meme une anomalie au cas ou..."
"IGCSEGLISS";"S";"0438";"               SI LOCA_RESTET > 0"
"IGCSEGLISS";"S";"0439";"                  ANOMALIE 217"
"IGCSEGLISS";"S";"0440";"               FINSI"
"IGCSEGLISS";"S";"0441";"            FINSI"
"IGCSEGLISS";"S";"0442";"         FINSI"
"IGCSEGLISS";"S";"0443";"      FINPOUR"
"IGCSEGLISS";"S";"0444";"* ----------------------"
"IGCSEGLISS";"S";"0445";"* Mise à jour des soldes"
"IGCSEGLISS";"S";"0446";"* ----------------------"
"IGCSEGLISS";"S";"0447";"      HJOU_IJRMSCSE = HJOU_IJRMDCSE - HJOU_IJRMPCSE"
"IGCSEGLISS";"S";"0448";"      HJOU_IJRMSCSE = HJOU_IJRMSCSE + HJOU_IJRMTCSE"
"IGCSEGLISS";"S";"0449";"      HJOU_IJRASCSE = HJOU_IJRADCSE - HJOU_IJRAPCSE"
"IGCSEGLISS";"S";"0450";"      HJOU_IJRASCSE = HJOU_IJRASCSE + HJOU_IJRATCSE"
"IGCSEGLISS";"S";"0451";"* ----------------------------------------"
"IGCSEGLISS";"S";"0452";"* Gestion des anomalies"
"IGCSEGLISS";"S";"0453";"* ----------------------------------------"
"IGCSEGLISS";"S";"0454";"* Solde négatif"
"IGCSEGLISS";"S";"0455";"      SI HJOU_IJRMSCSE < 0"
"IGCSEGLISS";"S";"0456";"         ANOMALIE 215"
"IGCSEGLISS";"S";"0457";"      FINSI"
"IGCSEGLISS";"S";"0458";"*"
"IGCSEGLISS";"S";"0459";"      DEF CPTG_SOLDECSEM T6.2"
"IGCSEGLISS";"S";"0460";"      PERGLISS CPTG_SOLDECSEM ""031J01"""
"IGCSEGLISS";"S";"0461";"      SI HJOU_IJRMSCSE < 0"
"IGCSEGLISS";"S";"0462";"         TEMP_CNRETOUR = 2"
"IGCSEGLISS";"S";"0463";"         TEMP_CNMESS = 215"
"IGCSEGLISS";"S";"0464";"      FINSI"
"IGCSEGLISS";"S";"0465";"* depassement du CSE annuel"
"IGCSEGLISS";"S";"0466";"      LOCA_DTMAX = HJOU_IJIDACSEM * LOCA_TAUX"
"IGCSEGLISS";"S";"0467";"      SI HJOU_DATE(7:2) = ""01"""
"IGCSEGLISS";"S";"0468";"         SI HJOU_IJRADCSE > LOCA_DTMAX"
"IGCSEGLISS";"S";"0469";"            ANOMALIE 218"
"IGCSEGLISS";"S";"0470";"         FINSI"
"IGCSEGLISS";"S";"0471";"      FINSI"
"IGCSEGLISS";"S";"0472";"      LOCA_DTMAX = LOCA_DTMAX / 12"
"IGCSEGLISS";"S";"0473";"* --------------------------------------------------------------------------"
"IGCSEGLISS";"S";"0474";"* LOCA_MENS : on affiche l'anomalie que s'il y a une consigne sur la journée"
"IGCSEGLISS";"S";"0475";"* --------------------------------------------------------------------------"
"IGCSEGLISS";"S";"0476";"      SI LOCA_MENS = 1"
"IGCSEGLISS";"S";"0477";"         LOCA_DRPR = HJOU_IJRMDCSE - HJOU_IJRMPCSE"
"IGCSEGLISS";"S";"0478";"         SI HJOU_IJRMDCSE > LOCA_DTMAX"
"IGCSEGLISS";"S";"0479";"         OU LOCA_DRPR > LOCA_DTMAX"
"IGCSEGLISS";"S";"0480";"            ANOMALIE 216"
"IGCSEGLISS";"S";"0481";"         FINSI"
"IGCSEGLISS";"S";"0482";"      SINON"
"IGCSEGLISS";"S";"0483";"         SI LOCA_CONSO = 1"
"IGCSEGLISS";"S";"0484";"*Anomalie en cas de dépassement du droit mensuel"
"IGCSEGLISS";"S";"0485";"            SI HJOU_IJRCUPMCSE > LOCA_MAXM"
"IGCSEGLISS";"S";"0486";"               ANOMALIE 216"
"IGCSEGLISS";"S";"0487";"            FINSI"
"IGCSEGLISS";"S";"0488";"         FINSI"
"IGCSEGLISS";"S";"0489";"      FINSI"
"IGCSEGLISS";"S";"0490";"   SINON"
"IGCSEGLISS";"S";"0491";"* ------------"
"IGCSEGLISS";"S";"0492";"* Forfait jour"
"IGCSEGLISS";"S";"0493";"* ------------"
"IGCSEGLISS";"S";"0494";"* la période retenue est la période d'annualisation"
"IGCSEGLISS";"S";"0495";"      SI HJOU_DATE = PARD_IDIDDEBANN"
"IGCSEGLISS";"S";"0496";"         FAIRE RAZCSE"
"IGCSEGLISS";"S";"0497";"      FINSI"
"IGCSEGLISS";"S";"0498";"* -----------------------"
"IGCSEGLISS";"S";"0499";"* Initialisation du droit : calcul du nombre de jours pour les forfaits jour."
"IGCSEGLISS";"S";"0500";"* -----------------------"
"IGCSEGLISS";"S";"0501";"      SI HJOU_IJRADCSEF = 0"
"IGCSEGLISS";"S";"0502";"         SI HJOU_IJIDACSET > 0"
"IGCSEGLISS";"S";"0503";"* ---------------------------------"
"IGCSEGLISS";"S";"0504";"* Arrondi du droit au 0.5 supérieur"
"IGCSEGLISS";"S";"0505";"* ---------------------------------"
"IGCSEGLISS";"S";"0506";"            LOCA_DROIT = HJOU_IJIDACSET / LOCA_DIV"
"IGCSEGLISS";"S";"0507";"            FAIRE CALCFJ"
"IGCSEGLISS";"S";"0508";"            HJOU_IJRADCSEF = LOCA_DROIT"
"IGCSEGLISS";"S";"0509";"            LOCA_DROIT = 0"
"IGCSEGLISS";"S";"0510";"         FINSI"
"IGCSEGLISS";"S";"0511";"      FINSI"
"IGCSEGLISS";"S";"0512";"* -------------------"
"IGCSEGLISS";"S";"0513";"* Motifs et activités"
"IGCSEGLISS";"S";"0514";"* -------------------"
"IGCSEGLISS";"S";"0515";"      POUR ACTIVITES"
"IGCSEGLISS";"S";"0516";"         SI HABS_MOTIF = ""DECSE"""
"IGCSEGLISS";"S";"0517";"         OU HABS_MOTIF = ""DECSEB"""
"IGCSEGLISS";"S";"0518";"            SI HABS_VALORIS = ""J"""
"IGCSEGLISS";"S";"0519";"               HJOU_IJRAPCSEF = HJOU_IJRAPCSEF + 1"
"IGCSEGLISS";"S";"0520";"            SINON"
"IGCSEGLISS";"S";"0521";"               SI HABS_VALORIS = ""A"""
"IGCSEGLISS";"S";"0522";"               OU HABS_VALORIS = ""M"""
"IGCSEGLISS";"S";"0523";"                  HJOU_IJRAPCSEF = HJOU_IJRAPCSEF + 0.5"
"IGCSEGLISS";"S";"0524";"               SINON"
"IGCSEGLISS";"S";"0525";"                  ANOMALIE 221"
"IGCSEGLISS";"S";"0526";"                  SI HABS_MOTIDUR > 4"
"IGCSEGLISS";"S";"0527";"                     HJOU_IJRAPCSEF = HJOU_IJRAPCSEF + 1"
"IGCSEGLISS";"S";"0528";"                  SINON"
"IGCSEGLISS";"S";"0529";"                     HJOU_IJRAPCSEF = HJOU_IJRAPCSEF + 0.5"
"IGCSEGLISS";"S";"0530";"                  FINSI"
"IGCSEGLISS";"S";"0531";"               FINSI"
"IGCSEGLISS";"S";"0532";"            FINSI"
"IGCSEGLISS";"S";"0533";"         FINSI"
"IGCSEGLISS";"S";"0534";"* -----------------"
"IGCSEGLISS";"S";"0535";"* Droit CSE mensuel"
"IGCSEGLISS";"S";"0536";"* -----------------"
"IGCSEGLISS";"S";"0537";"         SI HABS_MOTIF = ""ZDCSE"""
"IGCSEGLISS";"S";"0538";"            LOCA_MENSJ = 1"
"IGCSEGLISS";"S";"0539";"            LOCA_DROIT = HABS_MOTIDUR / LOCA_DIV"
"IGCSEGLISS";"S";"0540";"            FAIRE CALCFJ"
"IGCSEGLISS";"S";"0541";"            HJOU_IJRADCSEF = LOCA_DROIT"
"IGCSEGLISS";"S";"0542";"            LOCA_DROIT = 0"
"IGCSEGLISS";"S";"0543";"         FINSI"
"IGCSEGLISS";"S";"0544";"         SI HABS_MOTIF = ""XDCSE"""
"IGCSEGLISS";"S";"0545";"            LOCA_MENSJ = 1"
"IGCSEGLISS";"S";"0546";"            LOCA_MAJD = LOCA_MAJD + HABS_MOTIDUR"
"IGCSEGLISS";"S";"0547";"         FINSI"
"IGCSEGLISS";"S";"0548";"* ----------------"
"IGCSEGLISS";"S";"0549";"* Pris CSE mensuel"
"IGCSEGLISS";"S";"0550";"* ----------------"
"IGCSEGLISS";"S";"0551";"         SI HABS_MOTIF = ""ZPCSE"""
"IGCSEGLISS";"S";"0552";"            LOCA_MENSJ = 1"
"IGCSEGLISS";"S";"0553";"            LOCA_DROIT = HABS_MOTIDUR / LOCA_DIV"
"IGCSEGLISS";"S";"0554";"            FAIRE CALCFJ"
"IGCSEGLISS";"S";"0555";"            HJOU_IJRAPCSEF = LOCA_DROIT"
"IGCSEGLISS";"S";"0556";"         FINSI"
"IGCSEGLISS";"S";"0557";"         SI HABS_MOTIF = ""XPCSE"""
"IGCSEGLISS";"S";"0558";"            LOCA_MENSJ = 1"
"IGCSEGLISS";"S";"0559";"            LOCA_DROIT = HABS_MOTIDUR / LOCA_DIV"
"IGCSEGLISS";"S";"0560";"            FAIRE CALCFJ"
"IGCSEGLISS";"S";"0561";"            HJOU_IJRAPCSEF = HJOU_IJRAPCSEF + LOCA_DROIT"
"IGCSEGLISS";"S";"0562";"         FINSI"
"IGCSEGLISS";"S";"0563";"* ----------------"
"IGCSEGLISS";"S";"0564";"* Transfert CSE mensuel"
"IGCSEGLISS";"S";"0565";"* ----------------"
"IGCSEGLISS";"S";"0566";"         SI HABS_MOTIF = ""ZTCSE"""
"IGCSEGLISS";"S";"0567";"            LOCA_MENSJ = 1"
"IGCSEGLISS";"S";"0568";"            LOCA_DROIT = HABS_MOTIDUR / LOCA_DIV"
"IGCSEGLISS";"S";"0569";"            FAIRE CALCFJ"
"IGCSEGLISS";"S";"0570";"            HJOU_IJRATCSEF = LOCA_DROIT"
"IGCSEGLISS";"S";"0571";"         FINSI"
"IGCSEGLISS";"S";"0572";"         SI HABS_MOTIF = ""XTCSE"""
"IGCSEGLISS";"S";"0573";"            LOCA_MENSJ = 1"
"IGCSEGLISS";"S";"0574";"            LOCA_DROIT = HABS_MOTIDUR / LOCA_DIV"
"IGCSEGLISS";"S";"0575";"            FAIRE CALCFJ"
"IGCSEGLISS";"S";"0576";"            HJOU_IJRATCSEF = HJOU_IJRATCSEF + LOCA_DROIT"
"IGCSEGLISS";"S";"0577";"         FINSI"
"IGCSEGLISS";"S";"0578";"* -----------------------------"
"IGCSEGLISS";"S";"0579";"* Motif de demande de transfert"
"IGCSEGLISS";"S";"0580";"* -----------------------------"
"IGCSEGLISS";"S";"0581";"         SI HABS_MOTYPE = ""C"""
"IGCSEGLISS";"S";"0582";"            SI MOTI_IMIMATRICS <> "" """
"IGCSEGLISS";"S";"0583";"               LOCA_MAJT = LOCA_MAJT - HABS_MOTIDUR"
"IGCSEGLISS";"S";"0584";"               SI MOTI_IMIMATRICS = HJOU_MATRI"
"IGCSEGLISS";"S";"0585";"                  ANOMALIE 220"
"IGCSEGLISS";"S";"0586";"               FINSI"
"IGCSEGLISS";"S";"0587";"            FINSI"
"IGCSEGLISS";"S";"0588";"         FINSI"
"IGCSEGLISS";"S";"0589";"      FINPOUR"
"IGCSEGLISS";"S";"0590";"* ----------------------------"
"IGCSEGLISS";"S";"0591";"* Cumul des XDCSE sur le droit"
"IGCSEGLISS";"S";"0592";"* ----------------------------"
"IGCSEGLISS";"S";"0593";"      LOCA_DROIT = LOCA_MAJD / LOCA_DIV"
"IGCSEGLISS";"S";"0594";"      SI LOCA_DROIT > 0"
"IGCSEGLISS";"S";"0595";"         FAIRE CALCFJ"
"IGCSEGLISS";"S";"0596";"         HJOU_IJRADCSEF = HJOU_IJRADCSEF + LOCA_DROIT"
"IGCSEGLISS";"S";"0597";"      FINSI"
"IGCSEGLISS";"S";"0598";"      LOCA_MAJD = 0"
"IGCSEGLISS";"S";"0599";"* --------------------"
"IGCSEGLISS";"S";"0600";"* Cumul des transferts"
"IGCSEGLISS";"S";"0601";"* --------------------"
"IGCSEGLISS";"S";"0602";"      LOCA_DROIT = LOCA_MAJT / LOCA_DIV"
"IGCSEGLISS";"S";"0603";"* En cas de droit négatif"
"IGCSEGLISS";"S";"0604";"      SI LOCA_DROIT < 0"
"ICREDB";"S";"0102";"   SI TEMP_ITCHEVCD > 0"
"IGCSEGLISS";"S";"0605";"         LOCA_DROIT = LOCA_DROIT * LOCA_MOINS1"
"IGCSEGLISS";"S";"0606";"      FINSI"
"IGCSEGLISS";"S";"0607";"*"
"IGCSEGLISS";"S";"0608";"      SI LOCA_DROIT > 0"
"IGCSEGLISS";"S";"0609";"         FAIRE CALCFJ"
"IGCSEGLISS";"S";"0610";"         HJOU_IJRATCSEF = HJOU_IJRATCSEF - LOCA_DROIT"
"IGCSEGLISS";"S";"0611";"      FINSI"
"IGCSEGLISS";"S";"0612";"      LOCA_MAJT = 0"
"IGCSEGLISS";"S";"0613";"* ----------------------"
"IGCSEGLISS";"S";"0614";"* Mise à jour des soldes"
"IGCSEGLISS";"S";"0615";"* ----------------------"
"IGCSEGLISS";"S";"0616";"      HJOU_IJRASCSEF = HJOU_IJRADCSEF - HJOU_IJRAPCSEF"
"IGCSEGLISS";"S";"0617";"      HJOU_IJRASCSEF = HJOU_IJRASCSEF + HJOU_IJRATCSEF"
"IGCSEGLISS";"S";"0618";"* ----------------------------------------"
"IGCSEGLISS";"S";"0619";"* Gestion des anomalies"
"IGCSEGLISS";"S";"0620";"* ----------------------------------------"
"IGCSEGLISS";"S";"0621";"      LOCA_DTMAX = HJOU_IJIDACSEM * LOCA_TAUX"
"IGCSEGLISS";"S";"0622";"      LOCA_DROIT = LOCA_DTMAX / LOCA_DIV"
"IGCSEGLISS";"S";"0623";"      LOCA_DROIT = LOCA_DROIT / 8"
"IGCSEGLISS";"S";"0624";"      SI HJOU_DATE(7:2) = ""01"""
"IGCSEGLISS";"S";"0625";"         SI HJOU_IJRADCSEF > LOCA_DROIT"
"IGCSEGLISS";"S";"0626";"            ANOMALIE 218"
"IGCSEGLISS";"S";"0627";"         FINSI"
"IGCSEGLISS";"S";"0628";"      FINSI"
"IGCSEGLISS";"S";"0629";"*"
"IGCSEGLISS";"S";"0630";"      SI LOCA_MENSJ = 1"
"IGCSEGLISS";"S";"0631";"         SI HJOU_IJRADCSEF > LOCA_DROIT"
"IGCSEGLISS";"S";"0632";"         OU HJOU_IJRASCSEF > LOCA_DROIT"
"IGCSEGLISS";"S";"0633";"            ANOMALIE 218"
"IGCSEGLISS";"S";"0634";"         FINSI"
"IGCSEGLISS";"S";"0635";"      FINSI"
"IGCSEGLISS";"S";"0636";"      SI HJOU_IJRASCSE < 0"
"IGCSEGLISS";"S";"0637";"      OU HJOU_IJRASCSEF < 0"
"IGCSEGLISS";"S";"0638";"         ANOMALIE 217"
"IGCSEGLISS";"S";"0639";"      FINSI"
"IGCSEGLISS";"S";"0640";"   FINSI"
"IGCSEGLISS";"S";"0641";"SINON"
"IGCSEGLISS";"S";"0642";"* -------------------------------------------------------"
"IGCSEGLISS";"S";"0643";"* RAZ des droits au lendemain de la date de fin de mandat"
"IGCSEGLISS";"S";"0644";"* -------------------------------------------------------"
"IGCSEGLISS";"S";"0645";"   LIREVALPRE LOCA_DATEFIN HJOU_DATE"
"IGCSEGLISS";"S";"0646";"   *************************************************"
"IGCSEGLISS";"S";"0647";"   *************************************************"
"IGCSEGLISS";"S";"0648";"   * En cas d'ancienne version où le LIREVALPRE ne"
"IGCSEGLISS";"S";"0649";"   * fonctionne pas (Nouveautés 5.2.0)"
"IGCSEGLISS";"S";"0650";"   * Utiliser le réglementaire suivant :"
"IGCSEGLISS";"S";"0651";"   *"
"IGCSEGLISS";"S";"0652";"   * DATAJT HJOU_DATE 12 ""J"" -1"
"IGCSEGLISS";"S";"0653";"   * LOCA_DATEFIN = TEMP_DXFINPER"
"IGCSEGLISS";"S";"0654";"   *************************************************"
"IGCSEGLISS";"S";"0655";"   *************************************************"
"IGCSEGLISS";"S";"0656";"   SI LOCA_DATEFIN = HJOU_IJIDFIN"
"IGCSEGLISS";"S";"0657";"      FAIRE RAZCSE"
"IGCSEGLISS";"S";"0658";"   FINSI"
"IGCSEGLISS";"S";"0659";"FINSI"
"IGCSEGLISS";"S";"0660";"* -------------------------------------------------------"
"IGCSEGLISS";"S";"0661";"* anomalie si le droit + transfert dépasse le maximum mensuel"
"IGCSEGLISS";"S";"0662";"* -------------------------------------------------------"
"IGCSEGLISS";"S";"0663";"* Déclenchement en cas d'un trop grand nombre d'heures reçues"
"IGCSEGLISS";"S";"0664";"* via une consigne de transfert"
"IGCSEGLISS";"S";"0665";"SI LOCA_MENS2 = 1"
"IGCSEGLISS";"S";"0666";"   LOCA_DRTR = HJOU_IJRMDCSE + HJOU_IJRMTCSE"
"IGCSEGLISS";"S";"0667";"   SI LOCA_DRTR > LOCA_MAXM"
"IGCSEGLISS";"S";"0668";"      ANOMALIE 224"
"IGCSEGLISS";"S";"0669";"   FINSI"
"IGCSEGLISS";"S";"0670";"FINSI"
"IGCSEGLISS";"S";"0671";"* ----------------------"
"IGCSEGLISS";"S";"0672";"* Calcul du prévisionnel"
"IGCSEGLISS";"S";"0673";"* ----------------------"
"IGCSEGLISS";"S";"0674";"SI TEMP_DATSUI = LOCA_DATE"
"IGCSEGLISS";"S";"0675";"* Forfait heure"
"IGCSEGLISS";"S";"0676";"   SI HORC_IHINFORFJ <> ""1"""
"IGCSEGLISS";"S";"0677";"      EMPL_IEQSDELCSE = HJOU_IJRASCSE"
"IGCSEGLISS";"S";"0678";"   SINON"
"IGCSEGLISS";"S";"0679";"* Forfait jour"
"IGCSEGLISS";"S";"0680";"      EMPL_IEQSDELCSE = HJOU_IJRASCSEF * 8"
"IGCSEGLISS";"S";"0681";"   FINSI"
"IGCSEGLISS";"S";"0682";"FINSI"
"IGCSEGLISS";"S";"0683";"* ----------"
"IGCSEGLISS";"S";"0684";"* Simulation"
"IGCSEGLISS";"S";"0685";"* ----------"
"IGCSEGLISS";"S";"0686";"DEF CPTG_SOLDECSE T6.2"
"IGCSEGLISS";"S";"0687";"PERGLISS CPTG_SOLDECSE ""060J01"""
"IGCSEGLISS";"S";"0688";"POUR ACTIVITES"
"IGCSEGLISS";"S";"0689";"   SI MOTI_IMIMATRICS <> "" """
"IGCSEGLISS";"S";"0690";"      LOCA_MAT = MOTI_IMIMATRICS"
"IGCSEGLISS";"S";"0691";"      LOCA_MAJD = HABS_MOTIDUR"
"IGCSEGLISS";"S";"0692";"      LOCA_VALO = HABS_VALORIS"
"IGCSEGLISS";"S";"0693";"   FINSI"
"IGCSEGLISS";"S";"0694";"FINPOUR"
"IGCSEGLISS";"S";"0695";"* --------------------------------------------------"
"IGCSEGLISS";"S";"0696";"* Blocage si l'on se transmets des droits a soi-même"
"IGCSEGLISS";"S";"0697";"* --------------------------------------------------"
"IGCSEGLISS";"S";"0698";"SI LOCA_MAT = HJOU_MATRI"
"IGCSEGLISS";"S";"0699";"   TEMP_CNRETOUR = 2"
"IGCSEGLISS";"S";"0700";"   TEMP_CNMESS = 220"
"IGCSEGLISS";"S";"0701";"FINSI"
"IGCSEGLISS";"S";"0702";"* ---------------------------------------"
"IGCSEGLISS";"S";"0703";"* Contrôles spécifiques aux forfaits jour"
"IGCSEGLISS";"S";"0704";"* ---------------------------------------"
"IGCSEGLISS";"S";"0705";"SI HORC_IHINFORFJ = ""1"""
"IGCSEGLISS";"S";"0706";"*"
"ICREDB";"S";"0100";"*** déduction du temps en chevauchement"
"ICREDB";"S";"0101";"*"
"IGCSEGLISS";"S";"0707";"* Ils ne peuvent transférer que l'équivalent de jours / demi-journées (multiples de 4)"
"IGCSEGLISS";"S";"0708";"   SI LOCA_MAJD > 0"
"IGCSEGLISS";"S";"0709";"      LOCA_DROIT = LOCA_MAJD / LOCA_DIV"
"IGCSEGLISS";"S";"0710";"      LOCA_RESTE = LOCA_DROIT % 4"
"IGCSEGLISS";"S";"0711";"      SI LOCA_RESTE > 0"
"IGCSEGLISS";"S";"0712";"         TEMP_CNRETOUR = 2"
"IGCSEGLISS";"S";"0713";"         TEMP_CNMESS = 219"
"IGCSEGLISS";"S";"0714";"      FINSI"
"IGCSEGLISS";"S";"0715";"   FINSI"
"IGCSEGLISS";"S";"0716";"* ----------------------------------------------------------------------------"
"IGCSEGLISS";"S";"0717";"* Les forfaits jours ne posent que des délégations en journées ou 1/2 journées"
"IGCSEGLISS";"S";"0718";"* ----------------------------------------------------------------------------"
"IGCSEGLISS";"S";"0719";"   SI LOCA_VALO = ""H"""
"IGCSEGLISS";"S";"0720";"      SI LOCA_MAT = "" """
"IGCSEGLISS";"S";"0721";"         TEMP_CNRETOUR = 2"
"IGCSEGLISS";"S";"0722";"         TEMP_CNMESS = 221"
"IGCSEGLISS";"S";"0723";"      FINSI"
"IGCSEGLISS";"S";"0724";"   FINSI"
"IGCSEGLISS";"S";"0725";"FINSI"
"IGCSEGLISS";"S";"0726";"* ---------"
"IGCSEGLISS";"S";"0727";"FIN"
"IGCSEGLISS";"S";"0728";"PROC RAZCSE"
"IGCSEGLISS";"S";"0729";"   HJOU_IJRADCSE = 0"
"IGCSEGLISS";"S";"0730";"   HJOU_IJRAPCSE = 0"
"IGCSEGLISS";"S";"0731";"   HJOU_IJRATCSE = 0"
"IGCSEGLISS";"S";"0732";"   HJOU_IJRASCSE = 0"
"IGCSEGLISS";"S";"0733";"   HJOU_IJRMDCSE = 0"
"IGCSEGLISS";"S";"0734";"   HJOU_IJRMPCSE = 0"
"IGCSEGLISS";"S";"0735";"   HJOU_IJRMTCSE = 0"
"IGCSEGLISS";"S";"0736";"   HJOU_IJRMSCSE = 0"
"IGCSEGLISS";"S";"0737";"   HJOU_IJRADCSEF = 0"
"IGCSEGLISS";"S";"0738";"   HJOU_IJRAPCSEF = 0"
"IGCSEGLISS";"S";"0739";"   HJOU_IJRATCSEF = 0"
"IGCSEGLISS";"S";"0740";"   HJOU_IJRASCSEF = 0"
"IGCSEGLISS";"S";"0741";"*Compteurs glissants RAZ"
"IGCSEGLISS";"S";"0742";"   HJOU_IJRMDCSE11 = 0"
"IGCSEGLISS";"S";"0743";"   HJOU_IJRMDCSE10 = 0"
"IGCSEGLISS";"S";"0744";"   HJOU_IJRMDCSE9 = 0"
"IGCSEGLISS";"S";"0745";"   HJOU_IJRMDCSE8 = 0"
"IGCSEGLISS";"S";"0746";"   HJOU_IJRMDCSE7 = 0"
"IGCSEGLISS";"S";"0747";"   HJOU_IJRMDCSE6 = 0"
"IGCSEGLISS";"S";"0748";"   HJOU_IJRMDCSE5 = 0"
"IGCSEGLISS";"S";"0749";"   HJOU_IJRMDCSE4 = 0"
"IGCSEGLISS";"S";"0750";"   HJOU_IJRMDCSE3 = 0"
"IGCSEGLISS";"S";"0751";"   HJOU_IJRMDCSE2 = 0"
"IGCSEGLISS";"S";"0752";"   HJOU_IJRMDCSE1 = 0"
"IGCSEGLISS";"S";"0753";"*RAZ du cumul pris mensuel"
"IGCSEGLISS";"S";"0754";"   HJOU_IJRCUPMCSE = 0"
"IGCSEGLISS";"S";"0755";"FINPROC"
"IGCSEGLISS";"S";"0756";"* -------------------------------------------"
"IGCSEGLISS";"S";"0757";"* Procédure de calcul des droits forfait jour"
"IGCSEGLISS";"S";"0758";"* -------------------------------------------"
"IGCSEGLISS";"S";"0759";"PROC CALCFJ"
"IGCSEGLISS";"S";"0760";"* --------------------------------------"
"IGCSEGLISS";"S";"0761";"* Durée fixe pour les forfaits jour : 8h"
"IGCSEGLISS";"S";"0762";"* --------------------------------------"
"IGCSEGLISS";"S";"0763";"   LOCA_DROIT = LOCA_DROIT / 8"
"IGCSEGLISS";"S";"0764";"   LOCA_RESTE = LOCA_DROIT % 1"
"IGCSEGLISS";"S";"0765";"   LOCA_DROIT = LOCA_DROIT - LOCA_RESTE"
"IGCSEGLISS";"S";"0766";"   SI LOCA_RESTE > 0"
"IGCSEGLISS";"S";"0767";"      SI LOCA_RESTE < 0.5"
"IGCSEGLISS";"S";"0768";"* -------------------------------------------------------------------------------------"
"IGCSEGLISS";"S";"0769";"* Gestion des arrondis :"
"IGCSEGLISS";"S";"0770";"* si l'on est dans le cas d'un transfert, on majore à la 1/2 journée supérieure"
"IGCSEGLISS";"S";"0771";"* si l'on est dans le cas d'une consigne de MAJ de droit, on minore à la 1/2 inférieure"
"IGCSEGLISS";"S";"0772";"* -------------------------------------------------------------------------------------"
"IGCSEGLISS";"S";"0773";"         SI LOCA_MAJD = 0"
"IGCSEGLISS";"S";"0774";"            LOCA_DROIT = LOCA_DROIT + 0.5"
"IGCSEGLISS";"S";"0775";"         FINSI"
"IGCSEGLISS";"S";"0776";"         ANOMALIE 219"
"IGCSEGLISS";"S";"0777";"      SINON"
"IGCSEGLISS";"S";"0778";"         SI LOCA_RESTE = 0.5"
"IGCSEGLISS";"S";"0779";"            LOCA_DROIT = LOCA_DROIT + 0.5"
"IGCSEGLISS";"S";"0780";"         SINON"
"IGCSEGLISS";"S";"0781";"            SI LOCA_MAJD = 0"
"IGCSEGLISS";"S";"0782";"               LOCA_DROIT = LOCA_DROIT + 1"
"IGCSEGLISS";"S";"0783";"            FINSI"
"IGCSEGLISS";"S";"0784";"            ANOMALIE 219"
"IGCSEGLISS";"S";"0785";"         FINSI"
"IGCSEGLISS";"S";"0786";"      FINSI"
"IGCSEGLISS";"S";"0787";"   FINSI"
"IGCSEGLISS";"S";"0788";"FINPROC"
"ICREDB";"S";"0095";"*"
"ICREDB";"S";"0096";"SI HJOU_IJIGCREDEB = ""1"""
"ICREDB";"S";"0097";"*"
"ICREDB";"S";"0098";"   HJOU_IJQCREDEBJ = HJOU_IJQBHORVAJ - HJOU_IJQPRETHEJ"
"ICREDB";"S";"0099";"*"
"ICREDB";"S";"0103";"      HJOU_IJQCREDEBJ = HJOU_IJQCREDEBJ - TEMP_ITCHEVCD"
"ICREDB";"S";"0104";"   FINSI"
"ICREDB";"S";"0105";"*"
"ICREDB";"S";"0106";"*"
"ICREDB";"S";"0107";"* Ecrétage du crédit du jour"
"ICREDB";"S";"0108";"*"
"ICREDB";"S";"0109";"   SI PROF_ECRCRE > 0"
"ICREDB";"S";"0110";"      SI HJOU_IJQCREDEBJ > PROF_ECRCRE"
"ICREDB";"S";"0111";"         HJOU_IJQCREDEBJ = PROF_ECRCRE"
"ICREDB";"S";"0112";"         ANOMALIE 104"
"ICREDB";"S";"0113";"      FINSI"
"ICREDB";"S";"0114";"   FINSI"
"ICREDB";"S";"0115";"*"
"ICREDB";"S";"0116";"* Calcul du credit/debit cumulé et permanent"
"ICREDB";"S";"0117";"*"
"ICREDB";"S";"0118";"* Cumul du crédit du jour"
"ICREDB";"S";"0119";"* Le crédit cumulé de la période tient compte du crédit permanent"
"ICREDB";"S";"0120";"* Traitement à la semaine type 1 ou 5"
"ICREDB";"S";"0121";"*"
"ICREDB";"S";"0122";"   SI PARD_IDIGDEBCRE = ""1"""
"ICREDB";"S";"0123";"      SI HJOU_IJIGCDTYPP = ""1"""
"ICREDB";"S";"0124";"      OU HJOU_IJIGCDTYPP = ""5"""
"ICREDB";"S";"0125";"         SI HJOU_JOUR = ""1"""
"ICREDB";"S";"0126";"            HJOU_IJRCREDEBC = HJOU_IJRCDPERMA"
"ICREDB";"S";"0127";"         FINSI"
"ICREDB";"S";"0128";"      FINSI"
"ICREDB";"S";"0129";"* Traitement au mois type 2 ou 5"
"ICREDB";"S";"0130";"*"
"ICREDB";"S";"0131";"      SI HJOU_IJIGCDTYPP = ""2"""
"ICREDB";"S";"0132";"      OU HJOU_IJIGCDTYPP = ""5"""
"ICREDB";"S";"0133";"         SI HJOU_DATE(7:2) = ""01"""
"ICREDB";"S";"0134";"            HJOU_IJRCREDEBC = HJOU_IJRCDPERMA"
"ICREDB";"S";"0135";"         FINSI"
"ICREDB";"S";"0136";"      FINSI"
"ICREDB";"S";"0137";"* Traitement sur calendrier type 3"
"ICREDB";"S";"0138";"*"
"ICREDB";"S";"0139";"      SI HJOU_IJIGCDTYPP = ""3"""
"ICREDB";"S";"0140";"         SI HJOU_IJRFFINPER = 2"
"ICREDB";"S";"0141";"            HJOU_IJRCREDEBC = HJOU_IJRCDPERMA"
"ICREDB";"S";"0142";"            HJOU_IJRFFINPER = 0"
"ICREDB";"S";"0143";"         FINSI"
"ICREDB";"S";"0144";"      FINSI"
"ICREDB";"S";"0145";"   FINSI"
"ICREDB";"S";"0146";"*"
"ICREDB";"S";"0147";"* Le credit est uniquement cumulé sur la période"
"ICREDB";"S";"0148";"*"
"ICREDB";"S";"0149";"   HJOU_IJRCREDEBC = HJOU_IJRCREDEBC + HJOU_IJQCREDEBJ"
"ICREDB";"S";"0150";"   HJOU_IJRVICRD01 = HJOU_IJRCREDEBC"
"ICREDB";"S";"0151";"FINSI"
"ICREDB";"S";"0152";"*"
"ICREDB";"S";"0153";"* Calcul du credit/debit permanent selon le type de traitement"
"ICREDB";"S";"0154";"* en fin de periode"
"ICREDB";"S";"0155";"*"
"ICREDB";"S";"0156";"* Traitement fin de semaine Type 1"
"ICREDB";"S";"0157";"*"
"ICREDB";"S";"0158";"SI HJOU_IJIGCDTYPP = ""1"""
"ICREDB";"S";"0159";"   SI HJOU_JOUR = ""7"""
"ICREDB";"S";"0160";"      FAIRE FINPER"
"ICREDB";"S";"0161";"   FINSI"
"ICREDB";"S";"0162";"FINSI"
"ICREDB";"S";"0163";"*"
"ICREDB";"S";"0164";"* Traitement fin de mois Type 2"
"ICREDB";"S";"0165";"*"
"ICREDB";"S";"0166";"SI HJOU_IJIGCDTYPP = ""2"""
"ICREDB";"S";"0167";"   SI TEMP_DATSUI(7:2) = ""01"""
"ICREDB";"S";"0168";"      FAIRE FINPER"
"ICREDB";"S";"0169";"   FINSI"
"ICREDB";"S";"0170";"FINSI"
"ICREDB";"S";"0171";"*"
"ICREDB";"S";"0172";"* Traitement sur calendrier type 3"
"ICREDB";"S";"0173";"*"
"ICREDB";"S";"0174";"SI HJOU_IJIGCDTYPP = ""3"""
"ICREDB";"S";"0175";"   POUR ACTIVITES"
"ICREDB";"S";"0176";"      SI HABS_MOTIF = ""FINP"""
"ICREDB";"S";"0177";"         FAIRE FINPER"
"ICREDB";"S";"0178";"         HJOU_IJRFFINPER = 1"
"ICREDB";"S";"0179";"      FINSI"
"ICREDB";"S";"0180";"   FINPOUR"
"ICREDB";"S";"0181";"FINSI"
"ICREDB";"S";"0182";"*"
"ICREDB";"S";"0183";"* Traitement Crédit permanent calculé à la journée Type 4"
"ICREDB";"S";"0184";"* Pas d'affichage à la badgeuse (HJOU_IJRCDCUMAF)"
"ICREDB";"S";"0185";"* pour le traitement journalier car sinon affichage"
"ICREDB";"S";"0186";"* des heures du crédit débit de la veille"
"ICREDB";"S";"0187";"*"
"ICREDB";"S";"0188";"*"
"ICREDB";"S";"0189";"SI HJOU_IJIGCDTYPP = ""4"""
"ICREDB";"S";"0190";"   FAIRE FINPER"
"ICREDB";"S";"0191";"* Remise a zéro des compteurs"
"ICREDB";"S";"0192";"   HJOU_IJRCREDEBC = 0"
"ICREDB";"S";"0193";"   HJOU_IJRVICRD01 = 0"
"ICREDB";"S";"0194";"   HJOU_IJQHECRETP = 0"
"ICREDB";"S";"0195";"   SI PARD_IDIGDEBCRE = ""1"""
"ICREDB";"S";"0196";"      HJOU_IJRCREDEBC = HJOU_IJRCREDEBC + HJOU_IJRCDPERMA"
"ICREDB";"S";"0197";"   FINSI"
"ICREDB";"S";"0198";"FINSI"
"ICREDB";"S";"0199";"*"
"ICREDB";"S";"0200";"* Traitement mixte type MGPTT"
"ICREDB";"S";"0201";"*"
"ICREDB";"S";"0202";"SI HJOU_IJIGCDTYPP = ""5"""
"ICREDB";"S";"0203";"   SI HJOU_JOUR = ""7"""
"ICREDB";"S";"0204";"      SI TEMP_DATSUI(7:2) <> ""01"""
"ICREDB";"S";"0205";"         FAIRE FINPER2"
"ICREDB";"S";"0206";"      FINSI"
"ICREDB";"S";"0207";"   FINSI"
"ICREDB";"S";"0208";"   SI TEMP_DATSUI(7:2) = ""01"""
"ICREDB";"S";"0209";"      FAIRE FINPER"
"ICREDB";"S";"0210";"   FINSI"
"ICREDB";"S";"0211";"FINSI"
"ICREDB";"S";"0212";"*"
"ICREDB";"S";"0213";"* Analyse des consignes liées au crédit"
"ICREDB";"S";"0214";"* Les consignes sont des motifs de type C saisies pour mettre à jour"
"ICREDB";"S";"0215";"* des compteurs"
"ICREDB";"S";"0216";"*"
"ICREDB";"S";"0217";"POUR ACTIVITES"
"ICREDB";"S";"0218";"   SI HABS_MOTYPE = ""C"""
"ICREDB";"S";"0219";"* Consigne de mise a jour du credit permanent"
"ICREDB";"S";"0220";"      SI HABS_MOTIF = ""XCRE"""
"ICREDB";"S";"0221";"         HJOU_IJRCDPERMA = HJOU_IJRCDPERMA + HABS_MOTIDUR"
"ICREDB";"S";"0222";"         SI PARD_IDIGDEBCRE = ""1"""
"ICREDB";"S";"0223";"            HJOU_IJRCREDEBC = HJOU_IJRCREDEBC + HABS_MOTIDUR"
"ICREDB";"S";"0224";"         FINSI"
"ICREDB";"S";"0225";"      FINSI"
"ICREDB";"S";"0226";"* consigne d'initialisation du crédit permanent"
"ICREDB";"S";"0227";"      SI HABS_MOTIF = ""ZCRE"""
"ICREDB";"S";"0228";"         SI PARD_IDIGDEBCRE = ""1"""
"ICREDB";"S";"0229";"            HJOU_IJRCREDEBC = HJOU_IJRCREDEBC - HJOU_IJRCDPERMA"
"ICREDB";"S";"0230";"         FINSI"
"ICREDB";"S";"0231";"         HJOU_IJRCDPERMA = HABS_MOTIDUR"
"ICREDB";"S";"0232";"         SI PARD_IDIGDEBCRE = ""1"""
"ICREDB";"S";"0233";"            HJOU_IJRCREDEBC = HJOU_IJRCREDEBC + HJOU_IJRCDPERMA"
"ICREDB";"S";"0234";"         FINSI"
"ICREDB";"S";"0235";"      FINSI"
"ICREDB";"S";"0236";"   FINSI"
"ICREDB";"S";"0237";"FINPOUR"
"ICREDB";"S";"0238";"FIN"
"ICREDB";"S";"0239";"*"
"ICREDB";"S";"0240";"* Procedure de raz des compteurs en début de période"
"ICREDB";"S";"0241";"*"
"ICREDB";"S";"0242";"PROC RAZPER"
"ICREDB";"S";"0243";"   HJOU_IJRCREDEBC = 0"
"ICREDB";"S";"0244";"   HJOU_IJRVICRD01 = 0"
"ICREDB";"S";"0245";"   HJOU_IJQHECRETP = 0"
"ICREDB";"S";"0246";"   HJOU_IJRBHORVPR = 0"
"ICREDB";"S";"0247";"   SI PARD_IDIGDEBCRE <> ""1"""
"ICREDB";"S";"0248";"      HJOU_IJRCDCUMAF = 0"
"ICREDB";"S";"0249";"   FINSI"
"ICREDB";"S";"0250";"   SI PARD_IDIGDEBCRE = ""1"""
"ICREDB";"S";"0251";"      HJOU_IJRCDCUMAF = HJOU_IJRCDPERMA"
"ICREDB";"S";"0252";"   FINSI"
"ICREDB";"S";"0253";"FINPROC"
"ICREDB";"S";"0254";"*"
"ICREDB";"S";"0255";"* procedure de fin de periode"
"ICREDB";"S";"0256";"*"
"ICREDB";"S";"0257";"* Calcul du credit/debit permanent en fonction des reports periode et"
"ICREDB";"S";"0258";"* mini/maxi du credit permanent"
"ICREDB";"S";"0259";"*"
"ICREDB";"S";"0260";"PROC FINPER"
"ICREDB";"S";"0261";"* Retrait du credit permanent si indicateur = 1"
"ICREDB";"S";"0262";"   SI PARD_IDIGDEBCRE = ""1"""
"ICREDB";"S";"0263";"      HJOU_IJRVICRD01 = HJOU_IJRVICRD01 - HJOU_IJRCDPERMA"
"ICREDB";"S";"0264";"   FINSI"
"ICREDB";"S";"0265";"* Ecretage du report maximum"
"ICREDB";"S";"0266";"   SI HJOU_IJRVICRD01 > HJOU_IJICDRPLAF"
"ICREDB";"S";"0267";"      HJOU_IJQHECRETP = HJOU_IJRVICRD01 - HJOU_IJICDRPLAF"
"ICREDB";"S";"0268";"      HJOU_IJRVICRD01 = HJOU_IJICDRPLAF"
"ICREDB";"S";"0269";"      ANOMALIE 109"
"ICREDB";"S";"0270";"   FINSI"
"ICREDB";"S";"0271";"* Ecretage du report minimum"
"ICREDB";"S";"0272";"   SI HJOU_IJRVICRD01 < HJOU_IJICDRPLAN"
"ICREDB";"S";"0273";"      HJOU_IJQHECRETP = HJOU_IJRVICRD01 - HJOU_IJICDRPLAN"
"ICREDB";"S";"0274";"      HJOU_IJRVICRD01 = HJOU_IJICDRPLAN"
"ICREDB";"S";"0275";"      ANOMALIE 108"
"ICREDB";"S";"0276";"   FINSI"
"ICREDB";"S";"0277";"* Alimentation du crédit/débit permanent"
"ICREDB";"S";"0278";"   HJOU_IJRCDPERMA = HJOU_IJRCDPERMA + HJOU_IJRVICRD01"
"ICREDB";"S";"0279";"* Ecretage maximum du credit/debit permanent"
"ICREDB";"S";"0280";"   SI HJOU_IJRCDPERMA > HJOU_IJICDPLAFO"
"ICREDB";"S";"0281";"      HJOU_IJQHECRETP = HJOU_IJQHECRETP + HJOU_IJRCDPERMA"
"ICREDB";"S";"0282";"      HJOU_IJQHECRETP = HJOU_IJQHECRETP - HJOU_IJICDPLAFO"
"ICREDB";"S";"0283";"      HJOU_IJRCDPERMA = HJOU_IJICDPLAFO"
"ICREDB";"S";"0284";"      ANOMALIE 112"
"ICREDB";"S";"0285";"   FINSI"
"ICREDB";"S";"0286";"* Ecretage mimimum du credit/debit permament"
"ICREDB";"S";"0287";"   SI HJOU_IJRCDPERMA < HJOU_IJICDPLANC"
"ICREDB";"S";"0288";"      HJOU_IJQHECRETP = HJOU_IJQHECRETP + HJOU_IJRCDPERMA"
"ICREDB";"S";"0289";"      HJOU_IJQHECRETP = HJOU_IJQHECRETP - HJOU_IJICDPLANC"
"ICREDB";"S";"0290";"      HJOU_IJRCDPERMA = HJOU_IJICDPLANC"
"ICREDB";"S";"0291";"      ANOMALIE 113"
"ICREDB";"S";"0292";"   FINSI"
"ICREDB";"S";"0293";"FINPROC"
"ICREDB";"S";"0294";"*"
"ICREDB";"S";"0295";"* procedure de fin de periode 2"
"ICREDB";"S";"0296";"*"
"ICREDB";"S";"0297";"* Calcul du credit/debit permanent en fonction des reports periode et"
"ICREDB";"S";"0298";"* mini/maxi du credit permanent"
"ICREDB";"S";"0299";"*"
"ICREDB";"S";"0300";"PROC FINPER2"
"ICREDB";"S";"0301";"* Retrait du credit permanent si indicateur = 1"
"ICREDB";"S";"0302";"   SI PARD_IDIGDEBCRE = ""1"""
"ICREDB";"S";"0303";"      HJOU_IJRVICRD01 = HJOU_IJRVICRD01 - HJOU_IJRCDPERMA"
"ICREDB";"S";"0304";"   FINSI"
"ICREDB";"S";"0305";"* Ecretage du report maximum"
"ICREDB";"S";"0306";"   SI HJOU_IJRVICRD01 > HJOU_IJICDRPLAF"
"ICREDB";"S";"0307";"      HJOU_IJQHECRETP = HJOU_IJRVICRD01 - HJOU_IJICDRPLAF"
"ICREDB";"S";"0308";"      HJOU_IJRVICRD01 = HJOU_IJICDRPLAF"
"ICREDB";"S";"0309";"      ANOMALIE 109"
"ICREDB";"S";"0310";"   FINSI"
"ICREDB";"S";"0311";"* Ecretage du report minimum"
"ICREDB";"S";"0312";"   SI HJOU_IJRVICRD01 < HJOU_IJICDRPLAN"
"ICREDB";"S";"0313";"      HJOU_IJQHECRETP = HJOU_IJRVICRD01 - HJOU_IJICDRPLAN"
"ICREDB";"S";"0314";"      HJOU_IJRVICRD01 = HJOU_IJICDRPLAN"
"ICREDB";"S";"0315";"      ANOMALIE 108"
"ICREDB";"S";"0316";"   FINSI"
"ICREDB";"S";"0317";"* Alimentation du credit/debit permanent"
"ICREDB";"S";"0318";"   HJOU_IJRCDPERMA = HJOU_IJRCDPERMA + HJOU_IJRVICRD01"
"ICREDB";"S";"0319";"*"
"ICREDB";"S";"0320";"FINPROC"
"IDONABS";"S";"0001";"**********************************************************************"
"IDONABS";"S";"0002";"* Règle     : IDONABS"
"IDONABS";"S";"0003";"* Ordre     : 7210"
"IDONABS";"S";"0004";"* Titre     : Gestion des dons de congés"
"IDONABS";"S";"0005";"* Package   : Privé 16.3"
"IDONABS";"S";"0006";"*---------------------------------------------------------------------"
"IDONABS";"S";"0007";"*"
"IDONABS";"S";"0008";"*"
"IDONABS";"S";"0009";"* Rôle :"
"IDONABS";"S";"0010";"* - alimentation d'un compteur de don CP et contrôle d'une valeur maxib de 5"
"IDONABS";"S";"0011";"* - alimentation d'un compteur de don divers CP / RTT /CET"
"IDONABS";"S";"0012";"* - alimentation et gestion de de la prise d'un compteur Don jours d""absences"
"IDONABS";"S";"0013";"*"
"IDONABS";"S";"0014";"*----------------------------------------------------------------------"
"IDONABS";"S";"0015";"* Créé par : Cellule Industrialisation"
"IDONABS";"S";"0016";"* Date     : 28/07/2015"
"IDONABS";"S";"0017";"* Version  : 1"
"IDONABS";"S";"0018";"*---------------------------------------------------------------------"
"IDONABS";"S";"0019";"* Màj par   :"
"IDONABS";"S";"0020";"* Date      : JJ.MM.AAAA"
"IDONABS";"S";"0021";"* Objet     :"
"IDONABS";"S";"0022";"***********************************************************************"
"IDONABS";"S";"0023";"*"
"IDONABS";"S";"0024";"* Implémentation des données industrielles"
"IDONABS";"S";"0025";"*"
"IDONABS";"S";"0026";"DEBDICO"
"IDONABS";"S";"0027";"   HJOU_IJRSDONCP;N;N6,1;I;;;    56789;;IJRSDONCP;V3;""Don jours de congés"";"
"IDONABS";"S";"0028";"   HJOU_IJRSDONDIV;N;N6,1;I;;;    56789;;IJRSDONDIV;V3;""Don absences global"";"
"IDONABS";"S";"0029";"   HJOU_IJRSDONABS;N;N6,1;I;;;    56789;;IJRSDONABS;V3;""Solde jours d'absences sur don"";"
"IDONABS";"S";"0030";"   PARD_IDIVMDONCP;O;A10;X;;;123456789;II;;C2;""Motif absence sur don"";"
"IDONABS";"S";"0031";"   HORC_IHIVMREFCP;O;A4;X;;;123456789;;;C2;""Date de référence congé payé (JJMM)"";"
"IDONABS";"S";"0032";"FINDICO"
"IDONABS";"S";"0033";"*"
"IDONABS";"S";"0034";"DEBANO"
"IDONABS";"S";"0035";"   187;9;""Dons congés supérieur au maximum"";"
"IDONABS";"S";"0036";"   188;9;""Solde don jours d'absences insuffisant"";"
"IDONABS";"S";"0037";"FINANO"
"IDONABS";"S";"0038";"*"
"IDONABS";"S";"0039";"* Définition des variables locales"
"IDONABS";"S";"0040";"*"
"IDONABS";"S";"0041";"*"
"IDONABS";"S";"0042";"DEF LOCA_VAL N2.1"
"IDONABS";"S";"0043";"LOCA_VAL = 0"
"IDONABS";"S";"0044";"*"
"IDONABS";"S";"0045";"DEF LOCA_REF N2"
"IDONABS";"S";"0046";"LOCA_REF = 0"
"IDONABS";"S";"0047";"DEF LOCA_DATREFDON D"
"IDONABS";"S";"0048";"LOCA_DATREFDON = "" """
"IDONABS";"S";"0049";"* Locales pour contrôle de la date de référence CP"
"IDONABS";"S";"0050";"DEF LOCA_CTRLREFCP A4"
"IDONABS";"S";"0051";"LOCA_CTRLREFCP = "" """
"IDONABS";"S";"0052";"*"
"IDONABS";"S";"0053";"DEF CPTG_DONCP N3"
"IDONABS";"S";"0054";"PERGLISS CPTG_DONCP ""366J01"""
"IDONABS";"S";"0055";"*"
"IDONABS";"S";"0056";"* Contrôle de la date de référence CP : alimentation HOR > CFG > début de période CP légale"
"IDONABS";"S";"0057";"*                                       à défaut d'accord"
"IDONABS";"S";"0058";"*********************************************************************************************"
"IDONABS";"S";"0059";"*"
"IDONABS";"S";"0060";"SI HORC_IHIVMREFCP <> "" """
"IDONABS";"S";"0061";"   LOCA_CTRLREFCP = HORC_IHIVMREFCP"
"IDONABS";"S";"0062";"SINON"
"IDONABS";"S";"0063";"   SI CONF_ITIVMREFCP <> "" """
"IDONABS";"S";"0064";"      LOCA_CTRLREFCP = CONF_ITIVMREFCP"
"IDONABS";"S";"0065";"   SINON"
"IDONABS";"S";"0066";"      LOCA_CTRLREFCP = ""0106"""
"IDONABS";"S";"0067";"   FINSI"
"IDONABS";"S";"0068";"FINSI"
"IDONABS";"S";"0069";"*"
"IDONABS";"S";"0070";"* Calcul de la date de référence CP"
"IDONABS";"S";"0071";"* stockage de l'année du jour de l'historique"
"IDONABS";"S";"0072";"LOCA_DATREFDON(1:4) = HJOU_DATE(1:4)"
"IDONABS";"S";"0073";"* stockage du mois de reference"
"IDONABS";"S";"0074";"LOCA_REF << LOCA_CTRLREFCP(3:2)"
"IDONABS";"S";"0075";"* stokage du mois de reference"
"IDONABS";"S";"0076";"LOCA_DATREFDON(5:2) << LOCA_REF"
"IDONABS";"S";"0077";"* stockage du jour de reference"
"IDONABS";"S";"0078";"LOCA_REF << LOCA_CTRLREFCP(1:2)"
"IDONABS";"S";"0079";"* loca_date contient maintenant l'année du jour de l'historique"
"IDONABS";"S";"0080";"* et le mois et le jour de reference"
"IDONABS";"S";"0081";"LOCA_DATREFDON(7:2) << LOCA_REF"
"IDONABS";"S";"0082";"*"
"IDONABS";"S";"0083";"* RAZ du compteur Don cp en date de référence CP"
"IDONABS";"S";"0084";"*"
"IDONABS";"S";"0085";"SI HJOU_DATE(5:4) = LOCA_DATREFDON(5:4)"
"IDONABS";"S";"0086";"   HJOU_IJRSDONDIV = HJOU_IJRSDONDIV - HJOU_IJRSDONCP"
"IDONABS";"S";"0087";"   HJOU_IJRSDONCP = 0"
"IDONABS";"S";"0088";"FINSI"
"IDONABS";"S";"0089";"*"
"IDONABS";"S";"0090";"*"
"IDONABS";"S";"0091";"* Alimentation du compteur du nbr de CP donnés"
"IDONABS";"S";"0092";"*"
"IDONABS";"S";"0093";"POUR ACTIVITES"
"IDONABS";"S";"0094";"* don cp"
"IDONABS";"S";"0095";"   SI HABS_MOTIF = ""YCPDON"""
"IDONABS";"S";"0096";"      SI TEMP_ITQTRCPDON <> 1"
"IDONABS";"S";"0097";"         HJOU_IJRSDONCP = HJOU_IJRSDONCP + HABS_MOTINBR"
"IDONABS";"S";"0098";"         HJOU_IJRSDONDIV = HJOU_IJRSDONDIV + HABS_MOTINBR"
"IDONABS";"S";"0099";"      FINSI"
"IDONABS";"S";"0100";"   FINSI"
"IDONABS";"S";"0101";"* don CET"
"IDONABS";"S";"0102";"   SI HABS_MOTIF = ""YCETDON"""
"IDONABS";"S";"0103";"      HJOU_IJRSDONDIV = HJOU_IJRSDONDIV + HABS_MOTINBR"
"IDONABS";"S";"0104";"   FINSI"
"IDONABS";"S";"0105";"* don RTT"
"IDONABS";"S";"0106";"   SI HABS_MOTIF = ""YRTTDON"""
"IDONABS";"S";"0107";"      HJOU_IJRSDONDIV = HJOU_IJRSDONDIV + HABS_MOTINBR"
"IDONABS";"S";"0108";"   FINSI"
"IDONABS";"S";"0109";"*"
"IDONABS";"S";"0110";"* initialisation après consigne"
"IDONABS";"S";"0111";"   SI HABS_MOTIF = ""ZCPDON"""
"IDONABS";"S";"0112";"      HJOU_IJRSDONDIV = HJOU_IJRSDONDIV - HJOU_IJRSDONCP"
"IDONABS";"S";"0113";"      HJOU_IJRSDONCP = HABS_MOTINBR"
"IDONABS";"S";"0114";"      HJOU_IJRSDONDIV = HJOU_IJRSDONDIV + HJOU_IJRSDONCP"
"IDONABS";"S";"0115";"   FINSI"
"IDONABS";"S";"0116";"   SI HABS_MOTIF = ""ZDIVDON"""
"IDONABS";"S";"0117";"      HJOU_IJRSDONDIV = HABS_MOTINBR"
"IDONABS";"S";"0118";"   FINSI"
"IDONABS";"S";"0119";"*"
"IDONABS";"S";"0120";"FINPOUR"
"IDONABS";"S";"0121";"*"
"IDONABS";"S";"0122";"SI HJOU_IJRSDONCP > 5"
"IDONABS";"S";"0123";"   ANOMALIE 187"
"IDONABS";"S";"0124";"FINSI"
"IDONABS";"S";"0125";"*"
"IDONABS";"S";"0126";"*"
"IDONABS";"S";"0127";"* Alimentation du compteur par consignes"
"IDONABS";"S";"0128";"POUR ACTIVITES"
"IDONABS";"S";"0129";"*"
"IDONABS";"S";"0130";"   SI HABS_MOTYPE = ""C"""
"IDONABS";"S";"0131";"      SI HABS_MOTIF = ""ZDONABS"""
"IDONABS";"S";"0132";"         HJOU_IJRSDONABS = HABS_MOTINBR"
"IDONABS";"S";"0133";"      FINSI"
"IDONABS";"S";"0134";"*"
"IDONABS";"S";"0135";"      SI HABS_MOTIF = ""XDONABS"""
"IDONABS";"S";"0136";"         HJOU_IJRSDONABS = HJOU_IJRSDONABS + HABS_MOTINBR"
"IDONABS";"S";"0137";"      FINSI"
"IDONABS";"S";"0138";"* calcul du pris"
"IDONABS";"S";"0139";"   SINON"
"IDONABS";"S";"0140";"      SI HABS_MOTIF = PARD_IDIVMDONCP"
"IDONABS";"S";"0141";"         SI HABS_VALORIS = ""J"""
"IDONABS";"S";"0142";"            LOCA_VAL = 1"
"IDONABS";"S";"0143";"         SINON"
"IDONABS";"S";"0144";"            LOCA_VAL = LOCA_VAL + 0.5"
"IDONABS";"S";"0145";"         FINSI"
"IDONABS";"S";"0146";"      FINSI"
"IDONABS";"S";"0147";"   FINSI"
"IDONABS";"S";"0148";"FINPOUR"
"IDONABS";"S";"0149";"*"
"IDONABS";"S";"0150";"SI HJOU_IJRSDONABS >= LOCA_VAL"
"IDONABS";"S";"0151";"   HJOU_IJRSDONABS = HJOU_IJRSDONABS - LOCA_VAL"
"IDONABS";"S";"0152";"SINON"
"IDONABS";"S";"0153";"   ANOMALIE 188"
"IDONABS";"S";"0154";"FINSI"
"IDONABS";"S";"0155";"*"
"IDONABS";"S";"0156";"* Simulation des dons CP"
"IDONABS";"S";"0157";"*"
"IDONABS";"S";"0158";"* Blocage de la demande si le compteur don CP > 5"
"IDONABS";"S";"0159";"*"
"IDONABS";"S";"0160";"SI TEMP_REGLESIMU = ""IDONABS"""
"IDONABS";"S";"0161";"   SI TEMP_CNMOTIF = ""YCPDON"""
"IDONABS";"S";"0162";"      SI HJOU_IJRSDONCP > 5"
"IDONABS";"S";"0163";"         TEMP_CNRETOUR = 2"
"IDONABS";"S";"0164";"         TEMP_CNMESS = 187"
"IDONABS";"S";"0165";"      FINSI"
"IDONABS";"S";"0166";"   FINSI"
"IDONABS";"S";"0167";"FINSI"
"IDONABS";"S";"0168";"FIN"
